model,video,processed_frame_idx,original_frame_idx,timestamp_sec,class_id,class_name,confidence,x1,y1,x2,y2,bbox_width,bbox_height,bbox_area_px,frame_width,frame_height,frame_area_px,share_of_screen,conf_threshold,imgsz,vid_stride
YOLO11s,hl_monaco_test.mp4,53,265,5.3,7,okx,0.5389086008071899,715.3228149414062,637.4188232421875,766.7279052734375,649.619873046875,51.40509033203125,12.2010498046875,627.196044921875,1920,1080,2073600,0.0003024672332685441,0.4,640,5
YOLO11s,hl_monaco_test.mp4,54,270,5.4,7,okx,0.4215502142906189,713.0150756835938,632.2435302734375,763.799560546875,648.0352783203125,50.78448486328125,15.791748046875,801.9757690429688,1920,1080,2073600,0.00038675530231557786,0.4,640,5
YOLO11s,hl_monaco_test.mp4,55,275,5.5,7,okx,0.5590803623199463,896.1135864257812,591.7234497070312,930.2200927734375,600.5315551757812,34.10650634765625,8.80810546875,300.4136962890625,1920,1080,2073600,0.00014487543376162648,0.4,640,5
YOLO11s,hl_monaco_test.mp4,55,275,5.5,7,okx,0.47256749868392944,709.87841796875,623.8470458984375,756.92626953125,636.1630859375,47.0478515625,12.3160400390625,579.4432373046875,1920,1080,2073600,0.0002794383035507053,0.4,640,5
YOLO11s,hl_monaco_test.mp4,55,275,5.5,4,hp,0.43102744221687317,1439.01220703125,683.08935546875,1454.3564453125,696.35986328125,15.34423828125,13.2705078125,203.62583923339844,1920,1080,2073600,9.81991906883195e-05,0.4,640,5
YOLO11s,hl_monaco_test.mp4,56,280,5.6,4,hp,0.6606758832931519,1438.8936767578125,678.40576171875,1456.5516357421875,696.096923828125,17.657958984375,17.691162109375,312.3898010253906,1920,1080,2073600,0.000150650943396613,0.4,640,5
YOLO11s,hl_monaco_test.mp4,56,280,5.6,7,okx,0.5989981889724731,695.7041015625,614.092529296875,747.053466796875,626.1029663085938,51.349365234375,12.01043701171875,616.7283325195312,1920,1080,2073600,0.00029741914477199316,0.4,640,5
YOLO11s,hl_monaco_test.mp4,57,285,5.7,7,okx,0.5135307312011719,915.0807495117188,567.6217041015625,964.9136352539062,578.25830078125,49.8328857421875,10.6365966796875,530.0523071289062,1920,1080,2073600,0.0002556193503551185,0.4,640,5
YOLO11s,hl_monaco_test.mp4,57,285,5.7,7,okx,0.5009915828704834,679.6539306640625,605.2688598632812,741.4293212890625,621.2316284179688,61.775390625,15.9627685546875,986.1062622070312,1920,1080,2073600,0.0004755527770612389,0.4,640,5
YOLO11s,hl_monaco_test.mp4,57,285,5.7,1,atlasian,0.4021673798561096,1491.692138671875,519.380615234375,1671.2589111328125,537.34228515625,179.5667724609375,17.961669921875,3225.319091796875,1920,1080,2073600,0.0015554201090708375,0.4,640,5
YOLO11s,hl_monaco_test.mp4,58,290,5.8,7,okx,0.5319942235946655,666.5282592773438,598.5870361328125,725.4727783203125,613.4238891601562,58.94451904296875,14.83685302734375,874.5511474609375,1920,1080,2073600,0.0004217549867462367,0.4,640,5
YOLO11s,hl_monaco_test.mp4,59,295,5.9,4,hp,0.43131324648857117,1552.264404296875,669.7161865234375,1576.22509765625,684.86474609375,23.960693359375,15.1485595703125,362.9700012207031,1920,1080,2073600,0.00017504340212326497,0.4,640,5
YOLO11s,hl_monaco_test.mp4,59,295,5.9,7,okx,0.40921249985694885,949.986572265625,548.09619140625,991.615478515625,559.356689453125,41.62890625,11.260498046875,468.76220703125,1920,1080,2073600,0.00022606202401220798,0.4,640,5
YOLO11s,hl_monaco_test.mp4,60,300,6.0,7,okx,0.7101945281028748,596.8421020507812,588.4315185546875,658.1966552734375,604.7861328125,61.35455322265625,16.3546142578125,1003.4300537109375,1920,1080,2073600,0.0004839072353206575,0.4,640,5
YOLO11s,hl_monaco_test.mp4,60,300,6.0,7,okx,0.5479285717010498,958.317138671875,538.1229248046875,1008.913818359375,552.0465087890625,50.5966796875,13.923583984375,704.4871215820312,1920,1080,2073600,0.00033974109101109207,0.4,640,5
YOLO11s,hl_monaco_test.mp4,60,300,6.0,4,hp,0.49680858850479126,1421.61376953125,671.888427734375,1444.10205078125,689.69921875,22.48828125,17.810791015625,400.5340881347656,1920,1080,2073600,0.00019315880490466952,0.4,640,5
YOLO11s,hl_monaco_test.mp4,60,300,6.0,4,hp,0.48125624656677246,1541.94873046875,671.0742797851562,1569.507568359375,687.7977294921875,27.558837890625,16.72344970703125,460.87884521484375,1920,1080,2073600,0.00022226024884730577,0.4,640,5
YOLO11s,hl_monaco_test.mp4,61,305,6.1,7,okx,0.6560419797897339,552.285888671875,585.8014526367188,615.1427001953125,602.4981079101562,62.8568115234375,16.6966552734375,1049.49853515625,1920,1080,2073600,0.0005061239353381097,0.4,640,5
YOLO11s,hl_monaco_test.mp4,61,305,6.1,4,hp,0.6328114867210388,1397.8671875,674.2032470703125,1426.36572265625,696.8355712890625,28.49853515625,22.63232421875,644.9880981445312,1920,1080,2073600,0.0003110475081484765,0.4,640,5
YOLO11s,hl_monaco_test.mp4,61,305,6.1,7,okx,0.4466370642185211,971.0315551757812,527.8984375,1012.6309204101562,540.296142578125,41.599365234375,12.397705078125,515.7366333007812,1920,1080,2073600,0.0002487155725248158,0.4,640,5
YOLO11s,hl_monaco_test.mp4,62,310,6.2,4,hp,0.8537672162055969,1369.030029296875,680.97265625,1398.678466796875,700.6210327148438,29.6484375,19.64837646484375,582.5436401367188,1920,1080,2073600,0.0002809334546327591,0.4,640,5
YOLO11s,hl_monaco_test.mp4,62,310,6.2,7,okx,0.7731257081031799,494.44512939453125,585.6421508789062,562.9944458007812,604.9896240234375,68.54931640625,19.34747314453125,1326.256103515625,1920,1080,2073600,0.000639591075014323,0.4,640,5
YOLO11s,hl_monaco_test.mp4,62,310,6.2,7,okx,0.6095611453056335,977.287109375,519.2194213867188,1031.6636962890625,532.7190551757812,54.3765869140625,13.4996337890625,734.0640258789062,1920,1080,2073600,0.0003540046454872936,0.4,640,5
YOLO11s,hl_monaco_test.mp4,63,315,6.3,7,okx,0.7790095806121826,422.2760925292969,587.9976196289062,492.12725830078125,607.7114868164062,69.85116577148438,19.7138671875,1377.03662109375,1920,1080,2073600,0.0006640801439061761,0.4,640,5
YOLO11s,hl_monaco_test.mp4,63,315,6.3,7,okx,0.5240031480789185,994.6294555664062,515.2630615234375,1043.272216796875,528.1522216796875,48.64276123046875,12.88916015625,626.96435546875,1920,1080,2073600,0.0003023555036634207,0.4,640,5
YOLO11s,hl_monaco_test.mp4,63,315,6.3,7,okx,0.46902573108673096,430.325927734375,691.4510498046875,477.57269287109375,763.9437255859375,47.24676513671875,72.49267578125,3425.04443359375,1920,1080,2073600,0.001651738304644823,0.4,640,5
YOLO11s,hl_monaco_test.mp4,64,320,6.4,7,okx,0.7928028106689453,325.50701904296875,594.5247802734375,401.3484191894531,615.0362548828125,75.84140014648438,20.511474609375,1555.618896484375,1920,1080,2073600,0.0007502019871026278,0.4,640,5
YOLO11s,hl_monaco_test.mp4,64,320,6.4,4,hp,0.7232086658477783,1287.62890625,703.4580078125,1311.9366455078125,720.72412109375,24.3077392578125,17.26611328125,419.7001647949219,1920,1080,2073600,0.0002024017012445256,0.4,640,5
YOLO11s,hl_monaco_test.mp4,64,320,6.4,7,okx,0.4726455509662628,1015.9376220703125,509.1895751953125,1065.4097900390625,522.1107788085938,49.47216796875,12.92120361328125,639.2399291992188,1920,1080,2073600,0.0003082754265051335,0.4,640,5
YOLO11s,hl_monaco_test.mp4,65,325,6.5,7,okx,0.7572739124298096,208.2620086669922,597.513671875,285.8121337890625,620.5345458984375,77.55012512207031,23.0208740234375,1785.2716064453125,1920,1080,2073600,0.0008609527139924467,0.4,640,5
YOLO11s,hl_monaco_test.mp4,65,325,6.5,7,okx,0.66098552942276,1029.78857421875,496.2637939453125,1087.6015625,509.466064453125,57.81298828125,13.2022705078125,763.2626953125,1920,1080,2073600,0.00036808577715419233,0.4,640,5
YOLO11s,hl_monaco_test.mp4,65,325,6.5,7,okx,0.5220282673835754,88.93592071533203,603.3881225585938,143.33802795410156,624.2866821289062,54.40210723876953,20.8985595703125,1136.9256591796875,1920,1080,2073600,0.000548285897821188,0.4,640,5
YOLO11s,hl_monaco_test.mp4,65,325,6.5,4,hp,0.5135416984558105,1379.6689453125,712.483642578125,1415.1983642578125,734.4189453125,35.5294189453125,21.935302734375,779.3485717773438,1920,1080,2073600,0.0003758432576432824,0.4,640,5
YOLO11s,hl_monaco_test.mp4,66,330,6.6,7,okx,0.7119584679603577,47.048805236816406,607.1856689453125,133.75100708007812,632.4932861328125,86.70220184326172,25.3076171875,2194.22607421875,1920,1080,2073600,0.0010581723181530833,0.4,640,5
YOLO11s,hl_monaco_test.mp4,66,330,6.6,7,okx,0.5665478706359863,1046.629150390625,491.04229736328125,1093.0947265625,504.362060546875,46.465576171875,13.31976318359375,618.9104614257812,1920,1080,2073600,0.00029847148107364774,0.4,640,5
YOLO11s,hl_monaco_test.mp4,66,330,6.6,4,hp,0.4378599226474762,1122.2216796875,742.5687255859375,1149.99951171875,756.6744384765625,27.77783203125,14.105712890625,391.82611083984375,1920,1080,2073600,0.0001889593550004065,0.4,640,5
YOLO11s,hl_monaco_test.mp4,67,335,6.7,4,hp,0.7606444358825684,1383.3330078125,538.2955932617188,1410.7978515625,557.9579467773438,27.46484375,19.662353515625,540.0234375,1920,1080,2073600,0.0002604279725346714,0.4,640,5
YOLO11s,hl_monaco_test.mp4,68,340,6.8,7,okx,0.6902117133140564,1031.90771484375,479.95068359375,1088.9501953125,496.23388671875,57.04248046875,16.283203125,928.8342895507812,1920,1080,2073600,0.00044793321285396814,0.4,640,5
YOLO11s,hl_monaco_test.mp4,68,340,6.8,4,hp,0.5449841618537903,974.0977783203125,827.2364501953125,1005.812744140625,858.7598876953125,31.7149658203125,31.5234375,999.7647705078125,1920,1080,2073600,0.0004821396432816982,0.4,640,5
YOLO11s,hl_monaco_test.mp4,69,345,6.9,7,okx,0.6637557744979858,1012.6820068359375,479.7512512207031,1068.52294921875,495.0290222167969,55.8409423828125,15.27777099609375,853.1251220703125,1920,1080,2073600,0.00041142222471535206,0.4,640,5
YOLO11s,hl_monaco_test.mp4,69,345,6.9,4,hp,0.577072262763977,653.3515625,916.2354736328125,689.9494018554688,956.99365234375,36.59783935546875,40.7581787109375,1491.6612548828125,1920,1080,2073600,0.0007193582714535296,0.4,640,5
YOLO11s,hl_monaco_test.mp4,69,345,6.9,4,hp,0.5711899995803833,375.1686096191406,712.6370849609375,430.27020263671875,753.8890380859375,55.101593017578125,41.251953125,2273.04833984375,1920,1080,2073600,0.0010961845982819796,0.4,640,5
YOLO11s,hl_monaco_test.mp4,69,345,6.9,4,hp,0.43846678733825684,388.9712219238281,925.0001220703125,430.9942932128906,952.9495239257812,42.0230712890625,27.94940185546875,1174.5196533203125,1920,1080,2073600,0.0005664157215505838,0.4,640,5
YOLO11s,hl_monaco_test.mp4,70,350,7.0,4,hp,0.5064679384231567,826.1959228515625,614.2877807617188,866.989501953125,646.8966674804688,40.7935791015625,32.60888671875,1330.233154296875,1920,1080,2073600,0.0006415090174414217,0.4,640,5
YOLO11s,hl_monaco_test.mp4,70,350,7.0,7,okx,0.4586290717124939,974.2174072265625,479.9720764160156,1027.26416015625,497.6417541503906,53.0467529296875,17.669677734375,937.3190307617188,1920,1080,2073600,0.0004520250076893717,0.4,640,5
YOLO11s,hl_monaco_test.mp4,71,355,7.1,7,okx,0.6463839411735535,918.996826171875,485.64752197265625,972.6502075195312,504.03826904296875,53.65338134765625,18.3907470703125,986.7257690429688,1920,1080,2073600,0.0004758515569847077,0.4,640,5
YOLO11s,hl_monaco_test.mp4,71,355,7.1,4,hp,0.5922350287437439,350.7220458984375,681.7283935546875,405.98089599609375,723.15380859375,55.25885009765625,41.4254150390625,2289.120849609375,1920,1080,2073600,0.0011039356468245387,0.4,640,5
YOLO11s,hl_monaco_test.mp4,72,360,7.2,7,okx,0.7432652115821838,850.3573608398438,493.99969482421875,909.763916015625,510.1171875,59.40655517578125,16.11749267578125,957.4847412109375,1920,1080,2073600,0.0004617499653249979,0.4,640,5
YOLO11s,hl_monaco_test.mp4,74,370,7.4,7,okx,0.6019157767295837,710.3475952148438,517.227294921875,773.3648071289062,533.6217041015625,63.0172119140625,16.3944091796875,1033.1300048828125,1920,1080,2073600,0.0004982301616109908,0.4,640,5
YOLO11s,hl_monaco_test.mp4,74,370,7.4,7,okx,0.5045143365859985,488.67462158203125,621.1192016601562,574.5957641601562,656.38623046875,85.921142578125,35.26702880859375,3030.183349609375,1920,1080,2073600,0.0014613153180107474,0.4,640,5
YOLO11s,hl_monaco_test.mp4,75,375,7.5,7,okx,0.7678435444831848,437.87939453125,657.2191772460938,497.7056884765625,726.6751098632812,59.8262939453125,69.4559326171875,4155.291015625,1920,1080,2073600,0.002003901870921254,0.4,640,5
YOLO11s,hl_monaco_test.mp4,75,375,7.5,7,okx,0.6299338340759277,653.0958251953125,527.94921875,711.4764404296875,549.783447265625,58.380615234375,21.834228515625,1274.6956787109375,1920,1080,2073600,0.000614725926425308,0.4,640,5
YOLO11s,hl_monaco_test.mp4,76,380,7.6,8,oracle,0.8795961141586304,1599.88916015625,601.434814453125,1756.4556884765625,652.402099609375,156.5665283203125,50.96728515625,7979.77099609375,1920,1080,2073600,0.0038482691161334515,0.4,640,5
YOLO11s,hl_monaco_test.mp4,76,380,7.6,7,okx,0.6456708312034607,627.7903442382812,529.0657958984375,690.0894775390625,552.5391845703125,62.29913330078125,23.473388671875,1462.371826171875,1920,1080,2073600,0.000705233309417963,0.4,640,5
YOLO11s,hl_monaco_test.mp4,76,380,7.6,7,okx,0.4944479465484619,240.00161743164062,688.26025390625,329.52496337890625,772.9909057617188,89.52334594726562,84.73065185546875,7585.37158203125,1920,1080,2073600,0.0036580688320100307,0.4,640,5
YOLO11s,hl_monaco_test.mp4,77,385,7.7,8,oracle,0.7333662509918213,1594.4395751953125,669.713623046875,1911.2003173828125,756.3116455078125,316.7607421875,86.5980224609375,27430.853515625,1920,1080,2073600,0.013228613883256912,0.4,640,5
YOLO11s,hl_monaco_test.mp4,79,395,7.9,7,okx,0.4377361834049225,0.0,721.986328125,312.51629638671875,853.5261840820312,312.51629638671875,131.53985595703125,41108.34765625,1920,1080,2073600,0.01982462778687477,0.4,640,5
YOLO11s,hl_monaco_test.mp4,80,400,8.0,8,oracle,0.8960567116737366,313.3658447265625,506.871826171875,475.9862365722656,604.3609619140625,162.62039184570312,97.4891357421875,15853.7216796875,1920,1080,2073600,0.007645506411790848,0.4,640,5
YOLO11s,hl_monaco_test.mp4,80,400,8.0,8,oracle,0.8663069009780884,968.531982421875,444.80218505859375,1244.1954345703125,496.3095703125,275.6634521484375,51.50738525390625,14198.7041015625,1920,1080,2073600,0.006847369018942118,0.4,640,5
YOLO11s,hl_monaco_test.mp4,81,405,8.1,8,oracle,0.6955046653747559,859.742431640625,422.1704406738281,1075.2982177734375,456.2069091796875,215.5557861328125,34.036468505859375,7336.7578125,1920,1080,2073600,0.0035381740890443325,0.4,640,5
YOLO11s,hl_monaco_test.mp4,82,410,8.2,8,oracle,0.7468581795692444,876.0875244140625,420.2457275390625,1026.3193359375,449.09326171875,150.2318115234375,28.8475341796875,4333.8173828125,1920,1080,2073600,0.002089996822178364,0.4,640,5
YOLO11s,hl_monaco_test.mp4,83,415,8.3,8,oracle,0.6556242108345032,930.4307861328125,419.29302978515625,1083.1075439453125,443.6531982421875,152.6767578125,24.36016845703125,3719.2314453125,1920,1080,2073600,0.0017936108633875847,0.4,640,5
YOLO11s,hl_monaco_test.mp4,84,420,8.4,8,oracle,0.6848344802856445,1672.5238037109375,632.2699584960938,1820.9747314453125,720.7816772460938,148.450927734375,88.51171875,13139.646484375,1920,1080,2073600,0.006336634978652,0.4,640,5
YOLO11s,hl_monaco_test.mp4,84,420,8.4,8,oracle,0.5716572999954224,935.4867553710938,425.45599365234375,1058.894287109375,446.89251708984375,123.40753173828125,21.4365234375,2645.428466796875,1920,1080,2073600,0.0012757660588249564,0.4,640,5
YOLO11s,hl_monaco_test.mp4,85,425,8.5,9,petronas,0.7041302919387817,1342.6763916015625,583.2310791015625,1413.0484619140625,628.03955078125,70.3720703125,44.8084716796875,3153.264892578125,1920,1080,2073600,0.001520671765320003,0.4,640,5
YOLO11s,hl_monaco_test.mp4,85,425,8.5,8,oracle,0.5943707823753357,941.6278076171875,431.9757385253906,1038.2760009765625,452.6580505371094,96.648193359375,20.68231201171875,1998.9080810546875,1920,1080,2073600,0.000963979575317353,0.4,640,5
YOLO11s,hl_monaco_test.mp4,86,430,8.6,8,oracle,0.4290356934070587,927.5982055664062,439.45330810546875,1006.9942016601562,456.1292724609375,79.39599609375,16.67596435546875,1324.0047607421875,1920,1080,2073600,0.000638505385722965,0.4,640,5
YOLO11s,hl_monaco_test.mp4,90,450,9.0,7,okx,0.7411613464355469,768.0780029296875,621.3846435546875,832.7221069335938,640.0213623046875,64.64410400390625,18.63671875,1204.7540283203125,1920,1080,2073600,0.000580996333155781,0.4,640,5
YOLO11s,hl_monaco_test.mp4,91,455,9.1,7,okx,0.7389127016067505,796.7071533203125,618.9150390625,864.0594482421875,634.7396240234375,67.352294921875,15.8245849609375,1065.8221435546875,1920,1080,2073600,0.000513995997607708,0.4,640,5
YOLO11s,hl_monaco_test.mp4,92,460,9.2,7,okx,0.7318727374076843,838.830078125,615.6695556640625,900.9033203125,631.871826171875,62.0732421875,16.2022705078125,1005.7274780273438,1920,1080,2073600,0.0004850151890423149,0.4,640,5
YOLO11s,hl_monaco_test.mp4,92,460,9.2,4,hp,0.42237362265586853,1440.5662841796875,723.4623413085938,1464.0174560546875,744.2217407226562,23.451171875,20.7593994140625,486.8322448730469,1920,1080,2073600,0.0002347763511352241,0.4,640,5
YOLO11s,hl_monaco_test.mp4,93,465,9.3,7,okx,0.7899053692817688,879.7670288085938,616.2965698242188,935.5449829101562,630.4814453125,55.7779541015625,14.18487548828125,791.2033081054688,1920,1080,2073600,0.00038156023947522044,0.4,640,5
YOLO11s,hl_monaco_test.mp4,93,465,9.3,4,hp,0.4455313980579376,1563.3753662109375,719.919677734375,1583.7022705078125,735.2867431640625,20.326904296875,15.3670654296875,312.3648681640625,1920,1080,2073600,0.00015063892351463437,0.4,640,5
YOLO11s,hl_monaco_test.mp4,94,470,9.4,7,okx,0.791796863079071,924.93896484375,615.2315673828125,983.5986328125,628.9529418945312,58.65966796875,13.72137451171875,804.8912963867188,1920,1080,2073600,0.00038816130836494267,0.4,640,5
YOLO11s,hl_monaco_test.mp4,95,475,9.5,7,okx,0.670580267906189,958.9092407226562,617.3853759765625,1020.2752075195312,632.6050415039062,61.365966796875,15.21966552734375,933.969482421875,1920,1080,2073600,0.0004504096577875316,0.4,640,5
YOLO11s,hl_monaco_test.mp4,96,480,9.6,7,okx,0.6275995373725891,996.2991943359375,616.4940185546875,1051.67578125,629.2035522460938,55.3765869140625,12.70953369140625,703.8106079101562,1920,1080,2073600,0.0003394148370716721,0.4,640,5
YOLO11s,hl_monaco_test.mp4,96,480,9.6,4,hp,0.4042455554008484,1487.54541015625,719.9287719726562,1509.5211181640625,736.3906860351562,21.9757080078125,16.4619140625,361.76220703125,1920,1080,2073600,0.00017446094716433436,0.4,640,5
YOLO11s,hl_monaco_test.mp4,97,485,9.7,7,okx,0.637287437915802,1023.6998291015625,617.478759765625,1082.0577392578125,629.506591796875,58.35791015625,12.02783203125,701.9191284179688,1920,1080,2073600,0.00033850266481749713,0.4,640,5
YOLO11s,hl_monaco_test.mp4,98,490,9.8,7,okx,0.6218428015708923,1050.0794677734375,616.0624389648438,1105.9229736328125,628.6822509765625,55.843505859375,12.61981201171875,704.7345581054688,1920,1080,2073600,0.0003398604167159647,0.4,640,5
YOLO11s,hl_monaco_test.mp4,98,490,9.8,4,hp,0.4711395800113678,1519.1904296875,712.0236206054688,1537.233154296875,725.7420654296875,18.042724609375,13.71844482421875,247.51812744140625,1920,1080,2073600,0.00011936637747567147,0.4,640,5
YOLO11s,hl_monaco_test.mp4,99,495,9.9,7,okx,0.6739220023155212,1070.3819580078125,611.5673828125,1117.9697265625,624.1708984375,47.5877685546875,12.603515625,599.773193359375,1920,1080,2073600,0.00028924248181283474,0.4,640,5
YOLO11s,hl_monaco_test.mp4,100,500,10.0,7,okx,0.48042771220207214,1093.6192626953125,609.439208984375,1158.2703857421875,624.0516357421875,64.651123046875,14.6124267578125,944.7097778320312,1920,1080,2073600,0.0004555892082862556,0.4,640,5
YOLO11s,hl_monaco_test.mp4,101,505,10.1,7,okx,0.48846495151519775,1113.8056640625,608.5504760742188,1190.616943359375,624.0672607421875,76.811279296875,15.51678466796875,1191.8641357421875,1920,1080,2073600,0.0005747801624238491,0.4,640,5
YOLO11s,hl_monaco_test.mp4,102,510,10.2,7,okx,0.5464465022087097,1123.7471923828125,610.7569580078125,1172.47998046875,624.087646484375,48.7327880859375,13.3306884765625,649.6416015625,1920,1080,2073600,0.00031329167541116476,0.4,640,5
YOLO11s,hl_monaco_test.mp4,103,515,10.3,7,okx,0.6937180161476135,1137.8250732421875,613.8960571289062,1182.358154296875,626.9549560546875,44.5330810546875,13.05889892578125,581.552978515625,1920,1080,2073600,0.0002804557152558118,0.4,640,5
YOLO11s,hl_monaco_test.mp4,104,520,10.4,7,okx,0.6679794192314148,1135.145263671875,616.0633544921875,1191.8984375,629.31494140625,56.753173828125,13.2515869140625,752.0696411132812,1920,1080,2073600,0.0003626879188232124,0.4,640,5
YOLO11s,hl_monaco_test.mp4,104,520,10.4,4,hp,0.5884056091308594,1494.52978515625,705.7752685546875,1511.114990234375,720.07763671875,16.585205078125,14.3023681640625,237.20770263671875,1920,1080,2073600,0.00011439414811320603,0.4,640,5
YOLO11s,hl_monaco_test.mp4,105,525,10.5,7,okx,0.5321611166000366,1128.4700927734375,622.7554931640625,1177.664306640625,636.90283203125,49.1942138671875,14.1473388671875,695.9672241210938,1920,1080,2073600,0.00033563232864253223,0.4,640,5
YOLO11s,hl_monaco_test.mp4,105,525,10.5,4,hp,0.44463497400283813,1464.9180908203125,706.079833984375,1482.17724609375,720.2415771484375,17.2591552734375,14.1617431640625,244.4197235107422,1920,1080,2073600,0.00011787216499214992,0.4,640,5
YOLO11s,hl_monaco_test.mp4,106,530,10.6,4,hp,0.41403093934059143,1422.1827392578125,705.8380126953125,1437.695068359375,720.056884765625,15.5123291015625,14.2188720703125,220.5678253173828,1920,1080,2073600,0.00010636951628839597,0.4,640,5
YOLO11s,hl_monaco_test.mp4,107,535,10.7,7,okx,0.6442347168922424,1171.23291015625,623.8969116210938,1223.330810546875,637.8616333007812,52.097900390625,13.9647216796875,727.5326538085938,1920,1080,2073600,0.00035085485433228314,0.4,640,5
YOLO11s,hl_monaco_test.mp4,108,540,10.8,4,hp,0.47770029306411743,1355.1353759765625,704.19384765625,1373.552490234375,720.030517578125,18.4171142578125,15.836669921875,291.665771484375,1920,1080,2073600,0.0001406567171216011,0.4,640,5
YOLO11s,hl_monaco_test.mp4,109,545,10.9,7,okx,0.40055379271507263,1148.962646484375,639.3231811523438,1191.5079345703125,653.27685546875,42.5452880859375,13.95367431640625,593.6630859375,1920,1080,2073600,0.00028629586449824274,0.4,640,5
YOLO11s,hl_monaco_test.mp4,110,550,11.0,7,okx,0.6290207505226135,1107.5887451171875,654.6404418945312,1143.86376953125,672.0103149414062,36.2750244140625,17.369873046875,630.0925903320312,1920,1080,2073600,0.00030386410071514547,0.4,640,5
YOLO11s,hl_monaco_test.mp4,111,555,11.1,7,okx,0.5438332557678223,987.076904296875,684.0383911132812,1077.828369140625,701.1900634765625,90.75146484375,17.15167236328125,1556.5394287109375,1920,1080,2073600,0.0007506459369324148,0.4,640,5
YOLO11s,hl_monaco_test.mp4,114,570,11.4,4,hp,0.4296953082084656,1084.65283203125,728.0696411132812,1104.382080078125,746.0872192382812,19.729248046875,18.017578125,355.4732666015625,1920,1080,2073600,0.00017142808064818382,0.4,640,5
YOLO11s,hl_monaco_test.mp4,115,575,11.5,4,hp,0.4305546283721924,900.432861328125,755.9672241210938,926.0077514648438,784.4679565429688,25.57489013671875,28.500732421875,728.903076171875,1920,1080,2073600,0.00035151574411429465,0.4,640,5
YOLO11s,hl_monaco_test.mp4,116,580,11.6,4,hp,0.5072562098503113,641.1790771484375,807.5945434570312,672.855712890625,834.5579223632812,31.6766357421875,26.96337890625,854.109130859375,1920,1080,2073600,0.0004118967626709491,0.4,640,5
YOLO11s,hl_monaco_test.mp4,117,585,11.7,4,hp,0.6065735816955566,279.2802429199219,879.9061889648438,330.43157958984375,921.1455688476562,51.151336669921875,41.2393798828125,2109.449462890625,1920,1080,2073600,0.001017288537696004,0.4,640,5
YOLO11s,hl_monaco_test.mp4,118,590,11.8,0,aramco,0.4577566087245941,1436.1390380859375,569.5269775390625,1482.12109375,579.610595703125,45.9820556640625,10.0836181640625,463.6654968261719,1920,1080,2073600,0.00022360411821864545,0.4,640,5
YOLO11s,hl_monaco_test.mp4,119,595,11.9,8,oracle,0.5874919891357422,1339.1436767578125,743.4656982421875,1392.6177978515625,773.6982421875,53.47412109375,30.2325439453125,1616.65869140625,1920,1080,2073600,0.0007796386489644647,0.4,640,5
YOLO11s,hl_monaco_test.mp4,119,595,11.9,0,aramco,0.5768029689788818,1447.2733154296875,586.1143798828125,1502.9271240234375,600.0679321289062,55.65380859375,13.95355224609375,776.5682983398438,1920,1080,2073600,0.0003745024441741407,0.4,640,5
YOLO11s,hl_monaco_test.mp4,119,595,11.9,7,okx,0.4437602758407593,1009.024658203125,671.8545532226562,1045.2158203125,689.9180297851562,36.191162109375,18.0634765625,653.7382202148438,1920,1080,2073600,0.0003152672725263983,0.4,640,5
YOLO11s,hl_monaco_test.mp4,119,595,11.9,0,aramco,0.4133393168449402,1540.605712890625,587.561279296875,1585.907470703125,600.050537109375,45.3017578125,12.4892578125,565.7853393554688,1920,1080,2073600,0.00027285172836855054,0.4,640,5
YOLO11s,hl_monaco_test.mp4,120,600,12.0,8,oracle,0.7995728254318237,1233.92578125,789.2228393554688,1317.590087890625,828.4231567382812,83.664306640625,39.2003173828125,3279.66748046875,1920,1080,2073600,0.0015816297382116318,0.4,640,5
YOLO11s,hl_monaco_test.mp4,120,600,12.0,0,aramco,0.7589946985244751,1450.5421142578125,607.0775146484375,1510.921142578125,617.644287109375,60.3790283203125,10.5667724609375,638.011474609375,1920,1080,2073600,0.00030768298893235624,0.4,640,5
YOLO11s,hl_monaco_test.mp4,120,600,12.0,0,aramco,0.6146605610847473,1545.02685546875,606.8533325195312,1602.880859375,617.550537109375,57.85400390625,10.69720458984375,618.8760986328125,1920,1080,2073600,0.00029845492099411786,0.4,640,5
YOLO11s,hl_monaco_test.mp4,121,605,12.1,7,okx,0.5694097876548767,1067.881591796875,428.9937744140625,1119.96142578125,442.3094787597656,52.079833984375,13.315704345703125,693.4796752929688,1920,1080,2073600,0.0003344327269587666,0.4,640,5
YOLO11s,hl_monaco_test.mp4,122,610,12.2,7,okx,0.7758334875106812,1082.34765625,431.7811279296875,1137.244384765625,446.43902587890625,54.896728515625,14.65789794921875,804.670654296875,1920,1080,2073600,0.00038805490476079285,0.4,640,5
YOLO11s,hl_monaco_test.mp4,123,615,12.3,7,okx,0.6802886128425598,1089.617919921875,431.8296203613281,1138.248291015625,446.99267578125,48.63037109375,15.163055419921875,737.385009765625,1920,1080,2073600,0.0003556062001734972,0.4,640,5
YOLO11s,hl_monaco_test.mp4,124,620,12.4,7,okx,0.6912038922309875,1077.518310546875,431.6445007324219,1122.919677734375,446.8096618652344,45.4013671875,15.1651611328125,688.51904296875,1920,1080,2073600,0.0003320404211990535,0.4,640,5
YOLO11s,hl_monaco_test.mp4,124,620,12.4,7,okx,0.6729662418365479,767.185791015625,287.94000244140625,818.119873046875,302.879638671875,50.93408203125,14.93963623046875,760.9366455078125,1920,1080,2073600,0.0003669640573207289,0.4,640,5
YOLO11s,hl_monaco_test.mp4,125,625,12.5,7,okx,0.7487443089485168,802.3919677734375,287.25726318359375,854.143798828125,300.5955810546875,51.7518310546875,13.33831787109375,690.2823486328125,1920,1080,2073600,0.00033289080602116883,0.4,640,5
YOLO11s,hl_monaco_test.mp4,125,625,12.5,7,okx,0.6655413508415222,1040.413818359375,422.1675109863281,1086.593017578125,436.4139404296875,46.17919921875,14.246429443359375,657.8887329101562,1920,1080,2073600,0.0003172688593622297,0.4,640,5
YOLO11s,hl_monaco_test.mp4,126,630,12.6,7,okx,0.6472684144973755,1008.3173217773438,413.7393493652344,1055.43212890625,432.0517272949219,47.11480712890625,18.3123779296875,862.7841796875,1920,1080,2073600,0.00041608032188378274,0.4,640,5
YOLO11s,hl_monaco_test.mp4,126,630,12.6,7,okx,0.6465079188346863,827.4124145507812,283.7765808105469,878.7533569335938,296.5355529785156,51.3409423828125,12.75897216796875,655.0576782226562,1920,1080,2073600,0.0003159035986755043,0.4,640,5
YOLO11s,hl_monaco_test.mp4,126,630,12.6,4,hp,0.426113098859787,125.27911376953125,246.23634338378906,145.26177978515625,264.17401123046875,19.982666015625,17.937667846679688,358.4424133300781,1920,1080,2073600,0.00017285996000282466,0.4,640,5
YOLO11s,hl_monaco_test.mp4,127,635,12.7,7,okx,0.7017156481742859,839.3139038085938,278.5079345703125,893.4722900390625,292.212646484375,54.15838623046875,13.7047119140625,742.22509765625,1920,1080,2073600,0.0003579403564799577,0.4,640,5
YOLO11s,hl_monaco_test.mp4,127,635,12.7,7,okx,0.4318186342716217,965.660888671875,403.9761657714844,1020.51123046875,421.7159729003906,54.850341796875,17.73980712890625,973.0344848632812,1920,1080,2073600,0.00046924888738431036,0.4,640,5
YOLO11s,hl_monaco_test.mp4,127,635,12.7,4,hp,0.4145064651966095,21.866249084472656,124.5941162109375,40.88800048828125,148.59471130371094,19.021751403808594,24.000595092773438,456.5333557128906,1920,1080,2073600,0.00022016461298335344,0.4,640,5
YOLO11s,hl_monaco_test.mp4,128,640,12.8,7,okx,0.6891301274299622,937.8768310546875,396.602783203125,986.2805786132812,411.77325439453125,48.40374755859375,15.17047119140625,734.3076782226562,1920,1080,2073600,0.00035412213765084743,0.4,640,5
YOLO11s,hl_monaco_test.mp4,128,640,12.8,7,okx,0.6475516557693481,855.3548583984375,277.57623291015625,902.5966186523438,291.86492919921875,47.24176025390625,14.2886962890625,675.023193359375,1920,1080,2073600,0.00032553201890550554,0.4,640,5
YOLO11s,hl_monaco_test.mp4,128,640,12.8,7,okx,0.554946780204773,1045.795166015625,395.19097900390625,1099.03857421875,410.8111572265625,53.243408203125,15.62017822265625,831.6715087890625,1920,1080,2073600,0.0004010761622339487,0.4,640,5
YOLO11s,hl_monaco_test.mp4,129,645,12.9,7,okx,0.7365982532501221,912.4528198242188,390.8169250488281,964.6030883789062,409.1197814941406,52.1502685546875,18.3028564453125,954.4989013671875,1920,1080,2073600,0.000460310053313151,0.4,640,5
YOLO11s,hl_monaco_test.mp4,129,645,12.9,7,okx,0.5668291449546814,859.7445068359375,276.1260681152344,904.1185302734375,290.27911376953125,44.3740234375,14.153045654296875,628.027587890625,1920,1080,2073600,0.0003028682549484074,0.4,640,5
YOLO11s,hl_monaco_test.mp4,129,645,12.9,4,hp,0.4660656750202179,1302.052978515625,493.80889892578125,1325.412353515625,512.3795166015625,23.359375,18.57061767578125,433.79803466796875,1920,1080,2073600,0.00020920044335070997,0.4,640,5
YOLO11s,hl_monaco_test.mp4,129,645,12.9,7,okx,0.42191463708877563,938.2452392578125,277.7818603515625,981.1904296875,290.5372314453125,42.9451904296875,12.75537109375,547.7818603515625,1920,1080,2073600,0.0002641695027705282,0.4,640,5
YOLO11s,hl_monaco_test.mp4,130,650,13.0,7,okx,0.41659221053123474,895.8762817382812,387.8388671875,950.3179321289062,408.030517578125,54.441650390625,20.191650390625,1099.2667236328125,1920,1080,2073600,0.0005301247583702207,0.4,640,5
YOLO11s,hl_monaco_test.mp4,130,650,13.0,4,hp,0.41009947657585144,357.7933349609375,109.85391998291016,378.8876037597656,142.4764404296875,21.094268798828125,32.622520446777344,688.148193359375,1920,1080,2073600,0.0003318615781608969,0.4,640,5
YOLO11s,hl_monaco_test.mp4,131,655,13.1,4,hp,0.6965405941009521,1201.789794921875,350.135009765625,1217.1025390625,366.05181884765625,15.312744140625,15.91680908203125,243.7300262451172,1920,1080,2073600,0.00011753955914173275,0.4,640,5
YOLO11s,hl_monaco_test.mp4,131,655,13.1,7,okx,0.6616120934486389,886.6093139648438,381.4620666503906,948.1616821289062,400.2212219238281,61.5523681640625,18.7591552734375,1154.67041015625,1920,1080,2073600,0.0005568433552980423,0.4,640,5
YOLO11s,hl_monaco_test.mp4,131,655,13.1,7,okx,0.501434326171875,1007.4743041992188,381.0065002441406,1066.446044921875,397.2243347167969,58.97174072265625,16.21783447265625,956.3939208984375,1920,1080,2073600,0.00046122391358949244,0.4,640,5
YOLO11s,hl_monaco_test.mp4,132,660,13.2,7,okx,0.8196210861206055,887.5201416015625,390.97503662109375,956.635498046875,410.42889404296875,69.1153564453125,19.453857421875,1344.560302734375,1920,1080,2073600,0.0006484183832071722,0.4,640,5
YOLO11s,hl_monaco_test.mp4,132,660,13.2,7,okx,0.596872866153717,1018.1278076171875,392.7809143066406,1072.86083984375,409.2843933105469,54.7330322265625,16.50347900390625,903.2854614257812,1920,1080,2073600,0.0004356121935416013,0.4,640,5
YOLO11s,hl_monaco_test.mp4,133,665,13.3,7,okx,0.7688503861427307,897.73828125,400.0531311035156,966.814453125,422.21429443359375,69.076171875,22.161163330078125,1530.808349609375,1920,1080,2073600,0.000738237053155899,0.4,640,5
YOLO11s,hl_monaco_test.mp4,133,665,13.3,4,hp,0.5173606276512146,655.9178466796875,262.8915100097656,674.9485473632812,276.44683837890625,19.03070068359375,13.555328369140625,257.9674072265625,1920,1080,2073600,0.00012440557475201786,0.4,640,5
YOLO11s,hl_monaco_test.mp4,133,665,13.3,7,okx,0.47351574897766113,1038.762939453125,401.80877685546875,1094.053955078125,419.60516357421875,55.291015625,17.79638671875,983.9802856445312,1920,1080,2073600,0.0004745275364257395,0.4,640,5
YOLO11s,hl_monaco_test.mp4,134,670,13.4,7,okx,0.8062289953231812,923.8043212890625,412.1009521484375,1004.0333251953125,434.1904296875,80.22900390625,22.0894775390625,1772.216796875,1920,1080,2073600,0.0008546570315957069,0.4,640,5
YOLO11s,hl_monaco_test.mp4,134,670,13.4,7,okx,0.41148123145103455,1072.73779296875,414.5140686035156,1126.182373046875,432.5387878417969,53.444580078125,18.02471923828125,963.3235473632812,1920,1080,2073600,0.0004645657609216869,0.4,640,5
YOLO11s,hl_monaco_test.mp4,135,675,13.5,7,okx,0.8119075894355774,954.0350341796875,439.5655517578125,1038.052490234375,463.7275085449219,84.0174560546875,24.161956787109375,2030.026123046875,1920,1080,2073600,0.0009789863834157586,0.4,640,5
YOLO11s,hl_monaco_test.mp4,135,675,13.5,4,hp,0.6116162538528442,1186.34228515625,385.87811279296875,1210.251220703125,408.3790283203125,23.908935546875,22.50091552734375,537.9729614257812,1920,1080,2073600,0.000259439111687243,0.4,640,5
YOLO11s,hl_monaco_test.mp4,136,680,13.6,7,okx,0.8492146134376526,998.414794921875,459.2672424316406,1087.9976806640625,483.2601013183594,89.5828857421875,23.99285888671875,2149.349609375,1920,1080,2073600,0.0010365304769948125,0.4,640,5
YOLO11s,hl_monaco_test.mp4,137,685,13.7,7,okx,0.8509929776191711,1047.41455078125,482.3528137207031,1141.6944580078125,505.5945739746094,94.2799072265625,23.24176025390625,2191.23095703125,1920,1080,2073600,0.0010567278368398547,0.4,640,5
YOLO11s,hl_monaco_test.mp4,137,685,13.7,7,okx,0.5373386740684509,718.2100830078125,331.7950134277344,761.30224609375,346.27142333984375,43.0921630859375,14.476409912109375,623.81982421875,1920,1080,2073600,0.00030083904857747257,0.4,640,5
YOLO11s,hl_monaco_test.mp4,138,690,13.8,7,okx,0.8268266916275024,1113.98974609375,511.275146484375,1212.232666015625,539.1641235351562,98.242919921875,27.88897705078125,2739.89453125,1920,1080,2073600,0.0013213226338848472,0.4,640,5
YOLO11s,hl_monaco_test.mp4,139,695,13.9,7,okx,0.886182427406311,1213.026611328125,529.721435546875,1317.133544921875,556.4328002929688,104.10693359375,26.71136474609375,2780.83837890625,1920,1080,2073600,0.0013410678366199136,0.4,640,5
YOLO11s,hl_monaco_test.mp4,139,695,13.9,7,okx,0.5969557166099548,703.5850830078125,354.0270080566406,747.76806640625,370.8304138183594,44.1829833984375,16.80340576171875,742.4246215820312,1920,1080,2073600,0.00035803657374344766,0.4,640,5
YOLO11s,hl_monaco_test.mp4,139,695,13.9,4,hp,0.4400932192802429,1220.409423828125,472.6333923339844,1244.3565673828125,495.3377380371094,23.9471435546875,22.704345703125,543.7042236328125,1920,1080,2073600,0.00026220304425805807,0.4,640,5
YOLO11s,hl_monaco_test.mp4,140,700,14.0,7,okx,0.8157492280006409,1336.5966796875,564.998779296875,1450.9405517578125,594.3656005859375,114.3438720703125,29.3668212890625,3357.916015625,1920,1080,2073600,0.0016193654155358672,0.4,640,5
YOLO11s,hl_monaco_test.mp4,140,700,14.0,4,hp,0.7872767448425293,1264.787109375,496.3704528808594,1294.5611572265625,522.8077392578125,29.7740478515625,26.437286376953125,787.14501953125,1920,1080,2073600,0.00037960312329232693,0.4,640,5
YOLO11s,hl_monaco_test.mp4,140,700,14.0,7,okx,0.713997483253479,702.8912353515625,370.9141845703125,752.966552734375,385.58935546875,50.0753173828125,14.6751708984375,734.8638305664062,1920,1080,2073600,0.0003543903585523367,0.4,640,5
YOLO11s,hl_monaco_test.mp4,141,705,14.1,7,okx,0.8789708018302917,1508.745849609375,598.472412109375,1637.3038330078125,630.965087890625,128.5579833984375,32.49267578125,4177.19287109375,1920,1080,2073600,0.002014464233070612,0.4,640,5
YOLO11s,hl_monaco_test.mp4,141,705,14.1,4,hp,0.8650527000427246,1332.494873046875,520.07861328125,1364.5201416015625,547.1847534179688,32.0252685546875,27.10614013671875,868.0814208984375,1920,1080,2073600,0.000418634939705953,0.4,640,5
YOLO11s,hl_monaco_test.mp4,141,705,14.1,7,okx,0.7593308687210083,706.2269287109375,383.87548828125,761.353759765625,402.1739501953125,55.1268310546875,18.2984619140625,1008.7362060546875,1920,1080,2073600,0.00048646616050973535,0.4,640,5
YOLO11s,hl_monaco_test.mp4,142,710,14.2,7,okx,0.8500980734825134,1748.1624755859375,650.8987426757812,1891.7274169921875,686.9619140625,143.56494140625,36.06317138671875,5177.4072265625,1920,1080,2073600,0.002496820641681552,0.4,640,5
YOLO11s,hl_monaco_test.mp4,142,710,14.2,4,hp,0.8481842279434204,1429.398681640625,546.188232421875,1466.072998046875,575.9820556640625,36.67431640625,29.7938232421875,1092.6680908203125,1920,1080,2073600,0.0005269425455480814,0.4,640,5
YOLO11s,hl_monaco_test.mp4,142,710,14.2,7,okx,0.7185608744621277,718.6336669921875,402.06671142578125,775.020751953125,420.6392822265625,56.3870849609375,18.57257080078125,1047.253173828125,1920,1080,2073600,0.0005050410982221365,0.4,640,5
YOLO11s,hl_monaco_test.mp4,143,715,14.3,4,hp,0.881081223487854,1573.22314453125,582.1373901367188,1614.7763671875,615.5563354492188,41.55322265625,33.4189453125,1388.6649169921875,1920,1080,2073600,0.0006696879281662405,0.4,640,5
YOLO11s,hl_monaco_test.mp4,143,715,14.3,7,okx,0.7362826466560364,738.380859375,419.4051818847656,805.9248046875,436.9411926269531,67.5439453125,17.5360107421875,1184.4512939453125,1920,1080,2073600,0.0005712052807211876,0.4,640,5
YOLO11s,hl_monaco_test.mp4,144,720,14.4,4,hp,0.8218227028846741,1783.3319091796875,619.963623046875,1827.6280517578125,657.189697265625,44.296142578125,37.22607421875,1648.971435546875,1920,1080,2073600,0.0007952215382829309,0.4,640,5
YOLO11s,hl_monaco_test.mp4,144,720,14.4,7,okx,0.7715659141540527,763.7499389648438,448.9080505371094,835.3095703125,468.6828918457031,71.55963134765625,19.77484130859375,1415.080322265625,1920,1080,2073600,0.0006824268493801355,0.4,640,5
YOLO11s,hl_monaco_test.mp4,145,725,14.5,7,okx,0.8000862002372742,809.2153930664062,465.3750915527344,887.5065307617188,485.3182067871094,78.2911376953125,19.943115234375,1561.369140625,1920,1080,2073600,0.0007529750582762063,0.4,640,5
YOLO11s,hl_monaco_test.mp4,145,725,14.5,4,hp,0.5584469437599182,650.9188232421875,442.8492736816406,665.3335571289062,456.9650573730469,14.41473388671875,14.11578369140625,203.4752655029297,1920,1080,2073600,9.812657663132995e-05,0.4,640,5
YOLO11s,hl_monaco_test.mp4,146,730,14.6,7,okx,0.800180196762085,865.8861694335938,488.572998046875,946.1138305664062,508.7567138671875,80.2276611328125,20.1837158203125,1619.2923583984375,1920,1080,2073600,0.0007809087401255965,0.4,640,5
YOLO11s,hl_monaco_test.mp4,146,730,14.6,4,hp,0.49174055457115173,716.4437255859375,451.11328125,738.3468017578125,466.45458984375,21.903076171875,15.34130859375,336.0218505859375,1920,1080,2073600,0.0001620475813979283,0.4,640,5
YOLO11s,hl_monaco_test.mp4,147,735,14.7,7,okx,0.8333643674850464,942.0838623046875,512.0875244140625,1031.625732421875,536.2335815429688,89.5418701171875,24.14605712890625,2162.0830078125,1920,1080,2073600,0.0010426711523905396,0.4,640,5
YOLO11s,hl_monaco_test.mp4,147,735,14.7,4,hp,0.5774676203727722,704.1971435546875,462.2435302734375,719.8291015625,480.0816650390625,15.6319580078125,17.838134765625,278.844970703125,1920,1080,2073600,0.00013447384117171168,0.4,640,5
YOLO11s,hl_monaco_test.mp4,148,740,14.8,7,okx,0.8370351195335388,1048.845458984375,533.916748046875,1144.0411376953125,558.5955810546875,95.1956787109375,24.6788330078125,2349.318359375,1920,1080,2073600,0.0011329660192131996,0.4,640,5
YOLO11s,hl_monaco_test.mp4,148,740,14.8,4,hp,0.45175355672836304,575.6976928710938,477.6660461425781,592.5624389648438,489.80950927734375,16.86474609375,12.143463134765625,204.79641723632812,1920,1080,2073600,9.876370313577354e-05,0.4,640,5
YOLO11s,hl_monaco_test.mp4,148,740,14.8,4,hp,0.40078046917915344,679.3944702148438,475.18603515625,699.1167602539062,489.92950439453125,19.7222900390625,14.74346923828125,290.77496337890625,1920,1080,2073600,0.0001402271300321445,0.4,640,5
YOLO11s,hl_monaco_test.mp4,149,745,14.9,7,okx,0.8044809103012085,1189.14892578125,566.4598999023438,1293.008056640625,592.8131713867188,103.859130859375,26.353271484375,2737.02783203125,1920,1080,2073600,0.0013199400855228305,0.4,640,5
YOLO11s,hl_monaco_test.mp4,150,750,15.0,7,okx,0.8642975687980652,1378.9404296875,596.131591796875,1492.879638671875,624.2792358398438,113.939208984375,28.14764404296875,3207.120361328125,1920,1080,2073600,0.0015466436743736267,0.4,640,5
YOLO11s,hl_monaco_test.mp4,150,750,15.0,4,hp,0.5380527377128601,647.9718017578125,507.49224853515625,671.7828369140625,528.0819091796875,23.81103515625,20.58966064453125,490.2611389160156,1920,1080,2073600,0.00023642994347028434,0.4,640,5
YOLO11s,hl_monaco_test.mp4,151,755,15.1,7,okx,0.8351519107818604,1635.3466796875,649.06201171875,1764.364501953125,681.985107421875,129.017822265625,32.923095703125,4247.666015625,1920,1080,2073600,0.00204845005646348,0.4,640,5
YOLO11s,hl_monaco_test.mp4,153,765,15.3,4,hp,0.5262141227722168,619.486572265625,570.9332275390625,645.3902587890625,591.5946044921875,25.9036865234375,20.661376953125,535.205810546875,1920,1080,2073600,0.00025810464285314083,0.4,640,5
YOLO11s,hl_monaco_test.mp4,154,770,15.4,0,aramco,0.43236976861953735,865.4734497070312,627.8535766601562,987.076171875,657.2447509765625,121.60272216796875,29.39117431640625,3574.046875,1920,1080,2073600,0.0017235950799658895,0.4,640,5
YOLO11s,hl_monaco_test.mp4,155,775,15.5,0,aramco,0.684859573841095,884.5096435546875,654.8021240234375,1032.2706298828125,687.2957763671875,147.760986328125,32.49365234375,4801.2939453125,1920,1080,2073600,0.0023154388181865215,0.4,640,5
YOLO11s,hl_monaco_test.mp4,155,775,15.5,4,hp,0.4315738379955292,505.66571044921875,469.9100341796875,525.9072875976562,484.105712890625,20.2415771484375,14.1956787109375,287.3429260253906,1920,1080,2073600,0.00013857200974598527,0.4,640,5
YOLO11s,hl_monaco_test.mp4,156,780,15.6,0,aramco,0.5991324782371521,942.542724609375,682.5111083984375,1093.660400390625,723.194091796875,151.11767578125,40.6829833984375,6147.91796875,1920,1080,2073600,0.0029648523777723312,0.4,640,5
YOLO11s,hl_monaco_test.mp4,156,780,15.6,0,aramco,0.5493049025535583,522.54150390625,277.3356628417969,583.9971923828125,292.6286315917969,61.4556884765625,15.29296875,939.8399047851562,1920,1080,2073600,0.00045324070379137993,0.4,640,5
YOLO11s,hl_monaco_test.mp4,156,780,15.6,4,hp,0.52654629945755,481.7744140625,481.17578125,504.55340576171875,504.21209716796875,22.77899169921875,23.03631591796875,524.7440795898438,1920,1080,2073600,0.0002530594647396356,0.4,640,5
YOLO11s,hl_monaco_test.mp4,157,785,15.7,4,hp,0.6338844895362854,589.4132080078125,682.2676391601562,615.2319946289062,705.9432373046875,25.81878662109375,23.67559814453125,611.2752075195312,1920,1080,2073600,0.00029478935175575316,0.4,640,5
YOLO11s,hl_monaco_test.mp4,157,785,15.7,0,aramco,0.4869278371334076,585.3992309570312,287.963623046875,635.6278076171875,306.4613037109375,50.22857666015625,18.4976806640625,929.1121826171875,1920,1080,2073600,0.00044806720688939095,0.4,640,5
YOLO11s,hl_monaco_test.mp4,157,785,15.7,4,hp,0.46924853324890137,462.6131286621094,503.67596435546875,487.5075988769531,525.093505859375,24.89447021484375,21.41754150390625,533.1783447265625,1920,1080,2073600,0.00025712689966894686,0.4,640,5
YOLO11s,hl_monaco_test.mp4,158,790,15.8,4,hp,0.7414311170578003,456.2024230957031,526.9442138671875,482.7397155761719,548.4666748046875,26.53729248046875,21.5224609375,571.1478271484375,1920,1080,2073600,0.0002754378074314445,0.4,640,5
YOLO11s,hl_monaco_test.mp4,158,790,15.8,4,hp,0.5328434109687805,606.5917358398438,723.7529296875,644.2687377929688,751.94384765625,37.677001953125,28.19091796875,1062.1492919921875,1920,1080,2073600,0.0005122247966937721,0.4,640,5
YOLO11s,hl_monaco_test.mp4,158,790,15.8,4,hp,0.4039461314678192,430.163818359375,719.261474609375,456.591796875,750.1847534179688,26.427978515625,30.92327880859375,817.23974609375,1920,1080,2073600,0.00039411638863384724,0.4,640,5
YOLO11s,hl_monaco_test.mp4,159,795,15.9,4,hp,0.7433110475540161,456.5492248535156,552.2504272460938,486.0293884277344,577.1931762695312,29.48016357421875,24.9427490234375,735.3163452148438,1920,1080,2073600,0.0003546085790731013,0.4,640,5
YOLO11s,hl_monaco_test.mp4,159,795,15.9,4,hp,0.672163188457489,647.2493896484375,772.5860595703125,681.2752685546875,793.2526245117188,34.02587890625,20.66656494140625,703.1980590820312,1920,1080,2073600,0.00033911943319253623,0.4,640,5
YOLO11s,hl_monaco_test.mp4,160,800,16.0,4,hp,0.877212643623352,476.3334045410156,582.2267456054688,509.1081848144531,609.9573364257812,32.7747802734375,27.7305908203125,908.864013671875,1920,1080,2073600,0.0004383024643175304,0.4,640,5
YOLO11s,hl_monaco_test.mp4,160,800,16.0,4,hp,0.42650821805000305,718.0054321289062,841.6616821289062,754.8920288085938,868.7631225585938,36.8865966796875,27.1014404296875,999.679931640625,1920,1080,2073600,0.00048209872329607606,0.4,640,5
YOLO11s,hl_monaco_test.mp4,160,800,16.0,4,hp,0.40501242876052856,598.6610107421875,575.918212890625,642.3624267578125,596.7349853515625,43.701416015625,20.8167724609375,909.722412109375,1920,1080,2073600,0.000438716437201947,0.4,640,5
YOLO11s,hl_monaco_test.mp4,161,805,16.1,4,hp,0.870568037033081,514.0595703125,625.5037841796875,553.533935546875,657.04052734375,39.474365234375,31.5367431640625,1244.8929443359375,1920,1080,2073600,0.0006003534654155374,0.4,640,5
YOLO11s,hl_monaco_test.mp4,161,805,16.1,4,hp,0.6444973945617676,831.4654541015625,926.9498291015625,876.2413330078125,945.5943603515625,44.77587890625,18.64453125,834.8252563476562,1920,1080,2073600,0.0004025970702059567,0.4,640,5
YOLO11s,hl_monaco_test.mp4,161,805,16.1,0,aramco,0.5882909893989563,1556.107177734375,657.1612548828125,1889.7158203125,700.5266723632812,333.608642578125,43.36541748046875,14467.078125,1920,1080,2073600,0.0069767930544912815,0.4,640,5
YOLO11s,hl_monaco_test.mp4,161,805,16.1,6,moneygram,0.5639193058013916,1242.693359375,711.9266357421875,1266.928466796875,726.7676391601562,24.235107421875,14.84100341796875,359.6733093261719,1920,1080,2073600,0.0001734535617288202,0.4,640,5
YOLO11s,hl_monaco_test.mp4,161,805,16.1,4,hp,0.4518083333969116,570.8150634765625,935.3714599609375,602.8858642578125,959.604736328125,32.07080078125,24.2332763671875,777.1806030273438,1920,1080,2073600,0.0003747977316379547,0.4,640,5
YOLO11s,hl_monaco_test.mp4,162,810,16.2,4,hp,0.9004093408584595,601.8594360351562,679.80615234375,646.95849609375,718.4137573242188,45.09906005859375,38.60760498046875,1741.166748046875,1920,1080,2073600,0.0008396830526180565,0.4,640,5
YOLO11s,hl_monaco_test.mp4,162,810,16.2,6,moneygram,0.7135568261146545,1360.0968017578125,756.914794921875,1389.6610107421875,777.0318603515625,29.564208984375,20.1170654296875,594.7451171875,1920,1080,2073600,0.0002868176670745015,0.4,640,5
YOLO11s,hl_monaco_test.mp4,162,810,16.2,5,kick,0.5222112536430359,656.9656982421875,472.8565979003906,674.3916015625,481.58514404296875,17.4259033203125,8.728546142578125,152.10279846191406,1920,1080,2073600,7.335204281844199e-05,0.4,640,5
YOLO11s,hl_monaco_test.mp4,162,810,16.2,4,hp,0.48657408356666565,1036.57763671875,1062.698486328125,1082.5008544921875,1080.0,45.9232177734375,17.301513671875,794.5411987304688,1920,1080,2073600,0.0003831699432339519,0.4,640,5
YOLO11s,hl_monaco_test.mp4,163,815,16.3,4,hp,0.8472233414649963,762.7047119140625,762.9779663085938,817.1823120117188,809.5636596679688,54.47760009765625,46.585693359375,2537.876708984375,1920,1080,2073600,0.0012238988419994712,0.4,640,5
YOLO11s,hl_monaco_test.mp4,163,815,16.3,5,kick,0.543041467666626,634.8118896484375,479.7644348144531,655.9161987304688,494.8219299316406,21.10430908203125,15.0574951171875,317.7780456542969,1920,1080,2073600,0.00015324944979511201,0.4,640,5
YOLO11s,hl_monaco_test.mp4,164,820,16.4,5,kick,0.7118166089057922,620.1923828125,496.8519287109375,637.2102661132812,507.5489501953125,17.01788330078125,10.697021484375,182.04066467285156,1920,1080,2073600,8.778967458056286e-05,0.4,640,5
YOLO11s,hl_monaco_test.mp4,164,820,16.4,4,hp,0.5548925995826721,1039.9503173828125,883.242919921875,1115.005615234375,943.4674072265625,75.0552978515625,60.2244873046875,4520.1669921875,1920,1080,2073600,0.0021798645611852407,0.4,640,5
YOLO11s,hl_monaco_test.mp4,164,820,16.4,6,moneygram,0.5218799710273743,1772.150146484375,891.1424560546875,1801.800537109375,917.31298828125,29.650390625,26.1705322265625,775.9664916992188,1920,1080,2073600,0.0003742122498806566,0.4,640,5
YOLO11s,hl_monaco_test.mp4,166,830,16.6,5,kick,0.44189077615737915,592.8330078125,521.392822265625,612.494140625,534.25634765625,19.6611328125,12.863525390625,252.91148376464844,1920,1080,2073600,0.00012196734314784408,0.4,640,5
YOLO11s,hl_monaco_test.mp4,167,835,16.7,5,kick,0.69110107421875,581.5712280273438,538.096923828125,602.2288818359375,552.7537841796875,20.65765380859375,14.6568603515625,302.7763366699219,1920,1080,2073600,0.00014601481962017715,0.4,640,5
YOLO11s,hl_monaco_test.mp4,168,840,16.8,1,atlasian,0.7243838906288147,1114.04736328125,517.00341796875,1346.719482421875,538.4646606445312,232.672119140625,21.46124267578125,4993.4326171875,1920,1080,2073600,0.0024080981966108084,0.4,640,5
YOLO11s,hl_monaco_test.mp4,168,840,16.8,5,kick,0.47217127680778503,582.213623046875,560.3864135742188,600.583251953125,576.182861328125,18.36962890625,15.79644775390625,290.1748962402344,1920,1080,2073600,0.00013993773609399796,0.4,640,5
YOLO11s,hl_monaco_test.mp4,168,840,16.8,1,atlasian,0.423650324344635,1132.0390625,515.35498046875,1244.51611328125,531.3319702148438,112.47705078125,15.97698974609375,1797.044677734375,1920,1080,2073600,0.0008666303474456072,0.4,640,5
YOLO11s,hl_monaco_test.mp4,169,845,16.9,1,atlasian,0.7080570459365845,1167.3262939453125,531.0986938476562,1423.55712890625,555.28759765625,256.2308349609375,24.18890380859375,6197.94287109375,1920,1080,2073600,0.002988977124914527,0.4,640,5
YOLO11s,hl_monaco_test.mp4,169,845,16.9,5,kick,0.5086220502853394,586.5765380859375,574.0589599609375,609.0994262695312,584.853759765625,22.52288818359375,10.7947998046875,243.13006591796875,1920,1080,2073600,0.00011725022341124713,0.4,640,5
YOLO11s,hl_monaco_test.mp4,169,845,16.9,1,atlasian,0.4023861289024353,960.5795288085938,493.51226806640625,1153.687255859375,513.7106323242188,193.10772705078125,20.1983642578125,3900.460205078125,1920,1080,2073600,0.001881008967757225,0.4,640,5
YOLO11s,hl_monaco_test.mp4,170,850,17.0,5,kick,0.5742949843406677,607.40283203125,597.7919311523438,628.4400634765625,608.7978515625,21.0372314453125,11.00592041015625,231.53408813476562,1920,1080,2073600,0.00011165803152834997,0.4,640,5
YOLO11s,hl_monaco_test.mp4,170,850,17.0,1,atlasian,0.47411635518074036,1244.993408203125,551.6226196289062,1362.7203369140625,575.2014770507812,117.7269287109375,23.578857421875,2775.866455078125,1920,1080,2073600,0.001338670146651566,0.4,640,5
YOLO11s,hl_monaco_test.mp4,171,855,17.1,5,kick,0.565413773059845,631.3399047851562,621.354736328125,652.433837890625,631.1419677734375,21.09393310546875,9.7872314453125,206.45120239257812,1920,1080,2073600,9.956173016689718e-05,0.4,640,5
YOLO11s,hl_monaco_test.mp4,171,855,17.1,1,atlasian,0.4917166829109192,1331.0928955078125,570.6904296875,1469.7447509765625,598.62841796875,138.65185546875,27.93798828125,3873.65380859375,1920,1080,2073600,0.0018680815119296312,0.4,640,5
YOLO11s,hl_monaco_test.mp4,172,860,17.2,1,atlasian,0.6639801263809204,1469.006103515625,608.599609375,1658.5887451171875,639.91455078125,189.5826416015625,31.31494140625,5936.76953125,1920,1080,2073600,0.002863025525584817,0.4,640,5
YOLO11s,hl_monaco_test.mp4,172,860,17.2,5,kick,0.5352122783660889,672.9737548828125,647.457275390625,693.0928344726562,660.8082275390625,20.11907958984375,13.3509521484375,268.6088562011719,1920,1080,2073600,0.0001295374531764537,0.4,640,5
YOLO11s,hl_monaco_test.mp4,173,865,17.3,5,kick,0.556159257888794,726.29150390625,671.6832885742188,752.9899291992188,686.6376953125,26.69842529296875,14.95440673828125,399.2591247558594,1920,1080,2073600,0.00019254394283052534,0.4,640,5
YOLO11s,hl_monaco_test.mp4,173,865,17.3,5,kick,0.4428614377975464,726.005615234375,676.074462890625,750.32568359375,696.6134033203125,24.320068359375,20.5389404296875,499.5084228515625,1920,1080,2073600,0.00024088947975542396,0.4,640,5
YOLO11s,hl_monaco_test.mp4,173,865,17.3,1,atlasian,0.427609384059906,1263.6683349609375,560.2904052734375,1408.6827392578125,584.6031494140625,145.014404296875,24.312744140625,3525.697998046875,1920,1080,2073600,0.00170027872081846,0.4,640,5
YOLO11s,hl_monaco_test.mp4,174,870,17.4,5,kick,0.6255515813827515,804.58837890625,714.700439453125,837.0810546875,735.7282104492188,32.49267578125,21.02777099609375,683.24853515625,1920,1080,2073600,0.00032949872547760606,0.4,640,5
YOLO11s,hl_monaco_test.mp4,175,875,17.5,5,kick,0.6843757033348083,921.2620239257812,767.247314453125,952.2513427734375,785.552978515625,30.98931884765625,18.3056640625,567.2800903320312,1920,1080,2073600,0.0002735725720413029,0.4,640,5
YOLO11s,hl_monaco_test.mp4,175,875,17.5,1,atlasian,0.569835364818573,1624.714599609375,637.6853637695312,1842.838623046875,671.0822143554688,218.1240234375,33.3968505859375,7284.6552734375,1920,1080,2073600,0.003513047471642494,0.4,640,5
YOLO11s,hl_monaco_test.mp4,176,880,17.6,5,kick,0.6326177716255188,1075.333251953125,837.5798950195312,1120.704833984375,859.4434204101562,45.37158203125,21.863525390625,991.9827270507812,1920,1080,2073600,0.00047838673344813287,0.4,640,5
YOLO11s,hl_monaco_test.mp4,176,880,17.6,9,petronas,0.5112752914428711,1079.82177734375,491.2493591308594,1287.0718994140625,516.954833984375,207.2501220703125,25.705474853515625,5327.462890625,1920,1080,2073600,0.0025691853370517492,0.4,640,5
YOLO11s,hl_monaco_test.mp4,219,1095,21.9,8,oracle,0.5310063362121582,918.9693603515625,680.6138916015625,947.12548828125,696.6472778320312,28.1561279296875,16.03338623046875,451.4380798339844,1920,1080,2073600,0.00021770740568172187,0.4,640,5
YOLO11s,hl_monaco_test.mp4,222,1110,22.2,8,oracle,0.6714270114898682,998.3326416015625,730.1116943359375,1033.111572265625,748.771240234375,34.7789306640625,18.6595458984375,648.9590454101562,1920,1080,2073600,0.0003129625110886991,0.4,640,5
YOLO11s,hl_monaco_test.mp4,245,1225,24.5,7,okx,0.4212574362754822,1340.3009033203125,757.3807983398438,1374.744873046875,769.5714111328125,34.4439697265625,12.19061279296875,419.8930969238281,1920,1080,2073600,0.0002024947461904958,0.4,640,5
YOLO11s,hl_monaco_test.mp4,246,1230,24.6,7,okx,0.4517095685005188,1284.28369140625,786.9329223632812,1341.319091796875,799.9238891601562,57.035400390625,12.990966796875,740.9450073242188,1920,1080,2073600,0.00035732300602830946,0.4,640,5
YOLO11s,hl_monaco_test.mp4,247,1235,24.7,7,okx,0.528428852558136,1218.4521484375,831.6915893554688,1298.99365234375,846.1759643554688,80.54150390625,14.484375,1166.5933837890625,1920,1080,2073600,0.0005625932826660573,0.4,640,5
YOLO11s,hl_monaco_test.mp4,260,1300,26.0,8,oracle,0.41345399618148804,1063.692626953125,515.7890625,1103.455078125,528.345703125,39.762451171875,12.556640625,499.2828063964844,1920,1080,2073600,0.00024078067508526146,0.4,640,5
YOLO11s,hl_monaco_test.mp4,266,1330,26.6,8,oracle,0.6696918606758118,1103.0438232421875,814.9044189453125,1150.1729736328125,846.426513671875,47.129150390625,31.5220947265625,1485.6094970703125,1920,1080,2073600,0.0007164397393353283,0.4,640,5
YOLO11s,hl_monaco_test.mp4,267,1335,26.7,8,oracle,0.829088568687439,984.6179809570312,917.0654296875,1050.950439453125,965.9703369140625,66.33245849609375,48.9049072265625,3243.982666015625,1920,1080,2073600,0.0015644206432625651,0.4,640,5
YOLO11s,hl_monaco_test.mp4,271,1355,27.1,0,aramco,0.4147782325744629,1167.000732421875,694.7488403320312,1217.91357421875,706.7611083984375,50.912841796875,12.01226806640625,611.5786743164062,1920,1080,2073600,0.0002949357149191201,0.4,640,5
YOLO11s,hl_monaco_test.mp4,272,1360,27.2,0,aramco,0.7651859521865845,1145.3162841796875,749.4814453125,1212.151611328125,763.4337158203125,66.8353271484375,13.9522705078125,932.5045776367188,1920,1080,2073600,0.0004497032205108553,0.4,640,5
YOLO11s,hl_monaco_test.mp4,272,1360,27.2,0,aramco,0.4811238646507263,1112.613525390625,606.2122802734375,1196.265380859375,620.064208984375,83.65185546875,13.8519287109375,1158.739501953125,1920,1080,2073600,0.000558805710170418,0.4,640,5
YOLO11s,hl_monaco_test.mp4,272,1360,27.2,0,aramco,0.44560301303863525,1047.1123046875,752.48291015625,1103.2191162109375,764.9970703125,56.1068115234375,12.51416015625,702.129638671875,1920,1080,2073600,0.0003386041789781302,0.4,640,5
YOLO11s,hl_monaco_test.mp4,273,1365,27.3,0,aramco,0.583204984664917,1087.7978515625,821.368896484375,1162.572998046875,840.0654296875,74.775146484375,18.696533203125,1398.0360107421875,1920,1080,2073600,0.0006742071709595621,0.4,640,5
YOLO11s,hl_monaco_test.mp4,273,1365,27.3,0,aramco,0.523253321647644,974.7086791992188,822.5008544921875,1035.860107421875,840.0283203125,61.15142822265625,17.5274658203125,1071.82958984375,1920,1080,2073600,0.0005168931093066931,0.4,640,5
YOLO11s,hl_monaco_test.mp4,274,1370,27.4,0,aramco,0.6874945759773254,1072.35302734375,707.8455810546875,1164.91357421875,720.248779296875,92.560546875,12.4031982421875,1148.0467529296875,1920,1080,2073600,0.000553649093490094,0.4,640,5
YOLO11s,hl_monaco_test.mp4,275,1375,27.5,0,aramco,0.6737293601036072,984.9193115234375,779.273193359375,1095.8304443359375,793.6019287109375,110.9111328125,14.3287353515625,1589.21630859375,1920,1080,2073600,0.0007664044969715178,0.4,640,5
YOLO11s,hl_monaco_test.mp4,276,1380,27.6,0,aramco,0.6585195660591125,827.3344116210938,881.990966796875,963.0569458007812,898.901123046875,135.7225341796875,16.91015625,2295.08935546875,1920,1080,2073600,0.0011068138992413878,0.4,640,5
YOLO11s,hl_monaco_test.mp4,311,1555,31.1,4,hp,0.6058703064918518,175.75289916992188,766.065673828125,218.87908935546875,795.6392211914062,43.126190185546875,29.57354736328125,1275.3944091796875,1920,1080,2073600,0.000615062890574336,0.4,640,5
YOLO11s,hl_monaco_test.mp4,321,1605,32.1,8,oracle,0.7410867214202881,1149.4500732421875,569.5189208984375,1214.1181640625,586.426513671875,64.6680908203125,16.9075927734375,1093.3817138671875,1920,1080,2073600,0.0005272867274470627,0.4,640,5
YOLO11s,hl_monaco_test.mp4,322,1610,32.2,8,oracle,0.6600281596183777,1058.6480712890625,593.499755859375,1123.4227294921875,616.2702026367188,64.774658203125,22.77044677734375,1474.9478759765625,1920,1080,2073600,0.0007112981402315199,0.4,640,5
YOLO11s,hl_monaco_test.mp4,323,1615,32.3,8,oracle,0.4008130431175232,923.8416137695312,622.8338623046875,1000.4602661132812,645.7139892578125,76.61865234375,22.880126953125,1753.04443359375,1920,1080,2073600,0.0008454110939055681,0.4,640,5
YOLO11s,hl_monaco_test.mp4,329,1645,32.9,0,aramco,0.41247236728668213,1270.8343505859375,527.840087890625,1311.918212890625,537.58251953125,41.0838623046875,9.742431640625,400.2567138671875,1920,1080,2073600,0.00019302502914797515,0.4,640,5
YOLO11s,hl_monaco_test.mp4,330,1650,33.0,0,aramco,0.4295434057712555,1238.07958984375,545.7158813476562,1284.368408203125,556.54052734375,46.288818359375,10.82464599609375,501.06005859375,1920,1080,2073600,0.00024163775378838181,0.4,640,5
YOLO11s,hl_monaco_test.mp4,331,1655,33.1,0,aramco,0.4141702353954315,1192.879638671875,566.9029541015625,1245.01953125,577.5880126953125,52.139892578125,10.68505859375,557.1177978515625,1920,1080,2073600,0.00026867177803069353,0.4,640,5
YOLO11s,hl_monaco_test.mp4,332,1660,33.2,0,aramco,0.438741534948349,1115.141845703125,589.2371826171875,1175.140380859375,602.2147216796875,59.99853515625,12.9775390625,778.6333618164062,1920,1080,2073600,0.00037549834814853966,0.4,640,5
YOLO11s,hl_monaco_test.mp4,343,1715,34.3,4,hp,0.49246224761009216,235.89834594726562,658.701171875,266.47998046875,689.12060546875,30.581634521484375,30.41943359375,930.2760009765625,1920,1080,2073600,0.00044862847425974905,0.4,640,5
YOLO11s,hl_monaco_test.mp4,356,1780,35.6,7,okx,0.5006554126739502,1671.4801025390625,548.60107421875,1704.60498046875,560.08984375,33.1248779296875,11.48876953125,380.5640869140625,1920,1080,2073600,0.00018352820188738406,0.4,640,5
YOLO11s,hl_monaco_test.mp4,374,1870,37.4,8,oracle,0.5215215682983398,726.2059936523438,670.949462890625,748.3626708984375,685.3505249023438,22.15667724609375,14.40106201171875,319.0796813964844,1920,1080,2073600,0.00015387716121040285,0.4,640,5
YOLO11s,hl_monaco_test.mp4,375,1875,37.5,8,oracle,0.598288357257843,753.843505859375,684.903076171875,777.106689453125,697.8715209960938,23.26318359375,12.96844482421875,301.68731689453125,1920,1080,2073600,0.0001454896409995854,0.4,640,5
YOLO11s,hl_monaco_test.mp4,376,1880,37.6,8,oracle,0.5980116724967957,781.6962890625,695.900146484375,816.42041015625,713.345458984375,34.72412109375,17.4453125,605.7731323242188,1920,1080,2073600,0.00029213595553301275,0.4,640,5
YOLO11s,hl_monaco_test.mp4,377,1885,37.7,8,oracle,0.5921721458435059,819.678955078125,710.8077392578125,855.9722900390625,725.0952758789062,36.2933349609375,14.28753662109375,518.5423583984375,1920,1080,2073600,0.0002500686387065798,0.4,640,5
YOLO11s,hl_monaco_test.mp4,378,1890,37.8,8,oracle,0.824505090713501,859.4075317382812,719.8143310546875,897.0016479492188,735.55908203125,37.5941162109375,15.7447509765625,591.9099731445312,1920,1080,2073600,0.0002854503982234746,0.4,640,5
YOLO11s,hl_monaco_test.mp4,379,1895,37.9,8,oracle,0.46508923172950745,903.3270263671875,729.23681640625,941.9307861328125,744.0989990234375,38.603759765625,14.8621826171875,573.7361450195312,1920,1080,2073600,0.0002766860125120729,0.4,640,5
YOLO11s,hl_monaco_test.mp4,380,1900,38.0,8,oracle,0.6786720752716064,945.7928466796875,735.4854125976562,988.3060913085938,747.0833129882812,42.51324462890625,11.597900390625,493.0643615722656,1920,1080,2073600,0.00023778181639499962,0.4,640,5
YOLO11s,hl_monaco_test.mp4,381,1905,38.1,8,oracle,0.7196136116981506,994.102294921875,737.754638671875,1035.0648193359375,749.4400634765625,40.9625244140625,11.6854248046875,478.66448974609375,1920,1080,2073600,0.00023083742416929454,0.4,640,5
YOLO11s,hl_monaco_test.mp4,382,1910,38.2,8,oracle,0.7866240739822388,1043.876708984375,738.0413818359375,1086.48095703125,749.349609375,42.604248046875,11.3082275390625,481.7785339355469,1920,1080,2073600,0.000232339181820862,0.4,640,5
YOLO11s,hl_monaco_test.mp4,383,1915,38.3,8,oracle,0.7030861973762512,1081.007080078125,736.4763793945312,1131.6243896484375,748.5693969726562,50.6173095703125,12.093017578125,612.1160278320312,1920,1080,2073600,0.00029519485542550683,0.4,640,5
YOLO11s,hl_monaco_test.mp4,384,1920,38.4,8,oracle,0.523052990436554,1140.342529296875,731.1025390625,1174.2763671875,745.0870361328125,33.933837890625,13.9844970703125,474.54766845703125,1920,1080,2073600,0.000228852077270858,0.4,640,5
YOLO11s,hl_monaco_test.mp4,386,1930,38.6,8,oracle,0.5665804147720337,1200.4150390625,719.38037109375,1245.6759033203125,734.662353515625,45.2608642578125,15.281982421875,691.6757202148438,1920,1080,2073600,0.0003335627552587539,0.4,640,5
YOLO11s,hl_monaco_test.mp4,387,1935,38.7,8,oracle,0.5418795347213745,1261.2568359375,710.107666015625,1291.4615478515625,724.3895263671875,30.2047119140625,14.2818603515625,431.3794860839844,1920,1080,2073600,0.00020803409279324114,0.4,640,5
YOLO11s,hl_monaco_test.mp4,428,2140,42.8,8,oracle,0.4897122383117676,529.4075927734375,665.31689453125,554.59375,684.0936279296875,25.1861572265625,18.7767333984375,472.91375732421875,1920,1080,2073600,0.00022806412016507238,0.4,640,5
YOLO11s,hl_monaco_test.mp4,429,2145,42.9,8,oracle,0.4252457618713379,551.9967041015625,676.0941162109375,580.634765625,697.123779296875,28.6380615234375,21.0296630859375,602.248779296875,1920,1080,2073600,0.00029043632093816996,0.4,640,5
YOLO11s,hl_monaco_test.mp4,430,2150,43.0,8,oracle,0.47037407755851746,583.124755859375,687.1439819335938,619.6405639648438,707.0177612304688,36.51580810546875,19.873779296875,725.7070922851562,1920,1080,2073600,0.0003499744925647974,0.4,640,5
YOLO11s,hl_monaco_test.mp4,431,2155,43.1,8,oracle,0.5356753468513489,620.69775390625,695.7416381835938,661.7682495117188,717.0188598632812,41.07049560546875,21.2772216796875,873.8660278320312,1920,1080,2073600,0.00042142460006289184,0.4,640,5
YOLO11s,hl_monaco_test.mp4,432,2160,43.2,8,oracle,0.7207785844802856,669.388671875,709.26171875,717.0072021484375,725.9088745117188,47.6185302734375,16.64715576171875,792.7130737304688,1920,1080,2073600,0.00038228833000175655,0.4,640,5
YOLO11s,hl_monaco_test.mp4,433,2165,43.3,8,oracle,0.7911921739578247,725.1128540039062,718.3040771484375,774.71337890625,736.0094604492188,49.60052490234375,17.70538330078125,878.1962890625,1920,1080,2073600,0.0004235128581058234,0.4,640,5
YOLO11s,hl_monaco_test.mp4,434,2170,43.4,8,oracle,0.7972292304039001,778.8497314453125,727.4555053710938,834.9678955078125,744.334716796875,56.1181640625,16.87921142578125,947.2303466796875,1920,1080,2073600,0.00045680475886911154,0.4,640,5
YOLO11s,hl_monaco_test.mp4,435,2175,43.5,8,oracle,0.7631139755249023,845.5975341796875,733.873046875,899.99560546875,748.2904052734375,54.3980712890625,14.4173583984375,784.2764892578125,1920,1080,2073600,0.00037821976002305746,0.4,640,5
YOLO11s,hl_monaco_test.mp4,436,2180,43.6,8,oracle,0.7257044315338135,913.0307006835938,738.8087768554688,971.2025756835938,753.3140258789062,58.171875,14.5052490234375,843.7975463867188,1920,1080,2073600,0.00040692396578378975,0.4,640,5
YOLO11s,hl_monaco_test.mp4,437,2185,43.7,8,oracle,0.6071175932884216,983.953125,739.1512451171875,1043.108642578125,754.2796630859375,59.155517578125,15.12841796875,894.9293823242188,1920,1080,2073600,0.0004315824480727315,0.4,640,5
YOLO11s,hl_monaco_test.mp4,438,2190,43.8,8,oracle,0.5269879698753357,1055.504638671875,735.8543701171875,1119.708740234375,749.7632446289062,64.2041015625,13.90887451171875,893.0067749023438,1920,1080,2073600,0.00043065528734587133,0.4,640,5
YOLO11s,hl_monaco_test.mp4,440,2200,44.0,2,bwt,0.5414782166481018,523.2771606445312,477.9056396484375,553.3917236328125,489.0566711425781,30.11456298828125,11.151031494140625,335.8084411621094,1920,1080,2073600,0.00016194465570151806,0.4,640,5
YOLO11s,hl_monaco_test.mp4,441,2205,44.1,8,oracle,0.7217849493026733,1255.232177734375,694.5389404296875,1304.6846923828125,713.5247802734375,49.4525146484375,18.98583984375,938.8975219726562,1920,1080,2073600,0.0004527862183749676,0.4,640,5
YOLO11s,hl_monaco_test.mp4,441,2205,44.1,2,bwt,0.6372742056846619,571.4712524414062,350.17694091796875,600.9054565429688,360.88055419921875,29.4342041015625,10.70361328125,315.0523376464844,1920,1080,2073600,0.0001519349607406184,0.4,640,5
YOLO11s,hl_monaco_test.mp4,441,2205,44.1,2,bwt,0.6049524545669556,520.1185302734375,496.0186767578125,548.5604248046875,507.38665771484375,28.44189453125,11.36798095703125,323.326904296875,1920,1080,2073600,0.0001559254014864564,0.4,640,5
YOLO11s,hl_monaco_test.mp4,443,2215,44.3,8,oracle,0.4629209041595459,1363.736083984375,651.71728515625,1410.105224609375,673.2119140625,46.369140625,21.49462890625,996.6875,1920,1080,2073600,0.0004806556098628789,0.4,640,5
YOLO11s,hl_monaco_test.mp4,444,2220,44.4,8,oracle,0.6324721574783325,1413.3525390625,632.4013671875,1450.468994140625,651.56884765625,37.116455078125,19.16748046875,711.428955078125,1920,1080,2073600,0.0003430888173170388,0.4,640,5
YOLO11s,hl_monaco_test.mp4,444,2220,44.4,9,petronas,0.42734605073928833,732.8182373046875,575.0911865234375,774.31982421875,591.18994140625,41.5015869140625,16.0987548828125,668.1239013671875,1920,1080,2073600,0.00032220481080003083,0.4,640,5
YOLO11s,hl_monaco_test.mp4,445,2225,44.5,2,bwt,0.6896706819534302,486.8438415527344,584.6939697265625,527.0390625,600.0867309570312,40.195220947265625,15.39276123046875,618.7154541015625,1920,1080,2073600,0.00029837744659744203,0.4,640,5
YOLO11s,hl_monaco_test.mp4,446,2230,44.6,8,oracle,0.4095902144908905,1491.259521484375,591.7377319335938,1519.58837890625,610.2188720703125,28.328857421875,18.48114013671875,523.549560546875,1920,1080,2073600,0.000252483383519575,0.4,640,5
YOLO11s,hl_monaco_test.mp4,449,2245,44.9,8,oracle,0.5907123684883118,1477.461669921875,527.1361083984375,1516.08349609375,541.4366455078125,38.621826171875,14.300537109375,552.3128662109375,1920,1080,2073600,0.0002663545892573893,0.4,640,5
YOLO11s,hl_monaco_test.mp4,449,2245,44.9,2,bwt,0.547812819480896,480.11700439453125,596.8207397460938,520.361572265625,616.9588623046875,40.24456787109375,20.13812255859375,810.4500122070312,1920,1080,2073600,0.00039084203308448195,0.4,640,5
YOLO11s,hl_monaco_test.mp4,450,2250,45.0,2,bwt,0.7788015007972717,673.3159790039062,680.165771484375,711.2327270507812,696.1759643554688,37.916748046875,16.01019287109375,607.054443359375,1920,1080,2073600,0.0002927538880612701,0.4,640,5
YOLO11s,hl_monaco_test.mp4,450,2250,45.0,2,bwt,0.663414716720581,383.96417236328125,560.5768432617188,420.5263671875,576.0184326171875,36.56219482421875,15.44158935546875,564.578369140625,1920,1080,2073600,0.00027226965175941586,0.4,640,5
YOLO11s,hl_monaco_test.mp4,450,2250,45.0,8,oracle,0.5054914951324463,1474.40673828125,502.25701904296875,1519.715087890625,515.1436157226562,45.308349609375,12.8865966796875,583.8704223632812,1920,1080,2073600,0.0002815733023453504,0.4,640,5
YOLO11s,hl_monaco_test.mp4,451,2255,45.1,2,bwt,0.8425013422966003,398.6434020996094,585.2218017578125,438.4629821777344,600.2576904296875,39.819580078125,15.035888671875,598.7227783203125,1920,1080,2073600,0.00028873590053990483,0.4,640,5
YOLO11s,hl_monaco_test.mp4,451,2255,45.1,2,bwt,0.5789657235145569,532.0856323242188,636.3414916992188,591.857666015625,661.3163452148438,59.77203369140625,24.974853515625,1492.7977294921875,1920,1080,2073600,0.0007199062965810299,0.4,640,5
YOLO11s,hl_monaco_test.mp4,451,2255,45.1,2,bwt,0.5138623714447021,384.49163818359375,498.1152648925781,416.52301025390625,520.703369140625,32.0313720703125,22.588104248046875,723.5279541015625,1920,1080,2073600,0.0003489235823508352,0.4,640,5
YOLO11s,hl_monaco_test.mp4,451,2255,45.1,0,aramco,0.47128885984420776,190.85037231445312,467.7294616699219,232.1279754638672,480.4492492675781,41.27760314941406,12.71978759765625,525.0423583984375,1920,1080,2073600,0.00025320329586975276,0.4,640,5
YOLO11s,hl_monaco_test.mp4,451,2255,45.1,8,oracle,0.41850918531417847,1477.50146484375,478.5729675292969,1516.558349609375,492.3774719238281,39.056884765625,13.80450439453125,539.1609497070312,1920,1080,2073600,0.0002600120205897838,0.4,640,5
YOLO11s,hl_monaco_test.mp4,452,2260,45.2,2,bwt,0.6321739554405212,576.7113037109375,660.944580078125,641.7281494140625,685.5101928710938,65.016845703125,24.56561279296875,1597.1787109375,1920,1080,2073600,0.0007702443399466574,0.4,640,5
YOLO11s,hl_monaco_test.mp4,452,2260,45.2,2,bwt,0.608248233795166,418.61541748046875,612.006591796875,462.10736083984375,626.7222290039062,43.491943359375,14.71563720703125,640.0116577148438,1920,1080,2073600,0.0003086476062890142,0.4,640,5
YOLO11s,hl_monaco_test.mp4,452,2260,45.2,8,oracle,0.533096194267273,1474.55029296875,455.706298828125,1513.504150390625,468.37994384765625,38.953857421875,12.67364501953125,493.6873474121094,1920,1080,2073600,0.00023808224068488926,0.4,640,5
YOLO11s,hl_monaco_test.mp4,452,2260,45.2,0,aramco,0.46635666489601135,103.88414001464844,509.7734069824219,139.93177795410156,521.6987915039062,36.047637939453125,11.925384521484375,429.8819580078125,1920,1080,2073600,0.00020731189579237252,0.4,640,5
YOLO11s,hl_monaco_test.mp4,453,2265,45.3,2,bwt,0.7834608554840088,449.99639892578125,637.7620849609375,489.23114013671875,653.0550537109375,39.2347412109375,15.29296875,600.0156860351562,1920,1080,2073600,0.0002893594210036099,0.4,640,5
YOLO11s,hl_monaco_test.mp4,453,2265,45.3,2,bwt,0.6643401980400085,644.95556640625,688.4345703125,702.0082397460938,707.40576171875,57.05267333984375,18.97119140625,1082.357177734375,1920,1080,2073600,0.0005219700979068875,0.4,640,5
YOLO11s,hl_monaco_test.mp4,453,2265,45.3,0,aramco,0.43609195947647095,157.2191619873047,542.78515625,198.41189575195312,555.306640625,41.19273376464844,12.521484375,515.794189453125,1920,1080,2073600,0.0002487433375790715,0.4,640,5
YOLO11s,hl_monaco_test.mp4,453,2265,45.3,0,aramco,0.4322688579559326,95.52558135986328,551.6640014648438,127.45999145507812,564.6427001953125,31.934410095214844,12.97869873046875,414.46710205078125,1920,1080,2073600,0.0001998780353460461,0.4,640,5
YOLO11s,hl_monaco_test.mp4,453,2265,45.3,2,bwt,0.4268578886985779,341.3381042480469,562.41064453125,366.23779296875,585.4130859375,24.899688720703125,23.00244140625,572.7536010742188,1920,1080,2073600,0.0002762122021522373,0.4,640,5
YOLO11s,hl_monaco_test.mp4,454,2270,45.4,2,bwt,0.6792782545089722,703.502197265625,707.9818115234375,758.2620849609375,725.5082397460938,54.7598876953125,17.52642822265625,959.7452392578125,1920,1080,2073600,0.0004628401075024158,0.4,640,5
YOLO11s,hl_monaco_test.mp4,455,2275,45.5,2,bwt,0.6110134720802307,367.641845703125,624.755859375,413.2938232421875,649.2982177734375,45.6519775390625,24.5423583984375,1120.4072265625,1920,1080,2073600,0.0005403198301792145,0.4,640,5
YOLO11s,hl_monaco_test.mp4,455,2275,45.5,0,aramco,0.5697023272514343,76.43177032470703,640.1445922851562,126.75810241699219,652.1358032226562,50.326332092285156,11.9912109375,603.4736938476562,1920,1080,2073600,0.0002910270413849503,0.4,640,5
YOLO11s,hl_monaco_test.mp4,455,2275,45.5,2,bwt,0.4554573595523834,758.6260986328125,724.76806640625,823.6898803710938,744.106201171875,65.06378173828125,19.338134765625,1258.212158203125,1920,1080,2073600,0.0006067766807973385,0.4,640,5
YOLO11s,hl_monaco_test.mp4,456,2280,45.6,2,bwt,0.477169930934906,402.19866943359375,655.39697265625,447.400634765625,678.665283203125,45.20196533203125,23.268310546875,1051.7733154296875,1920,1080,2073600,0.0005072209169156849,0.4,640,5
YOLO11s,hl_monaco_test.mp4,457,2285,45.7,2,bwt,0.66475909948349,436.5039367675781,683.0390625,491.8255920410156,704.912841796875,55.3216552734375,21.873779296875,1210.0936279296875,1920,1080,2073600,0.0005835713818669319,0.4,640,5
YOLO11s,hl_monaco_test.mp4,457,2285,45.7,2,bwt,0.5616621375083923,880.34130859375,735.7479858398438,934.87109375,758.1661376953125,54.52978515625,22.41815185546875,1222.45703125,1920,1080,2073600,0.0005895336507819593,0.4,640,5
YOLO11s,hl_monaco_test.mp4,458,2290,45.8,0,aramco,0.49921610951423645,41.98699188232422,680.99462890625,76.6375732421875,705.9769287109375,34.65058135986328,24.9822998046875,865.6511840820312,1920,1080,2073600,0.0004174629575572908,0.4,640,5
YOLO11s,hl_monaco_test.mp4,458,2290,45.8,2,bwt,0.45657774806022644,488.51849365234375,706.5027465820312,544.548095703125,725.0159912109375,56.02960205078125,18.51324462890625,1037.2896728515625,1920,1080,2073600,0.0005002361722290516,0.4,640,5
YOLO11s,hl_monaco_test.mp4,458,2290,45.8,2,bwt,0.4467737674713135,706.6672973632812,743.4730224609375,737.8466186523438,760.76513671875,31.1793212890625,17.2921142578125,539.1563720703125,1920,1080,2073600,0.00026000983780249953,0.4,640,5
YOLO11s,hl_monaco_test.mp4,459,2295,45.9,2,bwt,0.6184955835342407,539.555419921875,724.009765625,590.9994506835938,744.0631103515625,51.44403076171875,20.0533447265625,1031.6248779296875,1920,1080,2073600,0.0004975042538717389,0.4,640,5
YOLO11s,hl_monaco_test.mp4,460,2300,46.0,2,bwt,0.713189423084259,588.7264404296875,737.3790893554688,650.2784423828125,755.3432006835938,61.552001953125,17.964111328125,1105.72705078125,1920,1080,2073600,0.0005332402652129531,0.4,640,5
YOLO11s,hl_monaco_test.mp4,460,2300,46.0,2,bwt,0.5323510766029358,1044.615966796875,721.3734741210938,1096.611572265625,745.074462890625,51.99560546875,23.70098876953125,1232.3472900390625,1920,1080,2073600,0.0005943033029325306,0.4,640,5
YOLO11s,hl_monaco_test.mp4,460,2300,46.0,3,capp,0.5103940367698669,917.217041015625,208.81361389160156,947.1443481445312,219.5504608154297,29.92730712890625,10.736846923828125,321.3249206542969,1920,1080,2073600,0.00015495994011871517,0.4,640,5
YOLO11s,hl_monaco_test.mp4,460,2300,46.0,0,aramco,0.40963056683540344,286.22015380859375,826.6322021484375,334.98126220703125,847.298583984375,48.7611083984375,20.6663818359375,1007.7156982421875,1920,1080,2073600,0.000485974014736712,0.4,640,5
YOLO11s,hl_monaco_test.mp4,460,2300,46.0,0,aramco,0.4094732701778412,109.10348510742188,755.0804443359375,151.234130859375,776.4818115234375,42.130645751953125,21.4013671875,901.6534423828125,1920,1080,2073600,0.0004348251677583903,0.4,640,5
YOLO11s,hl_monaco_test.mp4,461,2305,46.1,2,bwt,0.6346839666366577,644.1483764648438,744.7494506835938,707.3314819335938,768.3012084960938,63.18310546875,23.5517578125,1488.0732421875,1920,1080,2073600,0.000717627932317555,0.4,640,5
YOLO11s,hl_monaco_test.mp4,462,2310,46.2,2,bwt,0.7293086051940918,707.4490966796875,749.8211059570312,758.9982299804688,768.4649047851562,51.54913330078125,18.643798828125,961.0716552734375,1920,1080,2073600,0.0004634797805920243,0.4,640,5
YOLO11s,hl_monaco_test.mp4,462,2310,46.2,2,bwt,0.6956833600997925,1133.51953125,695.7274169921875,1179.6024169921875,720.7692260742188,46.0828857421875,25.04180908203125,1153.998779296875,1920,1080,2073600,0.0005565194878727198,0.4,640,5
YOLO11s,hl_monaco_test.mp4,463,2315,46.3,2,bwt,0.6677257418632507,763.869384765625,744.662841796875,823.689208984375,770.2503662109375,59.81982421875,25.5875244140625,1530.6412353515625,1920,1080,2073600,0.0007381564355455339,0.4,640,5
YOLO11s,hl_monaco_test.mp4,463,2315,46.3,2,bwt,0.6301069855690002,1178.164306640625,674.0118408203125,1222.80322265625,700.0148315429688,44.638916015625,26.00299072265625,1160.745361328125,1920,1080,2073600,0.000559773005079478,0.4,640,5
YOLO11s,hl_monaco_test.mp4,464,2320,46.4,2,bwt,0.8083744049072266,819.0397338867188,739.5845947265625,878.4951782226562,764.53271484375,59.4554443359375,24.9481201171875,1483.301513671875,1920,1080,2073600,0.0007153267506510019,0.4,640,5
YOLO11s,hl_monaco_test.mp4,464,2320,46.4,0,aramco,0.5048916935920715,352.88934326171875,851.527587890625,416.59063720703125,866.0980224609375,63.7012939453125,14.5704345703125,928.155517578125,1920,1080,2073600,0.0004476058529689908,0.4,640,5
YOLO11s,hl_monaco_test.mp4,464,2320,46.4,2,bwt,0.4994332790374756,1211.6488037109375,653.1315307617188,1244.294677734375,677.5581665039062,32.6458740234375,24.4266357421875,797.4288940429688,1920,1080,2073600,0.0003845625324174762,0.4,640,5
YOLO11s,hl_monaco_test.mp4,465,2325,46.5,2,bwt,0.5707045197486877,1173.189208984375,631.9356079101562,1215.138427734375,648.3826904296875,41.94921875,16.44708251953125,689.9422607421875,1920,1080,2073600,0.0003327267768327147,0.4,640,5
YOLO11s,hl_monaco_test.mp4,465,2325,46.5,2,bwt,0.5382774472236633,879.137451171875,729.1580810546875,936.4019775390625,753.4557495117188,57.2645263671875,24.29766845703125,1391.39453125,1920,1080,2073600,0.0006710042944177985,0.4,640,5
YOLO11s,hl_monaco_test.mp4,465,2325,46.5,0,aramco,0.5186694860458374,439.3138427734375,858.0038452148438,502.520263671875,875.1015014648438,63.2064208984375,17.09765625,1080.681640625,1920,1080,2073600,0.0005211620591580868,0.4,640,5
YOLO11s,hl_monaco_test.mp4,466,2330,46.6,0,aramco,0.6201661229133606,517.9344482421875,860.6698608398438,589.2515869140625,881.1817016601562,71.317138671875,20.5118408203125,1462.8458251953125,1920,1080,2073600,0.0007054618909023702,0.4,640,5
YOLO11s,hl_monaco_test.mp4,466,2330,46.6,2,bwt,0.5495736002922058,932.827880859375,715.55419921875,982.6812744140625,744.0254516601562,49.8533935546875,28.47125244140625,1419.3885498046875,1920,1080,2073600,0.0006845045136287808,0.4,640,5
YOLO11s,hl_monaco_test.mp4,466,2330,46.6,2,bwt,0.40140244364738464,1184.314208984375,604.6622314453125,1233.0909423828125,624.2865600585938,48.7767333984375,19.62432861328125,957.2106323242188,1920,1080,2073600,0.0004616177757270634,0.4,640,5
YOLO11s,hl_monaco_test.mp4,467,2335,46.7,2,bwt,0.7025665640830994,987.186767578125,700.5254516601562,1040.623779296875,725.4435424804688,53.43701171875,24.9180908203125,1331.54833984375,1920,1080,2073600,0.0006421433063223958,0.4,640,5
YOLO11s,hl_monaco_test.mp4,467,2335,46.7,0,aramco,0.6707228422164917,605.6256103515625,857.3677368164062,673.54296875,878.4797973632812,67.9173583984375,21.112060546875,1433.8753662109375,1920,1080,2073600,0.0006914908299222589,0.4,640,5
YOLO11s,hl_monaco_test.mp4,468,2340,46.8,0,aramco,0.6509833335876465,695.5332641601562,848.0185546875,756.1072998046875,870.4163818359375,60.57403564453125,22.3978271484375,1356.726806640625,1920,1080,2073600,0.0006542857154272497,0.4,640,5
YOLO11s,hl_monaco_test.mp4,469,2345,46.9,0,aramco,0.6476283073425293,780.6963500976562,835.8085327148438,843.3012084960938,861.2891235351562,62.6048583984375,25.4805908203125,1595.208740234375,1920,1080,2073600,0.0007692943327128887,0.4,640,5
YOLO11s,hl_monaco_test.mp4,469,2345,46.9,6,moneygram,0.4360581636428833,309.8389587402344,712.6071166992188,372.96099853515625,728.4926147460938,63.122039794921875,15.885498046875,1002.7250366210938,1920,1080,2073600,0.00048356724437326193,0.4,640,5
YOLO11s,hl_monaco_test.mp4,469,2345,46.9,2,bwt,0.4295709729194641,1078.394775390625,659.302001953125,1120.976806640625,684.72216796875,42.58203125,25.420166015625,1082.4422607421875,1920,1080,2073600,0.0005220111343078315,0.4,640,5
YOLO11s,hl_monaco_test.mp4,470,2350,47.0,0,aramco,0.6506395936012268,869.146728515625,815.8079223632812,927.3836059570312,844.0072631835938,58.23687744140625,28.1993408203125,1642.2415771484375,1920,1080,2073600,0.0007919760537333786,0.4,640,5
YOLO11s,hl_monaco_test.mp4,470,2350,47.0,2,bwt,0.6403749585151672,1110.798583984375,636.3993530273438,1149.355712890625,661.7316284179688,38.55712890625,25.332275390625,976.7398071289062,1920,1080,2073600,0.00047103577526286244,0.4,640,5
YOLO11s,hl_monaco_test.mp4,470,2350,47.0,2,bwt,0.47521644830703735,1044.81591796875,640.60888671875,1089.04736328125,657.455078125,44.2314453125,16.84619140625,745.1314086914062,1920,1080,2073600,0.0003593419096432626,0.4,640,5
YOLO11s,hl_monaco_test.mp4,471,2355,47.1,0,aramco,0.6334669589996338,954.5011596679688,794.5292358398438,1004.0773315429688,820.5924682617188,49.576171875,26.063232421875,1292.115234375,1920,1080,2073600,0.0006231265724636614,0.4,640,5
YOLO11s,hl_monaco_test.mp4,472,2360,47.2,2,bwt,0.6342653036117554,1064.1873779296875,449.7192077636719,1090.72216796875,468.7541198730469,26.5347900390625,19.034912109375,505.08740234375,1920,1080,2073600,0.00024357995425816625,0.4,640,5
YOLO11s,hl_monaco_test.mp4,472,2360,47.2,0,aramco,0.47359466552734375,1029.699462890625,770.78466796875,1073.4312744140625,795.7560424804688,43.7318115234375,24.97137451171875,1092.04345703125,1920,1080,2073600,0.0005266413209028542,0.4,640,5
YOLO11s,hl_monaco_test.mp4,472,2360,47.2,2,bwt,0.43866288661956787,1059.6689453125,594.7945556640625,1128.26416015625,610.8201904296875,68.59521484375,16.025634765625,1099.2818603515625,1920,1080,2073600,0.0005301320925354958,0.4,640,5
YOLO11s,hl_monaco_test.mp4,473,2365,47.3,2,bwt,0.535856306552887,1029.03125,429.3260498046875,1057.7408447265625,449.53082275390625,28.7095947265625,20.20477294921875,580.0708618164062,1920,1080,2073600,0.0002797409542836249,0.4,640,5
YOLO11s,hl_monaco_test.mp4,473,2365,47.3,0,aramco,0.4246554374694824,1099.419921875,745.971435546875,1141.721435546875,773.7757568359375,42.301513671875,27.8043212890625,1176.1649169921875,1920,1080,2073600,0.0005672091501764953,0.4,640,5
YOLO11s,hl_monaco_test.mp4,473,2365,47.3,6,moneygram,0.40724635124206543,461.3115234375,734.3785400390625,487.3129577636719,754.64501953125,26.001434326171875,20.2664794921875,526.95751953125,1920,1080,2073600,0.00025412687682546675,0.4,640,5
YOLO11s,hl_monaco_test.mp4,475,2375,47.5,0,aramco,0.5141177773475647,1180.6351318359375,692.19580078125,1221.90673828125,728.0436401367188,41.2716064453125,35.84783935546875,1479.4979248046875,1920,1080,2073600,0.0007134924526326358,0.4,640,5
YOLO11s,hl_monaco_test.mp4,476,2380,47.6,6,moneygram,0.4403042495250702,582.6038818359375,740.9467163085938,604.6268920898438,761.1026000976562,22.02301025390625,20.1558837890625,443.89324951171875,1920,1080,2073600,0.0002140688884537667,0.4,640,5
YOLO11s,hl_monaco_test.mp4,477,2385,47.7,0,aramco,0.5582689046859741,1132.489501953125,664.7166748046875,1193.6015625,678.5955810546875,61.112060546875,13.87890625,848.1685791015625,1920,1080,2073600,0.0004090319271199405,0.4,640,5
YOLO11s,hl_monaco_test.mp4,477,2385,47.7,6,moneygram,0.5062901377677917,631.3328857421875,737.4204711914062,652.1768798828125,758.6321411132812,20.843994140625,21.211669921875,442.13592529296875,1920,1080,2073600,0.00021322141401469707,0.4,640,5
YOLO11s,hl_monaco_test.mp4,478,2390,47.8,0,aramco,0.7133501172065735,1165.03369140625,636.64404296875,1223.866455078125,651.5962524414062,58.832763671875,14.95220947265625,879.6798095703125,1920,1080,2073600,0.0004242283175699413,0.4,640,5
YOLO11s,hl_monaco_test.mp4,479,2395,47.9,0,aramco,0.5599180459976196,1181.194091796875,609.0927124023438,1250.796875,620.4942016601562,69.602783203125,11.4014892578125,793.5753784179688,1920,1080,2073600,0.00038270416553132236,0.4,640,5
YOLO11s,hl_monaco_test.mp4,479,2395,47.9,2,bwt,0.46582767367362976,985.8714599609375,427.93743896484375,1015.6925048828125,447.1490478515625,29.821044921875,19.21160888671875,572.9102783203125,1920,1080,2073600,0.000276287755696103,0.4,640,5
YOLO11s,hl_monaco_test.mp4,489,2445,48.9,8,oracle,0.4206114411354065,834.77734375,407.914306640625,864.262451171875,423.0887145996094,29.485107421875,15.174407958984375,447.4190368652344,1920,1080,2073600,0.00021576920698862523,0.4,640,5
YOLO11s,hl_monaco_test.mp4,514,2570,51.4,8,oracle,0.7493599653244019,368.1103210449219,659.3517456054688,590.376708984375,706.3992309570312,222.26638793945312,47.0474853515625,10457.07421875,1920,1080,2073600,0.005042956210672855,0.4,640,5
YOLO11s,hl_monaco_test.mp4,529,2645,52.9,9,petronas,0.4315855801105499,942.3942260742188,502.1067810058594,1010.6304931640625,514.991943359375,68.23626708984375,12.885162353515625,879.2353515625,1920,1080,2073600,0.00042401396785862744,0.4,640,5
YOLO11s,hl_monaco_test.mp4,538,2690,53.8,2,bwt,0.757044792175293,1841.6612548828125,667.312255859375,1919.9447021484375,752.5845336914062,78.283447265625,85.27227783203125,6675.40771484375,1920,1080,2073600,0.003219235921278596,0.4,640,5
YOLO11s,hl_monaco_test.mp4,539,2695,53.9,2,bwt,0.9237417578697205,1654.68896484375,651.796142578125,1799.082275390625,735.2281494140625,144.393310546875,83.4320068359375,12047.0234375,1920,1080,2073600,0.005809714086353779,0.4,640,5
YOLO11s,hl_monaco_test.mp4,540,2700,54.0,2,bwt,0.8803586363792419,1518.514892578125,638.8133544921875,1616.6597900390625,722.656982421875,98.1448974609375,83.8436279296875,8228.82421875,1920,1080,2073600,0.003968375734984875,0.4,640,5
YOLO11s,hl_monaco_test.mp4,543,2715,54.3,0,aramco,0.43838930130004883,557.64404296875,263.85919189453125,732.1094970703125,345.2190856933594,174.4654541015625,81.35989379882812,14194.4912109375,1920,1080,2073600,0.006845337338745594,0.4,640,5
YOLO11s,hl_monaco_test.mp4,546,2730,54.6,2,bwt,0.8567990660667419,1848.844482421875,640.7301025390625,1918.8984375,733.54345703125,70.053955078125,92.8133544921875,6501.9423828125,1920,1080,2073600,0.00313558173365891,0.4,640,5
YOLO11s,hl_monaco_test.mp4,550,2750,55.0,0,aramco,0.6360109448432922,818.1721801757812,185.319580078125,1006.0296020507812,274.924072265625,187.857421875,89.6044921875,16832.869140625,1920,1080,2073600,0.008117702789604664,0.4,640,5
YOLO11s,hl_monaco_test.mp4,552,2760,55.2,0,aramco,0.4212539792060852,617.12646484375,548.4266967773438,680.17041015625,629.8760375976562,63.0439453125,81.4493408203125,5134.8876953125,1920,1080,2073600,0.0024763154797255993,0.4,640,5
YOLO11s,hl_monaco_test.mp4,555,2775,55.5,0,aramco,0.5553982257843018,927.2864990234375,103.187255859375,1188.614013671875,200.09518432617188,261.3275146484375,96.90792846679688,25324.708984375,1920,1080,2073600,0.012212919071316719,0.4,640,5
YOLO11s,hl_monaco_test.mp4,559,2795,55.9,0,aramco,0.5454616546630859,990.041015625,56.24549102783203,1240.02099609375,157.328857421875,249.97998046875,101.08336639404297,25268.818359375,1920,1080,2073600,0.012185965664684772,0.4,640,5
YOLO11s,hl_monaco_test.mp4,560,2800,56.0,0,aramco,0.5009546279907227,984.6129150390625,52.409088134765625,1245.904296875,150.73301696777344,261.2913818359375,98.32392883300781,25691.1953125,1920,1080,2073600,0.012389658018946648,0.4,640,5
YOLO11s,hl_monaco_test.mp4,564,2820,56.4,0,aramco,0.49424484372138977,945.96630859375,34.891937255859375,1276.6865234375,140.92068481445312,330.72021484375,106.02874755859375,35065.8515625,1920,1080,2073600,0.01691061444580555,0.4,640,5
YOLO11s,hl_monaco_test.mp4,569,2845,56.9,0,aramco,0.5619316697120667,983.0374145507812,27.725692749023438,1292.9754638671875,134.4817657470703,309.93804931640625,106.75607299804688,33087.76953125,1920,1080,2073600,0.015956679359078407,0.4,640,5
YOLO11s,hl_monaco_test.mp4,571,2855,57.1,0,aramco,0.41735097765922546,1075.306884765625,28.75722312927246,1294.7332763671875,130.90292358398438,219.4263916015625,102.14569854736328,22413.462890625,1920,1080,2073600,0.01080896146595478,0.4,640,5
YOLO11s,hl_monaco_test.mp4,572,2860,57.2,0,aramco,0.5952242016792297,1097.03759765625,31.889299392700195,1296.782470703125,131.93862915039062,199.744873046875,100.04933166503906,19984.341796875,1920,1080,2073600,0.009637510403990746,0.4,640,5
YOLO11s,hl_monaco_test.mp4,581,2905,58.1,0,aramco,0.41555508971214294,1099.539794921875,26.788175582885742,1319.681884765625,131.39834594726562,220.14208984375,104.61016845703125,23029.1015625,1920,1080,2073600,0.011105854995548725,0.4,640,5
YOLO11s,hl_monaco_test.mp4,582,2910,58.2,0,aramco,0.5627542734146118,1114.5809326171875,26.266250610351562,1320.966796875,132.5654296875,206.3858642578125,106.29917907714844,21938.6484375,1920,1080,2073600,0.010579980909824371,0.4,640,5
YOLO11s,hl_monaco_test.mp4,584,2920,58.4,0,aramco,0.5385827422142029,1075.08349609375,30.9495906829834,1328.760498046875,133.60047912597656,253.677001953125,102.65088653564453,26040.169921875,1920,1080,2073600,0.012557952664792538,0.4,640,5
YOLO11s,hl_monaco_test.mp4,586,2930,58.6,7,okx,0.5397452116012573,1130.428955078125,615.0573120117188,1173.486083984375,625.4998168945312,43.05712890625,10.4425048828125,449.624267578125,1920,1080,2073600,0.00021683269005734473,0.4,640,5
YOLO11s,hl_monaco_test.mp4,587,2935,58.7,7,okx,0.47921234369277954,1063.6146240234375,615.504638671875,1103.5927734375,625.4049682617188,39.9781494140625,9.90032958984375,395.7968444824219,1920,1080,2073600,0.00019087425607722253,0.4,640,5
YOLO11s,hl_monaco_test.mp4,588,2940,58.8,7,okx,0.5414694547653198,1012.4522094726562,613.0809326171875,1052.90380859375,624.3241577148438,40.45159912109375,11.24322509765625,454.8064270019531,1920,1080,2073600,0.000219331806874834,0.4,640,5
YOLO11s,hl_monaco_test.mp4,589,2945,58.9,7,okx,0.5384277105331421,958.7261352539062,599.9859008789062,998.9395751953125,613.5089721679688,40.21343994140625,13.5230712890625,543.8092041015625,1920,1080,2073600,0.00026225365581922233,0.4,640,5
YOLO11s,hl_monaco_test.mp4,589,2945,58.9,4,hp,0.5258800983428955,1426.113037109375,688.9436645507812,1442.5487060546875,701.69189453125,16.4356689453125,12.74822998046875,209.5256805419922,1920,1080,2073600,0.00010104440298164263,0.4,640,5
YOLO11s,hl_monaco_test.mp4,589,2945,58.9,8,oracle,0.42890605330467224,226.75091552734375,569.6171264648438,313.17486572265625,591.7220458984375,86.4239501953125,22.10491943359375,1910.3944091796875,1920,1080,2073600,0.0009212936274707317,0.4,640,5
YOLO11s,hl_monaco_test.mp4,590,2950,59.0,8,oracle,0.8585903644561768,397.5145263671875,571.2657470703125,489.97186279296875,592.1376342773438,92.45733642578125,20.87188720703125,1929.7591552734375,1920,1080,2073600,0.0009306322899647057,0.4,640,5
YOLO11s,hl_monaco_test.mp4,590,2950,59.0,7,okx,0.5344103574752808,906.245361328125,599.9774780273438,955.0458984375,614.1564331054688,48.800537109375,14.178955078125,691.9406127929688,1920,1080,2073600,0.0003336904919706285,0.4,640,5
YOLO11s,hl_monaco_test.mp4,592,2960,59.2,4,hp,0.42846035957336426,1259.7462158203125,687.6322631835938,1278.049072265625,700.359619140625,18.3028564453125,12.72735595703125,232.9469757080078,1920,1080,2073600,0.00011233939585508779,0.4,640,5
YOLO11s,hl_monaco_test.mp4,593,2965,59.3,8,oracle,0.5927552580833435,977.7680053710938,585.1367797851562,1085.374267578125,603.93603515625,107.60626220703125,18.79925537109375,2022.9176025390625,1920,1080,2073600,0.00097555824322626,0.4,640,5
YOLO11s,hl_monaco_test.mp4,594,2970,59.4,4,hp,0.6624870896339417,1090.6124267578125,679.8134765625,1110.072021484375,696.1052856445312,19.4595947265625,16.29180908203125,317.0320129394531,1920,1080,2073600,0.00015288966824300587,0.4,640,5
YOLO11s,hl_monaco_test.mp4,594,2970,59.4,7,okx,0.40684932470321655,785.2805786132812,599.977783203125,834.8706665039062,614.582275390625,49.590087890625,14.6044921875,724.238037109375,1920,1080,2073600,0.00034926601801998913,0.4,640,5
YOLO11s,hl_monaco_test.mp4,596,2980,59.6,4,hp,0.41667377948760986,1101.247314453125,685.6925048828125,1118.5478515625,699.27197265625,17.300537109375,13.5794677734375,234.9320831298828,1920,1080,2073600,0.00011329672270221636,0.4,640,5
YOLO11s,hl_monaco_test.mp4,596,2980,59.6,7,okx,0.41594940423965454,762.3173828125,599.996337890625,800.5958251953125,616.7217407226562,38.2784423828125,16.72540283203125,640.2223510742188,1920,1080,2073600,0.0003087492077611387,0.4,640,5
YOLO11s,hl_monaco_test.mp4,596,2980,59.6,4,hp,0.41163691878318787,1017.5744018554688,685.0267944335938,1032.773193359375,696.72705078125,15.19879150390625,11.70025634765625,177.8297576904297,1920,1080,2073600,8.575894753448665e-05,0.4,640,5
YOLO11s,hl_monaco_test.mp4,597,2985,59.7,7,okx,0.436057448387146,745.0472412109375,599.9746704101562,790.978759765625,614.723388671875,45.9315185546875,14.74871826171875,677.4310302734375,1920,1080,2073600,0.0003266932035330683,0.4,640,5
YOLO11s,hl_monaco_test.mp4,597,2985,59.7,4,hp,0.4091617465019226,1067.3238525390625,686.5250244140625,1085.410888671875,702.19921875,18.0870361328125,15.6741943359375,283.4997253417969,1920,1080,2073600,0.00013671861961483955,0.4,640,5
YOLO11s,hl_monaco_test.mp4,597,2985,59.7,4,hp,0.40303876996040344,1115.081787109375,599.055419921875,1132.824951171875,609.6923828125,17.7431640625,10.636962890625,188.73338317871094,1920,1080,2073600,9.101725299842656e-05,0.4,640,5
YOLO11s,hl_monaco_test.mp4,598,2990,59.8,7,okx,0.5728506445884705,735.4733276367188,599.9702758789062,780.8187255859375,614.4044189453125,45.34539794921875,14.43414306640625,654.52197265625,1920,1080,2073600,0.0003156452439725399,0.4,640,5
YOLO11s,hl_monaco_test.mp4,598,2990,59.8,4,hp,0.5666357278823853,943.94677734375,682.7525024414062,960.0955810546875,696.2593994140625,16.1488037109375,13.50689697265625,218.12022399902344,1920,1080,2073600,0.00010518915223656222,0.4,640,5
YOLO11s,hl_monaco_test.mp4,599,2995,59.9,4,hp,0.6552433967590332,914.5724487304688,677.6719970703125,927.7827758789062,696.03271484375,13.2103271484375,18.3607177734375,242.55108642578125,1920,1080,2073600,0.00011697100853780285,0.4,640,5
YOLO11s,hl_monaco_test.mp4,599,2995,59.9,4,hp,0.5849469900131226,1003.6272583007812,681.3394775390625,1020.9794311523438,696.2177124023438,17.3521728515625,14.87823486328125,258.1697082519531,1920,1080,2073600,0.00012450314534362406,0.4,640,5
YOLO11s,hl_monaco_test.mp4,600,3000,60.0,7,okx,0.5144184231758118,720.008056640625,599.66064453125,764.7586669921875,612.4846801757812,44.7506103515625,12.82403564453125,573.8834228515625,1920,1080,2073600,0.0002767570549622178,0.4,640,5
YOLO11s,hl_monaco_test.mp4,601,3005,60.1,7,okx,0.483364999294281,718.4606323242188,599.7819213867188,766.60546875,612.1197509765625,48.14483642578125,12.33782958984375,594.0028076171875,1920,1080,2073600,0.0002864596899598837,0.4,640,5
YOLO11s,hl_monaco_test.mp4,602,3010,60.2,7,okx,0.5482625365257263,718.28564453125,599.9187622070312,766.9600830078125,613.0167236328125,48.6744384765625,13.09796142578125,637.535888671875,1920,1080,2073600,0.0003074536507483572,0.4,640,5
YOLO11s,hl_monaco_test.mp4,602,3010,60.2,4,hp,0.5005049705505371,914.5152587890625,671.90478515625,933.9696044921875,685.7415161132812,19.454345703125,13.83673095703125,269.1845397949219,1920,1080,2073600,0.0001298150746151805,0.4,640,5
YOLO11s,hl_monaco_test.mp4,602,3010,60.2,7,okx,0.46231135725975037,616.210205078125,596.3646240234375,662.5786743164062,608.4569091796875,46.36846923828125,12.09228515625,560.7007446289062,1920,1080,2073600,0.0002703996724449098,0.4,640,5
YOLO11s,hl_monaco_test.mp4,603,3015,60.3,7,okx,0.47916069626808167,719.7265625,603.2591552734375,764.9305419921875,616.5577392578125,45.2039794921875,13.298583984375,601.14892578125,1920,1080,2073600,0.00028990593273192644,0.4,640,5
YOLO11s,hl_monaco_test.mp4,604,3020,60.4,7,okx,0.44986802339553833,613.347412109375,607.5531005859375,653.8687133789062,619.487548828125,40.52130126953125,11.9344482421875,483.599365234375,1920,1080,2073600,0.00023321728804148734,0.4,640,5
YOLO11s,hl_monaco_test.mp4,604,3020,60.4,7,okx,0.41553977131843567,719.113525390625,612.1153564453125,760.4719848632812,624.2338256835938,41.35845947265625,12.11846923828125,501.20123291015625,1920,1080,2073600,0.00024170584219973534,0.4,640,5
YOLO11s,hl_monaco_test.mp4,606,3030,60.6,7,okx,0.40450263023376465,700.5663452148438,602.8829956054688,753.280029296875,616.0650634765625,52.71368408203125,13.18206787109375,694.8753662109375,1920,1080,2073600,0.000335105782141909,0.4,640,5
YOLO11s,hl_monaco_test.mp4,607,3035,60.7,7,okx,0.40830281376838684,691.1803588867188,606.30810546875,742.8782348632812,620.4918823242188,51.6978759765625,14.18377685546875,733.2711181640625,1920,1080,2073600,0.0003536222502589226,0.4,640,5
YOLO11s,hl_monaco_test.mp4,609,3045,60.9,7,okx,0.45188504457473755,1457.094482421875,539.1213989257812,1486.49755859375,552.0317993164062,29.403076171875,12.910400390625,379.6054992675781,1920,1080,2073600,0.0001830659166444093,0.4,640,5
YOLO11s,hl_monaco_test.mp4,610,3050,61.0,7,okx,0.4820200204849243,585.0899658203125,599.6145629882812,629.2340087890625,613.1021118164062,44.14404296875,13.487548828125,595.3949584960938,1920,1080,2073600,0.0002871310571208596,0.4,640,5
YOLO11s,hl_monaco_test.mp4,610,3050,61.0,4,hp,0.4085894525051117,910.5582275390625,487.17694091796875,936.296630859375,506.96588134765625,25.7384033203125,19.7889404296875,509.3357238769531,1920,1080,2073600,0.00024562873295508325,0.4,640,5
YOLO11s,hl_monaco_test.mp4,611,3055,61.1,7,okx,0.5879319906234741,694.927490234375,599.88134765625,749.819580078125,615.53759765625,54.89208984375,15.65625,859.404296875,1920,1080,2073600,0.0004144503618590534,0.4,640,5
YOLO11s,hl_monaco_test.mp4,611,3055,61.1,7,okx,0.4840209186077118,588.5732421875,598.4722290039062,629.1337890625,610.0773315429688,40.560546875,11.6051025390625,470.7093200683594,1920,1080,2073600,0.0002270010154461488,0.4,640,5
YOLO11s,hl_monaco_test.mp4,612,3060,61.2,7,okx,0.577897846698761,686.6917724609375,591.4682006835938,743.423095703125,605.3732299804688,56.7313232421875,13.905029296875,788.8507080078125,1920,1080,2073600,0.0003804256848525256,0.4,640,5
YOLO11s,hl_monaco_test.mp4,613,3065,61.3,7,okx,0.7218014001846313,684.8416137695312,589.5331420898438,748.0186767578125,604.5413818359375,63.17706298828125,15.00823974609375,948.176513671875,1920,1080,2073600,0.0004572610487230122,0.4,640,5
YOLO11s,hl_monaco_test.mp4,614,3070,61.4,7,okx,0.6463364362716675,702.40234375,595.2215576171875,752.4580078125,611.7889404296875,50.0556640625,16.5673828125,829.2913208007812,1920,1080,2073600,0.00039992830716073513,0.4,640,5
YOLO11s,hl_monaco_test.mp4,615,3075,61.5,7,okx,0.6504716277122498,692.2205200195312,590.33984375,752.80517578125,605.75927734375,60.58465576171875,15.41943359375,934.1810913085938,1920,1080,2073600,0.0004505117249209434,0.4,640,5
YOLO11s,hl_monaco_test.mp4,616,3080,61.6,7,okx,0.6679375171661377,594.2191162109375,591.6693725585938,633.279541015625,609.1621704101562,39.0604248046875,17.4927978515625,683.276123046875,1920,1080,2073600,0.0003295120259281248,0.4,640,5
YOLO11s,hl_monaco_test.mp4,616,3080,61.6,7,okx,0.5566858053207397,693.59228515625,598.379150390625,767.1302490234375,613.6041259765625,73.5379638671875,15.2249755859375,1119.6136474609375,1920,1080,2073600,0.0005399371148087084,0.4,640,5
YOLO11s,hl_monaco_test.mp4,617,3085,61.7,7,okx,0.5514024496078491,713.9818115234375,597.3682250976562,771.3169555664062,613.08544921875,57.33514404296875,15.71722412109375,901.1492919921875,1920,1080,2073600,0.00043458203435875475,0.4,640,5
YOLO11s,hl_monaco_test.mp4,617,3085,61.7,7,okx,0.4283599853515625,598.303466796875,593.7222290039062,638.4300537109375,608.8720092773438,40.1265869140625,15.1497802734375,607.9089965820312,1920,1080,2073600,0.00029316599830053747,0.4,640,5
YOLO11s,hl_monaco_test.mp4,618,3090,61.8,4,hp,0.5320830345153809,930.3240966796875,661.3051147460938,948.983642578125,675.171875,18.6595458984375,13.86676025390625,258.7474365234375,1920,1080,2073600,0.00012478175631258637,0.4,640,5
YOLO11s,hl_monaco_test.mp4,618,3090,61.8,7,okx,0.5300255417823792,704.6713256835938,596.6104736328125,777.031982421875,613.1581420898438,72.36065673828125,16.54766845703125,1197.400146484375,1920,1080,2073600,0.0005774499149993062,0.4,640,5
YOLO11s,hl_monaco_test.mp4,619,3095,61.9,7,okx,0.6423470377922058,707.6870727539062,592.8277587890625,782.0013427734375,611.6863403320312,74.31427001953125,18.85858154296875,1401.461669921875,1920,1080,2073600,0.0006758592207916081,0.4,640,5
YOLO11s,hl_monaco_test.mp4,619,3095,61.9,4,hp,0.5260854959487915,969.0181274414062,544.7815551757812,983.2869873046875,555.591552734375,14.26885986328125,10.80999755859375,154.246337890625,1920,1080,2073600,7.43857744964771e-05,0.4,640,5
YOLO11s,hl_monaco_test.mp4,619,3095,61.9,4,hp,0.47007495164871216,946.4210815429688,657.1759643554688,967.8092651367188,672.2902221679688,21.38818359375,15.1142578125,323.2665100097656,1920,1080,2073600,0.0001558962685521692,0.4,640,5
YOLO11s,hl_monaco_test.mp4,620,3100,62.0,7,okx,0.7075201272964478,723.7088623046875,589.9063110351562,788.7415771484375,606.0994262695312,65.03271484375,16.193115234375,1053.082275390625,1920,1080,2073600,0.0005078521789982915,0.4,640,5
YOLO11s,hl_monaco_test.mp4,620,3100,62.0,4,hp,0.5087574124336243,981.7342529296875,540.3330078125,997.14111328125,552.8846435546875,15.4068603515625,12.5516357421875,193.3813018798828,1920,1080,2073600,9.325872815679759e-05,0.4,640,5
YOLO11s,hl_monaco_test.mp4,620,3100,62.0,4,hp,0.45797863602638245,916.9890747070312,537.5836181640625,933.8684692382812,552.0633544921875,16.87939453125,14.479736328125,244.4091796875,1920,1080,2073600,0.0001178670790977776,0.4,640,5
YOLO11s,hl_monaco_test.mp4,621,3105,62.1,4,hp,0.6766217947006226,979.5218505859375,654.6383056640625,998.144775390625,672.082763671875,18.6229248046875,17.4444580078125,324.8668212890625,1920,1080,2073600,0.00015666802937630564,0.4,640,5
YOLO11s,hl_monaco_test.mp4,621,3105,62.1,7,okx,0.5847709774971008,722.6475830078125,592.1563110351562,789.728271484375,610.6414794921875,67.0806884765625,18.48516845703125,1239.997802734375,1920,1080,2073600,0.0005979927955195308,0.4,640,5
YOLO11s,hl_monaco_test.mp4,622,3110,62.2,7,okx,0.6452531218528748,721.8557739257812,591.236572265625,795.2938232421875,609.7100830078125,73.43804931640625,18.4735107421875,1356.6585693359375,1920,1080,2073600,0.0006542527698911726,0.4,640,5
YOLO11s,hl_monaco_test.mp4,622,3110,62.2,4,hp,0.6278339624404907,997.2708740234375,652.607177734375,1020.7222900390625,672.1005859375,23.451416015625,19.493408203125,457.14801025390625,1920,1080,2073600,0.00022046103549655527,0.4,640,5
YOLO11s,hl_monaco_test.mp4,623,3115,62.3,7,okx,0.6940682530403137,726.2579956054688,590.7943115234375,796.505126953125,610.092041015625,70.24713134765625,19.2977294921875,1355.610107421875,1920,1080,2073600,0.0006537471781484783,0.4,640,5
YOLO11s,hl_monaco_test.mp4,624,3120,62.4,4,hp,0.6895371675491333,1063.98583984375,520.4429931640625,1082.614990234375,532.2738037109375,18.629150390625,11.830810546875,220.39794921875,1920,1080,2073600,0.00010628758900566027,0.4,640,5
YOLO11s,hl_monaco_test.mp4,624,3120,62.4,7,okx,0.6027377247810364,734.7696533203125,589.5250854492188,810.6529541015625,607.2060546875,75.88330078125,17.68096923828125,1341.6903076171875,1920,1080,2073600,0.0006470342632383108,0.4,640,5
YOLO11s,hl_monaco_test.mp4,625,3125,62.5,7,okx,0.7252124547958374,750.3785400390625,587.6485595703125,831.2994384765625,606.27783203125,80.9208984375,18.6292724609375,1507.4974365234375,1920,1080,2073600,0.0007269952911883593,0.4,640,5
YOLO11s,hl_monaco_test.mp4,625,3125,62.5,7,okx,0.6463307738304138,632.618896484375,584.2864990234375,685.1722412109375,601.8187255859375,52.5533447265625,17.5322265625,921.3771362304688,1920,1080,2073600,0.0004443369689397514,0.4,640,5
YOLO11s,hl_monaco_test.mp4,625,3125,62.5,4,hp,0.4885598123073578,1076.16259765625,508.8981628417969,1092.7548828125,528.060302734375,16.59228515625,19.162139892578125,317.9436950683594,1920,1080,2073600,0.00015332932525780052,0.4,640,5
YOLO11s,hl_monaco_test.mp4,626,3130,62.6,4,hp,0.6768547892570496,1080.1251220703125,503.69927978515625,1098.6446533203125,519.9635620117188,18.51953125,16.2642822265625,301.2068786621094,1920,1080,2073600,0.00014525794540531933,0.4,640,5
YOLO11s,hl_monaco_test.mp4,626,3130,62.6,7,okx,0.588228166103363,810.9224853515625,589.7680053710938,872.855712890625,609.5819702148438,61.9332275390625,19.81396484375,1227.142822265625,1920,1080,2073600,0.0005917933885939419,0.4,640,5
YOLO11s,hl_monaco_test.mp4,626,3130,62.6,7,okx,0.5078948140144348,675.143798828125,587.29541015625,746.447998046875,606.1514282226562,71.30419921875,18.85601806640625,1344.5133056640625,1920,1080,2073600,0.0006483956822194159,0.4,640,5
YOLO11s,hl_monaco_test.mp4,627,3135,62.7,7,okx,0.7837684154510498,729.8150634765625,598.8920288085938,821.4500732421875,620.4208374023438,91.635009765625,21.52880859375,1972.7926025390625,1920,1080,2073600,0.0009513853001408279,0.4,640,5
YOLO11s,hl_monaco_test.mp4,627,3135,62.7,4,hp,0.42191463708877563,1065.548583984375,501.922607421875,1088.5374755859375,516.4693603515625,22.9888916015625,14.5467529296875,334.4137268066406,1920,1080,2073600,0.00016127205162774771,0.4,640,5
YOLO11s,hl_monaco_test.mp4,628,3140,62.8,7,okx,0.7609850764274597,848.9183349609375,619.042724609375,952.75634765625,640.364990234375,103.8380126953125,21.322265625,2214.061767578125,1920,1080,2073600,0.0010677381651476026,0.4,640,5
YOLO11s,hl_monaco_test.mp4,628,3140,62.8,4,hp,0.5170813202857971,1041.4921875,499.8247375488281,1065.9136962890625,512.76171875,24.4215087890625,12.936981201171875,315.94061279296875,1920,1080,2073600,0.00015236334002111107,0.4,640,5
YOLO11s,hl_monaco_test.mp4,629,3145,62.9,4,hp,0.5544502139091492,850.3240356445312,639.313720703125,873.7864379882812,656.339599609375,23.46240234375,17.02587890625,399.468017578125,1920,1080,2073600,0.00019264468573965132,0.4,640,5
YOLO11s,hl_monaco_test.mp4,629,3145,62.9,7,okx,0.545711100101471,1021.1647338867188,656.8193359375,1125.226806640625,680.3179931640625,104.06207275390625,23.4986572265625,2445.319091796875,1920,1080,2073600,0.0011792626464739442,0.4,640,5
YOLO11s,hl_monaco_test.mp4,630,3150,63.0,4,hp,0.7025744915008545,941.6181640625,659.8154296875,965.4586181640625,674.37841796875,23.8404541015625,14.56298828125,347.1882629394531,1920,1080,2073600,0.00016743260493967682,0.4,640,5
YOLO11s,hl_monaco_test.mp4,630,3150,63.0,4,hp,0.641276478767395,817.1218872070312,653.2882690429688,843.8596801757812,672.281982421875,26.73779296875,18.99371337890625,507.8499755859375,1920,1080,2073600,0.0002449122257530689,0.4,640,5
YOLO11s,hl_monaco_test.mp4,630,3150,63.0,7,okx,0.5402659177780151,1304.722900390625,709.0694580078125,1457.7117919921875,734.9666748046875,152.9888916015625,25.897216796875,3961.986572265625,1920,1080,2073600,0.0019106802064925432,0.4,640,5
YOLO11s,hl_monaco_test.mp4,630,3150,63.0,4,hp,0.40124666690826416,946.8145751953125,510.1227722167969,966.0267333984375,528.072998046875,19.212158203125,17.950225830078125,344.8625793457031,1920,1080,2073600,0.0001663110451772809,0.4,640,5
YOLO11s,hl_monaco_test.mp4,631,3155,63.1,4,hp,0.6054092645645142,943.8995361328125,679.815185546875,970.569580078125,697.3990478515625,26.6700439453125,17.5838623046875,468.9623718261719,1920,1080,2073600,0.00022615854686591774,0.4,640,5
YOLO11s,hl_monaco_test.mp4,631,3155,63.1,4,hp,0.570868968963623,831.59619140625,519.1565551757812,852.3070678710938,531.3356323242188,20.71087646484375,12.1790771484375,252.23936462402344,1920,1080,2073600,0.00012164321378804743,0.4,640,5
YOLO11s,hl_monaco_test.mp4,631,3155,63.1,4,hp,0.5694930553436279,813.4930419921875,673.5912475585938,837.31591796875,696.0718383789062,23.8228759765625,22.4805908203125,535.5523071289062,1920,1080,2073600,0.0002582717570476234,0.4,640,5
YOLO11s,hl_monaco_test.mp4,631,3155,63.1,4,hp,0.5146978497505188,909.8952026367188,520.9461669921875,927.0309448242188,536.688232421875,17.1357421875,15.7420654296875,269.7519836425781,1920,1080,2073600,0.00013008872338104993,0.4,640,5
YOLO11s,hl_monaco_test.mp4,632,3160,63.2,4,hp,0.8248146772384644,832.7481079101562,707.49560546875,856.8956909179688,726.5447387695312,24.1475830078125,19.04913330078125,459.99053955078125,1920,1080,2073600,0.00022183185501489788,0.4,640,5
YOLO11s,hl_monaco_test.mp4,632,3160,63.2,4,hp,0.6649740934371948,803.3074951171875,534.8511962890625,823.8997192382812,552.2890625,20.59222412109375,17.4378662109375,359.0844421386719,1920,1080,2073600,0.00017316958110313863,0.4,640,5
YOLO11s,hl_monaco_test.mp4,632,3160,63.2,4,hp,0.6456480622291565,972.6961669921875,710.6636352539062,996.7327880859375,730.842041015625,24.03662109375,20.17840576171875,485.02069091796875,1920,1080,2073600,0.0002339027269044891,0.4,640,5
YOLO11s,hl_monaco_test.mp4,633,3165,63.3,4,hp,0.7304909825325012,901.3661499023438,759.6483154296875,930.1679077148438,779.8177490234375,28.8017578125,20.16943359375,580.9151611328125,1920,1080,2073600,0.0002801481168717146,0.4,640,5
YOLO11s,hl_monaco_test.mp4,633,3165,63.3,4,hp,0.6802259087562561,803.7564697265625,564.2206420898438,824.306396484375,577.9125366210938,20.5499267578125,13.69189453125,281.367431640625,1920,1080,2073600,0.000135690308525227,0.4,640,5
YOLO11s,hl_monaco_test.mp4,633,3165,63.3,4,hp,0.680111825466156,1051.947998046875,761.1198120117188,1082.989013671875,783.6659545898438,31.041015625,22.546142578125,699.8551635742188,1920,1080,2073600,0.00033750731381587684,0.4,640,5
YOLO11s,hl_monaco_test.mp4,634,3170,63.4,4,hp,0.7006694674491882,1066.21240234375,819.840087890625,1099.41845703125,847.777587890625,33.2060546875,27.9375,927.6941528320312,1920,1080,2073600,0.0004473833541851491,0.4,640,5
YOLO11s,hl_monaco_test.mp4,634,3170,63.4,4,hp,0.6911305785179138,858.882080078125,594.1558227539062,880.6253662109375,613.4686889648438,21.7432861328125,19.3128662109375,419.9251708984375,1920,1080,2073600,0.00020251021487638354,0.4,640,5
YOLO11s,hl_monaco_test.mp4,634,3170,63.4,4,hp,0.6719237565994263,1230.91796875,823.2962646484375,1265.807861328125,850.3682861328125,34.889892578125,27.072021484375,944.5399169921875,1920,1080,2073600,0.0004555072810035199,0.4,640,5
YOLO11s,hl_monaco_test.mp4,634,3170,63.4,4,hp,0.541128933429718,945.1854248046875,594.5668334960938,969.65966796875,615.6370849609375,24.4742431640625,21.07025146484375,515.678466796875,1920,1080,2073600,0.00024868754553608596,0.4,640,5
YOLO11s,hl_monaco_test.mp4,635,3175,63.5,4,hp,0.8616369962692261,990.785400390625,634.808837890625,1013.993896484375,660.1246948242188,23.20849609375,25.31585693359375,587.54296875,1920,1080,2073600,0.0002833444159477949,0.4,640,5
YOLO11s,hl_monaco_test.mp4,635,3175,63.5,4,hp,0.8514181971549988,1086.406982421875,636.5396118164062,1111.505615234375,657.7260131835938,25.0986328125,21.1864013671875,531.7496948242188,1920,1080,2073600,0.0002564379246905446,0.4,640,5
YOLO11s,hl_monaco_test.mp4,635,3175,63.5,4,hp,0.7277299165725708,1367.3369140625,922.4278564453125,1403.5234375,957.57275390625,36.1865234375,35.1448974609375,1271.7716064453125,1920,1080,2073600,0.0006133157876320183,0.4,640,5
YOLO11s,hl_monaco_test.mp4,636,3180,63.6,4,hp,0.8268650770187378,1233.22802734375,705.4822998046875,1260.2098388671875,732.0908203125,26.9818115234375,26.6085205078125,717.9461059570312,1920,1080,2073600,0.00034623173996806145,0.4,640,5
YOLO11s,hl_monaco_test.mp4,636,3180,63.6,4,hp,0.5564270615577698,1346.336181640625,707.05419921875,1372.340576171875,729.2086181640625,26.00439453125,22.1544189453125,576.1122436523438,1920,1080,2073600,0.0002778319176286459,0.4,640,5
YOLO11s,hl_monaco_test.mp4,637,3185,63.7,4,hp,0.8085509538650513,1717.02197265625,805.0512084960938,1754.52197265625,839.0462036132812,37.5,33.9949951171875,1274.812255859375,1920,1080,2073600,0.0006147821550257504,0.4,640,5
YOLO11s,hl_monaco_test.mp4,647,3235,64.7,7,okx,0.49289941787719727,813.0443115234375,539.3922119140625,854.8795166015625,552.07373046875,41.835205078125,12.6815185546875,530.533935546875,1920,1080,2073600,0.0002558516280259937,0.4,640,5
YOLO11s,hl_monaco_test.mp4,651,3255,65.1,7,okx,0.6404600143432617,699.2576904296875,616.5654296875,769.349365234375,633.407470703125,70.0916748046875,16.842041015625,1180.48681640625,1920,1080,2073600,0.0005692933918908238,0.4,640,5
YOLO11s,hl_monaco_test.mp4,653,3265,65.3,7,okx,0.6107622981071472,1035.776611328125,896.06884765625,1117.7196044921875,992.7265625,81.9429931640625,96.65771484375,7920.42236328125,1920,1080,2073600,0.003819648176431656,0.4,640,5
YOLO11s,hl_monaco_test.mp4,661,3305,66.1,9,petronas,0.6849968433380127,1059.86572265625,752.2919311523438,1392.0289306640625,793.7459106445312,332.1632080078125,41.4539794921875,13769.486328125,1920,1080,2073600,0.006640377454459667,0.4,640,5
YOLO11s,hl_monaco_test.mp4,662,3310,66.2,0,aramco,0.5314886569976807,932.5023193359375,550.6096801757812,989.4730224609375,562.0076904296875,56.970703125,11.39801025390625,649.3526611328125,1920,1080,2073600,0.0003131523262709379,0.4,640,5
YOLO11s,hl_monaco_test.mp4,662,3310,66.2,0,aramco,0.4466530978679657,1039.2398681640625,551.9273681640625,1098.1759033203125,570.3053588867188,58.93603515625,18.37799072265625,1083.1258544921875,1920,1080,2073600,0.0005223407642915845,0.4,640,5
YOLO11s,hl_monaco_test.mp4,663,3315,66.3,0,aramco,0.7391718626022339,1009.3590087890625,565.8453369140625,1081.9654541015625,584.2747192382812,72.6064453125,18.42938232421875,1338.0919189453125,1920,1080,2073600,0.0006452989764511585,0.4,640,5
YOLO11s,hl_monaco_test.mp4,664,3320,66.4,0,aramco,0.802882969379425,983.196533203125,581.5607299804688,1056.5584716796875,601.6162719726562,73.3619384765625,20.0555419921875,1471.3134765625,1920,1080,2073600,0.0007095454493537545,0.4,640,5
YOLO11s,hl_monaco_test.mp4,664,3320,66.4,0,aramco,0.625700831413269,853.9194946289062,575.8807983398438,917.7800903320312,592.0296020507812,63.860595703125,16.1488037109375,1031.272216796875,1920,1080,2073600,0.0004973342292942107,0.4,640,5
YOLO11s,hl_monaco_test.mp4,665,3325,66.5,0,aramco,0.8079189658164978,939.7717895507812,598.6087646484375,1024.9345703125,621.11865234375,85.16278076171875,22.5098876953125,1917.004638671875,1920,1080,2073600,0.0009244814282283187,0.4,640,5
YOLO11s,hl_monaco_test.mp4,665,3325,66.5,0,aramco,0.5224817991256714,811.3258666992188,594.1920166015625,874.3958129882812,609.05615234375,63.0699462890625,14.8641357421875,937.480224609375,1920,1080,2073600,0.00045210274402052164,0.4,640,5
YOLO11s,hl_monaco_test.mp4,665,3325,66.5,0,aramco,0.41569268703460693,886.5416259765625,491.3000793457031,1013.2403564453125,505.1199645996094,126.69873046875,13.81988525390625,1750.9619140625,1920,1080,2073600,0.0008444067789241672,0.4,640,5
YOLO11s,hl_monaco_test.mp4,666,3330,66.6,0,aramco,0.48222097754478455,841.5333251953125,503.2412109375,976.6697387695312,515.8912353515625,135.13641357421875,12.6500244140625,1709.4788818359375,1920,1080,2073600,0.0008244014461524785,0.4,640,5
YOLO11s,hl_monaco_test.mp4,667,3335,66.7,0,aramco,0.6021726131439209,789.23583984375,512.6182861328125,936.870849609375,528.7655029296875,147.635009765625,16.147216796875,2383.89453125,1920,1080,2073600,0.001149640535004437,0.4,640,5
YOLO11s,hl_monaco_test.mp4,668,3340,66.8,0,aramco,0.6269993782043457,781.8646240234375,666.1845703125,890.5032958984375,695.71240234375,108.638671875,29.52783203125,3207.864501953125,1920,1080,2073600,0.0015470025828108191,0.4,640,5
YOLO11s,hl_monaco_test.mp4,668,3340,66.8,0,aramco,0.5895474553108215,589.191650390625,662.3764038085938,684.415283203125,681.2066650390625,95.2236328125,18.83026123046875,1793.0859375,1920,1080,2073600,0.0008647212525829673,0.4,640,5
YOLO11s,hl_monaco_test.mp4,669,3345,66.9,0,aramco,0.8279644846916199,717.1298217773438,699.0160522460938,836.7277221679688,729.3120727539062,119.597900390625,30.2960205078125,3623.34033203125,1920,1080,2073600,0.0017473670886829495,0.4,640,5
YOLO11s,hl_monaco_test.mp4,669,3345,66.9,0,aramco,0.7147538661956787,498.9590148925781,695.3355712890625,607.0112915039062,718.8095703125,108.05227661132812,23.4739990234375,2536.4189453125,1920,1080,2073600,0.0012231958098709583,0.4,640,5
YOLO11s,hl_monaco_test.mp4,669,3345,66.9,0,aramco,0.5987625122070312,647.5902099609375,531.6566162109375,827.2223510742188,552.6903076171875,179.63214111328125,21.03369140625,3778.326904296875,1920,1080,2073600,0.0018221097998321056,0.4,640,5
YOLO11s,hl_monaco_test.mp4,670,3350,67.0,0,aramco,0.8934931755065918,672.7362060546875,741.1177978515625,805.8717041015625,774.4422607421875,133.135498046875,33.324462890625,4436.6689453125,1920,1080,2073600,0.002139597199857235,0.4,640,5
YOLO11s,hl_monaco_test.mp4,670,3350,67.0,0,aramco,0.7767618894577026,429.39990234375,736.2449340820312,549.06298828125,764.3223266601562,119.6630859375,28.077392578125,3359.827392578125,1920,1080,2073600,0.001620287075638771,0.4,640,5
YOLO11s,hl_monaco_test.mp4,670,3350,67.0,0,aramco,0.6638138890266418,564.3447265625,549.2643432617188,771.3177490234375,570.2695922851562,206.9730224609375,21.0052490234375,4347.52001953125,1920,1080,2073600,0.002096605021506548,0.4,640,5
YOLO11s,hl_monaco_test.mp4,670,3350,67.0,4,hp,0.4882621765136719,1004.989013671875,569.1942749023438,1021.609130859375,582.4605712890625,16.6201171875,13.26629638671875,220.48739624023438,1920,1080,2073600,0.00010633072815835476,0.4,640,5
YOLO11s,hl_monaco_test.mp4,671,3355,67.1,0,aramco,0.8720523118972778,667.39794921875,790.7279663085938,814.1680297851562,828.375732421875,146.77008056640625,37.64776611328125,5525.5654296875,1920,1080,2073600,0.0026647208724170923,0.4,640,5
YOLO11s,hl_monaco_test.mp4,671,3355,67.1,0,aramco,0.8530417680740356,380.0328063964844,787.0362548828125,526.0299682617188,819.919677734375,145.99716186523438,32.8834228515625,4800.88623046875,1920,1080,2073600,0.0023152423091232777,0.4,640,5
YOLO11s,hl_monaco_test.mp4,671,3355,67.1,0,aramco,0.6861519813537598,512.3530883789062,570.9757690429688,733.3112182617188,596.5894775390625,220.9581298828125,25.61370849609375,5659.55712890625,1920,1080,2073600,0.002729338826611638,0.4,640,5
YOLO11s,hl_monaco_test.mp4,671,3355,67.1,4,hp,0.46527355909347534,970.28466796875,584.626220703125,988.8153076171875,600.3040771484375,18.5306396484375,15.6778564453125,290.5207214355469,1920,1080,2073600,0.00014010451559443027,0.4,640,5
YOLO11s,hl_monaco_test.mp4,671,3355,67.1,4,hp,0.40902575850486755,993.581787109375,487.259765625,1009.7108154296875,504.1451110839844,16.1290283203125,16.885345458984375,272.3442077636719,1920,1080,2073600,0.00013133883476257324,0.4,640,5
YOLO11s,hl_monaco_test.mp4,672,3360,67.2,0,aramco,0.866389274597168,718.04248046875,853.04931640625,885.781982421875,896.15576171875,167.739501953125,43.1064453125,7230.65380859375,1920,1080,2073600,0.0034870051313191652,0.4,640,5
YOLO11s,hl_monaco_test.mp4,672,3360,67.2,0,aramco,0.6592556834220886,462.29754638671875,593.7625122070312,716.603271484375,624.4945678710938,254.30572509765625,30.7320556640625,7815.337890625,1920,1080,2073600,0.003768970724195242,0.4,640,5
YOLO11s,hl_monaco_test.mp4,672,3360,67.2,0,aramco,0.4235832989215851,381.86090087890625,851.5062255859375,552.6168212890625,888.6036376953125,170.75592041015625,37.097412109375,6334.6025390625,1920,1080,2073600,0.003054881701245904,0.4,640,5
YOLO11s,hl_monaco_test.mp4,673,3365,67.3,0,aramco,0.5888907313346863,455.88226318359375,629.2755737304688,772.3687133789062,665.681640625,316.4864501953125,36.40606689453125,11522.02734375,1920,1080,2073600,0.005556533113121986,0.4,640,5
YOLO11s,hl_monaco_test.mp4,673,3365,67.3,9,petronas,0.5540647506713867,461.5152282714844,633.3173828125,772.563232421875,666.48681640625,311.0480041503906,33.16943359375,10317.2861328125,1920,1080,2073600,0.004975542891770601,0.4,640,5
YOLO11s,hl_monaco_test.mp4,673,3365,67.3,0,aramco,0.4700295627117157,861.9105834960938,940.9259033203125,1046.59765625,987.3892822265625,184.68707275390625,46.46337890625,8581.185546875,1920,1080,2073600,0.004138302989304066,0.4,640,5
YOLO11s,hl_monaco_test.mp4,674,3370,67.4,4,hp,0.5789420008659363,860.15234375,517.91552734375,876.7418212890625,530.364013671875,16.5894775390625,12.448486328125,206.51388549804688,1920,1080,2073600,9.959196177078411e-05,0.4,640,5
YOLO11s,hl_monaco_test.mp4,674,3370,67.4,0,aramco,0.5585398077964783,525.2697143554688,674.748291015625,800.59326171875,716.469482421875,275.32354736328125,41.72119140625,11486.826171875,1920,1080,2073600,0.005539557430893183,0.4,640,5
YOLO11s,hl_monaco_test.mp4,675,3375,67.5,0,aramco,0.755294144153595,712.54296875,742.151123046875,1094.15869140625,793.2412109375,381.61572265625,51.090087890625,19496.78125,1920,1080,2073600,0.009402383118867874,0.4,640,5
YOLO11s,hl_monaco_test.mp4,675,3375,67.5,4,hp,0.6291266679763794,612.95166015625,676.2876586914062,644.04833984375,697.5930786132812,31.0966796875,21.305419921875,662.52783203125,1920,1080,2073600,0.0003195060999132693,0.4,640,5
YOLO11s,hl_monaco_test.mp4,675,3375,67.5,4,hp,0.6032856106758118,796.65380859375,530.0040893554688,820.2989501953125,552.0261840820312,23.6451416015625,22.0220947265625,520.715576171875,1920,1080,2073600,0.00025111669674515724,0.4,640,5
YOLO11s,hl_monaco_test.mp4,676,3380,67.6,4,hp,0.7374101281166077,728.9022827148438,544.6298828125,749.3491821289062,562.5660400390625,20.4468994140625,17.9361572265625,366.7388000488281,1920,1080,2073600,0.00017686092178337276,0.4,640,5
YOLO11s,hl_monaco_test.mp4,676,3380,67.6,4,hp,0.7131948471069336,670.8492431640625,723.1600341796875,708.092529296875,752.4823608398438,37.2432861328125,29.32232666015625,1092.059814453125,1920,1080,2073600,0.0005266492371447384,0.4,640,5
YOLO11s,hl_monaco_test.mp4,676,3380,67.6,4,hp,0.6645196676254272,521.8331909179688,718.1358642578125,553.7559814453125,739.75,31.92279052734375,21.6141357421875,689.9835205078125,1920,1080,2073600,0.0003327466838527471,0.4,640,5
YOLO11s,hl_monaco_test.mp4,676,3380,67.6,9,petronas,0.49775221943855286,1107.4951171875,837.535888671875,1582.626708984375,895.5137939453125,475.131591796875,57.9779052734375,27547.134765625,1920,1080,2073600,0.01328469067811966,0.4,640,5
YOLO11s,hl_monaco_test.mp4,676,3380,67.6,4,hp,0.47782304883003235,634.0563354492188,541.3115234375,650.9734497070312,561.0460205078125,16.9171142578125,19.7344970703125,333.8507385253906,1920,1080,2073600,0.00016100054199341685,0.4,640,5
YOLO11s,hl_monaco_test.mp4,677,3385,67.7,4,hp,0.7404541373252869,549.9296264648438,564.8056030273438,568.207763671875,580.6425170898438,18.27813720703125,15.8369140625,289.46929931640625,1920,1080,2073600,0.00013959746866021305,0.4,640,5
YOLO11s,hl_monaco_test.mp4,677,3385,67.7,4,hp,0.7373236417770386,620.1134033203125,771.063720703125,648.4132080078125,798.424072265625,28.2998046875,27.3603515625,774.2926025390625,1920,1080,2073600,0.0003734049969352782,0.4,640,5
YOLO11s,hl_monaco_test.mp4,677,3385,67.7,4,hp,0.7180687785148621,648.4139404296875,568.17236328125,671.8712158203125,587.64599609375,23.457275390625,19.4736328125,456.7983703613281,1920,1080,2073600,0.00022029242245480418,0.4,640,5
YOLO11s,hl_monaco_test.mp4,677,3385,67.7,4,hp,0.6340416073799133,443.44586181640625,765.0574951171875,475.19708251953125,790.9685668945312,31.751220703125,25.91107177734375,822.7081298828125,1920,1080,2073600,0.0003967535449191928,0.4,640,5
YOLO11s,hl_monaco_test.mp4,677,3385,67.7,1,atlasian,0.4937685430049896,1141.083740234375,424.1326904296875,1212.528076171875,435.35833740234375,71.4443359375,11.22564697265625,802.0089111328125,1920,1080,2073600,0.0003867712803184986,0.4,640,5
YOLO11s,hl_monaco_test.mp4,680,3400,68.0,7,okx,0.4293985366821289,1237.580810546875,478.7685241699219,1270.1259765625,486.37628173828125,32.545166015625,7.607757568359375,247.59573364257812,1920,1080,2073600,0.00011940380500163883,0.4,640,5
YOLO11s,hl_monaco_test.mp4,682,3410,68.2,7,okx,0.4420638978481293,1345.450927734375,494.6985168457031,1370.070556640625,504.9806213378906,24.61962890625,10.2821044921875,253.1416015625,1920,1080,2073600,0.0001220783160533756,0.4,640,5
YOLO11s,hl_monaco_test.mp4,683,3415,68.3,7,okx,0.7147201895713806,1262.7919921875,494.08062744140625,1310.3389892578125,508.0531311035156,47.5469970703125,13.972503662109375,664.3505859375,1920,1080,2073600,0.000320385122904554,0.4,640,5
YOLO11s,hl_monaco_test.mp4,685,3425,68.5,7,okx,0.40036967396736145,1347.201171875,516.4501953125,1382.15576171875,528.080078125,34.95458984375,11.6298828125,406.5177917480469,1920,1080,2073600,0.0001960444642463699,0.4,640,5
YOLO11s,hl_monaco_test.mp4,687,3435,68.7,7,okx,0.7768662571907043,1265.2393798828125,538.5040283203125,1328.6524658203125,554.1798706054688,63.4130859375,15.67584228515625,994.0535278320312,1920,1080,2073600,0.0004793853731825948,0.4,640,5
YOLO11s,hl_monaco_test.mp4,688,3440,68.8,7,okx,0.6159430146217346,1189.0,557.0447387695312,1265.416015625,576.0477905273438,76.416015625,19.0030517578125,1452.137451171875,1920,1080,2073600,0.0007002977654337883,0.4,640,5
YOLO11s,hl_monaco_test.mp4,689,3445,68.9,7,okx,0.7276308536529541,1080.440185546875,571.1932983398438,1154.29248046875,590.5118408203125,73.852294921875,19.31854248046875,1426.71875,1920,1080,2073600,0.0006880395230837166,0.4,640,5
YOLO11s,hl_monaco_test.mp4,701,3505,70.1,6,moneygram,0.47483736276626587,0.0,106.98774719238281,80.89393615722656,209.79519653320312,80.89393615722656,102.80744934082031,8316.4990234375,1920,1080,2073600,0.00401065731421113,0.4,640,5
YOLO11s,hl_monaco_test.mp4,714,3570,71.4,9,petronas,0.4621710479259491,234.7624053955078,271.31292724609375,285.24798583984375,312.49151611328125,50.48558044433594,41.1785888671875,2078.925048828125,1920,1080,2073600,0.0010025680530816317,0.4,640,5
YOLO11s,hl_monaco_test.mp4,717,3585,71.7,9,petronas,0.4016529619693756,87.42633056640625,323.44818115234375,148.8243408203125,379.95330810546875,61.39801025390625,56.505126953125,3469.30224609375,1920,1080,2073600,0.0016730817733332515,0.4,640,5
YOLO11s,hl_monaco_test.mp4,719,3595,71.9,9,petronas,0.44505321979522705,40.070228576660156,341.99371337890625,117.47462463378906,407.57843017578125,77.4043960571289,65.584716796875,5076.54541015625,1920,1080,2073600,0.0024481797590851784,0.4,640,5
YOLO11s,hl_monaco_test.mp4,725,3625,72.5,8,oracle,0.44325149059295654,543.61572265625,127.77667236328125,656.557373046875,155.37432861328125,112.941650390625,27.59765625,3116.9248046875,1920,1080,2073600,0.0015031466027721763,0.4,640,5
YOLO11s,hl_monaco_test.mp4,727,3635,72.7,8,oracle,0.6464672088623047,475.4858093261719,129.19854736328125,630.44873046875,160.84210205078125,154.96292114257812,31.6435546875,4903.57763671875,1920,1080,2073600,0.0023647653870284557,0.4,640,5
YOLO11s,hl_monaco_test.mp4,727,3635,72.7,8,oracle,0.5320982336997986,282.9033508300781,225.59359741210938,339.9544372558594,249.748291015625,57.05108642578125,24.154693603515625,1378.051513671875,1920,1080,2073600,0.0006645696121267974,0.4,640,5
YOLO11s,hl_monaco_test.mp4,729,3645,72.9,8,oracle,0.5990990400314331,242.9784393310547,243.7222137451172,299.877197265625,267.36236572265625,56.89875793457031,23.640151977539062,1345.0953369140625,1920,1080,2073600,0.0006486763595603406,0.4,640,5
YOLO11s,hl_monaco_test.mp4,730,3650,73.0,8,oracle,0.5043991804122925,241.32691955566406,252.60777282714844,301.9022216796875,277.2366027832031,60.57530212402344,24.628829956054688,1491.8988037109375,1920,1080,2073600,0.0007194728241302073,0.4,640,5
YOLO11s,hl_monaco_test.mp4,732,3660,73.2,8,oracle,0.7154375910758972,234.11476135253906,254.95852661132812,291.75335693359375,280.6812744140625,57.63859558105469,25.722747802734375,1482.623046875,1920,1080,2073600,0.0007149995653890073,0.4,640,5
YOLO11s,hl_monaco_test.mp4,734,3670,73.4,8,oracle,0.46384480595588684,230.2459259033203,257.399169921875,283.450927734375,282.2176513671875,53.20500183105469,24.8184814453125,1320.4674072265625,1920,1080,2073600,0.000636799493804574,0.4,640,5
YOLO11s,hl_monaco_test.mp4,738,3690,73.8,6,moneygram,0.6197760701179504,1711.0294189453125,56.58270263671875,1888.6087646484375,123.96100616455078,177.579345703125,67.37830352783203,11964.9951171875,1920,1080,2073600,0.005770155694335699,0.4,640,5
YOLO11s,hl_monaco_test.mp4,742,3710,74.2,8,oracle,0.46673688292503357,0.21480560302734375,268.4683837890625,36.70112991333008,304.5616760253906,36.486324310302734,36.093292236328125,1316.91162109375,1920,1080,2073600,0.0006350846961140633,0.4,640,5
YOLO11s,hl_monaco_test.mp4,745,3725,74.5,8,oracle,0.7287556529045105,608.2647705078125,155.33055114746094,718.3096923828125,168.70046997070312,110.044921875,13.369918823242188,1471.2916259765625,1920,1080,2073600,0.0007095349137671292,0.4,640,5
YOLO11s,hl_monaco_test.mp4,763,3815,76.3,8,oracle,0.5343170762062073,1300.2879638671875,138.24871826171875,1369.2685546875,151.67115783691406,68.9805908203125,13.422439575195312,925.8878173828125,1920,1080,2073600,0.0004465122474357486,0.4,640,5
YOLO11s,hl_monaco_test.mp4,764,3820,76.4,8,oracle,0.5553287863731384,1316.56884765625,140.75839233398438,1395.0009765625,156.25933837890625,78.43212890625,15.500946044921875,1215.772216796875,1920,1080,2073600,0.0005863098776899278,0.4,640,5
YOLO11s,hl_monaco_test.mp4,808,4040,80.8,2,bwt,0.7062804698944092,1018.317138671875,452.136962890625,1226.9207763671875,506.90740966796875,208.6036376953125,54.77044677734375,11425.314453125,1920,1080,2073600,0.0055098929442465305,0.4,640,5
YOLO11s,hl_monaco_test.mp4,819,4095,81.9,3,capp,0.5574778914451599,0.0,225.4065399169922,189.1910400390625,506.47381591796875,189.1910400390625,281.0672607421875,53175.40625,1920,1080,2073600,0.025644004344940186,0.4,640,5
YOLO11s,hl_monaco_test.mp4,858,4290,85.8,1,atlasian,0.5488749146461487,1116.20263671875,544.26708984375,1266.01806640625,563.04150390625,149.8154296875,18.7744140625,2812.697021484375,1920,1080,2073600,0.0013564318651333451,0.4,640,5
YOLO11s,hl_monaco_test.mp4,859,4295,85.9,5,kick,0.5307320356369019,1036.959716796875,617.393310546875,1058.27685546875,625.835205078125,21.317138671875,8.44189453125,179.95703125,1920,1080,2073600,8.678483573021367e-05,0.4,640,5
YOLO11s,hl_monaco_test.mp4,859,4295,85.9,1,atlasian,0.4321827292442322,1213.9422607421875,563.902099609375,1377.119873046875,585.759033203125,163.1776123046875,21.85693359375,3566.562255859375,1920,1080,2073600,0.0017199856229126453,0.4,640,5
YOLO11s,hl_monaco_test.mp4,868,4340,86.8,0,aramco,0.44345778226852417,1131.8441162109375,689.1256103515625,1182.0758056640625,741.52490234375,50.231689453125,52.3992919921875,2632.10498046875,1920,1080,2073600,0.0012693407479673624,0.4,640,5
YOLO11s,hl_monaco_test.mp4,881,4405,88.1,1,atlasian,0.7141933441162109,994.2559204101562,592.3512573242188,1092.618408203125,603.6085815429688,98.36248779296875,11.25732421875,1107.2984619140625,1920,1080,2073600,0.0005339981289580464,0.4,640,5
YOLO11s,hl_monaco_test.mp4,882,4410,88.2,1,atlasian,0.8565544486045837,999.4019165039062,599.5592651367188,1106.183837890625,611.32080078125,106.78192138671875,11.76153564453125,1255.91943359375,1920,1080,2073600,0.0006056710262782872,0.4,640,5
YOLO11s,hl_monaco_test.mp4,883,4415,88.3,1,atlasian,0.7452459931373596,988.5479736328125,606.4758911132812,1111.464111328125,624.031494140625,122.9161376953125,17.55560302734375,2157.866943359375,1920,1080,2073600,0.0010406379587948322,0.4,640,5
YOLO11s,hl_monaco_test.mp4,884,4420,88.4,1,atlasian,0.765296459197998,1014.3348999023438,638.6861572265625,1103.054931640625,654.6551513671875,88.72003173828125,15.968994140625,1416.7696533203125,1920,1080,2073600,0.0006832415238022804,0.4,640,5
YOLO11s,hl_monaco_test.mp4,885,4425,88.5,1,atlasian,0.6371092796325684,895.7722778320312,673.290771484375,1022.1747436523438,696.2432861328125,126.4024658203125,22.9525146484375,2901.25439453125,1920,1080,2073600,0.001399138942360878,0.4,640,5
YOLO11s,hl_monaco_test.mp4,886,4430,88.6,1,atlasian,0.7937868237495422,624.6676025390625,698.457763671875,827.1729125976562,725.07568359375,202.50531005859375,26.617919921875,5390.27001953125,1920,1080,2073600,0.002599474275484681,0.4,640,5
YOLO11s,hl_monaco_test.mp4,893,4465,89.3,1,atlasian,0.4924717843532562,971.1461791992188,527.3554077148438,1048.027099609375,536.9750366210938,76.88092041015625,9.61962890625,739.56591796875,1920,1080,2073600,0.00035665795439854264,0.4,640,5
YOLO11s,hl_monaco_test.mp4,894,4470,89.4,1,atlasian,0.4014317989349365,971.7562866210938,520.4383544921875,1055.53759765625,530.3568115234375,83.78131103515625,9.91845703125,830.9813232421875,1920,1080,2073600,0.00040074330172501504,0.4,640,5
YOLO11s,hl_monaco_test.mp4,895,4475,89.5,1,atlasian,0.4770709276199341,981.7283935546875,503.96966552734375,1061.9033203125,517.2184448242188,80.1749267578125,13.248779296875,1062.219970703125,1920,1080,2073600,0.0005122588481754065,0.4,640,5
YOLO11s,hl_monaco_test.mp4,898,4490,89.8,1,atlasian,0.4002309739589691,961.6614990234375,491.341064453125,1093.8797607421875,505.070556640625,132.21826171875,13.7294921875,1815.28955078125,1920,1080,2073600,0.0008754290174692869,0.4,640,5
YOLO11s,hl_monaco_test.mp4,899,4495,89.9,1,atlasian,0.6173515915870667,970.8795776367188,499.0320739746094,1067.85693359375,515.7537841796875,96.97735595703125,16.721710205078125,1621.627197265625,1920,1080,2073600,0.0007820347091183066,0.4,640,5
YOLO11s,hl_monaco_test.mp4,903,4515,90.3,5,kick,0.6683507561683655,678.0433959960938,605.1022338867188,725.4840087890625,625.960693359375,47.44061279296875,20.85845947265625,989.5380859375,1920,1080,2073600,0.0004772077954839915,0.4,640,5
YOLO11s,hl_monaco_test.mp4,919,4595,91.9,1,atlasian,0.4740065038204193,1195.350830078125,734.551025390625,1507.79931640625,769.6563720703125,312.448486328125,35.1053466796875,10968.6123046875,1920,1080,2073600,0.00528964726254344,0.4,640,5
YOLO11s,hl_monaco_test.mp4,920,4600,92.0,1,atlasian,0.6360061168670654,1028.39453125,696.2521362304688,1253.22998046875,721.0634765625,224.83544921875,24.81134033203125,5578.46875,1920,1080,2073600,0.0026902337558567524,0.4,640,5
YOLO11s,hl_monaco_test.mp4,921,4605,92.1,1,atlasian,0.6423917412757874,910.4637451171875,669.3746337890625,1113.99169921875,693.72998046875,203.5279541015625,24.3553466796875,4956.99365234375,1920,1080,2073600,0.002390525536611676,0.4,640,5
YOLO11s,hl_monaco_test.mp4,922,4610,92.2,1,atlasian,0.44915926456451416,840.1060180664062,647.4642333984375,1042.51025390625,670.2240600585938,202.40423583984375,22.75982666015625,4606.685546875,1920,1080,2073600,0.0022215882781893015,0.4,640,5
YOLO11s,hl_monaco_test.mp4,923,4615,92.3,1,atlasian,0.47106876969337463,785.452880859375,631.4895629882812,965.4473876953125,651.314208984375,179.9945068359375,19.82464599609375,3568.327392578125,1920,1080,2073600,0.0017208368517458439,0.4,640,5
YOLO11s,hl_monaco_test.mp4,924,4620,92.4,1,atlasian,0.48668697476387024,734.0869140625,618.1181030273438,907.3917236328125,637.141845703125,173.3048095703125,19.02374267578125,3296.906005859375,1920,1080,2073600,0.001589943072758615,0.4,640,5
YOLO11s,hl_monaco_test.mp4,931,4655,93.1,1,atlasian,0.4659372866153717,645.2916259765625,542.5526733398438,764.4376220703125,561.2325439453125,119.14599609375,18.67987060546875,2225.6318359375,1920,1080,2073600,0.0010733178351074457,0.4,640,5
YOLO11s,hl_monaco_test.mp4,933,4665,93.3,9,petronas,0.7910118699073792,956.4488525390625,593.86767578125,1200.44384765625,622.797119140625,243.9949951171875,28.929443359375,7058.63916015625,1920,1080,2073600,0.003404050599783659,0.4,640,5
YOLO11s,hl_monaco_test.mp4,942,4710,94.2,1,atlasian,0.7903510332107544,485.57861328125,399.31951904296875,631.616943359375,414.9302673339844,146.038330078125,15.610748291015625,2279.767578125,1920,1080,2073600,0.0010994249023497105,0.4,640,5
YOLO11s,hl_monaco_test.mp4,943,4715,94.3,1,atlasian,0.6278777122497559,446.08203125,400.82977294921875,607.6467895507812,417.097412109375,161.56475830078125,16.26763916015625,2628.277099609375,1920,1080,2073600,0.0012674947502091527,0.4,640,5
YOLO11s,hl_monaco_test.mp4,944,4720,94.4,1,atlasian,0.5840992331504822,413.6693115234375,392.2695007324219,579.19482421875,409.0990905761719,165.5255126953125,16.82958984375,2785.7265625,1920,1080,2073600,0.001343425246886909,0.4,640,5
YOLO11s,hl_monaco_test.mp4,945,4725,94.5,9,petronas,0.4437595009803772,401.4697265625,383.2298583984375,577.7410888671875,404.36004638671875,176.2713623046875,21.13018798828125,3724.64697265625,1920,1080,2073600,0.0017962225247174501,0.4,640,5
YOLO11s,hl_monaco_test.mp4,946,4730,94.6,1,atlasian,0.4352060854434967,461.2841491699219,403.05047607421875,586.34130859375,419.59991455078125,125.05715942382812,16.5494384765625,2069.625732421875,1920,1080,2073600,0.0009980833856388927,0.4,640,5
YOLO11s,hl_monaco_test.mp4,947,4735,94.7,9,petronas,0.4390416443347931,904.1510009765625,308.5815734863281,958.798095703125,318.4624938964844,54.6470947265625,9.88092041015625,539.963623046875,1920,1080,2073600,0.0002603991306386888,0.4,640,5
YOLO11s,hl_monaco_test.mp4,949,4745,94.9,9,petronas,0.4423711597919464,1061.462158203125,491.3507995605469,1346.2593994140625,523.63525390625,284.7972412109375,32.284454345703125,9194.5234375,1920,1080,2073600,0.004434087313711643,0.4,640,5
YOLO11s,hl_monaco_test.mp4,950,4750,95.0,5,kick,0.5128028988838196,989.2261962890625,593.7225341796875,1014.550048828125,609.0311889648438,25.3238525390625,15.30865478515625,387.6741027832031,1920,1080,2073600,0.00018695702601689845,0.4,640,5
YOLO11s,hl_monaco_test.mp4,957,4785,95.7,2,bwt,0.4794915020465851,943.642333984375,593.2437744140625,973.447509765625,603.7786865234375,29.80517578125,10.534912109375,313.9949035644531,1920,1080,2073600,0.00015142501797527075,0.4,640,5
YOLO11s,hl_monaco_test.mp4,960,4800,96.0,2,bwt,0.41207632422447205,873.031005859375,535.311279296875,909.6387939453125,558.482177734375,36.6077880859375,23.1708984375,848.2353515625,1920,1080,2073600,0.00040906411595642567,0.4,640,5
YOLO11s,hl_monaco_test.mp4,961,4805,96.1,2,bwt,0.4129025340080261,862.2672729492188,532.46240234375,890.2575073242188,556.043212890625,27.990234375,23.580810546875,660.0324096679688,1920,1080,2073600,0.00031830265652388334,0.4,640,5
YOLO11s,hl_monaco_test.mp4,969,4845,96.9,2,bwt,0.5164123177528381,814.4217529296875,564.0579833984375,844.2891845703125,599.261962890625,29.867431640625,35.2039794921875,1051.452392578125,1920,1080,2073600,0.000507066142745316,0.4,640,5
YOLO11s,hl_monaco_test.mp4,969,4845,96.9,2,bwt,0.4330430328845978,825.02197265625,561.4591674804688,876.5802612304688,587.0946044921875,51.55828857421875,25.63543701171875,1321.71923828125,1920,1080,2073600,0.0006374031654559076,0.4,640,5
YOLO11s,hl_monaco_test.mp4,973,4865,97.3,2,bwt,0.8211227655410767,883.9141845703125,604.33056640625,979.313232421875,653.8675537109375,95.3990478515625,49.5369873046875,4725.78125,1920,1080,2073600,0.0022790227085351944,0.4,640,5
YOLO11s,hl_monaco_test.mp4,974,4870,97.4,2,bwt,0.90511155128479,913.0724487304688,625.217041015625,1037.58203125,679.8489990234375,124.50958251953125,54.6319580078125,6802.2021484375,1920,1080,2073600,0.0032803830690681934,0.4,640,5
YOLO11s,hl_monaco_test.mp4,975,4875,97.5,2,bwt,0.9249378442764282,958.4807739257812,642.2161254882812,1114.894287109375,692.2129516601562,156.41351318359375,49.996826171875,7820.17919921875,1920,1080,2073600,0.003771305549889803,0.4,640,5
YOLO11s,hl_monaco_test.mp4,976,4880,97.6,2,bwt,0.9143223166465759,1033.875,638.4796142578125,1189.0419921875,686.7628784179688,155.1669921875,48.28326416015625,7491.96875,1920,1080,2073600,0.003613024950027466,0.4,640,5
YOLO11s,hl_monaco_test.mp4,977,4885,97.7,2,bwt,0.9371941089630127,1114.953125,616.3389892578125,1242.316162109375,664.9000854492188,127.363037109375,48.56109619140625,6184.888671875,1920,1080,2073600,0.00298268161714077,0.4,640,5
YOLO11s,hl_monaco_test.mp4,978,4890,97.8,2,bwt,0.9125974178314209,1177.745361328125,589.64599609375,1280.349609375,635.427001953125,102.604248046875,45.781005859375,4697.32568359375,1920,1080,2073600,0.002265299903228879,0.4,640,5
YOLO11s,hl_monaco_test.mp4,979,4895,97.9,2,bwt,0.8506230711936951,1225.9228515625,571.3892211914062,1298.603271484375,608.0399780273438,72.680419921875,36.6507568359375,2663.79248046875,1920,1080,2073600,0.0012846221216022968,0.4,640,5
YOLO11s,hl_monaco_test.mp4,980,4900,98.0,2,bwt,0.8629744648933411,1247.0167236328125,556.4697265625,1301.53271484375,589.0589599609375,54.5159912109375,32.5892333984375,1776.6343994140625,1920,1080,2073600,0.0008567874319851398,0.4,640,5
YOLO11s,hl_monaco_test.mp4,981,4905,98.1,2,bwt,0.8028022050857544,1240.354736328125,546.9939575195312,1285.913330078125,574.0791625976562,45.55859375,27.085205078125,1233.9638671875,1920,1080,2073600,0.0005950828781351447,0.4,640,5
YOLO11s,hl_monaco_test.mp4,982,4910,98.2,2,bwt,0.6726194620132446,1223.3397216796875,543.8972778320312,1255.93212890625,562.0999755859375,32.5924072265625,18.20269775390625,593.2697143554688,1920,1080,2073600,0.0002861061366274953,0.4,640,5
YOLO11s,hl_monaco_test.mp4,983,4915,98.3,2,bwt,0.5595217943191528,1204.025146484375,535.6514892578125,1226.239501953125,554.6346435546875,22.21435546875,18.983154296875,421.69854736328125,1920,1080,2073600,0.00020336543093435466,0.4,640,5
YOLO11s,hl_monaco_test.mp4,985,4925,98.5,0,aramco,0.44614094495773315,701.9325561523438,213.26486206054688,745.0249633789062,238.69235229492188,43.0924072265625,25.427490234375,1095.7318115234375,1920,1080,2073600,0.0005284200306050479,0.4,640,5
YOLO11s,hl_monaco_test.mp4,994,4970,99.4,2,bwt,0.4957629144191742,605.8131103515625,572.2395629882812,740.7172241210938,594.6428833007812,134.90411376953125,22.4033203125,3022.300048828125,1920,1080,2073600,0.0014575135428458452,0.4,640,5
YOLO11s,hl_monaco_test.mp4,1002,5010,100.2,9,petronas,0.4225793480873108,500.7206726074219,271.3925476074219,593.2432861328125,288.7141418457031,92.52261352539062,17.32159423828125,1602.63916015625,1920,1080,2073600,0.0007728776545263827,0.4,640,5
YOLO11s,hl_monaco_test.mp4,1004,5020,100.4,9,petronas,0.5214352011680603,452.73028564453125,253.80465698242188,557.6742553710938,274.3372497558594,104.9439697265625,20.5325927734375,2154.771728515625,1920,1080,2073600,0.0010391452815383673,0.4,640,5
YOLO11s,hl_monaco_test.mp4,1011,5055,101.1,9,petronas,0.6367700695991516,425.2841796875,215.83551025390625,511.321044921875,234.88803100585938,86.036865234375,19.052520751953125,1639.2191162109375,1920,1080,2073600,0.0007905184756964445,0.4,640,5
YOLO11s,hl_monaco_test.mp4,1012,5060,101.2,2,bwt,0.47158756852149963,669.2623901367188,522.8062744140625,802.0794067382812,544.056396484375,132.8170166015625,21.2501220703125,2822.3779296875,1920,1080,2073600,0.0013611004687845707,0.4,640,5
YOLO11s,hl_monaco_test.mp4,1016,5080,101.6,2,bwt,0.6133288741111755,528.68994140625,317.6847839355469,686.4005126953125,352.0145263671875,157.7105712890625,34.329742431640625,5414.1630859375,1920,1080,2073600,0.0026109968312084675,0.4,640,5
YOLO11s,hl_monaco_test.mp4,1019,5095,101.9,2,bwt,0.6320096254348755,1672.63671875,283.5247802734375,1799.787353515625,453.54498291015625,127.150634765625,170.02020263671875,21618.17578125,1920,1080,2073600,0.010425431653857231,0.4,640,5
YOLO11s,hl_monaco_test.mp4,1020,5100,102.0,2,bwt,0.43779227137565613,1674.749267578125,302.24078369140625,1919.78173828125,535.9110107421875,245.032470703125,233.67022705078125,57256.79296875,1920,1080,2073600,0.027612265199422836,0.4,640,5
YOLO11s,hl_monaco_test.mp4,1024,5120,102.4,2,bwt,0.4713064432144165,611.9249267578125,321.2228698730469,1119.0751953125,548.1978149414062,507.1502685546875,226.97494506835938,115110.40625,1920,1080,2073600,0.05551235005259514,0.4,640,5
YOLO11s,hl_monaco_test.mp4,1025,5125,102.5,2,bwt,0.8861724734306335,758.076904296875,256.6112365722656,1038.3919677734375,429.7001037597656,280.3150634765625,173.0888671875,48519.41796875,1920,1080,2073600,0.023398639634251595,0.4,640,5
YOLO11s,hl_monaco_test.mp4,1026,5130,102.6,2,bwt,0.9098852872848511,816.112060546875,240.81069946289062,965.3082275390625,379.7589111328125,149.1961669921875,138.94821166992188,20730.541015625,1920,1080,2073600,0.009997366927564144,0.4,640,5
YOLO11s,hl_monaco_test.mp4,1027,5135,102.7,2,bwt,0.7896240949630737,845.6407470703125,277.4449462890625,930.592529296875,372.6438903808594,84.9517822265625,95.19894409179688,8087.31982421875,1920,1080,2073600,0.0039001349359750748,0.4,640,5
YOLO11s,hl_monaco_test.mp4,1029,5145,102.9,2,bwt,0.4014494717121124,1182.1175537109375,527.945068359375,1234.8145751953125,543.1796264648438,52.697021484375,15.23455810546875,802.8158569335938,1920,1080,2073600,0.0003871604276355356,0.4,640,5
YOLO11s,hl_monaco_test.mp4,1030,5150,103.0,2,bwt,0.47321832180023193,1194.69921875,537.5936279296875,1244.3154296875,552.0216064453125,49.6162109375,14.427978515625,715.8616333007812,1920,1080,2073600,0.00034522649366408587,0.4,640,5
YOLO11s,hl_monaco_test.mp4,1031,5155,103.1,2,bwt,0.5955952405929565,1206.3187255859375,541.86865234375,1259.664794921875,552.401611328125,53.3460693359375,10.532958984375,561.8919677734375,1920,1080,2073600,0.0002709741238504648,0.4,640,5
YOLO11s,hl_monaco_test.mp4,1032,5160,103.2,2,bwt,0.5587711930274963,1215.130126953125,545.1627197265625,1271.6666259765625,553.98876953125,56.5364990234375,8.8260498046875,498.99395751953125,1920,1080,2073600,0.0002406413696007803,0.4,640,5
YOLO11s,hl_monaco_test.mp4,1033,5165,103.3,2,bwt,0.6104226112365723,1228.5845947265625,545.7274169921875,1283.4195556640625,554.3641357421875,54.8349609375,8.63671875,473.5941467285156,1920,1080,2073600,0.0002283922367496416,0.4,640,5
YOLO11s,hl_monaco_test.mp4,1035,5175,103.5,2,bwt,0.5830656290054321,1266.2095947265625,549.1897583007812,1317.3646240234375,560.1392822265625,51.155029296875,10.94952392578125,560.1232299804688,1920,1080,2073600,0.00027012114878743887,0.4,640,5
YOLO11s,hl_monaco_test.mp4,1036,5180,103.6,2,bwt,0.532470703125,1279.6292724609375,551.8837280273438,1335.2442626953125,561.5115966796875,55.614990234375,9.62786865234375,535.4537963867188,1920,1080,2073600,0.000258224259596318,0.4,640,5
YOLO11s,hl_monaco_test.mp4,1038,5190,103.8,2,bwt,0.4219183623790741,1295.003662109375,567.1666259765625,1352.080322265625,577.2388916015625,57.07666015625,10.072265625,574.8912963867188,1920,1080,2073600,0.00027724308893084526,0.4,640,5
YOLO11s,hl_monaco_test.mp4,1039,5195,103.9,2,bwt,0.6084939241409302,1300.17333984375,570.50634765625,1353.6031494140625,580.377197265625,53.4298095703125,9.870849609375,527.3976440429688,1920,1080,2073600,0.0002543391310609877,0.4,640,5
YOLO11s,hl_monaco_test.mp4,1039,5195,103.9,6,moneygram,0.5777908563613892,882.4176025390625,551.7213134765625,910.159912109375,566.970703125,27.7423095703125,15.2493896484375,423.05328369140625,1920,1080,2073600,0.00020401875372044742,0.4,640,5
YOLO11s,hl_monaco_test.mp4,1040,5200,104.0,2,bwt,0.521485447883606,1290.0697021484375,575.8292236328125,1351.26025390625,586.5367431640625,61.1905517578125,10.70751953125,655.1990356445312,1920,1080,2073600,0.000315971759846434,0.4,640,5
YOLO11s,hl_monaco_test.mp4,1043,5215,104.3,6,moneygram,0.5733985304832458,550.668701171875,599.474365234375,574.6590576171875,610.153076171875,23.9903564453125,10.6787109375,256.18609619140625,1920,1080,2073600,0.00012354653154034168,0.4,640,5
YOLO11s,hl_monaco_test.mp4,1054,5270,105.4,2,bwt,0.6227418780326843,1188.290771484375,624.7760009765625,1287.339111328125,706.6613159179688,99.04833984375,81.88531494140625,8110.6044921875,1920,1080,2073600,0.003911363892257214,0.4,640,5
YOLO11s,hl_monaco_test.mp4,1055,5275,105.5,2,bwt,0.8740238547325134,1132.0478515625,636.98876953125,1274.6182861328125,727.569580078125,142.5704345703125,90.580810546875,12914.1455078125,1920,1080,2073600,0.0062278863042593,0.4,640,5
YOLO11s,hl_monaco_test.mp4,1056,5280,105.6,2,bwt,0.8897945880889893,998.6185913085938,660.1865234375,1228.864501953125,760.234375,230.24591064453125,100.0478515625,23035.609375,1920,1080,2073600,0.01110899355262518,0.4,640,5
YOLO11s,hl_monaco_test.mp4,1057,5285,105.7,2,bwt,0.8944224119186401,836.4534301757812,674.0189208984375,1133.9814453125,776.2913818359375,297.52801513671875,102.2724609375,30428.921875,1920,1080,2073600,0.014674441888928413,0.4,640,5
YOLO11s,hl_monaco_test.mp4,1058,5290,105.8,2,bwt,0.9196633696556091,750.8621826171875,643.5818481445312,1023.0433959960938,736.0541381835938,272.18121337890625,92.4722900390625,25169.220703125,1920,1080,2073600,0.012137934565544128,0.4,640,5
YOLO11s,hl_monaco_test.mp4,1059,5295,105.9,2,bwt,0.8975365161895752,757.9161987304688,579.268798828125,944.8487548828125,673.3443603515625,186.93255615234375,94.0755615234375,17585.78515625,1920,1080,2073600,0.00848079938441515,0.4,640,5
YOLO11s,hl_monaco_test.mp4,1060,5300,106.0,2,bwt,0.915515661239624,780.7086181640625,542.5238037109375,910.0576171875,617.816650390625,129.3489990234375,75.2928466796875,9739.0546875,1920,1080,2073600,0.0046966890804469585,0.4,640,5
YOLO11s,hl_monaco_test.mp4,1061,5305,106.1,2,bwt,0.8268713355064392,794.2452392578125,520.7706298828125,890.319580078125,584.054931640625,96.0743408203125,63.2843017578125,6079.99755859375,1920,1080,2073600,0.002932097529992461,0.4,640,5
YOLO11s,hl_monaco_test.mp4,1062,5310,106.2,2,bwt,0.5300331711769104,837.5864868164062,521.2937622070312,883.0695190429688,562.5650024414062,45.4830322265625,41.271240234375,1877.14111328125,1920,1080,2073600,0.000905257067643106,0.4,640,5
YOLO11s,hl_monaco_test.mp4,1063,5315,106.3,3,capp,0.6043822169303894,987.3291015625,468.9639587402344,1095.6505126953125,483.0808410644531,108.3214111328125,14.11688232421875,1529.16064453125,1920,1080,2073600,0.0007374424603767693,0.4,640,5
YOLO11s,hl_monaco_test.mp4,1101,5505,110.1,2,bwt,0.49416470527648926,1033.2763671875,478.0990905761719,1104.754150390625,492.4062194824219,71.477783203125,14.30712890625,1022.641845703125,1920,1080,2073600,0.000493172206915915,0.4,640,5
YOLO11s,hl_monaco_test.mp4,1103,5515,110.3,2,bwt,0.48831722140312195,1044.60888671875,479.6130065917969,1121.68115234375,494.6888122558594,77.072265625,15.0758056640625,1161.926513671875,1920,1080,2073600,0.0005603426252491772,0.4,640,5
YOLO11s,hl_monaco_test.mp4,1104,5520,110.4,2,bwt,0.4951931834220886,1036.456298828125,479.1810607910156,1114.249755859375,494.0776062011719,77.79345703125,14.89654541015625,1158.853759765625,1920,1080,2073600,0.0005588607746176422,0.4,640,5
YOLO11s,hl_monaco_test.mp4,1105,5525,110.5,2,bwt,0.4560328722000122,1032.8995361328125,472.0586242675781,1115.829833984375,487.1842346191406,82.9302978515625,15.1256103515625,1254.371337890625,1920,1080,2073600,0.000604924454819411,0.4,640,5
YOLO11s,hl_monaco_test.mp4,1108,5540,110.8,2,bwt,0.4212892949581146,1028.782470703125,439.7413330078125,1118.8604736328125,456.3717041015625,90.0780029296875,16.63037109375,1498.0306396484375,1920,1080,2073600,0.0007224298897199333,0.4,640,5
YOLO11s,hl_monaco_test.mp4,1110,5550,111.0,2,bwt,0.417192667722702,1032.7000732421875,424.7804260253906,1129.1771240234375,441.4500732421875,96.47705078125,16.669647216796875,1608.2384033203125,1920,1080,2073600,0.0007755779079161584,0.4,640,5
YOLO11s,hl_monaco_test.mp4,1111,5555,111.1,2,bwt,0.4401853680610657,1019.1154174804688,420.9436340332031,1116.470703125,436.8245544433594,97.35528564453125,15.88092041015625,1546.091552734375,1920,1080,2073600,0.0007456074235960841,0.4,640,5
YOLO11s,hl_monaco_test.mp4,1113,5565,111.3,2,bwt,0.5661302804946899,985.0777587890625,407.343505859375,1080.5035400390625,425.9068603515625,95.42578125,18.5633544921875,1771.422607421875,1920,1080,2073600,0.0008542740251868963,0.4,640,5
YOLO11s,hl_monaco_test.mp4,1113,5565,111.3,2,bwt,0.4104671776294708,1006.429443359375,507.6544189453125,1103.5164794921875,523.5211181640625,97.0870361328125,15.86669921875,1540.4508056640625,1920,1080,2073600,0.0007428871467709541,0.4,640,5
YOLO11s,hl_monaco_test.mp4,1114,5570,111.4,2,bwt,0.4827965795993805,969.4794921875,395.27618408203125,1069.9993896484375,412.6728515625,100.5198974609375,17.39666748046875,1748.711181640625,1920,1080,2073600,0.0008433213806711137,0.4,640,5
YOLO11s,hl_monaco_test.mp4,1115,5575,111.5,2,bwt,0.5145255923271179,972.3680419921875,379.58404541015625,1076.4927978515625,395.7275390625,104.124755859375,16.14349365234375,1680.9373779296875,1920,1080,2073600,0.0008106372551992536,0.4,640,5
YOLO11s,hl_monaco_test.mp4,1116,5580,111.6,2,bwt,0.47366103529930115,1003.0303955078125,358.4578857421875,1105.2794189453125,381.3486328125,102.2490234375,22.8907470703125,2340.556640625,1920,1080,2073600,0.0011287406086921692,0.4,640,5
YOLO11s,hl_monaco_test.mp4,1117,5585,111.7,2,bwt,0.6324238777160645,1025.162109375,354.92108154296875,1129.4644775390625,376.8807373046875,104.3023681640625,21.95965576171875,2290.444091796875,1920,1080,2073600,0.0011045737192034721,0.4,640,5
YOLO11s,hl_monaco_test.mp4,1119,5595,111.9,2,bwt,0.46662482619285583,1039.888671875,334.326416015625,1149.466552734375,358.33453369140625,109.577880859375,24.00811767578125,2630.758544921875,1920,1080,2073600,0.0012686913833022118,0.4,640,5
YOLO11s,hl_monaco_test.mp4,1120,5600,112.0,2,bwt,0.5332903861999512,1023.70849609375,334.86798095703125,1129.02734375,358.872314453125,105.31884765625,24.00433349609375,2528.108642578125,1920,1080,2073600,0.001219188212417066,0.4,640,5
YOLO11s,hl_monaco_test.mp4,1125,5625,112.5,2,bwt,0.6185581684112549,964.990234375,342.7369384765625,1063.9993896484375,370.6907043457031,99.0091552734375,27.953765869140625,2767.6787109375,1920,1080,2073600,0.00133472157176584,0.4,640,5
YOLO11s,hl_monaco_test.mp4,1126,5630,112.6,2,bwt,0.43016931414604187,998.8280639648438,361.7533264160156,1094.303955078125,386.42303466796875,95.47589111328125,24.669708251953125,2355.3623046875,1920,1080,2073600,0.0011358807096257806,0.4,640,5
YOLO11s,hl_monaco_test.mp4,1132,5660,113.2,2,bwt,0.7921789884567261,327.2044982910156,467.3738708496094,636.3678588867188,613.4141845703125,309.1633605957031,146.04031372070312,45150.3125,1920,1080,2073600,0.02177387848496437,0.4,640,5
YOLO11s,hl_monaco_test.mp4,1133,5665,113.3,2,bwt,0.40605947375297546,341.4752197265625,495.16644287109375,771.3092041015625,657.541259765625,429.833984375,162.37481689453125,69794.2109375,1920,1080,2073600,0.0336584746837616,0.4,640,5
YOLO11s,hl_monaco_test.mp4,1148,5740,114.8,8,oracle,0.693194568157196,983.2479858398438,142.95132446289062,1104.267578125,159.44638061523438,121.01959228515625,16.49505615234375,1996.2249755859375,1920,1080,2073600,0.0009626856772229075,0.4,640,5
YOLO11s,hl_monaco_test.mp4,1149,5745,114.9,8,oracle,0.6740068793296814,971.1170654296875,136.064453125,1097.09814453125,153.91053771972656,125.9810791015625,17.846084594726562,2248.26904296875,1920,1080,2073600,0.0010842346819117665,0.4,640,5
YOLO11s,hl_monaco_test.mp4,1150,5750,115.0,8,oracle,0.5178732872009277,967.1019287109375,135.2893524169922,1096.4044189453125,155.58444213867188,129.302490234375,20.295089721679688,2624.20556640625,1920,1080,2073600,0.0012655312893912196,0.4,640,5
YOLO11s,hl_monaco_test.mp4,1155,5775,115.5,2,bwt,0.617898166179657,1138.620361328125,630.498291015625,1265.838134765625,671.146240234375,127.2177734375,40.64794921875,5171.1416015625,1920,1080,2073600,0.002493798965588212,0.4,640,5
YOLO11s,hl_monaco_test.mp4,1155,5775,115.5,2,bwt,0.5437237024307251,1122.908203125,527.6432495117188,1201.2315673828125,555.8502197265625,78.3233642578125,28.20697021484375,2209.264892578125,1920,1080,2073600,0.0010654247598722577,0.4,640,5
YOLO11s,hl_monaco_test.mp4,1156,5780,115.6,8,oracle,0.7343484163284302,969.3605346679688,138.65817260742188,1093.9412841796875,155.32534790039062,124.58074951171875,16.66717529296875,2076.4091796875,1920,1080,2073600,0.0010013547725975513,0.4,640,5
YOLO11s,hl_monaco_test.mp4,1156,5780,115.6,2,bwt,0.6608659029006958,1140.26611328125,631.444580078125,1264.64404296875,670.239501953125,124.3779296875,38.794921875,4825.23193359375,1920,1080,2073600,0.0023269830271601677,0.4,640,5
YOLO11s,hl_monaco_test.mp4,1156,5780,115.6,2,bwt,0.4610964059829712,1122.939453125,527.3150634765625,1201.19921875,556.2994384765625,78.259765625,28.984375,2268.310302734375,1920,1080,2073600,0.0010938995983451605,0.4,640,5
YOLO11s,hl_monaco_test.mp4,1157,5785,115.7,8,oracle,0.622050940990448,956.2725219726562,133.679931640625,1082.017578125,149.41464233398438,125.74505615234375,15.734710693359375,1978.5621337890625,1920,1080,2073600,0.0009541676845401525,0.4,640,5
YOLO11s,hl_monaco_test.mp4,1157,5785,115.7,2,bwt,0.5623616576194763,1122.6375732421875,527.1276245117188,1201.3564453125,556.6287841796875,78.7188720703125,29.50115966796875,2322.298095703125,1920,1080,2073600,0.0011199354194104671,0.4,640,5
YOLO11s,hl_monaco_test.mp4,1157,5785,115.7,2,bwt,0.5206557512283325,1137.9818115234375,631.6265258789062,1265.986083984375,668.4039306640625,128.0042724609375,36.77740478515625,4707.6650390625,1920,1080,2073600,0.0022702859714627266,0.4,640,5
YOLO11s,hl_monaco_test.mp4,1158,5790,115.8,2,bwt,0.8099167943000793,1122.595458984375,527.320556640625,1201.3494873046875,556.4560546875,78.7540283203125,29.135498046875,2294.537841796875,1920,1080,2073600,0.0011065480066463351,0.4,640,5
YOLO11s,hl_monaco_test.mp4,1158,5790,115.8,2,bwt,0.7556467056274414,1140.69482421875,632.6218872070312,1269.53076171875,668.7416381835938,128.8359375,36.1197509765625,4653.52197265625,1920,1080,2073600,0.002244175411760807,0.4,640,5
YOLO11s,hl_monaco_test.mp4,1158,5790,115.8,8,oracle,0.6757975816726685,940.2816162109375,143.62294006347656,1057.7979736328125,158.682861328125,117.516357421875,15.059921264648438,1769.787109375,1920,1080,2073600,0.0008534853113815188,0.4,640,5
YOLO11s,hl_monaco_test.mp4,1159,5795,115.9,2,bwt,0.8041741251945496,1122.68798828125,527.3466796875,1201.3876953125,556.0986328125,78.69970703125,28.751953125,2262.770263671875,1920,1080,2073600,0.0010912279831245542,0.4,640,5
YOLO11s,hl_monaco_test.mp4,1159,5795,115.9,2,bwt,0.7489233613014221,1139.5394287109375,631.842041015625,1269.58935546875,670.0552368164062,130.0499267578125,38.21319580078125,4969.62353515625,1920,1080,2073600,0.0023966163862496614,0.4,640,5
YOLO11s,hl_monaco_test.mp4,1159,5795,115.9,8,oracle,0.41532671451568604,926.6751708984375,135.31451416015625,1048.672119140625,155.36776733398438,121.9969482421875,20.053253173828125,2446.435791015625,1920,1080,2073600,0.0011798011837527156,0.4,640,5
YOLO11s,hl_monaco_test.mp4,1160,5800,116.0,2,bwt,0.7589293122291565,1122.4698486328125,527.9423217773438,1199.7705078125,555.5509033203125,77.3006591796875,27.60858154296875,2134.16162109375,1920,1080,2073600,0.0010292059741914272,0.4,640,5
YOLO11s,hl_monaco_test.mp4,1160,5800,116.0,2,bwt,0.6685236692428589,1139.10400390625,631.8623046875,1270.208740234375,670.441162109375,131.104736328125,38.578857421875,5057.87109375,1920,1080,2073600,0.0024391738697886467,0.4,640,5
YOLO11s,hl_monaco_test.mp4,1161,5805,116.1,8,oracle,0.7487102746963501,897.907470703125,138.3888702392578,1017.179443359375,155.91763305664062,119.27197265625,17.528762817382812,2090.690185546875,1920,1080,2073600,0.001008241786621511,0.4,640,5
YOLO11s,hl_monaco_test.mp4,1161,5805,116.1,2,bwt,0.4808419346809387,1122.085693359375,528.5542602539062,1199.8106689453125,554.8394775390625,77.7249755859375,26.28521728515625,2043.017822265625,1920,1080,2073600,0.0009852516232058406,0.4,640,5
YOLO11s,hl_monaco_test.mp4,1162,5810,116.2,2,bwt,0.6721640229225159,1122.57275390625,527.4130859375,1200.705322265625,555.1959228515625,78.132568359375,27.7828369140625,2170.744384765625,1920,1080,2073600,0.00104684813413769,0.4,640,5
YOLO11s,hl_monaco_test.mp4,1162,5810,116.2,8,oracle,0.4913884401321411,896.0654296875,128.45452880859375,1014.1552734375,144.45359802246094,118.08984375,15.999069213867188,1889.32763671875,1920,1080,2073600,0.0009111340623348951,0.4,640,5
YOLO11s,hl_monaco_test.mp4,1163,5815,116.3,8,oracle,0.6622045040130615,885.365234375,134.65191650390625,1008.71240234375,149.82467651367188,123.34716796875,15.172760009765625,1871.5169677734375,1920,1080,2073600,0.0009025448234751821,0.4,640,5
YOLO11s,hl_monaco_test.mp4,1164,5820,116.4,8,oracle,0.7227497100830078,882.7410888671875,136.03961181640625,1005.7381591796875,151.48208618164062,122.9970703125,15.442474365234375,1899.379150390625,1920,1080,2073600,0.0009159814799204469,0.4,640,5
YOLO11s,hl_monaco_test.mp4,1165,5825,116.5,8,oracle,0.6406011581420898,879.0810546875,135.06692504882812,1011.0068359375,149.59286499023438,131.92578125,14.52593994140625,1916.345947265625,1920,1080,2073600,0.000924163730815053,0.4,640,5
YOLO11s,hl_monaco_test.mp4,1166,5830,116.6,8,oracle,0.6368089318275452,887.4224853515625,133.0411376953125,1007.9234619140625,148.39215087890625,120.5009765625,15.35101318359375,1849.8121337890625,1920,1080,2073600,0.0008920776308514178,0.4,640,5
YOLO11s,hl_monaco_test.mp4,1167,5835,116.7,8,oracle,0.7041077017784119,894.7662963867188,136.24374389648438,1013.6354370117188,151.74842834472656,118.869140625,15.504684448242188,1843.028564453125,1920,1080,2073600,0.0008888061856850982,0.4,640,5
YOLO11s,hl_monaco_test.mp4,1168,5840,116.8,8,oracle,0.7118189930915833,906.1036376953125,129.924560546875,1039.21875,146.96954345703125,133.1151123046875,17.04498291015625,2268.94482421875,1920,1080,2073600,0.0010942056542262435,0.4,640,5
YOLO11s,hl_monaco_test.mp4,1169,5845,116.9,8,oracle,0.7240291833877563,909.625732421875,139.58108520507812,1039.381103515625,156.12318420410156,129.75537109375,16.542098999023438,2146.42626953125,1920,1080,2073600,0.0010351206874474883,0.4,640,5
YOLO11s,hl_monaco_test.mp4,1170,5850,117.0,8,oracle,0.7097106575965881,920.8809814453125,137.65609741210938,1043.2093505859375,154.62197875976562,122.328369140625,16.96588134765625,2075.40869140625,1920,1080,2073600,0.0010008722310885787,0.4,640,5
YOLO11s,hl_monaco_test.mp4,1171,5855,117.1,8,oracle,0.7470681667327881,934.4108276367188,138.41542053222656,1047.9296875,156.73594665527344,113.51885986328125,18.320526123046875,2079.725341796875,1920,1080,2073600,0.001002953969873488,0.4,640,5
YOLO11s,hl_monaco_test.mp4,1172,5860,117.2,8,oracle,0.6881639957427979,944.786865234375,134.544189453125,1067.7506103515625,149.0965576171875,122.9637451171875,14.5523681640625,1789.4136962890625,1920,1080,2073600,0.000862950284499675,0.4,640,5
YOLO11s,hl_monaco_test.mp4,1173,5865,117.3,8,oracle,0.6980034708976746,950.3319091796875,138.69497680664062,1066.2547607421875,155.9861297607422,115.9228515625,17.291152954101562,2004.439697265625,1920,1080,2073600,0.0009666472324170172,0.4,640,5
YOLO11s,hl_monaco_test.mp4,1174,5870,117.4,8,oracle,0.6194555163383484,955.0471801757812,135.2147216796875,1074.86376953125,150.78384399414062,119.81658935546875,15.569122314453125,1865.4390869140625,1920,1080,2073600,0.0008996137767098844,0.4,640,5
YOLO11s,hl_monaco_test.mp4,1175,5875,117.5,8,oracle,0.5444402694702148,959.6143798828125,142.5145263671875,1075.64697265625,155.95611572265625,116.0325927734375,13.44158935546875,1559.6624755859375,1920,1080,2073600,0.0007521520601585507,0.4,640,5
YOLO11s,hl_monaco_test.mp4,1176,5880,117.6,8,oracle,0.5925936102867126,943.2299194335938,135.08282470703125,1062.363037109375,149.26559448242188,119.13311767578125,14.182769775390625,1689.6375732421875,1920,1080,2073600,0.0008148329216055572,0.4,640,5
YOLO11s,hl_monaco_test.mp4,1177,5885,117.7,8,oracle,0.7058868408203125,935.9148559570312,142.43353271484375,1050.406982421875,156.53672790527344,114.49212646484375,14.103195190429688,1614.704833984375,1920,1080,2073600,0.0007786963833495975,0.4,640,5
YOLO11s,hl_monaco_test.mp4,1178,5890,117.8,8,oracle,0.5744134187698364,932.5109252929688,134.9479522705078,1049.922119140625,150.75497436523438,117.41119384765625,15.807022094726562,1855.92138671875,1920,1080,2073600,0.0008950238116085529,0.4,640,5
YOLO11s,hl_monaco_test.mp4,1179,5895,117.9,8,oracle,0.6617766618728638,933.8662719726562,142.1588134765625,1048.722412109375,157.33358764648438,114.85614013671875,15.174774169921875,1742.916015625,1920,1080,2073600,0.0008405266562476754,0.4,640,5
YOLO11s,hl_monaco_test.mp4,1180,5900,118.0,8,oracle,0.6286284923553467,922.5618896484375,141.62637329101562,1034.239013671875,156.64108276367188,111.6771240234375,15.01470947265625,1676.799560546875,1920,1080,2073600,0.0008086417801678181,0.4,640,5
YOLO11s,hl_monaco_test.mp4,1181,5905,118.1,8,oracle,0.646355390548706,899.6314086914062,130.05921936035156,1021.1764526367188,146.06646728515625,121.5450439453125,16.007247924804688,1945.6016845703125,1920,1080,2073600,0.0009382723947055638,0.4,640,5
YOLO11s,hl_monaco_test.mp4,1182,5910,118.2,3,capp,0.5929087996482849,895.18798828125,140.41189575195312,1008.5408935546875,154.08248901367188,113.3529052734375,13.67059326171875,1549.6014404296875,1920,1080,2073600,0.0007473001023754478,0.4,640,5
YOLO11s,hl_monaco_test.mp4,1190,5950,119.0,2,bwt,0.847977340221405,1139.2952880859375,631.83544921875,1268.779052734375,669.7105712890625,129.4837646484375,37.8751220703125,4904.21337890625,1920,1080,2073600,0.002365072024986148,0.4,640,5
YOLO11s,hl_monaco_test.mp4,1190,5950,119.0,2,bwt,0.6068803071975708,1117.5247802734375,527.0765991210938,1198.8375244140625,550.24365234375,81.312744140625,23.16705322265625,1883.776611328125,1920,1080,2073600,0.0009084570920094848,0.4,640,5
YOLO11s,hl_monaco_test.mp4,1191,5955,119.1,2,bwt,0.8799506425857544,1140.1248779296875,630.7806396484375,1271.6568603515625,669.0458984375,131.531982421875,38.2652587890625,5033.10546875,1920,1080,2073600,0.002427230589091778,0.4,640,5
YOLO11s,hl_monaco_test.mp4,1191,5955,119.1,2,bwt,0.7204740643501282,913.34228515625,632.215576171875,1039.013916015625,670.3828125,125.671630859375,38.167236328125,4796.5390625,1920,1080,2073600,0.0023131456691771746,0.4,640,5
YOLO11s,hl_monaco_test.mp4,1192,5960,119.2,2,bwt,0.8850630521774292,1140.7734375,630.4703979492188,1272.668212890625,668.6671142578125,131.894775390625,38.19671630859375,5037.947265625,1920,1080,2073600,0.0024295656476169825,0.4,640,5
YOLO11s,hl_monaco_test.mp4,1192,5960,119.2,2,bwt,0.8539049029350281,915.0966796875,632.956298828125,1038.2479248046875,669.482421875,123.1512451171875,36.526123046875,4498.2373046875,1920,1080,2073600,0.0021692889276891947,0.4,640,5
YOLO11s,hl_monaco_test.mp4,1193,5965,119.3,2,bwt,0.8726221919059753,1140.417724609375,631.2943115234375,1270.42431640625,670.71533203125,130.006591796875,39.4210205078125,5124.99267578125,1920,1080,2073600,0.0024715436156839132,0.4,640,5
YOLO11s,hl_monaco_test.mp4,1193,5965,119.3,2,bwt,0.8388273119926453,915.3709716796875,633.0237426757812,1037.915771484375,671.5325927734375,122.5447998046875,38.50885009765625,4719.05908203125,1920,1080,2073600,0.002275780774652958,0.4,640,5
YOLO11s,hl_monaco_test.mp4,1194,5970,119.4,2,bwt,0.8843412399291992,1140.3504638671875,631.1727294921875,1267.8211669921875,668.8251953125,127.470703125,37.6524658203125,4799.58642578125,1920,1080,2073600,0.002314615296199918,0.4,640,5
YOLO11s,hl_monaco_test.mp4,1194,5970,119.4,2,bwt,0.8525742888450623,914.7486572265625,632.951171875,1038.4560546875,669.7310180664062,123.7073974609375,36.77984619140625,4549.93896484375,1920,1080,2073600,0.0021942220628261566,0.4,640,5
YOLO11s,hl_monaco_test.mp4,1195,5975,119.5,2,bwt,0.8783227801322937,1139.416748046875,630.973876953125,1269.16796875,669.6100463867188,129.751220703125,38.63616943359375,5013.09033203125,1920,1080,2073600,0.002417578361928463,0.4,640,5
YOLO11s,hl_monaco_test.mp4,1195,5975,119.5,2,bwt,0.8057814836502075,913.6983032226562,632.6947021484375,1037.860595703125,670.7813720703125,124.16229248046875,38.086669921875,4728.92822265625,1920,1080,2073600,0.0022805402986705303,0.4,640,5
YOLO11s,hl_monaco_test.mp4,1196,5980,119.6,2,bwt,0.8693739771842957,1141.6483154296875,630.5839233398438,1270.282470703125,668.7687377929688,128.6341552734375,38.184814453125,4911.87158203125,1920,1080,2073600,0.0023687651846557856,0.4,640,5
YOLO11s,hl_monaco_test.mp4,1196,5980,119.6,2,bwt,0.7677204608917236,914.2490844726562,632.48046875,1038.983154296875,669.9241943359375,124.73406982421875,37.4437255859375,4670.50830078125,1920,1080,2073600,0.002252367092296481,0.4,640,5
YOLO11s,hl_monaco_test.mp4,1197,5985,119.7,2,bwt,0.8938561677932739,1143.9539794921875,631.4518432617188,1266.52734375,668.3040161132812,122.5733642578125,36.8521728515625,4517.0947265625,1920,1080,2073600,0.0021783828269690275,0.4,640,5
YOLO11s,hl_monaco_test.mp4,1197,5985,119.7,2,bwt,0.7703274488449097,914.398681640625,632.0491943359375,1039.7830810546875,672.1627197265625,125.3843994140625,40.113525390625,5029.6103515625,1920,1080,2073600,0.0024255451280623674,0.4,640,5
YOLO11s,hl_monaco_test.mp4,1198,5990,119.8,2,bwt,0.8802783489227295,1141.4036865234375,631.1762084960938,1267.8577880859375,669.55126953125,126.4541015625,38.37506103515625,4852.68408203125,1920,1080,2073600,0.0023402217775583267,0.4,640,5
YOLO11s,hl_monaco_test.mp4,1198,5990,119.8,2,bwt,0.7116520404815674,914.81396484375,631.9776611328125,1039.1905517578125,671.609375,124.3765869140625,39.6317138671875,4929.25732421875,1920,1080,2073600,0.002377149648964405,0.4,640,5
YOLO11s,hl_monaco_test.mp4,1198,5990,119.8,8,oracle,0.4739021360874176,653.6603393554688,143.37844848632812,787.4146728515625,166.50802612304688,133.75433349609375,23.12957763671875,3093.68115234375,1920,1080,2073600,0.0014919373206794262,0.4,640,5
YOLO11s,hl_monaco_test.mp4,1199,5995,119.9,2,bwt,0.8841512799263,1144.062744140625,631.3081665039062,1266.785400390625,667.9406127929688,122.72265625,36.6324462890625,4495.63134765625,1920,1080,2073600,0.002168032107874751,0.4,640,5
YOLO11s,hl_monaco_test.mp4,1199,5995,119.9,2,bwt,0.7644183039665222,915.1620483398438,632.1671752929688,1040.21533203125,671.5877075195312,125.05328369140625,39.4205322265625,4929.6669921875,1920,1080,2073600,0.0023773470893502235,0.4,640,5
YOLO11s,hl_monaco_test.mp4,1200,6000,120.0,2,bwt,0.8840702176094055,1138.98876953125,631.27880859375,1268.40576171875,669.3740844726562,129.4169921875,38.09527587890625,4930.17578125,1920,1080,2073600,0.0023775924928486347,0.4,640,5
YOLO11s,hl_monaco_test.mp4,1200,6000,120.0,2,bwt,0.774097740650177,913.9099731445312,632.5137939453125,1039.205810546875,671.87060546875,125.29583740234375,39.3568115234375,4931.24462890625,1920,1080,2073600,0.0023781079798936844,0.4,640,5
YOLO11s,hl_monaco_test.mp4,1200,6000,120.0,8,oracle,0.45478546619415283,648.9979248046875,146.9288330078125,824.6244506835938,173.9201202392578,175.62652587890625,26.991287231445312,4740.38623046875,1920,1080,2073600,0.002286065835505724,0.4,640,5
YOLO11s,hl_monaco_test.mp4,1201,6005,120.1,2,bwt,0.8889361619949341,1140.6651611328125,629.4475708007812,1269.2877197265625,667.6148071289062,128.62255859375,38.167236328125,4909.16748046875,1920,1080,2073600,0.0023674611002206802,0.4,640,5
YOLO11s,hl_monaco_test.mp4,1201,6005,120.1,2,bwt,0.7086279988288879,913.797119140625,630.5202026367188,1041.127685546875,671.195068359375,127.33056640625,40.67486572265625,5179.15380859375,1920,1080,2073600,0.0024976630229502916,0.4,640,5
YOLO11s,hl_monaco_test.mp4,1202,6010,120.2,2,bwt,0.8699182868003845,1138.7406005859375,631.0850219726562,1268.362060546875,668.4864501953125,129.6214599609375,37.40142822265625,4848.02783203125,1920,1080,2073600,0.002337976358830929,0.4,640,5
YOLO11s,hl_monaco_test.mp4,1202,6010,120.2,2,bwt,0.7837516069412231,913.6986694335938,632.2026977539062,1040.160888671875,671.5293579101562,126.46221923828125,39.32666015625,4973.3369140625,1920,1080,2073600,0.0023984070867300034,0.4,640,5
YOLO11s,hl_monaco_test.mp4,1203,6015,120.3,2,bwt,0.880336344242096,1142.1993408203125,630.966796875,1266.730712890625,667.7415161132812,124.5313720703125,36.77471923828125,4579.6064453125,1920,1080,2073600,0.0022085292730480433,0.4,640,5
YOLO11s,hl_monaco_test.mp4,1203,6015,120.3,2,bwt,0.6234015226364136,913.7684326171875,631.1285400390625,1039.7138671875,672.373291015625,125.9454345703125,41.2447509765625,5194.587890625,1920,1080,2073600,0.0025051061529666185,0.4,640,5
YOLO11s,hl_monaco_test.mp4,1204,6020,120.4,2,bwt,0.8886831998825073,1141.12353515625,631.3358764648438,1266.9287109375,668.3311767578125,125.80517578125,36.99530029296875,4654.2001953125,1920,1080,2073600,0.002244502305984497,0.4,640,5
YOLO11s,hl_monaco_test.mp4,1204,6020,120.4,2,bwt,0.7097312211990356,913.956298828125,631.6097412109375,1041.2999267578125,672.789306640625,127.3436279296875,41.1795654296875,5243.955078125,1920,1080,2073600,0.002528913551941514,0.4,640,5
YOLO11s,hl_monaco_test.mp4,1204,6020,120.4,8,oracle,0.430310994386673,344.2312316894531,171.70664978027344,627.17333984375,222.85963439941406,282.9421081542969,51.152984619140625,14473.3330078125,1920,1080,2073600,0.006979809608310461,0.4,640,5
YOLO11s,hl_monaco_test.mp4,1205,6025,120.5,2,bwt,0.8769261240959167,1141.8857421875,630.78466796875,1267.404541015625,666.9619140625,125.518798828125,36.17724609375,4540.92431640625,1920,1080,2073600,0.002189874881878495,0.4,640,5
YOLO11s,hl_monaco_test.mp4,1205,6025,120.5,2,bwt,0.776381254196167,913.54638671875,631.6792602539062,1041.353515625,672.4696655273438,127.80712890625,40.7904052734375,5213.3046875,1920,1080,2073600,0.002514132298529148,0.4,640,5
YOLO11s,hl_monaco_test.mp4,1205,6025,120.5,8,oracle,0.4307842254638672,227.795166015625,183.11077880859375,560.3980712890625,243.1080322265625,332.6029052734375,59.99725341796875,19955.26171875,1920,1080,2073600,0.009623486548662186,0.4,640,5
YOLO11s,hl_monaco_test.mp4,1206,6030,120.6,2,bwt,0.8748615384101868,1140.05810546875,630.9992065429688,1270.99462890625,669.9615478515625,130.9365234375,38.96234130859375,5101.59375,1920,1080,2073600,0.002460259245708585,0.4,640,5
YOLO11s,hl_monaco_test.mp4,1206,6030,120.6,2,bwt,0.5243152379989624,913.9822998046875,631.4825439453125,1039.7772216796875,673.4635009765625,125.794921875,41.98095703125,5280.9912109375,1920,1080,2073600,0.002546774223446846,0.4,640,5
YOLO11s,hl_monaco_test.mp4,1206,6030,120.6,8,oracle,0.5225079655647278,0.0,204.85418701171875,393.189697265625,280.8204345703125,393.189697265625,75.96624755859375,29869.146484375,1920,1080,2073600,0.014404487796127796,0.4,640,5
YOLO11s,hl_monaco_test.mp4,1207,6035,120.7,2,bwt,0.8708126544952393,1140.118896484375,631.8880615234375,1267.049072265625,668.97705078125,126.93017578125,37.0889892578125,4707.7119140625,1920,1080,2073600,0.002270308556035161,0.4,640,5
YOLO11s,hl_monaco_test.mp4,1207,6035,120.7,2,bwt,0.656026303768158,912.96533203125,631.824462890625,1039.8292236328125,673.617919921875,126.8638916015625,41.79345703125,5302.08056640625,1920,1080,2073600,0.0025569447316229343,0.4,640,5
YOLO11s,hl_monaco_test.mp4,1208,6040,120.8,2,bwt,0.8719664812088013,1144.756103515625,631.146484375,1266.89453125,668.7064819335938,122.138427734375,37.55999755859375,4587.51904296875,1920,1080,2073600,0.0022123451344668865,0.4,640,5
YOLO11s,hl_monaco_test.mp4,1208,6040,120.8,2,bwt,0.7008219957351685,914.4585571289062,632.1339721679688,1043.844970703125,673.1929931640625,129.38641357421875,41.05902099609375,5312.4794921875,1920,1080,2073600,0.002561959670856595,0.4,640,5
YOLO11s,hl_monaco_test.mp4,1208,6040,120.8,2,bwt,0.4005863070487976,1123.7220458984375,525.9644775390625,1203.942138671875,550.27099609375,80.2200927734375,24.3065185546875,1949.8712158203125,1920,1080,2073600,0.0009403314325027168,0.4,640,5
YOLO11s,hl_monaco_test.mp4,1209,6045,120.9,2,bwt,0.8769352436065674,1139.9710693359375,630.4165649414062,1270.9442138671875,669.0093383789062,130.97314453125,38.5927734375,5054.61669921875,1920,1080,2073600,0.0024376045912504196,0.4,640,5
YOLO11s,hl_monaco_test.mp4,1209,6045,120.9,2,bwt,0.4864616096019745,913.881103515625,632.3941650390625,1040.8193359375,672.44921875,126.938232421875,40.0550537109375,5084.517578125,1920,1080,2073600,0.002452024258673191,0.4,640,5
YOLO11s,hl_monaco_test.mp4,1210,6050,121.0,2,bwt,0.8756554126739502,1138.38037109375,631.1229858398438,1267.68408203125,668.7747802734375,129.3037109375,37.65179443359375,4868.5166015625,1920,1080,2073600,0.0023478572256863117,0.4,640,5
YOLO11s,hl_monaco_test.mp4,1211,6055,121.1,2,bwt,0.8852965235710144,1140.894775390625,629.7434692382812,1268.395751953125,666.579345703125,127.5009765625,36.83587646484375,4696.6103515625,1920,1080,2073600,0.002264954848214984,0.4,640,5
YOLO11s,hl_monaco_test.mp4,1212,6060,121.2,2,bwt,0.8945236206054688,1138.1578369140625,631.2608642578125,1267.0716552734375,669.1389770507812,128.913818359375,37.87811279296875,4883.01220703125,1920,1080,2073600,0.0023548477329313755,0.4,640,5
YOLO11s,hl_monaco_test.mp4,1212,6060,121.2,2,bwt,0.6220378875732422,913.1011962890625,631.84130859375,1041.7796630859375,673.7508544921875,128.678466796875,41.9095458984375,5392.85595703125,1920,1080,2073600,0.0026007213164120913,0.4,640,5
YOLO11s,hl_monaco_test.mp4,1213,6065,121.3,2,bwt,0.8807547688484192,1140.47509765625,629.6688232421875,1268.546630859375,667.491455078125,128.071533203125,37.8226318359375,4844.00244140625,1920,1080,2073600,0.002336035016924143,0.4,640,5
YOLO11s,hl_monaco_test.mp4,1213,6065,121.3,2,bwt,0.6280933618545532,913.798828125,632.2059326171875,1043.5587158203125,672.0262451171875,129.7598876953125,39.8203125,5167.0791015625,1920,1080,2073600,0.0024918399285525084,0.4,640,5
YOLO11s,hl_monaco_test.mp4,1214,6070,121.4,2,bwt,0.8907702565193176,1139.8743896484375,630.484619140625,1266.1812744140625,668.4243774414062,126.306884765625,37.93975830078125,4792.052734375,1920,1080,2073600,0.002310982206836343,0.4,640,5
YOLO11s,hl_monaco_test.mp4,1214,6070,121.4,2,bwt,0.5755912661552429,913.2866821289062,631.3729248046875,1041.873291015625,672.6710815429688,128.58660888671875,41.29815673828125,5310.39013671875,1920,1080,2073600,0.002560951979830861,0.4,640,5
YOLO11s,hl_monaco_test.mp4,1215,6075,121.5,2,bwt,0.87998366355896,1139.6268310546875,630.7238159179688,1267.5743408203125,668.3362426757812,127.947509765625,37.6124267578125,4812.41650390625,1920,1080,2073600,0.0023208027705550194,0.4,640,5
YOLO11s,hl_monaco_test.mp4,1215,6075,121.5,2,bwt,0.5109981298446655,911.9661254882812,630.724853515625,1040.877197265625,674.24072265625,128.91107177734375,43.515869140625,5609.67724609375,1920,1080,2073600,0.002705284161493182,0.4,640,5
YOLO11s,hl_monaco_test.mp4,1216,6080,121.6,2,bwt,0.8774357438087463,1138.869873046875,631.18212890625,1267.3231201171875,669.0386962890625,128.4532470703125,37.8565673828125,4862.798828125,1920,1080,2073600,0.002345099812373519,0.4,640,5
YOLO11s,hl_monaco_test.mp4,1217,6085,121.7,2,bwt,0.8972336649894714,1140.062744140625,631.698486328125,1266.29248046875,668.6149291992188,126.229736328125,36.91644287109375,4659.95263671875,1920,1080,2073600,0.002247276483103633,0.4,640,5
YOLO11s,hl_monaco_test.mp4,1218,6090,121.8,2,bwt,0.9022209048271179,1139.0892333984375,631.4091186523438,1266.677734375,668.9819946289062,127.5885009765625,37.5728759765625,4793.86669921875,1920,1080,2073600,0.0023118569515645504,0.4,640,5
YOLO11s,hl_monaco_test.mp4,1218,6090,121.8,2,bwt,0.661569356918335,912.8612060546875,632.0451049804688,1039.7203369140625,672.76611328125,126.859130859375,40.72100830078125,5165.83154296875,1920,1080,2073600,0.0024912382941693068,0.4,640,5
YOLO11s,hl_monaco_test.mp4,1220,6100,122.0,2,bwt,0.8944249749183655,1138.760498046875,631.871826171875,1265.971435546875,668.685791015625,127.2109375,36.81396484375,4683.13916015625,1920,1080,2073600,0.0022584584075957537,0.4,640,5
YOLO11s,hl_monaco_test.mp4,1220,6100,122.0,2,bwt,0.5842621326446533,913.5570068359375,631.7246704101562,1042.1295166015625,672.060791015625,128.572509765625,40.33612060546875,5186.1162109375,1920,1080,2073600,0.0025010204408317804,0.4,640,5
YOLO11s,hl_monaco_test.mp4,1221,6105,122.1,2,bwt,0.8917987942695618,1139.1649169921875,631.573974609375,1266.4036865234375,667.9916381835938,127.23876953125,36.41766357421875,4633.73876953125,1920,1080,2073600,0.0022346347104758024,0.4,640,5
YOLO11s,hl_monaco_test.mp4,1221,6105,122.1,2,bwt,0.5827595591545105,912.1556396484375,630.8334350585938,1041.1256103515625,672.4826049804688,128.969970703125,41.649169921875,5371.4921875,1920,1080,2073600,0.002590418793261051,0.4,640,5
YOLO11s,hl_monaco_test.mp4,1222,6110,122.2,2,bwt,0.9009407758712769,1139.374267578125,631.818603515625,1266.3792724609375,668.7469482421875,127.0050048828125,36.9283447265625,4690.08447265625,1920,1080,2073600,0.0022618076764047146,0.4,640,5
YOLO11s,hl_monaco_test.mp4,1222,6110,122.2,2,bwt,0.5526708364486694,912.990478515625,631.3968505859375,1040.17333984375,671.901611328125,127.182861328125,40.5047607421875,5151.51123046875,1920,1080,2073600,0.0024843323044478893,0.4,640,5
YOLO11s,hl_monaco_test.mp4,1223,6115,122.3,2,bwt,0.8987882137298584,1139.2130126953125,632.0328369140625,1266.2109375,668.7540893554688,126.9979248046875,36.72125244140625,4663.52294921875,1920,1080,2073600,0.0022489982657134533,0.4,640,5
YOLO11s,hl_monaco_test.mp4,1223,6115,122.3,2,bwt,0.6392382979393005,911.959716796875,631.8214111328125,1040.15185546875,672.27099609375,128.192138671875,40.4495849609375,5185.31884765625,1920,1080,2073600,0.002500636037439108,0.4,640,5
YOLO11s,hl_monaco_test.mp4,1224,6120,122.4,2,bwt,0.8946312069892883,1138.797119140625,632.17919921875,1266.2239990234375,669.2194213867188,127.4268798828125,37.04022216796875,4719.919921875,1920,1080,2073600,0.0022761959116905928,0.4,640,5
YOLO11s,hl_monaco_test.mp4,1224,6120,122.4,2,bwt,0.7475225329399109,913.3368530273438,631.6657104492188,1040.60693359375,671.501708984375,127.27008056640625,39.83599853515625,5069.9306640625,1920,1080,2073600,0.0024449897464364767,0.4,640,5
YOLO11s,hl_monaco_test.mp4,1225,6125,122.5,2,bwt,0.8960784673690796,1137.89697265625,631.8440551757812,1267.3270263671875,669.0860595703125,129.4300537109375,37.24200439453125,4820.23486328125,1920,1080,2073600,0.00232457322999835,0.4,640,5
YOLO11s,hl_monaco_test.mp4,1225,6125,122.5,2,bwt,0.7474327087402344,913.3807373046875,631.8382568359375,1040.3988037109375,671.2432250976562,127.01806640625,39.40496826171875,5005.14306640625,1920,1080,2073600,0.0024137457367032766,0.4,640,5
YOLO11s,hl_monaco_test.mp4,1226,6130,122.6,2,bwt,0.8913491368293762,1139.0313720703125,631.9466552734375,1266.2149658203125,669.0928955078125,127.18359375,37.146240234375,4724.39208984375,1920,1080,2073600,0.0022783526219427586,0.4,640,5
YOLO11s,hl_monaco_test.mp4,1226,6130,122.6,2,bwt,0.7566384673118591,914.0845947265625,631.9832153320312,1041.4234619140625,671.167236328125,127.3388671875,39.18402099609375,4989.64892578125,1920,1080,2073600,0.002406273502856493,0.4,640,5
YOLO11s,hl_monaco_test.mp4,1227,6135,122.7,2,bwt,0.8975743651390076,1139.208251953125,631.4070434570312,1266.4052734375,668.7049560546875,127.197021484375,37.29791259765625,4744.18359375,1920,1080,2073600,0.0022878972813487053,0.4,640,5
YOLO11s,hl_monaco_test.mp4,1227,6135,122.7,2,bwt,0.7043532133102417,915.3204345703125,632.1973876953125,1041.5013427734375,671.9222412109375,126.180908203125,39.724853515625,5012.51806640625,1920,1080,2073600,0.0024173022247850895,0.4,640,5
YOLO11s,hl_monaco_test.mp4,1228,6140,122.8,2,bwt,0.8913628458976746,1138.91064453125,631.4979248046875,1268.1845703125,668.9833984375,129.27392578125,37.4854736328125,4845.89453125,1920,1080,2073600,0.0023369474802166224,0.4,640,5
YOLO11s,hl_monaco_test.mp4,1228,6140,122.8,2,bwt,0.7215531468391418,913.7199096679688,631.7184448242188,1040.24462890625,671.5643920898438,126.52471923828125,39.845947265625,5041.4970703125,1920,1080,2073600,0.0024312774185091257,0.4,640,5
YOLO11s,hl_monaco_test.mp4,1229,6145,122.9,2,bwt,0.8859918713569641,1138.50390625,631.9645385742188,1267.8311767578125,669.2114868164062,129.3272705078125,37.2469482421875,4817.04638671875,1920,1080,2073600,0.0023230353835970163,0.4,640,5
YOLO11s,hl_monaco_test.mp4,1229,6145,122.9,2,bwt,0.6531489491462708,913.6404418945312,631.9024658203125,1040.2021484375,671.729248046875,126.56170654296875,39.8267822265625,5040.54541015625,1920,1080,2073600,0.002430818509310484,0.4,640,5
YOLO11s,hl_monaco_test.mp4,1230,6150,123.0,2,bwt,0.8826633095741272,1139.3140869140625,630.4495849609375,1269.699462890625,670.4712524414062,130.3853759765625,40.02166748046875,5218.240234375,1920,1080,2073600,0.0025165125261992216,0.4,640,5
YOLO11s,hl_monaco_test.mp4,1230,6150,123.0,2,bwt,0.7313753366470337,914.038330078125,632.2018432617188,1040.84765625,670.8993530273438,126.809326171875,38.697509765625,4907.205078125,1920,1080,2073600,0.002366514876484871,0.4,640,5
YOLO11s,hl_monaco_test.mp4,1231,6155,123.1,2,bwt,0.8821620941162109,1139.3466796875,630.5394287109375,1267.981201171875,668.6207885742188,128.634521484375,38.08135986328125,4898.57763671875,1920,1080,2073600,0.0023623541928827763,0.4,640,5
YOLO11s,hl_monaco_test.mp4,1231,6155,123.1,2,bwt,0.8222224712371826,913.4896240234375,631.6390380859375,1039.760498046875,670.5235595703125,126.2708740234375,38.884521484375,4909.982421875,1920,1080,2073600,0.002367854118347168,0.4,640,5
YOLO11s,hl_monaco_test.mp4,1232,6160,123.2,2,bwt,0.8914833664894104,1139.576416015625,630.0481567382812,1268.93896484375,667.5661010742188,129.362548828125,37.5179443359375,4853.4169921875,1920,1080,2073600,0.0023405752144753933,0.4,640,5
YOLO11s,hl_monaco_test.mp4,1232,6160,123.2,2,bwt,0.8166106939315796,913.4327392578125,630.6520385742188,1040.929443359375,671.1077270507812,127.4967041015625,40.4556884765625,5157.966796875,1920,1080,2073600,0.0024874454829841852,0.4,640,5
YOLO11s,hl_monaco_test.mp4,1233,6165,123.3,2,bwt,0.8742937445640564,1139.5107421875,630.5101928710938,1268.4268798828125,669.1040649414062,128.9161376953125,38.5938720703125,4975.373046875,1920,1080,2073600,0.0023993889335542917,0.4,640,5
YOLO11s,hl_monaco_test.mp4,1233,6165,123.3,2,bwt,0.8014251589775085,914.9168701171875,632.2803955078125,1041.337890625,670.9487915039062,126.4210205078125,38.66839599609375,4888.498046875,1920,1080,2073600,0.0023574931547045708,0.4,640,5
YOLO11s,hl_monaco_test.mp4,1234,6170,123.4,2,bwt,0.8859818577766418,1139.0499267578125,630.8709716796875,1269.4241943359375,669.939208984375,130.374267578125,39.0682373046875,5093.49267578125,1920,1080,2073600,0.0024563525803387165,0.4,640,5
YOLO11s,hl_monaco_test.mp4,1234,6170,123.4,2,bwt,0.8436071872711182,914.638671875,632.2427978515625,1040.4713134765625,671.095703125,125.8326416015625,38.8529052734375,4888.9638671875,1920,1080,2073600,0.0023577178362756968,0.4,640,5
YOLO11s,hl_monaco_test.mp4,1235,6175,123.5,2,bwt,0.8837186098098755,1138.785888671875,631.561279296875,1269.42822265625,668.396728515625,130.642333984375,36.83544921875,4812.26904296875,1920,1080,2073600,0.0023207315243780613,0.4,640,5
YOLO11s,hl_monaco_test.mp4,1235,6175,123.5,2,bwt,0.8157634139060974,914.1273193359375,631.8814086914062,1041.0589599609375,670.8841552734375,126.931640625,39.00274658203125,4950.6826171875,1920,1080,2073600,0.002387481974437833,0.4,640,5
YOLO11s,hl_monaco_test.mp4,1236,6180,123.6,2,bwt,0.8922003507614136,1138.6976318359375,631.8008422851562,1267.498291015625,668.8809814453125,128.8006591796875,37.08013916015625,4775.9462890625,1920,1080,2073600,0.002303214743733406,0.4,640,5
YOLO11s,hl_monaco_test.mp4,1236,6180,123.6,2,bwt,0.7967268824577332,913.70166015625,631.8880004882812,1041.1531982421875,671.0751342773438,127.4515380859375,39.1871337890625,4994.46044921875,1920,1080,2073600,0.0024085938930511475,0.4,640,5
YOLO11s,hl_monaco_test.mp4,1237,6185,123.7,2,bwt,0.887924313545227,1138.3154296875,631.7297973632812,1267.2593994140625,669.385986328125,128.9439697265625,37.65618896484375,4855.53857421875,1920,1080,2073600,0.002341598505154252,0.4,640,5
YOLO11s,hl_monaco_test.mp4,1237,6185,123.7,2,bwt,0.8704093098640442,913.613525390625,631.9586791992188,1041.5745849609375,671.2913818359375,127.9610595703125,39.33270263671875,5033.05419921875,1920,1080,2073600,0.0024272059090435505,0.4,640,5
YOLO11s,hl_monaco_test.mp4,1238,6190,123.8,2,bwt,0.8808461427688599,1137.85498046875,632.2244262695312,1266.8828125,669.4278564453125,129.02783203125,37.20343017578125,4800.27783203125,1920,1080,2073600,0.00231494870968163,0.4,640,5
YOLO11s,hl_monaco_test.mp4,1238,6190,123.8,2,bwt,0.8632934093475342,913.6005249023438,631.685546875,1041.709716796875,670.7803344726562,128.10919189453125,39.09478759765625,5008.40185546875,1920,1080,2073600,0.0024153173435479403,0.4,640,5
YOLO11s,hl_monaco_test.mp4,1239,6195,123.9,2,bwt,0.8826575875282288,1138.9560546875,631.675537109375,1267.02001953125,668.8006591796875,128.06396484375,37.1251220703125,4754.39013671875,1920,1080,2073600,0.002292819321155548,0.4,640,5
YOLO11s,hl_monaco_test.mp4,1239,6195,123.9,2,bwt,0.840404212474823,913.768310546875,632.2095336914062,1041.9281005859375,670.5899658203125,128.1597900390625,38.38043212890625,4918.828125,1920,1080,2073600,0.002372120041400194,0.4,640,5
YOLO11s,hl_monaco_test.mp4,1240,6200,124.0,2,bwt,0.8721422553062439,1138.032470703125,631.518310546875,1269.643310546875,668.9349975585938,131.61083984375,37.41668701171875,4924.44140625,1920,1080,2073600,0.0023748271632939577,0.4,640,5
YOLO11s,hl_monaco_test.mp4,1240,6200,124.0,2,bwt,0.7532692551612854,912.297119140625,632.3048095703125,1040.4710693359375,671.08935546875,128.1739501953125,38.7845458984375,4971.16845703125,1920,1080,2073600,0.002397361444309354,0.4,640,5
YOLO11s,hl_monaco_test.mp4,1241,6205,124.1,2,bwt,0.8744887709617615,1138.69921875,631.6688232421875,1267.40869140625,669.158203125,128.70947265625,37.4893798828125,4825.23828125,1920,1080,2073600,0.002326986053958535,0.4,640,5
YOLO11s,hl_monaco_test.mp4,1241,6205,124.1,2,bwt,0.6461881399154663,912.9246826171875,631.9134521484375,1041.3292236328125,671.6207885742188,128.404541015625,39.70733642578125,5098.6025390625,1920,1080,2073600,0.002458816859871149,0.4,640,5
YOLO11s,hl_monaco_test.mp4,1242,6210,124.2,2,bwt,0.6687790751457214,1142.727294921875,631.1841430664062,1269.25146484375,669.5892333984375,126.524169921875,38.40509033203125,4859.17236328125,1920,1080,2073600,0.002343350788578391,0.4,640,5
YOLO11s,hl_monaco_test.mp4,1242,6210,124.2,2,bwt,0.6573489904403687,917.0183715820312,631.318115234375,1038.5189208984375,671.6807861328125,121.50054931640625,40.3626708984375,4904.0869140625,1920,1080,2073600,0.0023650110233575106,0.4,640,5
YOLO11s,hl_monaco_test.mp4,1242,6210,124.2,2,bwt,0.6414942741394043,1126.350830078125,525.954833984375,1202.30810546875,545.75,75.957275390625,19.795166015625,1503.5869140625,1920,1080,2073600,0.0007251094211824238,0.4,640,5
YOLO11s,hl_monaco_test.mp4,1243,6215,124.3,2,bwt,0.8777841925621033,1140.168701171875,631.607177734375,1267.251953125,668.2208251953125,127.083251953125,36.6136474609375,4652.9814453125,1920,1080,2073600,0.0022439146414399147,0.4,640,5
YOLO11s,hl_monaco_test.mp4,1243,6215,124.3,2,bwt,0.6456114649772644,913.3174438476562,631.3272705078125,1040.57177734375,672.571044921875,127.25433349609375,41.2437744140625,5248.44921875,1920,1080,2073600,0.0025310807395726442,0.4,640,5
YOLO11s,hl_monaco_test.mp4,1244,6220,124.4,2,bwt,0.8812435269355774,1139.566650390625,631.3302001953125,1269.3341064453125,669.37451171875,129.7674560546875,38.0443115234375,4936.91357421875,1920,1080,2073600,0.002380841877311468,0.4,640,5
YOLO11s,hl_monaco_test.mp4,1244,6220,124.4,2,bwt,0.5984563231468201,913.6148681640625,631.8804931640625,1040.212890625,672.235595703125,126.5980224609375,40.3551025390625,5108.8759765625,1920,1080,2073600,0.0024637712631374598,0.4,640,5
YOLO11s,hl_monaco_test.mp4,1245,6225,124.5,2,bwt,0.8757676482200623,1138.4317626953125,632.0905151367188,1268.230712890625,668.60888671875,129.7989501953125,36.51837158203125,4740.04638671875,1920,1080,2073600,0.0022859019227325916,0.4,640,5
YOLO11s,hl_monaco_test.mp4,1245,6225,124.5,2,bwt,0.5848374366760254,912.4231567382812,631.7144775390625,1039.892333984375,671.2720947265625,127.46917724609375,39.5576171875,5042.376953125,1920,1080,2073600,0.0024317018687725067,0.4,640,5
YOLO11s,hl_monaco_test.mp4,1246,6230,124.6,2,bwt,0.9062560796737671,1139.3614501953125,630.4542846679688,1268.8350830078125,669.6573486328125,129.4736328125,39.20306396484375,5075.76318359375,1920,1080,2073600,0.002447802573442459,0.4,640,5
YOLO11s,hl_monaco_test.mp4,1246,6230,124.6,2,bwt,0.4201771318912506,913.4810791015625,632.47412109375,1041.2071533203125,671.8310546875,127.72607421875,39.35693359375,5026.90673828125,1920,1080,2073600,0.0024242412764579058,0.4,640,5
YOLO11s,hl_monaco_test.mp4,1247,6235,124.7,2,bwt,0.8932107090950012,1139.451171875,631.0333251953125,1269.5380859375,669.4578247070312,130.0869140625,38.42449951171875,4998.5244140625,1920,1080,2073600,0.0024105538614094257,0.4,640,5
YOLO11s,hl_monaco_test.mp4,1247,6235,124.7,2,bwt,0.5086608529090881,912.9776611328125,632.4922485351562,1041.0350341796875,671.9529418945312,128.057373046875,39.460693359375,5053.23291015625,1920,1080,2073600,0.002436937065795064,0.4,640,5
YOLO11s,hl_monaco_test.mp4,1248,6240,124.8,2,bwt,0.8963663578033447,1139.924072265625,630.8233032226562,1268.9188232421875,669.3875732421875,128.9947509765625,38.56427001953125,4974.58837890625,1920,1080,2073600,0.002399010583758354,0.4,640,5
YOLO11s,hl_monaco_test.mp4,1248,6240,124.8,2,bwt,0.5535840392112732,911.906982421875,632.436279296875,1040.3411865234375,672.288330078125,128.4342041015625,39.85205078125,5118.3662109375,1920,1080,2073600,0.002468348015099764,0.4,640,5
YOLO11s,hl_monaco_test.mp4,1249,6245,124.9,2,bwt,0.8946478962898254,1139.706787109375,631.300537109375,1267.0849609375,668.0413818359375,127.378173828125,36.7408447265625,4679.98193359375,1920,1080,2073600,0.0022569356951862574,0.4,640,5
YOLO11s,hl_monaco_test.mp4,1249,6245,124.9,2,bwt,0.6185289025306702,912.9156494140625,631.9557495117188,1041.4810791015625,671.921875,128.5654296875,39.96612548828125,5138.26220703125,1920,1080,2073600,0.002477942733094096,0.4,640,5
YOLO11s,hl_monaco_test.mp4,1250,6250,125.0,2,bwt,0.889200747013092,1139.5931396484375,630.8055419921875,1268.208984375,668.2996826171875,128.6158447265625,37.494140625,4822.34033203125,1920,1080,2073600,0.0023255886044353247,0.4,640,5
YOLO11s,hl_monaco_test.mp4,1250,6250,125.0,2,bwt,0.5116784572601318,913.27734375,631.7796630859375,1041.2684326171875,671.8028564453125,127.9910888671875,40.023193359375,5122.6123046875,1920,1080,2073600,0.002470395527780056,0.4,640,5
YOLO11s,hl_monaco_test.mp4,1251,6255,125.1,2,bwt,0.891802191734314,1139.8421630859375,630.7310791015625,1268.9315185546875,668.787353515625,129.08935546875,38.0562744140625,4912.66015625,1920,1080,2073600,0.002369145629927516,0.4,640,5
YOLO11s,hl_monaco_test.mp4,1251,6255,125.1,2,bwt,0.6847298741340637,913.5303955078125,632.0702514648438,1040.28369140625,671.1460571289062,126.7532958984375,39.0758056640625,4952.9873046875,1920,1080,2073600,0.0023885935079306364,0.4,640,5
YOLO11s,hl_monaco_test.mp4,1252,6260,125.2,2,bwt,0.8867859244346619,1139.624267578125,631.5407104492188,1266.62890625,668.876708984375,127.004638671875,37.33599853515625,4741.84521484375,1920,1080,2073600,0.002286769449710846,0.4,640,5
YOLO11s,hl_monaco_test.mp4,1252,6260,125.2,2,bwt,0.5756965279579163,913.25634765625,632.2705078125,1040.4423828125,671.1359252929688,127.18603515625,38.86541748046875,4943.13818359375,1920,1080,2073600,0.002383843529969454,0.4,640,5
YOLO11s,hl_monaco_test.mp4,1253,6265,125.3,2,bwt,0.8910381197929382,1139.8702392578125,630.7509765625,1268.27001953125,668.2499389648438,128.3997802734375,37.49896240234375,4814.8583984375,1920,1080,2073600,0.0023219804279506207,0.4,640,5
YOLO11s,hl_monaco_test.mp4,1253,6265,125.3,2,bwt,0.6281160712242126,913.8506469726562,631.7566528320312,1041.73779296875,670.8580322265625,127.88714599609375,39.10137939453125,5000.56396484375,1920,1080,2073600,0.0024115373380482197,0.4,640,5
YOLO11s,hl_monaco_test.mp4,1254,6270,125.4,2,bwt,0.8900259137153625,1139.8304443359375,631.2095336914062,1268.6231689453125,668.3422241210938,128.792724609375,37.1326904296875,4782.42041015625,1920,1080,2073600,0.0023063370026648045,0.4,640,5
YOLO11s,hl_monaco_test.mp4,1254,6270,125.4,2,bwt,0.7155857086181641,913.5759887695312,632.0322265625,1040.374755859375,670.732666015625,126.79876708984375,38.700439453125,4907.16796875,1920,1080,2073600,0.0023664969485253096,0.4,640,5
YOLO11s,hl_monaco_test.mp4,1255,6275,125.5,2,bwt,0.8889325261116028,1139.292236328125,631.38525390625,1268.830810546875,668.4238891601562,129.53857421875,37.03863525390625,4797.93212890625,1920,1080,2073600,0.0023138176184147596,0.4,640,5
YOLO11s,hl_monaco_test.mp4,1255,6275,125.5,2,bwt,0.6935333609580994,913.7845458984375,632.0068359375,1040.053466796875,670.4708862304688,126.2689208984375,38.46405029296875,4856.81396484375,1920,1080,2073600,0.002342213410884142,0.4,640,5
YOLO11s,hl_monaco_test.mp4,1256,6280,125.6,2,bwt,0.8965008854866028,1139.880615234375,631.470703125,1266.988525390625,668.8033447265625,127.10791015625,37.3326416015625,4745.27392578125,1920,1080,2073600,0.0022884230129420757,0.4,640,5
YOLO11s,hl_monaco_test.mp4,1256,6280,125.6,2,bwt,0.6692164540290833,914.0377807617188,632.0385131835938,1041.1732177734375,671.2117309570312,127.13543701171875,39.1732177734375,4980.30419921875,1920,1080,2073600,0.0024017670657485723,0.4,640,5
YOLO11s,hl_monaco_test.mp4,1257,6285,125.7,2,bwt,0.9005630612373352,1139.88134765625,631.6741943359375,1267.32080078125,668.43359375,127.439453125,36.7593994140625,4684.59765625,1920,1080,2073600,0.002259161788970232,0.4,640,5
YOLO11s,hl_monaco_test.mp4,1257,6285,125.7,2,bwt,0.6909655332565308,914.4743041992188,632.3424072265625,1040.4049072265625,670.7807006835938,125.93060302734375,38.43829345703125,4840.5576171875,1920,1080,2073600,0.0023343737702816725,0.4,640,5
YOLO11s,hl_monaco_test.mp4,1258,6290,125.8,2,bwt,0.884956955909729,1138.990478515625,631.1136474609375,1268.283203125,668.5440673828125,129.292724609375,37.430419921875,4839.48095703125,1920,1080,2073600,0.0023338545579463243,0.4,640,5
YOLO11s,hl_monaco_test.mp4,1258,6290,125.8,2,bwt,0.6467517614364624,913.5931396484375,632.2343139648438,1040.015869140625,670.4677124023438,126.4227294921875,38.2333984375,4833.57080078125,1920,1080,2073600,0.0023310044780373573,0.4,640,5
YOLO11s,hl_monaco_test.mp4,1259,6295,125.9,2,bwt,0.8865630626678467,1139.0526123046875,631.2763671875,1267.7113037109375,668.7789306640625,128.65869140625,37.5025634765625,4825.03076171875,1920,1080,2073600,0.002326885936781764,0.4,640,5
YOLO11s,hl_monaco_test.mp4,1259,6295,125.9,2,bwt,0.7005043625831604,913.3507080078125,632.12646484375,1039.9869384765625,670.37060546875,126.63623046875,38.244140625,4843.09375,1920,1080,2073600,0.0023355968296527863,0.4,640,5
YOLO11s,hl_monaco_test.mp4,1260,6300,126.0,2,bwt,0.8944007754325867,1139.3994140625,631.8017578125,1266.580322265625,668.3292846679688,127.180908203125,36.52752685546875,4645.60400390625,1920,1080,2073600,0.00224035675637424,0.4,640,5
YOLO11s,hl_monaco_test.mp4,1260,6300,126.0,2,bwt,0.7274317741394043,913.8059692382812,632.2576904296875,1039.861328125,670.38134765625,126.05535888671875,38.1236572265625,4805.69140625,1920,1080,2073600,0.002317559439688921,0.4,640,5
YOLO11s,hl_monaco_test.mp4,1261,6305,126.1,2,bwt,0.887648344039917,1139.35107421875,631.4331665039062,1267.5985107421875,668.6848754882812,128.2474365234375,37.251708984375,4777.43603515625,1920,1080,2073600,0.002303933259099722,0.4,640,5
YOLO11s,hl_monaco_test.mp4,1261,6305,126.1,2,bwt,0.7314600348472595,913.8865356445312,632.4405517578125,1039.6943359375,670.8363037109375,125.80780029296875,38.395751953125,4830.48486328125,1920,1080,2073600,0.002329516224563122,0.4,640,5
YOLO11s,hl_monaco_test.mp4,1262,6310,126.2,2,bwt,0.8873736262321472,1139.2935791015625,631.1109619140625,1267.731689453125,668.5338134765625,128.4381103515625,37.4228515625,4806.5205078125,1920,1080,2073600,0.0023179594427347183,0.4,640,5
YOLO11s,hl_monaco_test.mp4,1262,6310,126.2,2,bwt,0.719139814376831,913.749755859375,632.2949829101562,1039.8321533203125,670.5632934570312,126.0823974609375,38.268310546875,4824.96044921875,1920,1080,2073600,0.0023268521763384342,0.4,640,5
YOLO11s,hl_monaco_test.mp4,1263,6315,126.3,2,bwt,0.8875101804733276,1139.66064453125,631.2169189453125,1268.2340087890625,668.152587890625,128.5733642578125,36.9356689453125,4748.943359375,1920,1080,2073600,0.002290192525833845,0.4,640,5
YOLO11s,hl_monaco_test.mp4,1263,6315,126.3,2,bwt,0.7154240012168884,913.7678833007812,632.2520141601562,1039.7509765625,670.5598754882812,125.98309326171875,38.307861328125,4826.14306640625,1920,1080,2073600,0.0023274223785847425,0.4,640,5
YOLO11s,hl_monaco_test.mp4,1264,6320,126.4,2,bwt,0.884931206703186,1139.061767578125,631.369873046875,1267.9599609375,669.739990234375,128.898193359375,38.3701171875,4945.8388671875,1920,1080,2073600,0.0023851459845900536,0.4,640,5
YOLO11s,hl_monaco_test.mp4,1264,6320,126.4,2,bwt,0.7221230268478394,913.46337890625,632.3179931640625,1040.3023681640625,670.57958984375,126.8389892578125,38.2615966796875,4853.06201171875,1920,1080,2073600,0.0023404040839523077,0.4,640,5
YOLO11s,hl_monaco_test.mp4,1265,6325,126.5,2,bwt,0.8865963816642761,1139.4052734375,631.4254150390625,1267.9661865234375,669.018798828125,128.5609130859375,37.5933837890625,4833.03955078125,1920,1080,2073600,0.0023307481314986944,0.4,640,5
YOLO11s,hl_monaco_test.mp4,1265,6325,126.5,2,bwt,0.7448372840881348,913.7442626953125,632.288818359375,1040.21923828125,670.510498046875,126.4749755859375,38.2216796875,4834.0859375,1920,1080,2073600,0.002331252908334136,0.4,640,5
YOLO11s,hl_monaco_test.mp4,1266,6330,126.6,2,bwt,0.8888429999351501,1139.490478515625,631.4193115234375,1268.054931640625,668.633544921875,128.564453125,37.2142333984375,4784.427734375,1920,1080,2073600,0.0023073051124811172,0.4,640,5
YOLO11s,hl_monaco_test.mp4,1266,6330,126.6,2,bwt,0.750201940536499,913.4785766601562,632.264404296875,1040.0654296875,670.530517578125,126.58685302734375,38.26611328125,4843.98681640625,1920,1080,2073600,0.002336027566343546,0.4,640,5
YOLO11s,hl_monaco_test.mp4,1267,6335,126.7,2,bwt,0.8925386071205139,1139.2392578125,631.2286376953125,1267.636474609375,668.9913330078125,128.397216796875,37.7626953125,4848.625,1920,1080,2073600,0.0023382643703371286,0.4,640,5
YOLO11s,hl_monaco_test.mp4,1267,6335,126.7,2,bwt,0.7292991876602173,913.4100952148438,632.3710327148438,1040.039306640625,670.4326171875,126.62921142578125,38.06158447265625,4819.70849609375,1920,1080,2073600,0.0023243192117661238,0.4,640,5
YOLO11s,hl_monaco_test.mp4,1268,6340,126.8,2,bwt,0.8960506319999695,1139.500244140625,630.9637451171875,1267.866455078125,669.266357421875,128.3662109375,38.3026123046875,4916.76123046875,1920,1080,2073600,0.002371123293414712,0.4,640,5
YOLO11s,hl_monaco_test.mp4,1268,6340,126.8,2,bwt,0.7411265969276428,913.9942016601562,632.5965576171875,1040.6171875,670.509033203125,126.62298583984375,37.9124755859375,4800.5908203125,1920,1080,2073600,0.0023150998167693615,0.4,640,5
YOLO11s,hl_monaco_test.mp4,1269,6345,126.9,2,bwt,0.8927809000015259,1139.614501953125,631.1848754882812,1267.864501953125,669.04248046875,128.25,37.85760498046875,4855.23779296875,1920,1080,2073600,0.0023414534516632557,0.4,640,5
YOLO11s,hl_monaco_test.mp4,1269,6345,126.9,2,bwt,0.7527921199798584,913.8380126953125,632.4956665039062,1040.1654052734375,670.4190063476562,126.327392578125,37.92333984375,4790.7568359375,1920,1080,2073600,0.002310357289388776,0.4,640,5
YOLO11s,hl_monaco_test.mp4,1270,6350,127.0,2,bwt,0.6696832776069641,913.7565307617188,632.1824951171875,1040.431884765625,670.038818359375,126.67535400390625,37.8563232421875,4795.46337890625,1920,1080,2073600,0.0023126269225031137,0.4,640,5
YOLO11s,hl_monaco_test.mp4,1277,6385,127.7,8,oracle,0.4519592523574829,0.3719215393066406,190.8471221923828,24.522686004638672,206.3224639892578,24.15076446533203,15.475341796875,373.7413330078125,1920,1080,2073600,0.0001802379119908437,0.4,640,5
YOLO11s,hl_monaco_test.mp4,1324,6620,132.4,0,aramco,0.42175158858299255,818.696044921875,915.4616088867188,869.5777587890625,943.261962890625,50.8817138671875,27.80035400390625,1414.5296630859375,1920,1080,2073600,0.0006821613060310483,0.4,640,5
YOLO11s,hl_monaco_test.mp4,1350,6750,135.0,8,oracle,0.495888352394104,719.8001708984375,42.45035934448242,788.9976806640625,53.8571662902832,69.197509765625,11.406806945800781,789.3226318359375,1920,1080,2073600,0.00038065327680669725,0.4,640,5
YOLO11s,hl_monaco_test.mp4,1394,6970,139.4,8,oracle,0.44807058572769165,466.5449523925781,310.3116760253906,546.906982421875,331.19781494140625,80.36203002929688,20.886138916015625,1678.4525146484375,1920,1080,2073600,0.000809438934084028,0.4,640,5
YOLO11s,hl_monaco_test.mp4,1395,6975,139.5,8,oracle,0.6707378029823303,552.8128662109375,318.73541259765625,622.5869140625,336.17633056640625,69.7740478515625,17.44091796875,1216.9234619140625,1920,1080,2073600,0.0005868651205673814,0.4,640,5
YOLO11s,hl_monaco_test.mp4,1396,6980,139.6,8,oracle,0.5387125611305237,621.0729370117188,323.624267578125,687.5677490234375,340.4098205566406,66.49481201171875,16.785552978515625,1116.1522216796875,1920,1080,2073600,0.000538267835509032,0.4,640,5
YOLO11s,hl_monaco_test.mp4,1398,6990,139.8,7,okx,0.4721871614456177,981.1190185546875,311.40301513671875,1026.98486328125,320.25372314453125,45.8658447265625,8.8507080078125,405.9451904296875,1920,1080,2073600,0.0001957683271029964,0.4,640,5
YOLO11s,hl_monaco_test.mp4,1399,6995,139.9,7,okx,0.5011591911315918,955.2564697265625,311.97503662109375,996.963134765625,324.46612548828125,41.7066650390625,12.4910888671875,520.961669921875,1920,1080,2073600,0.0002512353821657598,0.4,640,5
YOLO11s,hl_monaco_test.mp4,1399,6995,139.9,2,bwt,0.4540539085865021,1312.718505859375,679.6575317382812,1347.169677734375,696.158447265625,34.451171875,16.50091552734375,568.4758911132812,1920,1080,2073600,0.0002741492644418031,0.4,640,5
YOLO11s,hl_monaco_test.mp4,1399,6995,139.9,8,oracle,0.45018795132637024,754.9824829101562,287.96014404296875,839.7330322265625,308.650146484375,84.75054931640625,20.69000244140625,1753.489013671875,1920,1080,2073600,0.0008456254727207124,0.4,640,5
YOLO11s,hl_monaco_test.mp4,1402,7010,140.2,7,okx,0.6658461093902588,755.8154296875,326.33587646484375,801.656982421875,338.4444580078125,45.841552734375,12.10858154296875,555.076171875,1920,1080,2073600,0.00026768719544634223,0.4,640,5
YOLO11s,hl_monaco_test.mp4,1404,7020,140.4,7,okx,0.4540872573852539,589.721923828125,335.57940673828125,635.152587890625,348.11376953125,45.4306640625,12.53436279296875,569.4443969726562,1920,1080,2073600,0.00027461632271297276,0.4,640,5
YOLO11s,hl_monaco_test.mp4,1406,7030,140.6,7,okx,0.7286714315414429,425.5133056640625,350.414794921875,478.749755859375,363.62969970703125,53.2364501953125,13.21490478515625,703.5146484375,1920,1080,2073600,0.00033927211188711226,0.4,640,5
YOLO11s,hl_monaco_test.mp4,1406,7030,140.6,8,oracle,0.45294851064682007,752.5330810546875,380.42510986328125,807.2578125,404.62652587890625,54.7247314453125,24.201416015625,1324.416015625,1920,1080,2073600,0.0006387036992236972,0.4,640,5
YOLO11s,hl_monaco_test.mp4,1407,7035,140.7,7,okx,0.5962426066398621,363.9453125,358.5325012207031,419.81768798828125,370.9183044433594,55.87237548828125,12.38580322265625,692.0242309570312,1920,1080,2073600,0.00033373082987964153,0.4,640,5
YOLO11s,hl_monaco_test.mp4,1412,7060,141.2,8,oracle,0.41857391595840454,346.9129943847656,380.753173828125,432.73553466796875,395.00372314453125,85.82254028320312,14.25054931640625,1223.018310546875,1920,1080,2073600,0.0005898043746128678,0.4,640,5
YOLO11s,hl_monaco_test.mp4,1418,7090,141.8,7,okx,0.6525498032569885,637.047607421875,577.4267578125,756.590087890625,608.4642333984375,119.54248046875,31.0374755859375,3710.296875,1920,1080,2073600,0.0017893020994961262,0.4,640,5
YOLO11s,hl_monaco_test.mp4,1418,7090,141.8,7,okx,0.6212103962898254,841.3701171875,580.2493286132812,920.2764892578125,605.6253662109375,78.9063720703125,25.37603759765625,2002.3310546875,1920,1080,2073600,0.000965630344580859,0.4,640,5
YOLO11s,hl_monaco_test.mp4,1418,7090,141.8,7,okx,0.5725337266921997,692.85546875,808.7184448242188,767.9365234375,928.6389770507812,75.0810546875,119.9205322265625,9003.759765625,1920,1080,2073600,0.004342090804129839,0.4,640,5
YOLO11s,hl_monaco_test.mp4,1419,7095,141.9,7,okx,0.4262847304344177,1004.059814453125,922.58642578125,1101.1839599609375,1058.4210205078125,97.1241455078125,135.8345947265625,13192.8193359375,1920,1080,2073600,0.006362278014421463,0.4,640,5
YOLO11s,hl_monaco_test.mp4,1420,7100,142.0,7,okx,0.7576886415481567,1257.52001953125,736.5173950195312,1402.7127685546875,778.5485229492188,145.1927490234375,42.0311279296875,6102.615234375,1920,1080,2073600,0.002943004947155714,0.4,640,5
YOLO11s,hl_monaco_test.mp4,1420,7100,142.0,8,oracle,0.7225127220153809,896.8326416015625,680.5924072265625,1080.1197509765625,748.135986328125,183.287109375,67.5435791015625,12379.8671875,1920,1080,2073600,0.0059702289290726185,0.4,640,5
YOLO11s,hl_monaco_test.mp4,1421,7105,142.1,8,oracle,0.8114193081855774,1301.12109375,782.0185546875,1562.30517578125,867.4281005859375,261.18408203125,85.4095458984375,22307.61328125,1920,1080,2073600,0.010757915675640106,0.4,640,5
YOLO11s,hl_monaco_test.mp4,1437,7185,143.7,7,okx,0.40314018726348877,1194.42724609375,623.99169921875,1234.5537109375,637.8057861328125,40.12646484375,13.8140869140625,554.3104858398438,1920,1080,2073600,0.00026731795514933765,0.4,640,5
YOLO11s,hl_monaco_test.mp4,1438,7190,143.8,0,aramco,0.48105984926223755,834.1568603515625,551.1136474609375,882.6942138671875,565.8026123046875,48.537353515625,14.68896484375,712.9635009765625,1920,1080,2073600,0.00034382884041406214,0.4,640,5
YOLO11s,hl_monaco_test.mp4,1445,7225,144.5,7,okx,0.41117459535598755,1326.7862548828125,623.8475341796875,1364.6502685546875,636.1480712890625,37.864013671875,12.300537109375,465.7477111816406,1920,1080,2073600,0.0002246082731289789,0.4,640,5
YOLO11s,hl_monaco_test.mp4,1446,7230,144.6,7,okx,0.5490168333053589,1267.24560546875,623.7142333984375,1329.6077880859375,637.1533203125,62.3621826171875,13.4390869140625,838.0908203125,1920,1080,2073600,0.00040417187847197056,0.4,640,5
YOLO11s,hl_monaco_test.mp4,1447,7235,144.7,7,okx,0.4615163505077362,1229.7548828125,618.4410400390625,1288.1904296875,631.1611328125,58.435546875,12.7200927734375,743.3056030273438,1920,1080,2073600,0.00035846143146045506,0.4,640,5
YOLO11s,hl_monaco_test.mp4,1448,7240,144.8,7,okx,0.47686702013015747,1197.7919921875,599.9775390625,1265.116943359375,617.02197265625,67.324951171875,17.04443359375,1147.515625,1920,1080,2073600,0.0005533929797820747,0.4,640,5
YOLO11s,hl_monaco_test.mp4,1449,7245,144.9,7,okx,0.5923041105270386,1198.1878662109375,588.4850463867188,1259.083251953125,602.567138671875,60.8953857421875,14.08209228515625,857.534423828125,1920,1080,2073600,0.00041354860877618194,0.4,640,5
YOLO11s,hl_monaco_test.mp4,1453,7265,145.3,7,okx,0.538258969783783,1145.893798828125,575.8065185546875,1194.6888427734375,589.5762939453125,48.7950439453125,13.769775390625,671.8967895507812,1920,1080,2073600,0.00032402429496869445,0.4,640,5
YOLO11s,hl_monaco_test.mp4,1456,7280,145.6,7,okx,0.578643262386322,1027.619384765625,583.99951171875,1075.2857666015625,600.2957153320312,47.6663818359375,16.29620361328125,776.7810668945312,1920,1080,2073600,0.00037460506428033113,0.4,640,5
YOLO11s,hl_monaco_test.mp4,1457,7285,145.7,7,okx,0.7190600633621216,1014.7619018554688,587.0802001953125,1082.949951171875,602.60498046875,68.18804931640625,15.5247802734375,1058.6044921875,1920,1080,2073600,0.0005105152959004045,0.4,640,5
YOLO11s,hl_monaco_test.mp4,1458,7290,145.8,7,okx,0.6264243721961975,1011.6962890625,589.9149169921875,1083.843994140625,607.54541015625,72.147705078125,17.6304931640625,1271.9996337890625,1920,1080,2073600,0.0006134257419034839,0.4,640,5
YOLO11s,hl_monaco_test.mp4,1459,7295,145.9,7,okx,0.5256116390228271,1040.2705078125,599.9334716796875,1112.0599365234375,617.64501953125,71.7894287109375,17.7115478515625,1271.501953125,1920,1080,2073600,0.0006131857517175376,0.4,640,5
YOLO11s,hl_monaco_test.mp4,1460,7300,146.0,7,okx,0.6840468049049377,1123.6162109375,614.324462890625,1201.486328125,631.37060546875,77.8701171875,17.046142578125,1327.3851318359375,1920,1080,2073600,0.0006401355494745076,0.4,640,5
YOLO11s,hl_monaco_test.mp4,1461,7305,146.1,7,okx,0.58683180809021,1270.7822265625,627.14501953125,1365.4964599609375,648.1534423828125,94.7142333984375,21.0084228515625,1989.796630859375,1920,1080,2073600,0.0009595855954103172,0.4,640,5
YOLO11s,hl_monaco_test.mp4,1462,7310,146.2,7,okx,0.5256470441818237,1595.0614013671875,844.6228637695312,1671.5621337890625,937.7415161132812,76.500732421875,93.11865234375,7123.64501953125,1920,1080,2073600,0.0034353998489677906,0.4,640,5
YOLO11s,hl_monaco_test.mp4,1467,7335,146.7,8,oracle,0.8059154748916626,725.6922607421875,646.270263671875,893.915283203125,700.5196533203125,168.2230224609375,54.2493896484375,9125.99609375,1920,1080,2073600,0.0044010397978127,0.4,640,5
YOLO11s,hl_monaco_test.mp4,1468,7340,146.8,8,oracle,0.8322661519050598,604.5499877929688,678.7894287109375,857.3483276367188,737.1680908203125,252.79833984375,58.378662109375,14758.029296875,1920,1080,2073600,0.007117105182260275,0.4,640,5
YOLO11s,hl_monaco_test.mp4,1469,7345,146.9,8,oracle,0.7864604592323303,515.36474609375,725.7041015625,868.720703125,788.7110595703125,353.35595703125,63.0069580078125,22263.884765625,1920,1080,2073600,0.010736826807260513,0.4,640,5
YOLO11s,hl_monaco_test.mp4,1470,7350,147.0,8,oracle,0.8154004812240601,591.5194702148438,777.888427734375,960.2261352539062,853.619384765625,368.7066650390625,75.73095703125,27922.5078125,1920,1080,2073600,0.013465715572237968,0.4,640,5
YOLO11s,hl_monaco_test.mp4,1471,7355,147.1,8,oracle,0.8977375030517578,818.9093627929688,743.072509765625,1056.529541015625,834.515380859375,237.62017822265625,91.44287109375,21728.671875,1920,1080,2073600,0.010478719137609005,0.4,640,5
YOLO11s,hl_monaco_test.mp4,1472,7360,147.2,8,oracle,0.6324544548988342,967.9242553710938,698.4758911132812,1095.548095703125,770.7674560546875,127.62384033203125,72.29156494140625,9226.126953125,1920,1080,2073600,0.0044493284076452255,0.4,640,5
YOLO11s,hl_monaco_test.mp4,1473,7365,147.3,8,oracle,0.7540375590324402,1051.976318359375,672.9950561523438,1122.74169921875,727.6376342773438,70.765380859375,54.642578125,3866.802734375,1920,1080,2073600,0.001864777528680861,0.4,640,5
YOLO11s,hl_monaco_test.mp4,1474,7370,147.4,8,oracle,0.7237499356269836,1097.6326904296875,662.2344360351562,1152.6954345703125,696.6112060546875,55.062744140625,34.37677001953125,1892.8792724609375,1920,1080,2073600,0.0009128468809649348,0.4,640,5
YOLO11s,hl_monaco_test.mp4,1478,7390,147.8,8,oracle,0.516177237033844,1135.613037109375,587.8595581054688,1217.9642333984375,600.6765747070312,82.3511962890625,12.8170166015625,1055.4967041015625,1920,1080,2073600,0.0005090165650472045,0.4,640,5
YOLO11s,hl_monaco_test.mp4,1495,7475,149.5,8,oracle,0.4458765983581543,654.53759765625,527.7601928710938,690.3985595703125,545.5767822265625,35.8609619140625,17.81658935546875,638.9200439453125,1920,1080,2073600,0.0003081211762037128,0.4,640,5
YOLO11s,hl_monaco_test.mp4,1496,7480,149.6,8,oracle,0.7855793237686157,569.9297485351562,575.379150390625,670.7789306640625,601.2130126953125,100.84918212890625,25.8338623046875,2605.323974609375,1920,1080,2073600,0.0012564255157485604,0.4,640,5
YOLO11s,hl_monaco_test.mp4,1498,7490,149.8,8,oracle,0.8373011350631714,1243.6444091796875,587.081787109375,1331.5560302734375,632.466552734375,87.91162109375,45.384765625,3989.848388671875,1920,1080,2073600,0.0019241167465224862,0.4,640,5
YOLO11s,hl_monaco_test.mp4,1512,7560,151.2,7,okx,0.6105350852012634,1171.990966796875,541.6705932617188,1218.228271484375,555.6058349609375,46.2373046875,13.93524169921875,644.3280029296875,1920,1080,2073600,0.00031072917045094073,0.4,640,5
YOLO11s,hl_monaco_test.mp4,1513,7565,151.3,7,okx,0.5265167951583862,1174.539794921875,546.3441772460938,1221.91796875,560.093017578125,47.378173828125,13.74884033203125,651.3949584960938,1920,1080,2073600,0.00031413722899742424,0.4,640,5
YOLO11s,hl_monaco_test.mp4,1514,7570,151.4,7,okx,0.6259201169013977,1180.9873046875,543.9332275390625,1235.55810546875,558.727294921875,54.57080078125,14.7940673828125,807.3240966796875,1920,1080,2073600,0.0003893345419783145,0.4,640,5
YOLO11s,hl_monaco_test.mp4,1515,7575,151.5,7,okx,0.788848876953125,1184.072509765625,540.2649536132812,1235.3258056640625,555.3876342773438,51.2532958984375,15.1226806640625,775.0872192382812,1920,1080,2073600,0.000373788207070902,0.4,640,5
YOLO11s,hl_monaco_test.mp4,1515,7575,151.5,7,okx,0.5619387030601501,1290.9150390625,541.8328857421875,1341.31103515625,556.6463012695312,50.39599609375,14.81341552734375,746.5368041992188,1920,1080,2073600,0.00036001967964693904,0.4,640,5
YOLO11s,hl_monaco_test.mp4,1516,7580,151.6,7,okx,0.4268662929534912,1305.0985107421875,524.393798828125,1343.2935791015625,540.67236328125,38.195068359375,16.278564453125,621.7608642578125,1920,1080,2073600,0.0002998460840899497,0.4,640,5
YOLO11s,hl_monaco_test.mp4,1517,7585,151.7,7,okx,0.6497231721878052,1279.4361572265625,508.56829833984375,1334.6219482421875,528.2423095703125,55.185791015625,19.67401123046875,1085.725830078125,1920,1080,2073600,0.0005235946155153215,0.4,640,5
YOLO11s,hl_monaco_test.mp4,1518,7590,151.8,7,okx,0.49261385202407837,1224.77587890625,496.8113708496094,1300.218505859375,518.7526245117188,75.442626953125,21.941253662109375,1655.3057861328125,1920,1080,2073600,0.0007982763345353305,0.4,640,5
YOLO11s,hl_monaco_test.mp4,1519,7595,151.9,7,okx,0.7768408060073853,1153.202880859375,493.5687255859375,1257.9962158203125,517.4244995117188,104.7933349609375,23.85577392578125,2499.926025390625,1920,1080,2073600,0.001205597072839737,0.4,640,5
YOLO11s,hl_monaco_test.mp4,1520,7600,152.0,7,okx,0.7509599328041077,1074.3060302734375,485.6684875488281,1173.3033447265625,510.7797546386719,98.997314453125,25.11126708984375,2485.947998046875,1920,1080,2073600,0.0011988560436293483,0.4,640,5
YOLO11s,hl_monaco_test.mp4,1521,7605,152.1,7,okx,0.6410325169563293,952.63330078125,492.539794921875,1045.76220703125,516.493896484375,93.12890625,23.9541015625,2230.8193359375,1920,1080,2073600,0.0010758194839581847,0.4,640,5
YOLO11s,hl_monaco_test.mp4,1521,7605,152.1,7,okx,0.48056939244270325,983.2049560546875,640.2049560546875,1040.430908203125,730.246826171875,57.2259521484375,90.0418701171875,5152.73193359375,1920,1080,2073600,0.0024849209003150463,0.4,640,5
YOLO11s,hl_monaco_test.mp4,1522,7610,152.2,7,okx,0.5265553593635559,763.2932739257812,501.38671875,867.7098999023438,527.7689208984375,104.4166259765625,26.3822021484375,2754.740478515625,1920,1080,2073600,0.0013284820597618818,0.4,640,5
YOLO11s,hl_monaco_test.mp4,1528,7640,152.8,8,oracle,0.5760192275047302,1456.333984375,528.0057983398438,1548.78466796875,562.52880859375,92.45068359375,34.52301025390625,3191.67578125,1920,1080,2073600,0.0015391955384984612,0.4,640,5
YOLO11s,hl_monaco_test.mp4,1529,7645,152.9,8,oracle,0.8068023324012756,1482.09033203125,551.2937622070312,1629.634033203125,590.92724609375,147.543701171875,39.63348388671875,5847.6708984375,1920,1080,2073600,0.0028200573287904263,0.4,640,5
YOLO11s,hl_monaco_test.mp4,1530,7650,153.0,8,oracle,0.8709585070610046,1431.501708984375,586.5138549804688,1649.8040771484375,631.0906982421875,218.3023681640625,44.57684326171875,9731.23046875,1920,1080,2073600,0.004692915827035904,0.4,640,5
YOLO11s,hl_monaco_test.mp4,1531,7655,153.1,8,oracle,0.7778860330581665,1248.01220703125,623.893798828125,1565.96728515625,675.8157348632812,317.955078125,51.92193603515625,16508.84375,1920,1080,2073600,0.007961440831422806,0.4,640,5
YOLO11s,hl_monaco_test.mp4,1532,7660,153.2,8,oracle,0.8713537454605103,946.2914428710938,643.853271484375,1304.2841796875,710.1671142578125,357.99273681640625,66.3138427734375,23739.875,1920,1080,2073600,0.011448628269135952,0.4,640,5
YOLO11s,hl_monaco_test.mp4,1533,7665,153.3,8,oracle,0.8961400985717773,721.0800170898438,607.8634643554688,1007.314453125,679.6430053710938,286.23443603515625,71.779541015625,20545.77734375,1920,1080,2073600,0.009908264502882957,0.4,640,5
YOLO11s,hl_monaco_test.mp4,1534,7670,153.4,8,oracle,0.8386537432670593,654.2305297851562,557.163818359375,825.212890625,626.9166259765625,170.98236083984375,69.7528076171875,11926.5,1920,1080,2073600,0.005751591641455889,0.4,640,5
YOLO11s,hl_monaco_test.mp4,1535,7675,153.5,8,oracle,0.8425888419151306,686.12939453125,533.644775390625,777.070556640625,584.8566284179688,90.941162109375,51.21185302734375,4657.265625,1920,1080,2073600,0.002245980780571699,0.4,640,5
YOLO11s,hl_monaco_test.mp4,1535,7675,153.5,8,oracle,0.5793083906173706,1006.4683227539062,476.39044189453125,1211.6561279296875,510.5613098144531,205.18780517578125,34.170867919921875,7011.4453125,1920,1080,2073600,0.0033812911715358496,0.4,640,5
YOLO11s,hl_monaco_test.mp4,1536,7680,153.6,8,oracle,0.42147716879844666,743.5921630859375,525.7029418945312,794.5673217773438,558.0538330078125,50.97515869140625,32.35089111328125,1649.091796875,1920,1080,2073600,0.0007952796295285225,0.4,640,5
YOLO11s,hl_monaco_test.mp4,1564,7820,156.4,8,oracle,0.5005245208740234,738.7352294921875,482.09381103515625,969.185546875,578.454345703125,230.4503173828125,96.36053466796875,22206.31640625,1920,1080,2073600,0.0107090650126338,0.4,640,5
YOLO11s,hl_monaco_test.mp4,1566,7830,156.6,8,oracle,0.65892094373703,739.0101928710938,481.3814392089844,968.9132080078125,577.2376708984375,229.90301513671875,95.85623168945312,22037.63671875,1920,1080,2073600,0.010627718642354012,0.4,640,5
YOLO11s,hl_monaco_test.mp4,1567,7835,156.7,8,oracle,0.4855003356933594,737.672607421875,483.2198486328125,968.7321166992188,576.329345703125,231.05950927734375,93.1094970703125,21513.833984375,1920,1080,2073600,0.010375113226473331,0.4,640,5
YOLO11s,hl_monaco_test.mp4,1569,7845,156.9,6,moneygram,0.7328238487243652,733.1357421875,482.441162109375,960.025146484375,576.1177368164062,226.889404296875,93.67657470703125,21254.22265625,1920,1080,2073600,0.010249914601445198,0.4,640,5
YOLO11s,hl_monaco_test.mp4,1573,7865,157.3,6,moneygram,0.6325390934944153,731.67041015625,483.0416564941406,962.3549194335938,583.003662109375,230.68450927734375,99.96200561523438,23059.685546875,1920,1080,2073600,0.01112060435116291,0.4,640,5
YOLO11s,hl_monaco_test.mp4,1574,7870,157.4,6,moneygram,0.5835575461387634,739.6181640625,482.5917663574219,965.8558959960938,578.5782470703125,226.23773193359375,95.98648071289062,21715.763671875,1920,1080,2073600,0.010472494177520275,0.4,640,5
YOLO11s,hl_monaco_test.mp4,1575,7875,157.5,8,oracle,0.4465211033821106,736.8051147460938,484.9986877441406,964.7314453125,577.743896484375,227.92633056640625,92.74520874023438,21139.07421875,1920,1080,2073600,0.010194383561611176,0.4,640,5
YOLO11s,hl_monaco_test.mp4,1577,7885,157.7,8,oracle,0.520915687084198,736.5444946289062,485.1292724609375,963.996826171875,578.7965087890625,227.45233154296875,93.667236328125,21304.83203125,1920,1080,2073600,0.010274320840835571,0.4,640,5
YOLO11s,hl_monaco_test.mp4,1578,7890,157.8,8,oracle,0.49944332242012024,739.5089111328125,484.1897277832031,965.2384033203125,577.70849609375,225.7294921875,93.51876831054688,21109.943359375,1920,1080,2073600,0.010180335491895676,0.4,640,5
YOLO11s,hl_monaco_test.mp4,1579,7895,157.9,8,oracle,0.4530024230480194,741.1444702148438,483.7232666015625,964.8253784179688,577.6572265625,223.680908203125,93.9339599609375,21011.234375,1920,1080,2073600,0.010132732801139355,0.4,640,5
YOLO11s,hl_monaco_test.mp4,1581,7905,158.1,6,moneygram,0.572723925113678,740.814697265625,482.3016357421875,966.7681274414062,576.6135864257812,225.95343017578125,94.31195068359375,21310.109375,1920,1080,2073600,0.010276866145431995,0.4,640,5
YOLO11s,hl_monaco_test.mp4,1582,7910,158.2,6,moneygram,0.7579347491264343,738.20947265625,480.4223327636719,966.9609375,577.8846435546875,228.75146484375,97.46231079101562,22294.646484375,1920,1080,2073600,0.010751661844551563,0.4,640,5
YOLO11s,hl_monaco_test.mp4,1587,7935,158.7,6,moneygram,0.47345560789108276,732.6002807617188,483.1839599609375,963.3006591796875,574.1778564453125,230.70037841796875,90.993896484375,20992.326171875,1920,1080,2073600,0.010123614221811295,0.4,640,5
YOLO11s,hl_monaco_test.mp4,1589,7945,158.9,8,oracle,0.4911114573478699,737.0284423828125,483.4302978515625,966.45703125,575.7293701171875,229.4285888671875,92.299072265625,21176.046875,1920,1080,2073600,0.010212213732302189,0.4,640,5
YOLO11s,hl_monaco_test.mp4,1590,7950,159.0,8,oracle,0.4722675085067749,735.4243774414062,484.9062194824219,966.626953125,576.902099609375,231.20257568359375,91.99588012695312,21269.68359375,1920,1080,2073600,0.01025737076997757,0.4,640,5
YOLO11s,hl_monaco_test.mp4,1591,7955,159.1,8,oracle,0.4931122660636902,734.7868041992188,485.14080810546875,966.378662109375,577.4614868164062,231.59185791015625,92.3206787109375,21380.716796875,1920,1080,2073600,0.010310916230082512,0.4,640,5
YOLO11s,hl_monaco_test.mp4,1592,7960,159.2,8,oracle,0.5618952512741089,736.406494140625,485.0777893066406,967.0057373046875,577.34912109375,230.5992431640625,92.27133178710938,21277.69921875,1920,1080,2073600,0.010261235758662224,0.4,640,5
YOLO11s,hl_monaco_test.mp4,1593,7965,159.3,8,oracle,0.4429195821285248,735.5894775390625,482.8173522949219,968.298095703125,577.8555908203125,232.7086181640625,95.03823852539062,22116.216796875,1920,1080,2073600,0.010665614157915115,0.4,640,5
YOLO11s,hl_monaco_test.mp4,1593,7965,159.3,8,oracle,0.41900911927223206,775.4269409179688,74.70906829833984,887.4025268554688,91.0726089477539,111.9755859375,16.363540649414062,1832.3170166015625,1920,1080,2073600,0.0008836405468173325,0.4,640,5
YOLO11s,hl_monaco_test.mp4,1594,7970,159.4,8,oracle,0.5388017296791077,735.3967895507812,481.4412841796875,969.109130859375,577.8007202148438,233.71234130859375,96.35943603515625,22520.388671875,1920,1080,2073600,0.01086052693426609,0.4,640,5
YOLO11s,hl_monaco_test.mp4,1595,7975,159.5,8,oracle,0.6979043483734131,736.5615234375,482.2826843261719,970.281005859375,578.0869140625,233.719482421875,95.80422973632812,22391.314453125,1920,1080,2073600,0.010798280127346516,0.4,640,5
YOLO11s,hl_monaco_test.mp4,1596,7980,159.6,8,oracle,0.7177013754844666,736.0477294921875,482.8912353515625,970.8416748046875,577.3992919921875,234.7939453125,94.508056640625,22189.919921875,1920,1080,2073600,0.01070115715265274,0.4,640,5
YOLO11s,hl_monaco_test.mp4,1597,7985,159.7,8,oracle,0.5421285629272461,735.9805908203125,482.4993896484375,967.7037353515625,581.1663208007812,231.72314453125,98.66693115234375,22863.412109375,1920,1080,2073600,0.011025951243937016,0.4,640,5
YOLO11s,hl_monaco_test.mp4,1598,7990,159.8,8,oracle,0.5208041071891785,736.8976440429688,481.9884338378906,968.2459716796875,580.76904296875,231.34832763671875,98.78060913085938,22852.728515625,1920,1080,2073600,0.011020799167454243,0.4,640,5
YOLO11s,hl_monaco_test.mp4,1600,8000,160.0,8,oracle,0.5005741119384766,734.6104125976562,482.13519287109375,967.33740234375,579.7628173828125,232.72698974609375,97.62762451171875,22720.583984375,1920,1080,2073600,0.01095707155764103,0.4,640,5
YOLO11s,hl_monaco_test.mp4,1602,8010,160.2,8,oracle,0.6151203513145447,736.101318359375,481.22137451171875,968.5662841796875,580.1617431640625,232.4649658203125,98.94036865234375,23000.169921875,1920,1080,2073600,0.01109190285205841,0.4,640,5
YOLO11s,hl_monaco_test.mp4,1603,8015,160.3,8,oracle,0.5111280083656311,736.202880859375,482.85687255859375,967.6595458984375,579.9692993164062,231.4566650390625,97.1124267578125,22477.318359375,1920,1080,2073600,0.010839756578207016,0.4,640,5
YOLO11s,hl_monaco_test.mp4,1604,8020,160.4,8,oracle,0.7285706400871277,736.9520263671875,481.8934020996094,964.9901733398438,579.5293579101562,228.03814697265625,97.63595581054688,22264.72265625,1920,1080,2073600,0.010737231001257896,0.4,640,5
YOLO11s,hl_monaco_test.mp4,1605,8025,160.5,8,oracle,0.7710303068161011,737.4852905273438,482.6876220703125,967.4313354492188,579.3603515625,229.946044921875,96.6727294921875,22229.51171875,1920,1080,2073600,0.010720250196754932,0.4,640,5
YOLO11s,hl_monaco_test.mp4,1606,8030,160.6,8,oracle,0.7704944610595703,738.6666259765625,482.3865051269531,966.5030517578125,578.765869140625,227.83642578125,96.37936401367188,21958.73046875,1920,1080,2073600,0.010589665733277798,0.4,640,5
YOLO11s,hl_monaco_test.mp4,1607,8035,160.7,8,oracle,0.7727775573730469,737.921142578125,482.767822265625,966.590576171875,578.794189453125,228.66943359375,96.0263671875,21958.294921875,1920,1080,2073600,0.010589455254375935,0.4,640,5
YOLO11s,hl_monaco_test.mp4,1608,8040,160.8,8,oracle,0.7949734926223755,738.9586181640625,482.24603271484375,964.7225341796875,578.0413208007812,225.763916015625,95.7952880859375,21627.119140625,1920,1080,2073600,0.010429744608700275,0.4,640,5
YOLO11s,hl_monaco_test.mp4,1609,8045,160.9,8,oracle,0.7410356402397156,740.1522827148438,484.1415710449219,967.435546875,577.320556640625,227.28326416015625,93.17898559570312,21178.0234375,1920,1080,2073600,0.010213167406618595,0.4,640,5
YOLO11s,hl_monaco_test.mp4,1610,8050,161.0,8,oracle,0.708486020565033,735.890380859375,483.7863464355469,967.7906494140625,577.0706787109375,231.9002685546875,93.28433227539062,21632.662109375,1920,1080,2073600,0.010432418435811996,0.4,640,5
YOLO11s,hl_monaco_test.mp4,1611,8055,161.1,8,oracle,0.6871340274810791,737.4654541015625,484.298583984375,967.760986328125,577.304443359375,230.2955322265625,93.005859375,21418.833984375,1920,1080,2073600,0.010329298675060272,0.4,640,5
YOLO11s,hl_monaco_test.mp4,1612,8060,161.2,8,oracle,0.7730327248573303,738.740234375,482.50396728515625,964.4240112304688,578.2386474609375,225.68377685546875,95.73468017578125,21605.763671875,1920,1080,2073600,0.010419446043670177,0.4,640,5
YOLO11s,hl_monaco_test.mp4,1613,8065,161.3,8,oracle,0.7040746808052063,734.539306640625,482.5404052734375,965.5083618164062,577.5579833984375,230.96905517578125,95.017578125,21946.12109375,1920,1080,2073600,0.010583584196865559,0.4,640,5
YOLO11s,hl_monaco_test.mp4,1614,8070,161.4,8,oracle,0.7383604049682617,737.4985961914062,482.28265380859375,964.4937744140625,578.2344970703125,226.99517822265625,95.95184326171875,21780.60546875,1920,1080,2073600,0.010503764264285564,0.4,640,5
YOLO11s,hl_monaco_test.mp4,1615,8075,161.5,8,oracle,0.741575300693512,736.3330688476562,483.00054931640625,964.6717529296875,579.2200927734375,228.33868408203125,96.21954345703125,21970.64453125,1920,1080,2073600,0.0105954110622406,0.4,640,5
YOLO11s,hl_monaco_test.mp4,1616,8080,161.6,8,oracle,0.7696351408958435,738.9237060546875,482.4471435546875,967.7030639648438,576.8980102539062,228.77935791015625,94.45086669921875,21608.408203125,1920,1080,2073600,0.0104207219555974,0.4,640,5
YOLO11s,hl_monaco_test.mp4,1617,8085,161.7,8,oracle,0.7787257432937622,739.8849487304688,483.29827880859375,967.6878662109375,577.080322265625,227.80291748046875,93.78204345703125,21363.822265625,1920,1080,2073600,0.010302769020199776,0.4,640,5
YOLO11s,hl_monaco_test.mp4,1618,8090,161.8,8,oracle,0.7942386269569397,735.503662109375,482.67364501953125,967.3053588867188,577.0811157226562,231.80169677734375,94.407470703125,21883.8125,1920,1080,2073600,0.010553536005318165,0.4,640,5
YOLO11s,hl_monaco_test.mp4,1619,8095,161.9,8,oracle,0.7864581942558289,734.11376953125,483.15728759765625,965.6211547851562,576.7108154296875,231.50738525390625,93.55352783203125,21658.33203125,1920,1080,2073600,0.010444797575473785,0.4,640,5
YOLO11s,hl_monaco_test.mp4,1620,8100,162.0,8,oracle,0.6796796917915344,732.558837890625,484.0280456542969,964.9775390625,577.2342529296875,232.418701171875,93.20620727539062,21662.865234375,1920,1080,2073600,0.010446983389556408,0.4,640,5
YOLO11s,hl_monaco_test.mp4,1621,8105,162.1,8,oracle,0.7312134504318237,733.69140625,483.3099060058594,967.690673828125,576.1787109375,233.999267578125,92.86880493164062,21731.232421875,1920,1080,2073600,0.010479954071342945,0.4,640,5
YOLO11s,hl_monaco_test.mp4,1622,8110,162.2,8,oracle,0.7289254665374756,736.0696411132812,483.0738830566406,964.7039794921875,578.15673828125,228.63433837890625,95.08285522460938,21739.205078125,1920,1080,2073600,0.010483798570930958,0.4,640,5
YOLO11s,hl_monaco_test.mp4,1623,8115,162.3,8,oracle,0.7468003034591675,736.8125,484.0476379394531,968.4702758789062,577.0369873046875,231.65777587890625,92.98934936523438,21541.705078125,1920,1080,2073600,0.010388554073870182,0.4,640,5
YOLO11s,hl_monaco_test.mp4,1624,8120,162.4,8,oracle,0.7511996626853943,734.0621337890625,482.48876953125,968.8408813476562,576.4398193359375,234.77874755859375,93.9510498046875,22057.708984375,1920,1080,2073600,0.01063739787787199,0.4,640,5
YOLO11s,hl_monaco_test.mp4,1625,8125,162.5,8,oracle,0.8137818574905396,733.50390625,484.66827392578125,963.23388671875,580.35546875,229.72998046875,95.68719482421875,21982.216796875,1920,1080,2073600,0.010600991547107697,0.4,640,5
YOLO11s,hl_monaco_test.mp4,1626,8130,162.6,8,oracle,0.7237074375152588,735.01318359375,483.0954895019531,970.4159545898438,576.309326171875,235.40277099609375,93.21383666992188,21942.794921875,1920,1080,2073600,0.01058198045939207,0.4,640,5
YOLO11s,hl_monaco_test.mp4,1627,8135,162.7,8,oracle,0.7382870316505432,734.7149658203125,482.91632080078125,964.87890625,578.1783447265625,230.1639404296875,95.26202392578125,21925.8828125,1920,1080,2073600,0.010573824867606163,0.4,640,5
YOLO11s,hl_monaco_test.mp4,1628,8140,162.8,8,oracle,0.7696042060852051,736.388427734375,482.45123291015625,964.1090087890625,577.9888916015625,227.7205810546875,95.53765869140625,21755.890625,1920,1080,2073600,0.010491845197975636,0.4,640,5
YOLO11s,hl_monaco_test.mp4,1629,8145,162.9,8,oracle,0.738793134689331,736.9842529296875,483.51910400390625,968.8796997070312,577.3002319335938,231.89544677734375,93.7811279296875,21747.416015625,1920,1080,2073600,0.010487758554518223,0.4,640,5
YOLO11s,hl_monaco_test.mp4,1630,8150,163.0,8,oracle,0.7009853720664978,734.3726806640625,482.5243835449219,965.8883056640625,577.7738037109375,231.515625,95.24942016601562,22051.728515625,1920,1080,2073600,0.01063451450318098,0.4,640,5
YOLO11s,hl_monaco_test.mp4,1631,8155,163.1,8,oracle,0.8087684512138367,738.0220336914062,482.96826171875,968.067626953125,578.1676635742188,230.04559326171875,95.19940185546875,21900.203125,1920,1080,2073600,0.010561440140008926,0.4,640,5
YOLO11s,hl_monaco_test.mp4,1632,8160,163.2,8,oracle,0.7669532299041748,735.2613525390625,482.2524719238281,966.034912109375,578.3475341796875,230.7735595703125,96.09506225585938,22176.19921875,1920,1080,2073600,0.010694540105760098,0.4,640,5
YOLO11s,hl_monaco_test.mp4,1633,8165,163.3,8,oracle,0.8091422915458679,734.0899658203125,483.53924560546875,964.2879638671875,579.8615112304688,230.197998046875,96.322265625,22173.193359375,1920,1080,2073600,0.010693090967833996,0.4,640,5
YOLO11s,hl_monaco_test.mp4,1634,8170,163.4,8,oracle,0.7822228670120239,739.872314453125,482.39593505859375,966.1484375,578.570068359375,226.276123046875,96.17413330078125,21761.91015625,1920,1080,2073600,0.010494748130440712,0.4,640,5
YOLO11s,hl_monaco_test.mp4,1635,8175,163.5,8,oracle,0.7462688088417053,736.3179931640625,482.64837646484375,966.2091064453125,577.725830078125,229.89111328125,95.07745361328125,21857.4609375,1920,1080,2073600,0.010540828108787537,0.4,640,5
YOLO11s,hl_monaco_test.mp4,1636,8180,163.6,8,oracle,0.7598364353179932,732.7373046875,481.7282409667969,964.9569091796875,578.5897216796875,232.2196044921875,96.86148071289062,22493.134765625,1920,1080,2073600,0.010847384110093117,0.4,640,5
YOLO11s,hl_monaco_test.mp4,1637,8185,163.7,8,oracle,0.7782908082008362,737.7730712890625,482.7261657714844,967.7305908203125,577.8485107421875,229.95751953125,95.12234497070312,21874.09765625,1920,1080,2073600,0.010548851452767849,0.4,640,5
YOLO11s,hl_monaco_test.mp4,1638,8190,163.8,8,oracle,0.7692212462425232,738.8795776367188,481.4150390625,969.670166015625,577.2313842773438,230.79058837890625,95.81634521484375,22113.509765625,1920,1080,2073600,0.010664308443665504,0.4,640,5
YOLO11s,hl_monaco_test.mp4,1639,8195,163.9,8,oracle,0.7512933611869812,739.6895751953125,481.88092041015625,967.837158203125,577.170654296875,228.1475830078125,95.28973388671875,21740.123046875,1920,1080,2073600,0.010484241880476475,0.4,640,5
YOLO11s,hl_monaco_test.mp4,1640,8200,164.0,8,oracle,0.7295570373535156,730.609375,481.81207275390625,962.9064331054688,576.068603515625,232.29705810546875,94.25653076171875,21895.515625,1920,1080,2073600,0.010559179820120335,0.4,640,5
YOLO11s,hl_monaco_test.mp4,1640,8200,164.0,3,capp,0.4996383488178253,593.51611328125,828.8292846679688,879.7493896484375,1061.841552734375,286.2332763671875,233.01226806640625,66695.8671875,1920,1080,2073600,0.03216428682208061,0.4,640,5
YOLO11s,hl_monaco_test.mp4,1641,8205,164.1,8,oracle,0.7610771656036377,738.0676879882812,481.1893615722656,968.8707275390625,576.5494384765625,230.80303955078125,95.36007690429688,22009.396484375,1920,1080,2073600,0.010614098981022835,0.4,640,5
YOLO11s,hl_monaco_test.mp4,1641,8205,164.1,3,capp,0.4676016867160797,576.08935546875,835.4950561523438,876.54638671875,1067.9560546875,300.45703125,232.46099853515625,69844.5390625,1920,1080,2073600,0.033682744950056076,0.4,640,5
YOLO11s,hl_monaco_test.mp4,1642,8210,164.2,8,oracle,0.6420961618423462,735.573486328125,481.5597839355469,969.0501708984375,576.2767333984375,233.4766845703125,94.71694946289062,22114.19921875,1920,1080,2073600,0.010664640925824642,0.4,640,5
YOLO11s,hl_monaco_test.mp4,1643,8215,164.3,8,oracle,0.5752245187759399,736.2761840820312,481.66510009765625,969.2625732421875,576.564453125,232.98638916015625,94.89935302734375,22110.2578125,1920,1080,2073600,0.010662740096449852,0.4,640,5
YOLO11s,hl_monaco_test.mp4,1644,8220,164.4,8,oracle,0.5510297417640686,736.1900634765625,483.331787109375,969.1118774414062,576.5870361328125,232.92181396484375,93.2552490234375,21721.181640625,1920,1080,2073600,0.010475106537342072,0.4,640,5
YOLO11s,hl_monaco_test.mp4,1645,8225,164.5,8,oracle,0.7212879061698914,736.4241943359375,481.52947998046875,965.5647583007812,576.040283203125,229.14056396484375,94.51080322265625,21656.2578125,1920,1080,2073600,0.010443797335028648,0.4,640,5
YOLO11s,hl_monaco_test.mp4,1645,8225,164.5,3,capp,0.42217376828193665,589.4503784179688,821.0511474609375,871.338134765625,1070.26904296875,281.88775634765625,249.2178955078125,70251.4765625,1920,1080,2073600,0.03387899324297905,0.4,640,5
YOLO11s,hl_monaco_test.mp4,1646,8230,164.6,8,oracle,0.40970849990844727,735.7630615234375,482.4033508300781,964.3724365234375,577.751708984375,228.609375,95.34835815429688,21797.529296875,1920,1080,2073600,0.01051192544400692,0.4,640,5
YOLO11s,hl_monaco_test.mp4,1648,8240,164.8,3,capp,0.5512135624885559,571.2489624023438,826.6494140625,879.1917724609375,1067.79931640625,307.94281005859375,241.14990234375,74260.375,1920,1080,2073600,0.035812295973300934,0.4,640,5
YOLO11s,hl_monaco_test.mp4,1649,8245,164.9,6,moneygram,0.5173763632774353,720.8902587890625,482.2334289550781,961.8081665039062,575.298583984375,240.91790771484375,93.06515502929688,22421.0625,1920,1080,2073600,0.010812626220285892,0.4,640,5
YOLO11s,hl_monaco_test.mp4,1651,8255,165.1,3,capp,0.5768830180168152,579.8754272460938,818.79052734375,873.0560302734375,1056.290771484375,293.18060302734375,237.500244140625,69630.4609375,1920,1080,2073600,0.0335795059800148,0.4,640,5
YOLO11s,hl_monaco_test.mp4,1652,8260,165.2,3,capp,0.6579268574714661,589.3641357421875,816.2155151367188,874.160888671875,1053.0677490234375,284.7967529296875,236.85223388671875,67454.75,1920,1080,2073600,0.03253026306629181,0.4,640,5
YOLO11s,hl_monaco_test.mp4,1653,8265,165.3,3,capp,0.5635252594947815,592.3709716796875,818.2965087890625,872.9404296875,1052.2401123046875,280.5694580078125,233.943603515625,65637.4296875,1920,1080,2073600,0.03165385127067566,0.4,640,5
YOLO11s,hl_monaco_test.mp4,1654,8270,165.4,3,capp,0.5732636451721191,594.514892578125,818.5197143554688,870.7564086914062,1051.771240234375,276.24151611328125,233.25152587890625,64433.75390625,1920,1080,2073600,0.031073376536369324,0.4,640,5
YOLO11s,hl_monaco_test.mp4,1655,8275,165.5,3,capp,0.6805283427238464,587.018310546875,812.216796875,869.749267578125,1053.7266845703125,282.73095703125,241.5098876953125,68282.3203125,1920,1080,2073600,0.03292936086654663,0.4,640,5
YOLO11s,hl_monaco_test.mp4,1656,8280,165.6,3,capp,0.6112647652626038,592.852294921875,823.7376708984375,868.88525390625,1055.924560546875,276.032958984375,232.1868896484375,64091.234375,1920,1080,2073600,0.030908195301890373,0.4,640,5
YOLO11s,hl_monaco_test.mp4,1657,8285,165.7,3,capp,0.48270556330680847,609.86474609375,784.6483154296875,871.893798828125,1058.185546875,262.029052734375,273.5372314453125,71674.703125,1920,1080,2073600,0.03456534817814827,0.4,640,5
YOLO11s,hl_monaco_test.mp4,1661,8305,166.1,6,moneygram,0.6843474507331848,733.3118286132812,482.4584655761719,961.8746337890625,585.6524658203125,228.56280517578125,103.19400024414062,23586.310546875,1920,1080,2073600,0.011374571360647678,0.4,640,5
YOLO11s,hl_monaco_test.mp4,1662,8310,166.2,6,moneygram,0.4821700155735016,738.6358642578125,482.6109924316406,964.61474609375,583.0010986328125,225.9788818359375,100.39010620117188,22686.044921875,1920,1080,2073600,0.010940414853394032,0.4,640,5
YOLO11s,hl_monaco_test.mp4,1664,8320,166.4,6,moneygram,0.4668584167957306,739.4649658203125,481.8791198730469,967.4393310546875,579.3250732421875,227.974365234375,97.44595336914062,22215.1796875,1920,1080,2073600,0.010713338851928711,0.4,640,5
YOLO11s,hl_monaco_test.mp4,1673,8365,167.3,8,oracle,0.5316634178161621,739.864013671875,482.1512145996094,966.2766723632812,579.409912109375,226.41265869140625,97.25869750976562,22020.599609375,1920,1080,2073600,0.010619502514600754,0.4,640,5
YOLO11s,hl_monaco_test.mp4,1674,8370,167.4,8,oracle,0.4864896833896637,735.1248168945312,482.7430419921875,968.4942626953125,578.6219482421875,233.36944580078125,95.87890625,22375.20703125,1920,1080,2073600,0.010790512897074223,0.4,640,5
YOLO11s,hl_monaco_test.mp4,1675,8375,167.5,8,oracle,0.5231289267539978,737.7589111328125,481.477294921875,966.2315673828125,580.5794677734375,228.47265625,99.1021728515625,22642.13671875,1920,1080,2073600,0.010919240303337574,0.4,640,5
YOLO11s,hl_monaco_test.mp4,1677,8385,167.7,8,oracle,0.41684165596961975,738.3564453125,481.90692138671875,965.7830810546875,580.5185546875,227.4266357421875,98.61163330078125,22426.912109375,1920,1080,2073600,0.010815447196364403,0.4,640,5
YOLO11s,hl_monaco_test.mp4,1678,8390,167.8,8,oracle,0.41447871923446655,737.5892333984375,482.5152282714844,967.512939453125,580.104736328125,229.9237060546875,97.58950805664062,22438.140625,1920,1080,2073600,0.010820862837135792,0.4,640,5
YOLO11s,hl_monaco_test.mp4,1679,8395,167.9,8,oracle,0.5272340774536133,737.3406982421875,482.6778259277344,968.8031616210938,580.2230224609375,231.46246337890625,97.54519653320312,22578.05078125,1920,1080,2073600,0.01088833436369896,0.4,640,5
YOLO11s,hl_monaco_test.mp4,1680,8400,168.0,8,oracle,0.5952039957046509,738.0558471679688,482.3624267578125,970.9766235351562,579.7750854492188,232.9207763671875,97.41265869140625,22689.431640625,1920,1080,2073600,0.010942048393189907,0.4,640,5
YOLO11s,hl_monaco_test.mp4,1680,8400,168.0,6,moneygram,0.4240325093269348,0.0,312.25140380859375,43.294193267822266,407.3299255371094,43.294193267822266,95.07852172851562,4116.34765625,1920,1080,2073600,0.0019851212855428457,0.4,640,5
YOLO11s,hl_monaco_test.mp4,1681,8405,168.1,8,oracle,0.4272018373012543,736.7490234375,482.44537353515625,968.7819213867188,580.2621459960938,232.03289794921875,97.8167724609375,22696.708984375,1920,1080,2073600,0.010945557616651058,0.4,640,5
YOLO11s,hl_monaco_test.mp4,1682,8410,168.2,8,oracle,0.6458038687705994,736.5470581054688,482.15533447265625,966.8505249023438,579.2373046875,230.303466796875,97.08197021484375,22358.314453125,1920,1080,2073600,0.010782365687191486,0.4,640,5
YOLO11s,hl_monaco_test.mp4,1684,8420,168.4,8,oracle,0.5190737843513489,739.2800903320312,480.19207763671875,971.507080078125,577.4884643554688,232.22698974609375,97.29638671875,22594.84765625,1920,1080,2073600,0.010896435007452965,0.4,640,5
YOLO11s,hl_monaco_test.mp4,1701,8505,170.1,3,capp,0.5098494291305542,1201.5361328125,437.35205078125,1368.619384765625,485.941162109375,167.083251953125,48.589111328125,8118.4267578125,1920,1080,2073600,0.003915136214345694,0.4,640,5
YOLO11s,hl_monaco_test.mp4,1712,8560,171.2,3,capp,0.6227519512176514,625.9107055664062,279.84307861328125,816.0910034179688,321.35986328125,190.1802978515625,41.51678466796875,7895.67431640625,1920,1080,2073600,0.0038077132776379585,0.4,640,5
YOLO11s,hl_monaco_test.mp4,1713,8565,171.3,3,capp,0.41794830560684204,635.02587890625,303.61505126953125,817.7911376953125,346.9794921875,182.7652587890625,43.36444091796875,7925.51318359375,1920,1080,2073600,0.0038221031427383423,0.4,640,5
YOLO11s,hl_monaco_test.mp4,1733,8665,173.3,2,bwt,0.5877578258514404,660.6279907226562,610.121826171875,897.570556640625,656.4096069335938,236.94256591796875,46.28778076171875,10967.5458984375,1920,1080,2073600,0.005289132706820965,0.4,640,5
YOLO11s,hl_monaco_test.mp4,1736,8680,173.6,2,bwt,0.45569294691085815,535.2918090820312,637.990234375,784.4415893554688,688.59619140625,249.1497802734375,50.60595703125,12608.462890625,1920,1080,2073600,0.00608047004789114,0.4,640,5
YOLO11s,hl_monaco_test.mp4,1741,8705,174.1,3,capp,0.8038904666900635,1125.859619140625,349.3699951171875,1241.4306640625,373.154296875,115.571044921875,23.7843017578125,2748.776611328125,1920,1080,2073600,0.0013256060192361474,0.4,640,5
YOLO11s,hl_monaco_test.mp4,1741,8705,174.1,3,capp,0.7858416438102722,1229.169677734375,358.5456848144531,1315.1043701171875,382.1177673339844,85.9346923828125,23.57208251953125,2025.65966796875,1920,1080,2073600,0.000976880663074553,0.4,640,5
YOLO11s,hl_monaco_test.mp4,1742,8710,174.2,3,capp,0.9463832974433899,1230.7196044921875,361.651611328125,1360.9434814453125,404.107177734375,130.223876953125,42.45556640625,5528.728515625,1920,1080,2073600,0.0026662463787943125,0.4,640,5
YOLO11s,hl_monaco_test.mp4,1742,8710,174.2,3,capp,0.8447483777999878,1230.4654541015625,363.0826721191406,1287.1300048828125,403.50238037109375,56.66455078125,40.419708251953125,2290.364501953125,1920,1080,2073600,0.0011045353021472692,0.4,640,5
YOLO11s,hl_monaco_test.mp4,1751,8755,175.1,3,capp,0.7960677742958069,1345.740966796875,384.4775390625,1534.6812744140625,415.67010498046875,188.9403076171875,31.19256591796875,5893.533203125,1920,1080,2073600,0.0028421746101230383,0.4,640,5
YOLO11s,hl_monaco_test.mp4,1823,9115,182.3,6,moneygram,0.6440480351448059,1847.0350341796875,81.2108154296875,1918.7867431640625,143.59324645996094,71.751708984375,62.38243103027344,4476.0458984375,1920,1080,2073600,0.0021585868671536446,0.4,640,5
YOLO11s,hl_monaco_test.mp4,1839,9195,183.9,6,moneygram,0.4599408805370331,1869.16552734375,920.6076049804688,1919.52685546875,960.588134765625,50.361328125,39.98052978515625,2013.4725341796875,1920,1080,2073600,0.0009710033191367984,0.4,640,5
YOLO11s,hl_monaco_test.mp4,1842,9210,184.2,6,moneygram,0.5309547781944275,1877.3924560546875,737.476806640625,1920.0,822.4246826171875,42.6075439453125,84.9478759765625,3619.42041015625,1920,1080,2073600,0.001745476620271802,0.4,640,5
YOLO11s,hl_monaco_test.mp4,1900,9500,190.0,1,atlasian,0.849335253238678,908.6914672851562,511.98870849609375,1080.4376220703125,531.0191650390625,171.74615478515625,19.03045654296875,3268.40771484375,1920,1080,2073600,0.0015761996619403362,0.4,640,5
YOLO11s,hl_monaco_test.mp4,1900,9500,190.0,1,atlasian,0.4931144118309021,999.4553833007812,567.5718994140625,1059.684326171875,583.9451904296875,60.22894287109375,16.373291015625,986.14599609375,1920,1080,2073600,0.00047557195648550987,0.4,640,5
YOLO11s,hl_monaco_test.mp4,1901,9505,190.1,1,atlasian,0.8606371283531189,1334.6912841796875,901.0720825195312,1642.837158203125,964.7792358398438,308.1458740234375,63.7071533203125,19631.095703125,1920,1080,2073600,0.00946715660393238,0.4,640,5
YOLO11s,hl_monaco_test.mp4,2041,10205,204.1,6,moneygram,0.47337380051612854,0.04232025146484375,268.47137451171875,38.274757385253906,371.3473205566406,38.23243713378906,102.87594604492188,3933.1982421875,1920,1080,2073600,0.0018967969808727503,0.4,640,5
YOLO11s,hl_monaco_test.mp4,2051,10255,205.1,6,moneygram,0.4307295083999634,0.0,281.5419616699219,55.987632751464844,371.3495178222656,55.987632751464844,89.80755615234375,5028.1123046875,1920,1080,2073600,0.0024248226545751095,0.4,640,5
YOLO11s,hl_monaco_test.mp4,2084,10420,208.4,7,okx,0.4636270999908447,1150.3740234375,535.9257202148438,1421.808837890625,695.3688354492188,271.434814453125,159.443115234375,43278.4140625,1920,1080,2073600,0.020871149376034737,0.4,640,5
YOLO11s,hl_monaco_test.mp4,2131,10655,213.1,4,hp,0.4457738399505615,738.1419067382812,658.7073364257812,838.3925170898438,698.4908447265625,100.2506103515625,39.78350830078125,3988.321044921875,1920,1080,2073600,0.0019233801867812872,0.4,640,5
YOLO11s,hl_monaco_test.mp4,2133,10665,213.3,4,hp,0.5081288814544678,741.966552734375,587.503662109375,833.4706420898438,622.4093627929688,91.50408935546875,34.90570068359375,3194.014404296875,1920,1080,2073600,0.0015403232537209988,0.4,640,5
YOLO11s,hl_monaco_test.mp4,2134,10670,213.4,4,hp,0.4344088137149811,762.1277465820312,603.2066650390625,857.6956787109375,639.877197265625,95.56793212890625,36.6705322265625,3504.52685546875,1920,1080,2073600,0.0016900688642635942,0.4,640,5
YOLO11s,hl_monaco_test.mp4,2135,10675,213.5,4,hp,0.555346667766571,784.877197265625,618.1495361328125,882.705322265625,705.1240844726562,97.828125,86.97454833984375,8508.556640625,1920,1080,2073600,0.004103277809917927,0.4,640,5
YOLO11s,hl_monaco_test.mp4,2136,10680,213.6,4,hp,0.5197855234146118,805.751953125,620.1901245117188,899.5491943359375,674.3717651367188,93.7972412109375,54.181640625,5082.08837890625,1920,1080,2073600,0.0024508528877049685,0.4,640,5
YOLO11s,hl_monaco_test.mp4,2136,10680,213.6,4,hp,0.4121294319629669,804.5033569335938,628.3493041992188,904.0186157226562,708.3056030273438,99.5152587890625,79.956298828125,7956.87158203125,1920,1080,2073600,0.0038372259587049484,0.4,640,5
YOLO11s,hl_monaco_test.mp4,2137,10685,213.7,4,hp,0.5552666187286377,837.4010009765625,626.689453125,933.1259765625,666.378173828125,95.7249755859375,39.688720703125,3799.201904296875,1920,1080,2073600,0.0018321768147870898,0.4,640,5
YOLO11s,hl_monaco_test.mp4,2137,10685,213.7,4,hp,0.4258244037628174,835.8074340820312,676.1002807617188,933.9473876953125,717.756591796875,98.13995361328125,41.65631103515625,4088.1484375,1920,1080,2073600,0.0019715221133083105,0.4,640,5
YOLO11s,hl_monaco_test.mp4,2138,10690,213.8,4,hp,0.45044440031051636,869.8013305664062,723.6527099609375,970.2636108398438,770.318359375,100.4622802734375,46.6656494140625,4688.1376953125,1920,1080,2073600,0.002260868903249502,0.4,640,5
YOLO11s,hl_monaco_test.mp4,2138,10690,213.8,4,hp,0.41493311524391174,873.6544189453125,680.5281372070312,970.6378784179688,716.5941162109375,96.98345947265625,36.06597900390625,3497.803466796875,1920,1080,2073600,0.0016868264647200704,0.4,640,5
YOLO11s,hl_monaco_test.mp4,2139,10695,213.9,4,hp,0.6468873023986816,1351.3802490234375,0.0,1402.787841796875,22.809917449951172,51.4075927734375,22.809917449951172,1172.6029052734375,1920,1080,2073600,0.000565491383895278,0.4,640,5
YOLO11s,hl_monaco_test.mp4,2139,10695,213.9,4,hp,0.5996257066726685,923.0302734375,705.5960083007812,1016.715087890625,741.7179565429688,93.684814453125,36.1219482421875,3384.078125,1920,1080,2073600,0.001631982158869505,0.4,640,5
YOLO11s,hl_monaco_test.mp4,2139,10695,213.9,4,hp,0.44731083512306213,918.6748046875,713.2801513671875,1015.759521484375,796.0841064453125,97.084716796875,82.803955078125,8038.99853515625,1920,1080,2073600,0.0038768318481743336,0.4,640,5
YOLO11s,hl_monaco_test.mp4,2140,10700,214.0,4,hp,0.8964217305183411,1377.898681640625,32.13446044921875,1427.822021484375,76.30581665039062,49.92333984375,44.171356201171875,2205.181640625,1920,1080,2073600,0.001063455594703555,0.4,640,5
YOLO11s,hl_monaco_test.mp4,2140,10700,214.0,4,hp,0.8005187511444092,1194.8193359375,30.562557220458984,1241.920654296875,71.76902770996094,47.101318359375,41.20647048950195,1940.8790283203125,1920,1080,2073600,0.0009359949035570025,0.4,640,5
YOLO11s,hl_monaco_test.mp4,2140,10700,214.0,4,hp,0.6532418727874756,1775.2012939453125,8.495163917541504,1887.1175537109375,53.9933967590332,111.916259765625,45.498233795166016,5091.9921875,1920,1080,2073600,0.0024556289426982403,0.4,640,5
YOLO11s,hl_monaco_test.mp4,2140,10700,214.0,4,hp,0.5248607993125916,975.7684936523438,718.1281127929688,1061.539306640625,800.1454467773438,85.77081298828125,82.017333984375,7034.693359375,1920,1080,2073600,0.0033925026655197144,0.4,640,5
YOLO11s,hl_monaco_test.mp4,2141,10705,214.1,4,hp,0.9012079238891602,1377.941162109375,73.62957000732422,1421.96484375,113.0156021118164,44.023681640625,39.38603210449219,1733.9180908203125,1920,1080,2073600,0.0008361873333342373,0.4,640,5
YOLO11s,hl_monaco_test.mp4,2141,10705,214.1,4,hp,0.8547504544258118,1209.91552734375,73.34234619140625,1251.32080078125,111.04953002929688,41.4052734375,37.707183837890625,1561.2762451171875,1920,1080,2073600,0.0007529302965849638,0.4,640,5
YOLO11s,hl_monaco_test.mp4,2141,10705,214.1,4,hp,0.7071065306663513,1004.2684326171875,704.774169921875,1086.7340087890625,781.4248046875,82.465576171875,76.650634765625,6321.03857421875,1920,1080,2073600,0.0030483403243124485,0.4,640,5
YOLO11s,hl_monaco_test.mp4,2141,10705,214.1,4,hp,0.6465713977813721,1004.5572509765625,704.3175048828125,1086.5826416015625,743.3216552734375,82.025390625,39.004150390625,3199.33056640625,1920,1080,2073600,0.0015428870683535933,0.4,640,5
YOLO11s,hl_monaco_test.mp4,2142,10710,214.2,4,hp,0.8818280696868896,1204.01708984375,104.65660858154297,1243.732666015625,139.68490600585938,39.715576171875,35.028297424316406,1391.1690673828125,1920,1080,2073600,0.0006708955625072122,0.4,640,5
YOLO11s,hl_monaco_test.mp4,2142,10710,214.2,4,hp,0.8621282577514648,1357.20361328125,107.44068145751953,1400.033447265625,144.3935546875,42.829833984375,36.95287322998047,1582.6854248046875,1920,1080,2073600,0.000763254938647151,0.4,640,5
YOLO11s,hl_monaco_test.mp4,2142,10710,214.2,4,hp,0.6505431532859802,1015.7508544921875,681.6110229492188,1091.4569091796875,752.32470703125,75.7060546875,70.71368408203125,5353.4541015625,1920,1080,2073600,0.0025817197747528553,0.4,640,5
YOLO11s,hl_monaco_test.mp4,2142,10710,214.2,4,hp,0.5030393004417419,1891.1319580078125,45.9686164855957,1920.0,109.83250427246094,28.8680419921875,63.863887786865234,1843.6253662109375,1920,1080,2073600,0.0008890940225683153,0.4,640,5
YOLO11s,hl_monaco_test.mp4,2143,10715,214.3,4,hp,0.8727990388870239,1333.3876953125,143.73464965820312,1372.986328125,178.48403930664062,39.5986328125,34.7493896484375,1376.0283203125,1920,1080,2073600,0.000663593877106905,0.4,640,5
YOLO11s,hl_monaco_test.mp4,2143,10715,214.3,4,hp,0.8219922184944153,1193.650146484375,142.86724853515625,1230.108642578125,176.8343505859375,36.45849609375,33.96710205078125,1238.389404296875,1920,1080,2073600,0.0005972171202301979,0.4,640,5
YOLO11s,hl_monaco_test.mp4,2143,10715,214.3,4,hp,0.6446153521537781,1025.993896484375,668.858642578125,1090.8037109375,728.2809448242188,64.809814453125,59.42230224609375,3851.1484375,1920,1080,2073600,0.001857228227891028,0.4,640,5
YOLO11s,hl_monaco_test.mp4,2143,10715,214.3,4,hp,0.5766935348510742,1028.934326171875,667.880126953125,1089.21826171875,693.1704711914062,60.283935546875,25.29034423828125,1524.6014404296875,1920,1080,2073600,0.000735243724193424,0.4,640,5
YOLO11s,hl_monaco_test.mp4,2144,10720,214.4,4,hp,0.805056631565094,1297.5775146484375,186.49462890625,1334.4383544921875,216.8201904296875,36.86083984375,30.3255615234375,1117.82568359375,1920,1080,2073600,0.0005390748847275972,0.4,640,5
YOLO11s,hl_monaco_test.mp4,2144,10720,214.4,4,hp,0.6742061376571655,1170.157470703125,182.50131225585938,1202.8985595703125,214.61187744140625,32.7410888671875,32.110565185546875,1051.3348388671875,1920,1080,2073600,0.0005070094484835863,0.4,640,5
YOLO11s,hl_monaco_test.mp4,2144,10720,214.4,4,hp,0.6418999433517456,1019.5301513671875,662.0952758789062,1078.6094970703125,697.3790283203125,59.079345703125,35.28375244140625,2084.541015625,1920,1080,2073600,0.0010052763391286135,0.4,640,5
YOLO11s,hl_monaco_test.mp4,2144,10720,214.4,4,hp,0.44819656014442444,1882.816650390625,126.8895034790039,1920.0,170.07351684570312,37.183349609375,43.18401336669922,1605.726318359375,1920,1080,2073600,0.0007743664900772274,0.4,640,5
YOLO11s,hl_monaco_test.mp4,2145,10725,214.5,4,hp,0.7429914474487305,1266.89111328125,211.46177673339844,1299.99755859375,238.81480407714844,33.1064453125,27.35302734375,905.5615234375,1920,1080,2073600,0.000436709844507277,0.4,640,5
YOLO11s,hl_monaco_test.mp4,2145,10725,214.5,4,hp,0.5598015189170837,1148.6641845703125,207.03076171875,1179.292724609375,237.43222045898438,30.6285400390625,30.401458740234375,931.1522827148438,1920,1080,2073600,0.00044905106187798083,0.4,640,5
YOLO11s,hl_monaco_test.mp4,2145,10725,214.5,4,hp,0.5416229367256165,1006.0490112304688,660.1510009765625,1064.235107421875,688.926513671875,58.18609619140625,28.7755126953125,1674.334716796875,1920,1080,2073600,0.0008074530633166432,0.4,640,5
YOLO11s,hl_monaco_test.mp4,2146,10730,214.6,4,hp,0.795387864112854,1242.911376953125,233.87448120117188,1274.2255859375,260.0248718261719,31.314208984375,26.150390625,818.8787841796875,1920,1080,2073600,0.00039490681956522167,0.4,640,5
YOLO11s,hl_monaco_test.mp4,2146,10730,214.6,4,hp,0.5277053713798523,1133.437255859375,233.00450134277344,1161.2991943359375,260.5362548828125,27.8619384765625,27.531753540039062,767.0880126953125,1920,1080,2073600,0.00036993055255152285,0.4,640,5
YOLO11s,hl_monaco_test.mp4,2147,10735,214.7,4,hp,0.4224855601787567,1121.3447265625,252.14126586914062,1141.7353515625,276.82635498046875,20.390625,24.685089111328125,503.3443908691406,1920,1080,2073600,0.0002427393919788301,0.4,640,5
YOLO11s,hl_monaco_test.mp4,2148,10740,214.8,4,hp,0.5681706070899963,720.0738525390625,639.3243408203125,766.604248046875,667.50830078125,46.5303955078125,28.1839599609375,1311.4107666015625,1920,1080,2073600,0.000632431881967932,0.4,640,5
YOLO11s,hl_monaco_test.mp4,2148,10740,214.8,4,hp,0.4114108383655548,1864.07275390625,70.16397857666016,1919.850341796875,166.17791748046875,55.777587890625,96.0139389038086,5355.42578125,1920,1080,2073600,0.0025826706551015377,0.4,640,5
YOLO11s,hl_monaco_test.mp4,2149,10745,214.9,4,hp,0.7481039762496948,1829.7528076171875,86.5583724975586,1905.1973876953125,170.97605895996094,75.444580078125,84.41768646240234,6368.85693359375,1920,1080,2073600,0.0030714008025825024,0.4,640,5
YOLO11s,hl_monaco_test.mp4,2149,10745,214.9,4,hp,0.6889842748641968,724.513671875,626.4273071289062,769.7200927734375,666.099853515625,45.2064208984375,39.67254638671875,1793.453857421875,1920,1080,2073600,0.0008648986695334315,0.4,640,5
YOLO11s,hl_monaco_test.mp4,2150,10750,215.0,4,hp,0.6770377159118652,1823.2510986328125,91.27940368652344,1892.2818603515625,173.85244750976562,69.03076171875,82.57304382324219,5700.080078125,1920,1080,2073600,0.002748881233856082,0.4,640,5
YOLO11s,hl_monaco_test.mp4,2150,10750,215.0,4,hp,0.4164668321609497,722.5299682617188,631.0636596679688,767.1240234375,663.7289428710938,44.59405517578125,32.665283203125,1456.677490234375,1920,1080,2073600,0.0007024871883913875,0.4,640,5
YOLO11s,hl_monaco_test.mp4,2151,10755,215.1,4,hp,0.6652482748031616,1824.2867431640625,93.80488586425781,1884.156005859375,175.15480041503906,59.8692626953125,81.34991455078125,4870.359375,1920,1080,2073600,0.0023487459402531385,0.4,640,5
YOLO11s,hl_monaco_test.mp4,2151,10755,215.1,4,hp,0.6337007284164429,719.413818359375,632.0869140625,761.912353515625,665.54541015625,42.49853515625,33.45849609375,1421.93701171875,1920,1080,2073600,0.0006857335101813078,0.4,640,5
YOLO11s,hl_monaco_test.mp4,2152,10760,215.2,4,hp,0.6826096773147583,712.4928588867188,648.3638916015625,754.3049926757812,689.3035888671875,41.8121337890625,40.939697265625,1711.776123046875,1920,1080,2073600,0.0008255093125626445,0.4,640,5
YOLO11s,hl_monaco_test.mp4,2152,10760,215.2,4,hp,0.6285445690155029,1820.1112060546875,94.13582611083984,1872.3175048828125,174.177734375,52.206298828125,80.04190826416016,4178.69189453125,1920,1080,2073600,0.0020151871722191572,0.4,640,5
YOLO11s,hl_monaco_test.mp4,2153,10765,215.3,4,hp,0.6620141863822937,671.3263549804688,431.54681396484375,713.0831909179688,464.9168701171875,41.7568359375,33.37005615234375,1393.427978515625,1920,1080,2073600,0.0006719849188812077,0.4,640,5
YOLO11s,hl_monaco_test.mp4,2153,10765,215.3,4,hp,0.49728870391845703,1062.671630859375,298.9347839355469,1085.1185302734375,320.607421875,22.4468994140625,21.672637939453125,486.4835205078125,1920,1080,2073600,0.00023460817465092987,0.4,640,5
YOLO11s,hl_monaco_test.mp4,2155,10775,215.5,4,hp,0.7833746075630188,1582.5128173828125,165.97311401367188,1639.3780517578125,210.90948486328125,56.865234375,44.936370849609375,2555.317138671875,1920,1080,2073600,0.0012323096161708236,0.4,640,5
YOLO11s,hl_monaco_test.mp4,2155,10775,215.5,4,hp,0.7479833364486694,1134.441162109375,298.1664733886719,1161.974609375,320.2909240722656,27.533447265625,22.12445068359375,609.1624145507812,1920,1080,2073600,0.00029377045575529337,0.4,640,5
YOLO11s,hl_monaco_test.mp4,2155,10775,215.5,4,hp,0.5536921620368958,1040.9593505859375,296.84515380859375,1061.825439453125,315.8968200683594,20.8660888671875,19.051666259765625,397.53375244140625,1920,1080,2073600,0.00019171187886968255,0.4,640,5
YOLO11s,hl_monaco_test.mp4,2155,10775,215.5,4,hp,0.4802120327949524,658.06982421875,660.7562255859375,695.1922607421875,694.8063354492188,37.1224365234375,34.05010986328125,1264.0230712890625,1920,1080,2073600,0.0006095790304243565,0.4,640,5
YOLO11s,hl_monaco_test.mp4,2156,10780,215.6,4,hp,0.8404995203018188,1606.239990234375,143.46188354492188,1675.3857421875,192.8638458251953,69.145751953125,49.40196228027344,3415.935791015625,1920,1080,2073600,0.0016473456053063273,0.4,640,5
YOLO11s,hl_monaco_test.mp4,2156,10780,215.6,4,hp,0.7137095332145691,1129.33203125,290.6031188964844,1162.3240966796875,312.4807434082031,32.9920654296875,21.87762451171875,721.7880249023438,1920,1080,2073600,0.0003480844898149371,0.4,640,5
YOLO11s,hl_monaco_test.mp4,2156,10780,215.6,4,hp,0.685863196849823,890.3080444335938,689.7943115234375,942.2958984375,738.1682739257812,51.98785400390625,48.37396240234375,2514.8583984375,1920,1080,2073600,0.0012127981754019856,0.4,640,5
YOLO11s,hl_monaco_test.mp4,2157,10785,215.7,4,hp,0.8369355797767639,1131.7059326171875,277.6055908203125,1161.675537109375,304.0643615722656,29.9696044921875,26.458770751953125,792.9589233398438,1920,1080,2073600,0.0003824068990070373,0.4,640,5
YOLO11s,hl_monaco_test.mp4,2157,10785,215.7,4,hp,0.7031429409980774,844.7508544921875,717.75390625,901.6153564453125,771.2298583984375,56.864501953125,53.4759521484375,3040.88330078125,1920,1080,2073600,0.0014664753107354045,0.4,640,5
YOLO11s,hl_monaco_test.mp4,2157,10785,215.7,4,hp,0.6421211957931519,1023.0239868164062,275.2337951660156,1051.728759765625,301.6940002441406,28.70477294921875,26.460205078125,759.5341796875,1920,1080,2073600,0.00036628771340474486,0.4,640,5
YOLO11s,hl_monaco_test.mp4,2158,10790,215.8,4,hp,0.828546941280365,775.3685302734375,763.5789184570312,844.8065185546875,826.39892578125,69.43798828125,62.82000732421875,4362.0947265625,1920,1080,2073600,0.002103633712977171,0.4,640,5
YOLO11s,hl_monaco_test.mp4,2158,10790,215.8,4,hp,0.8262300491333008,1148.368408203125,244.96604919433594,1184.6165771484375,276.1988525390625,36.2481689453125,31.232803344726562,1132.1319580078125,1920,1080,2073600,0.0005459741223603487,0.4,640,5
YOLO11s,hl_monaco_test.mp4,2158,10790,215.8,4,hp,0.8037229180335999,1023.0443115234375,241.6199951171875,1056.4306640625,270.39599609375,33.3863525390625,28.7760009765625,960.7257080078125,1920,1080,2073600,0.00046331292833201587,0.4,640,5
YOLO11s,hl_monaco_test.mp4,2159,10795,215.9,4,hp,0.8339416980743408,1191.4757080078125,177.73809814453125,1231.1868896484375,215.6744384765625,39.711181640625,37.93634033203125,1506.4969482421875,1920,1080,2073600,0.0007265128078870475,0.4,640,5
YOLO11s,hl_monaco_test.mp4,2159,10795,215.9,4,hp,0.5684176683425903,1048.954345703125,175.57196044921875,1083.1160888671875,211.3729248046875,34.1617431640625,35.80096435546875,1223.0233154296875,1920,1080,2073600,0.0005898067611269653,0.4,640,5
YOLO11s,hl_monaco_test.mp4,2160,10800,216.0,4,hp,0.813690185546875,1248.330322265625,121.09721374511719,1291.802490234375,159.05868530273438,43.47216796875,37.96147155761719,1650.2674560546875,1920,1080,2073600,0.0007958465721458197,0.4,640,5
YOLO11s,hl_monaco_test.mp4,2160,10800,216.0,4,hp,0.529605507850647,1096.2645263671875,112.15962982177734,1136.275634765625,151.54443359375,40.0111083984375,39.384803771972656,1575.8297119140625,1920,1080,2073600,0.000759948743507266,0.4,640,5
YOLO11s,hl_monaco_test.mp4,2160,10800,216.0,4,hp,0.5225338339805603,642.4844970703125,807.1864013671875,694.052490234375,836.46826171875,51.5679931640625,29.2818603515625,1510.0067138671875,1920,1080,2073600,0.0007282053702510893,0.4,640,5
YOLO11s,hl_monaco_test.mp4,2160,10800,216.0,1,atlasian,0.45830753445625305,617.0918579101562,923.9765625,1034.21630859375,959.9197998046875,417.12445068359375,35.9432373046875,14992.802734375,1920,1080,2073600,0.007230325601994991,0.4,640,5
YOLO11s,hl_monaco_test.mp4,2161,10805,216.1,4,hp,0.8526095747947693,1367.62548828125,73.23756408691406,1415.48486328125,112.98477172851562,47.859375,39.74720764160156,1902.2764892578125,1920,1080,2073600,0.0009173786966130137,0.4,640,5
YOLO11s,hl_monaco_test.mp4,2161,10805,216.1,4,hp,0.7798780202865601,1204.85400390625,65.293212890625,1246.909912109375,106.53616333007812,42.055908203125,41.242950439453125,1734.509765625,1920,1080,2073600,0.0008364726672880352,0.4,640,5
YOLO11s,hl_monaco_test.mp4,2161,10805,216.1,4,hp,0.48746660351753235,539.6138916015625,857.5096435546875,635.2806396484375,946.0079956054688,95.666748046875,88.49835205078125,8466.349609375,1920,1080,2073600,0.004082923289388418,0.4,640,5
YOLO11s,hl_monaco_test.mp4,2162,10810,216.2,4,hp,0.5052736401557922,1549.638671875,61.334781646728516,1601.78369140625,100.93942260742188,52.14501953125,39.60464096069336,2065.184814453125,1920,1080,2073600,0.0009959416929632425,0.4,640,5
YOLO11s,hl_monaco_test.mp4,2163,10815,216.3,4,hp,0.6612189412117004,1789.25927734375,80.48356628417969,1846.332763671875,123.61334228515625,57.073486328125,43.12977600097656,2461.566650390625,1920,1080,2073600,0.0011870980961248279,0.4,640,5
YOLO11s,hl_monaco_test.mp4,2171,10855,217.1,4,hp,0.6584286093711853,980.1436157226562,342.09149169921875,1070.306884765625,423.0552062988281,90.16326904296875,80.96371459960938,7299.953125,1920,1080,2073600,0.0035204249434173107,0.4,640,5
YOLO11s,hl_monaco_test.mp4,2204,11020,220.4,4,hp,0.6147030591964722,1124.9617919921875,563.8617553710938,1150.0318603515625,578.6815795898438,25.070068359375,14.81982421875,371.53399658203125,1920,1080,2073600,0.00017917341028805822,0.4,640,5
YOLO11s,hl_monaco_test.mp4,2205,11025,220.5,4,hp,0.6524678468704224,1074.593994140625,586.9542846679688,1094.75830078125,604.5128173828125,20.164306640625,17.55853271484375,354.0556335449219,1920,1080,2073600,0.00017074441711883992,0.4,640,5
YOLO11s,hl_monaco_test.mp4,2206,11030,220.6,4,hp,0.668285608291626,905.921630859375,618.203125,938.4642333984375,638.189697265625,32.5426025390625,19.986572265625,650.4151000976562,1920,1080,2073600,0.0003136646992061287,0.4,640,5
YOLO11s,hl_monaco_test.mp4,2206,11030,220.6,4,hp,0.6659899353981018,1397.68115234375,424.44512939453125,1437.670654296875,464.30963134765625,39.989501953125,39.864501953125,1594.16162109375,1920,1080,2073600,0.0007687893812544644,0.4,640,5
YOLO11s,hl_monaco_test.mp4,2207,11035,220.7,4,hp,0.691258430480957,1320.0960693359375,434.12554931640625,1371.762939453125,488.2947998046875,51.6668701171875,54.16925048828125,2798.755615234375,1920,1080,2073600,0.0013497085310518742,0.4,640,5
YOLO11s,hl_monaco_test.mp4,2207,11035,220.7,4,hp,0.4859532117843628,626.470947265625,670.391357421875,657.548828125,698.3370971679688,31.077880859375,27.94573974609375,868.494384765625,1920,1080,2073600,0.00041883409721776843,0.4,640,5
YOLO11s,hl_monaco_test.mp4,2208,11040,220.8,4,hp,0.7797663807868958,1257.5635986328125,452.77618408203125,1335.1614990234375,512.2918701171875,77.597900390625,59.51568603515625,4618.29248046875,1920,1080,2073600,0.002227185759693384,0.4,640,5
YOLO11s,hl_monaco_test.mp4,2209,11045,220.9,4,hp,0.8673296570777893,1308.80029296875,454.60986328125,1404.3603515625,522.2999267578125,95.56005859375,67.6900634765625,6468.46630859375,1920,1080,2073600,0.0031194379553198814,0.4,640,5
YOLO11s,hl_monaco_test.mp4,2209,11045,220.9,4,hp,0.6791071891784668,578.7372436523438,488.2862548828125,629.10498046875,524.0804443359375,50.36773681640625,35.794189453125,1802.872314453125,1920,1080,2073600,0.0008694407297298312,0.4,640,5
YOLO11s,hl_monaco_test.mp4,2210,11050,221.0,4,hp,0.8907488584518433,1239.943115234375,441.0332336425781,1328.899169921875,506.4068298339844,88.9560546875,65.37359619140625,5815.37744140625,1920,1080,2073600,0.0028044837526977062,0.4,640,5
YOLO11s,hl_monaco_test.mp4,2210,11050,221.0,4,hp,0.4933299422264099,730.205078125,453.0916442871094,774.064453125,484.0033264160156,43.859375,30.91168212890625,1355.76708984375,1920,1080,2073600,0.0006538228481076658,0.4,640,5
YOLO11s,hl_monaco_test.mp4,2211,11055,221.1,4,hp,0.877937376499176,1274.569580078125,426.7517395019531,1340.1494140625,478.7648620605469,65.579833984375,52.01312255859375,3411.011962890625,1920,1080,2073600,0.0016449710819870234,0.4,640,5
YOLO11s,hl_monaco_test.mp4,2212,11060,221.2,4,hp,0.8315791487693787,1308.015869140625,418.508544921875,1349.1439208984375,455.36859130859375,41.1280517578125,36.86004638671875,1515.98193359375,1920,1080,2073600,0.0007310869405046105,0.4,640,5
YOLO11s,hl_monaco_test.mp4,2213,11065,221.3,4,hp,0.6544737219810486,1262.059326171875,418.87115478515625,1284.9501953125,445.6336669921875,22.890869140625,26.76251220703125,612.6171875,1920,1080,2073600,0.00029543653363361955,0.4,640,5
YOLO11s,hl_monaco_test.mp4,2234,11170,223.4,4,hp,0.41414523124694824,1268.11962890625,465.8485107421875,1297.189453125,489.66925048828125,29.06982421875,23.82073974609375,692.4647216796875,1920,1080,2073600,0.00033394325873814523,0.4,640,5
YOLO11s,hl_monaco_test.mp4,2236,11180,223.6,4,hp,0.6659581065177917,1152.0452880859375,468.2984619140625,1175.0799560546875,494.89361572265625,23.03466796875,26.59515380859375,612.6105346679688,1920,1080,2073600,0.0002954333322122693,0.4,640,5
YOLO11s,hl_monaco_test.mp4,2237,11185,223.7,4,hp,0.5461467504501343,1082.58447265625,475.7916259765625,1106.511962890625,500.15631103515625,23.927490234375,24.36468505859375,582.9857788085938,1920,1080,2073600,0.0002811466983985156,0.4,640,5
YOLO11s,hl_monaco_test.mp4,2238,11190,223.8,4,hp,0.5749870538711548,1040.093017578125,477.55352783203125,1071.03466796875,502.2711181640625,30.941650390625,24.71759033203125,764.8030395507812,1920,1080,2073600,0.00036882862332277,0.4,640,5
YOLO11s,hl_monaco_test.mp4,2239,11195,223.9,4,hp,0.6013320088386536,1029.7008056640625,481.7506103515625,1054.025634765625,504.35345458984375,24.3248291015625,22.60284423828125,549.810302734375,1920,1080,2073600,0.0002651477116160095,0.4,640,5
YOLO11s,hl_monaco_test.mp4,2240,11200,224.0,4,hp,0.7924407124519348,1027.34619140625,480.466552734375,1059.4683837890625,507.236572265625,32.1221923828125,26.77001953125,859.9117431640625,1920,1080,2073600,0.00041469509596936405,0.4,640,5
YOLO11s,hl_monaco_test.mp4,2241,11205,224.1,4,hp,0.8091596364974976,1026.287353515625,483.81109619140625,1057.855712890625,509.68994140625,31.568359375,25.87884521484375,816.9526977539062,1920,1080,2073600,0.000393977970816195,0.4,640,5
YOLO11s,hl_monaco_test.mp4,2242,11210,224.2,4,hp,0.8088012337684631,1017.2705078125,489.4251708984375,1041.74072265625,513.708251953125,24.47021484375,24.2830810546875,594.2122192382812,1920,1080,2073600,0.00028656068025156856,0.4,640,5
YOLO11s,hl_monaco_test.mp4,2243,11215,224.3,4,hp,0.659317135810852,1008.1827392578125,496.8937683105469,1036.5201416015625,518.3260498046875,28.33740234375,21.432281494140625,607.335205078125,1920,1080,2073600,0.00029288927908055484,0.4,640,5
YOLO11s,hl_monaco_test.mp4,2244,11220,224.4,4,hp,0.7035176753997803,1009.138427734375,503.09417724609375,1033.058837890625,519.109130859375,23.92041015625,16.01495361328125,383.0842590332031,1920,1080,2073600,0.00018474356329534203,0.4,640,5
YOLO11s,hl_monaco_test.mp4,2245,11225,224.5,4,hp,0.7658640146255493,1000.8356323242188,507.5318603515625,1022.1077270507812,528.8704223632812,21.2720947265625,21.33856201171875,453.9159240722656,1920,1080,2073600,0.00021890235075261444,0.4,640,5
YOLO11s,hl_monaco_test.mp4,2246,11230,224.6,4,hp,0.5959510207176208,990.4508056640625,519.282958984375,1009.9301147460938,535.6343383789062,19.47930908203125,16.35137939453125,318.5135803222656,1920,1080,2073600,0.00015360415272880346,0.4,640,5
YOLO11s,hl_monaco_test.mp4,2262,11310,226.2,3,capp,0.5331301689147949,1482.248779296875,710.8170166015625,1629.927490234375,732.234619140625,147.6787109375,21.4176025390625,3162.923828125,1920,1080,2073600,0.0015253297751769423,0.4,640,5
YOLO11s,hl_monaco_test.mp4,2262,11310,226.2,3,capp,0.4619572162628174,1481.26318359375,710.6641845703125,1547.8692626953125,731.38623046875,66.6060791015625,20.7220458984375,1380.2142333984375,1920,1080,2073600,0.000665612576995045,0.4,640,5
YOLO11s,hl_monaco_test.mp4,2263,11315,226.3,3,capp,0.5630255937576294,1078.6190185546875,700.3218383789062,1221.59375,721.0980834960938,142.9747314453125,20.7762451171875,2970.47802734375,1920,1080,2073600,0.0014325222000479698,0.4,640,5
YOLO11s,hl_monaco_test.mp4,2265,11325,226.5,3,capp,0.7238624095916748,691.931884765625,679.1600341796875,802.71142578125,696.57763671875,110.779541015625,17.4176025390625,1929.5140380859375,1920,1080,2073600,0.0009305141284130514,0.4,640,5
YOLO11s,hl_monaco_test.mp4,2266,11330,226.6,3,capp,0.6451701521873474,608.5809326171875,671.7592163085938,716.876708984375,685.5950317382812,108.2957763671875,13.8358154296875,1498.3603515625,1920,1080,2073600,0.0007225889130495489,0.4,640,5
YOLO11s,hl_monaco_test.mp4,2267,11335,226.7,3,capp,0.8767649531364441,565.9500122070312,661.7264404296875,662.5928344726562,675.68896484375,96.642822265625,13.9625244140625,1349.3778076171875,1920,1080,2073600,0.0006507416255772114,0.4,640,5
YOLO11s,hl_monaco_test.mp4,2268,11340,226.8,3,capp,0.4621848165988922,553.401611328125,647.9705810546875,644.7298583984375,664.072509765625,91.3282470703125,16.1019287109375,1470.5609130859375,1920,1080,2073600,0.000709182524587959,0.4,640,5
YOLO11s,hl_monaco_test.mp4,2293,11465,229.3,9,petronas,0.5854583382606506,617.619384765625,835.1823120117188,766.54931640625,857.9569702148438,148.929931640625,22.774658203125,3391.828369140625,1920,1080,2073600,0.0016357196727767587,0.4,640,5
YOLO11s,hl_monaco_test.mp4,2362,11810,236.2,8,oracle,0.7195606827735901,1225.24462890625,455.8711853027344,1530.11328125,506.2378234863281,304.86865234375,50.36663818359375,15355.208984375,1920,1080,2073600,0.007405097130686045,0.4,640,5
YOLO11s,hl_monaco_test.mp4,2364,11820,236.4,8,oracle,0.4490358829498291,1217.682373046875,442.8655700683594,1551.9730224609375,488.5005798339844,334.2906494140625,45.635009765625,15255.357421875,1920,1080,2073600,0.007356943096965551,0.4,640,5
YOLO11s,hl_monaco_test.mp4,2366,11830,236.6,8,oracle,0.41454818844795227,1230.1329345703125,436.5689392089844,1556.7667236328125,492.5671691894531,326.6337890625,55.99822998046875,18290.9140625,1920,1080,2073600,0.008820849470794201,0.4,640,5
YOLO11s,hl_monaco_test.mp4,2368,11840,236.8,8,oracle,0.4141005873680115,1205.43798828125,416.16192626953125,1554.07763671875,479.16668701171875,348.6396484375,63.0047607421875,21965.95703125,1920,1080,2073600,0.010593150742352009,0.4,640,5
YOLO11s,hl_monaco_test.mp4,2369,11845,236.9,8,oracle,0.7244390845298767,1168.371337890625,416.559814453125,1526.857666015625,467.6029357910156,358.486328125,51.043121337890625,18298.26171875,1920,1080,2073600,0.008824393153190613,0.4,640,5
YOLO11s,hl_monaco_test.mp4,2378,11890,237.8,2,bwt,0.5711771249771118,428.43951416015625,707.6636962890625,701.26318359375,764.9024658203125,272.82366943359375,57.23876953125,15616.0908203125,1920,1080,2073600,0.007530908100306988,0.4,640,5
YOLO11s,hl_monaco_test.mp4,2379,11895,237.9,2,bwt,0.6285000443458557,418.793701171875,710.64306640625,701.236083984375,766.4290771484375,282.4423828125,55.7860107421875,15756.333984375,1920,1080,2073600,0.007598540745675564,0.4,640,5
YOLO11s,hl_monaco_test.mp4,2380,11900,238.0,2,bwt,0.5068755745887756,417.821044921875,713.6011962890625,700.3317260742188,770.1395874023438,282.51068115234375,56.53839111328125,15972.69921875,1920,1080,2073600,0.007702883332967758,0.4,640,5
YOLO11s,hl_monaco_test.mp4,2382,11910,238.2,3,capp,0.4167257249355316,889.70654296875,502.9029235839844,953.2027587890625,520.842529296875,63.4962158203125,17.939605712890625,1139.0970458984375,1920,1080,2073600,0.0005493330536410213,0.4,640,5
YOLO11s,hl_monaco_test.mp4,2385,11925,238.5,3,capp,0.551711916923523,856.2818603515625,503.4854736328125,926.2066650390625,518.8634033203125,69.9248046875,15.3779296875,1075.2987060546875,1920,1080,2073600,0.000518566113896668,0.4,640,5
YOLO11s,hl_monaco_test.mp4,2386,11930,238.6,3,capp,0.6619868874549866,833.7650756835938,503.8268737792969,903.017578125,521.09716796875,69.25250244140625,17.270294189453125,1196.0111083984375,1920,1080,2073600,0.000576780061237514,0.4,640,5
YOLO11s,hl_monaco_test.mp4,2386,11930,238.6,3,capp,0.48130765557289124,827.0366821289062,507.890625,904.4331665039062,528.456298828125,77.396484375,20.565673828125,1591.7108154296875,1920,1080,2073600,0.0007676074746996164,0.4,640,5
YOLO11s,hl_monaco_test.mp4,2405,12025,240.5,3,capp,0.8359547853469849,1233.6416015625,438.77239990234375,1432.62890625,466.137939453125,198.9873046875,27.36553955078125,5445.39501953125,1920,1080,2073600,0.0026260586455464363,0.4,640,5
YOLO11s,hl_monaco_test.mp4,2406,12030,240.6,3,capp,0.72529137134552,1175.73828125,448.9781799316406,1347.36865234375,475.4845275878906,171.63037109375,26.50634765625,4549.29443359375,1920,1080,2073600,0.0021939112339168787,0.4,640,5
YOLO11s,hl_monaco_test.mp4,2449,12245,244.9,7,okx,0.5138833522796631,1282.384765625,0.0,1313.82763671875,17.069040298461914,31.44287109375,17.069040298461914,536.6996459960938,1920,1080,2073600,0.00025882504996843636,0.4,640,5
YOLO11s,hl_monaco_test.mp4,2501,12505,250.1,9,petronas,0.7104623317718506,1211.3170166015625,664.637939453125,1315.26123046875,684.908935546875,103.9442138671875,20.27099609375,2107.052734375,1920,1080,2073600,0.0010161326499655843,0.4,640,5
YOLO11s,hl_monaco_test.mp4,2550,12750,255.0,1,atlasian,0.5860503315925598,1064.929931640625,495.15399169921875,1164.9581298828125,514.5111694335938,100.0281982421875,19.357177734375,1936.263671875,1920,1080,2073600,0.0009337691590189934,0.4,640,5
YOLO11s,hl_monaco_test.mp4,2551,12755,255.1,1,atlasian,0.6306858062744141,1026.046630859375,478.6251220703125,1131.612548828125,501.4930419921875,105.56591796875,22.867919921875,2414.072998046875,1920,1080,2073600,0.0011641941964626312,0.4,640,5
YOLO11s,hl_monaco_test.mp4,2555,12775,255.5,1,atlasian,0.8716160655021667,614.8299560546875,372.61944580078125,938.0744018554688,418.6615905761719,323.24444580078125,46.042144775390625,14882.8671875,1920,1080,2073600,0.007177308667451143,0.4,640,5
YOLO11s,hl_monaco_test.mp4,2630,13150,263.0,2,bwt,0.4514998495578766,1033.6834716796875,644.3985595703125,1067.437255859375,654.838134765625,33.7537841796875,10.4395751953125,352.37518310546875,1920,1080,2073600,0.00016993402095977217,0.4,640,5
YOLO11s,hl_monaco_test.mp4,2635,13175,263.5,8,oracle,0.46584072709083557,219.91461181640625,372.25396728515625,263.789794921875,385.40716552734375,43.87518310546875,13.1531982421875,577.0989990234375,1920,1080,2073600,0.0002783077652566135,0.4,640,5
YOLO11s,hl_monaco_test.mp4,2636,13180,263.6,8,oracle,0.45708131790161133,217.94219970703125,372.5008544921875,262.7712707519531,385.69873046875,44.829071044921875,13.1978759765625,591.6484985351562,1920,1080,2073600,0.00028532432042993605,0.4,640,5
YOLO11s,hl_monaco_test.mp4,2637,13185,263.7,8,oracle,0.491271436214447,216.65757751464844,372.3223571777344,265.0882568359375,386.2303161621094,48.43067932128906,13.907958984375,673.5718994140625,1920,1080,2073600,0.000324832129990682,0.4,640,5
YOLO11s,hl_monaco_test.mp4,2638,13190,263.8,8,oracle,0.5023744106292725,216.330322265625,373.05743408203125,264.1768798828125,386.364990234375,47.8465576171875,13.30755615234375,636.7207641601562,1920,1080,2073600,0.0003070605453103781,0.4,640,5
YOLO11s,hl_monaco_test.mp4,2638,13190,263.8,7,okx,0.4468459188938141,127.84304809570312,400.27587890625,156.35646057128906,411.1266174316406,28.513412475585938,10.850738525390625,309.3915710449219,1920,1080,2073600,0.00014920503599569201,0.4,640,5
YOLO11s,hl_monaco_test.mp4,2638,13190,263.8,7,okx,0.41680219769477844,51.80426025390625,406.9642333984375,83.3482666015625,419.86181640625,31.54400634765625,12.8975830078125,406.8414306640625,1920,1080,2073600,0.00019620053353719413,0.4,640,5
YOLO11s,hl_monaco_test.mp4,2639,13195,263.9,8,oracle,0.579938530921936,216.2713165283203,371.1409606933594,260.58062744140625,385.9693908691406,44.30931091308594,14.82843017578125,657.0375366210938,1920,1080,2073600,0.00031685837893746793,0.4,640,5
YOLO11s,hl_monaco_test.mp4,2640,13200,264.0,8,oracle,0.5514078736305237,215.18734741210938,372.5796203613281,261.9514465332031,386.5454406738281,46.76409912109375,13.9658203125,653.0989990234375,1920,1080,2073600,0.0003149590047542006,0.4,640,5
YOLO11s,hl_monaco_test.mp4,2641,13205,264.1,8,oracle,0.49922657012939453,214.86497497558594,373.2580261230469,263.62347412109375,387.0176696777344,48.75849914550781,13.7596435546875,670.8995971679688,1920,1080,2073600,0.00032354341237805784,0.4,640,5
YOLO11s,hl_monaco_test.mp4,2642,13210,264.2,8,oracle,0.5358456373214722,215.77957153320312,373.1723327636719,262.8996887207031,387.2364807128906,47.1201171875,14.06414794921875,662.7042846679688,1920,1080,2073600,0.00031959119951352477,0.4,640,5
YOLO11s,hl_monaco_test.mp4,2643,13215,264.3,8,oracle,0.576005220413208,216.2889862060547,372.2957763671875,262.1668701171875,386.60296630859375,45.87788391113281,14.30718994140625,656.3836059570312,1920,1080,2073600,0.00031654300983063877,0.4,640,5
YOLO11s,hl_monaco_test.mp4,2644,13220,264.4,8,oracle,0.5717126131057739,215.3287811279297,373.2930908203125,263.3057861328125,386.50634765625,47.97700500488281,13.2132568359375,633.9324951171875,1920,1080,2073600,0.00030571589013561606,0.4,640,5
YOLO11s,hl_monaco_test.mp4,2645,13225,264.5,8,oracle,0.5397317409515381,217.13864135742188,372.7195129394531,262.70294189453125,386.38916015625,45.564300537109375,13.669647216796875,622.847900390625,1920,1080,2073600,0.00030037033138796687,0.4,640,5
YOLO11s,hl_monaco_test.mp4,2646,13230,264.6,8,oracle,0.4628799259662628,214.9943389892578,372.84552001953125,263.92816162109375,386.19732666015625,48.93382263183594,13.351806640625,653.3549194335938,1920,1080,2073600,0.0003150824340991676,0.4,640,5
YOLO11s,hl_monaco_test.mp4,2647,13235,264.7,8,oracle,0.4475371539592743,213.6221923828125,373.2655029296875,263.82708740234375,385.8553466796875,50.20489501953125,12.58984375,632.07177734375,1920,1080,2073600,0.00030481856083497405,0.4,640,5
YOLO11s,hl_monaco_test.mp4,2648,13240,264.8,8,oracle,0.49138912558555603,214.70233154296875,372.1615905761719,262.5962219238281,385.3490295410156,47.893890380859375,13.18743896484375,631.5977783203125,1920,1080,2073600,0.00030458997935056686,0.4,640,5
YOLO11s,hl_monaco_test.mp4,2649,13245,264.9,8,oracle,0.4784124791622162,214.95162963867188,372.33544921875,262.88726806640625,385.6201171875,47.935638427734375,13.28466796875,636.8090209960938,1920,1080,2073600,0.0003071031242143363,0.4,640,5
YOLO11s,hl_monaco_test.mp4,2649,13245,264.9,7,okx,0.46075302362442017,126.24142456054688,402.14263916015625,154.5076904296875,413.3542785644531,28.266265869140625,11.211639404296875,316.91119384765625,1920,1080,2073600,0.0001528314023744315,0.4,640,5
YOLO11s,hl_monaco_test.mp4,2650,13250,265.0,8,oracle,0.48664170503616333,215.15904235839844,373.2146301269531,266.1749267578125,386.7669982910156,51.01588439941406,13.5523681640625,691.3860473632812,1920,1080,2073600,0.0003334230568725616,0.4,640,5
YOLO11s,hl_monaco_test.mp4,2651,13255,265.1,8,oracle,0.5913043022155762,216.5547637939453,371.80877685546875,261.83209228515625,385.947265625,45.27732849121094,14.13848876953125,640.1530151367188,1920,1080,2073600,0.0003087157674599439,0.4,640,5
YOLO11s,hl_monaco_test.mp4,2652,13260,265.2,8,oracle,0.4672194719314575,213.64956665039062,372.7023010253906,265.8099060058594,386.4386901855469,52.16033935546875,13.73638916015625,716.4946899414062,1920,1080,2073600,0.00034553176374174654,0.4,640,5
YOLO11s,hl_monaco_test.mp4,2653,13265,265.3,8,oracle,0.5227989554405212,215.22166442871094,372.5486755371094,265.99761962890625,386.0664367675781,50.77595520019531,13.51776123046875,686.3772583007812,1920,1080,2073600,0.0003310075553599745,0.4,640,5
YOLO11s,hl_monaco_test.mp4,2654,13270,265.4,8,oracle,0.5083345770835876,214.64208984375,372.95208740234375,264.989013671875,386.7069091796875,50.346923828125,13.75482177734375,692.512939453125,1920,1080,2073600,0.00033396651269868016,0.4,640,5
YOLO11s,hl_monaco_test.mp4,2655,13275,265.5,8,oracle,0.5443118214607239,214.1594696044922,372.87890625,263.3790283203125,386.1533203125,49.21955871582031,13.2744140625,653.3607788085938,1920,1080,2073600,0.0003150852571707219,0.4,640,5
YOLO11s,hl_monaco_test.mp4,2656,13280,265.6,8,oracle,0.6056300401687622,215.61865234375,371.88446044921875,261.4705505371094,385.810546875,45.851898193359375,13.92608642578125,638.5374755859375,1920,1080,2073600,0.00030793665791861713,0.4,640,5
YOLO11s,hl_monaco_test.mp4,2657,13285,265.7,8,oracle,0.4368467926979065,216.26876831054688,373.4552307128906,264.5394592285156,385.6026306152344,48.27069091796875,12.14739990234375,586.3634033203125,1920,1080,2073600,0.0002827755524776876,0.4,640,5
YOLO11s,hl_monaco_test.mp4,2658,13290,265.8,8,oracle,0.5882554650306702,215.03762817382812,372.71099853515625,263.65325927734375,386.57135009765625,48.615631103515625,13.8603515625,673.8297119140625,1920,1080,2073600,0.00032495646155439317,0.4,640,5
YOLO11s,hl_monaco_test.mp4,2659,13295,265.9,8,oracle,0.6040522456169128,215.07501220703125,372.8870544433594,263.17462158203125,386.0115966796875,48.099609375,13.124542236328125,631.2853393554688,1920,1080,2073600,0.00030443930882029235,0.4,640,5
YOLO11s,hl_monaco_test.mp4,2660,13300,266.0,8,oracle,0.5776922106742859,216.07777404785156,373.2832946777344,263.3271789550781,385.9378967285156,47.24940490722656,12.65460205078125,597.9224243164062,1920,1080,2073600,0.00028834992554038763,0.4,640,5
YOLO11s,hl_monaco_test.mp4,2661,13305,266.1,8,oracle,0.53266441822052,215.90066528320312,374.2651062011719,262.6231384277344,386.3694763183594,46.72247314453125,12.1043701171875,565.5460815429688,1920,1080,2073600,0.0002727363316807896,0.4,640,5
YOLO11s,hl_monaco_test.mp4,2661,13305,266.1,7,okx,0.4094981849193573,127.38157653808594,402.3534851074219,155.49151611328125,413.0876770019531,28.109939575195312,10.73419189453125,301.73748779296875,1920,1080,2073600,0.00014551384083461016,0.4,640,5
YOLO11s,hl_monaco_test.mp4,2662,13310,266.2,8,oracle,0.45311105251312256,216.82521057128906,373.7348327636719,263.667724609375,385.1388244628906,46.84251403808594,11.40399169921875,534.191650390625,1920,1080,2073600,0.0002576155820861459,0.4,640,5
YOLO11s,hl_monaco_test.mp4,2664,13320,266.4,8,oracle,0.6095243692398071,215.41722106933594,372.0683898925781,263.14923095703125,385.1421203613281,47.73200988769531,13.07373046875,624.0354614257812,1920,1080,2073600,0.0003009430365636945,0.4,640,5
YOLO11s,hl_monaco_test.mp4,2665,13325,266.5,8,oracle,0.5662970542907715,215.1826171875,371.5472717285156,261.76904296875,385.13653564453125,46.58642578125,13.589263916015625,633.0752563476562,1920,1080,2073600,0.0003053024993278086,0.4,640,5
YOLO11s,hl_monaco_test.mp4,2665,13325,266.5,7,okx,0.5649204850196838,128.99209594726562,402.8290100097656,154.454345703125,415.9754333496094,25.462249755859375,13.14642333984375,334.7375183105469,1920,1080,2073600,0.00016142820823006332,0.4,640,5
YOLO11s,hl_monaco_test.mp4,2666,13330,266.6,8,oracle,0.6063523292541504,215.52273559570312,371.7327575683594,263.5146789550781,385.1721496582031,47.991943359375,13.43939208984375,644.9825439453125,1920,1080,2073600,0.00031104483059607446,0.4,640,5
YOLO11s,hl_monaco_test.mp4,2667,13335,266.7,4,hp,0.593167245388031,1090.01220703125,558.66064453125,1127.06591796875,578.3690185546875,37.0537109375,19.7083740234375,730.2683715820312,1920,1080,2073600,0.0003521741891745478,0.4,640,5
YOLO11s,hl_monaco_test.mp4,2667,13335,266.7,8,oracle,0.5096290111541748,216.39871215820312,371.1358337402344,265.9909973144531,384.8323059082031,49.59228515625,13.69647216796875,679.2393798828125,1920,1080,2073600,0.0003275652998127043,0.4,640,5
YOLO11s,hl_monaco_test.mp4,2667,13335,266.7,4,hp,0.41511183977127075,823.1013793945312,364.3808898925781,864.4015502929688,405.6192626953125,41.3001708984375,41.238372802734375,1703.15185546875,1920,1080,2073600,0.0008213502587750554,0.4,640,5
YOLO11s,hl_monaco_test.mp4,2669,13345,266.9,4,hp,0.5870588421821594,602.8200073242188,297.7227783203125,627.0309448242188,320.6146240234375,24.2109375,22.891845703125,554.2330322265625,1920,1080,2073600,0.0002672805858310312,0.4,640,5
YOLO11s,hl_monaco_test.mp4,2669,13345,266.9,8,oracle,0.46288245916366577,215.38040161132812,373.0565185546875,264.3698425292969,386.17034912109375,48.98944091796875,13.11383056640625,642.439208984375,1920,1080,2073600,0.0003098182787653059,0.4,640,5
YOLO11s,hl_monaco_test.mp4,2669,13345,266.9,4,hp,0.42462074756622314,1068.3609619140625,572.677490234375,1110.045166015625,595.9287109375,41.6842041015625,23.251220703125,969.2086181640625,1920,1080,2073600,0.00046740385005250573,0.4,640,5
YOLO11s,hl_monaco_test.mp4,2670,13350,267.0,8,oracle,0.533449649810791,216.69851684570312,371.62799072265625,261.86566162109375,385.9476318359375,45.167144775390625,14.31964111328125,646.7772827148438,1920,1080,2073600,0.00031191034941002727,0.4,640,5
YOLO11s,hl_monaco_test.mp4,2670,13350,267.0,4,hp,0.48833200335502625,541.2013549804688,273.7357482910156,567.4110107421875,295.5650329589844,26.20965576171875,21.82928466796875,572.1380615234375,1920,1080,2073600,0.0002759153430815786,0.4,640,5
YOLO11s,hl_monaco_test.mp4,2671,13355,267.1,8,oracle,0.6864685416221619,215.0104522705078,371.74029541015625,261.1751708984375,386.6690673828125,46.16471862792969,14.92877197265625,689.1825561523438,1920,1080,2073600,0.0003323604178149253,0.4,640,5
YOLO11s,hl_monaco_test.mp4,2671,13355,267.1,4,hp,0.6445242762565613,587.223388671875,250.56231689453125,619.9066162109375,277.15350341796875,32.6832275390625,26.5911865234375,869.0858154296875,1920,1080,2073600,0.0004191193147562444,0.4,640,5
YOLO11s,hl_monaco_test.mp4,2671,13355,267.1,4,hp,0.5267592668533325,823.49853515625,347.0896301269531,848.783203125,360.87835693359375,25.28466796875,13.788726806640625,348.64337158203125,1920,1080,2073600,0.00016813434194773436,0.4,640,5
YOLO11s,hl_monaco_test.mp4,2671,13355,267.1,4,hp,0.5060595870018005,483.09197998046875,251.63577270507812,510.68914794921875,276.70391845703125,27.59716796875,25.068145751953125,691.809814453125,1920,1080,2073600,0.00033362742397002876,0.4,640,5
YOLO11s,hl_monaco_test.mp4,2671,13355,267.1,4,hp,0.40643537044525146,290.3486633300781,359.8875732421875,308.98455810546875,372.2264099121094,18.635894775390625,12.338836669921875,229.9452667236328,1920,1080,2073600,0.00011089181498391554,0.4,640,5
YOLO11s,hl_monaco_test.mp4,2672,13360,267.2,4,hp,0.8381469249725342,570.5162353515625,243.80276489257812,601.4874267578125,270.4145812988281,30.97119140625,26.61181640625,824.1996459960938,1920,1080,2073600,0.0003974728169851005,0.4,640,5
YOLO11s,hl_monaco_test.mp4,2672,13360,267.2,4,hp,0.6772372722625732,452.410400390625,247.87843322753906,481.30352783203125,271.39794921875,28.89312744140625,23.519515991210938,679.5523681640625,1920,1080,2073600,0.00032771623227745295,0.4,640,5
YOLO11s,hl_monaco_test.mp4,2672,13360,267.2,8,oracle,0.5956746935844421,214.69821166992188,371.85137939453125,261.48101806640625,386.6365966796875,46.782806396484375,14.78521728515625,691.6939697265625,1920,1080,2073600,0.00033357154461555183,0.4,640,5
YOLO11s,hl_monaco_test.mp4,2672,13360,267.2,7,okx,0.5512068867683411,126.54169464111328,401.969970703125,155.78289794921875,412.7536926269531,29.24120330810547,10.783721923828125,315.3290100097656,1920,1080,2073600,0.0001520683872513473,0.4,640,5
YOLO11s,hl_monaco_test.mp4,2672,13360,267.2,4,hp,0.4567396342754364,785.5230102539062,358.2157287597656,814.0193481445312,369.2535095214844,28.496337890625,11.03778076171875,314.53631591796875,1920,1080,2073600,0.0001516861084382981,0.4,640,5
YOLO11s,hl_monaco_test.mp4,2672,13360,267.2,4,hp,0.43494802713394165,641.63720703125,318.13116455078125,666.9354248046875,361.11480712890625,25.2982177734375,42.983642578125,1087.4095458984375,1920,1080,2073600,0.0005244066123850644,0.4,640,5
YOLO11s,hl_monaco_test.mp4,2673,13365,267.3,4,hp,0.7284548878669739,565.4126586914062,251.95596313476562,599.0855712890625,278.5481872558594,33.67291259765625,26.59222412109375,895.4376220703125,1920,1080,2073600,0.0004318275605328381,0.4,640,5
YOLO11s,hl_monaco_test.mp4,2673,13365,267.3,8,oracle,0.6627824306488037,214.10142517089844,370.9710388183594,261.1329345703125,386.2680358886719,47.03150939941406,15.2969970703125,719.4408569335938,1920,1080,2073600,0.00034695258364081383,0.4,640,5
YOLO11s,hl_monaco_test.mp4,2673,13365,267.3,4,hp,0.6097148656845093,446.03173828125,255.3926239013672,473.44775390625,281.5113525390625,27.416015625,26.118728637695312,716.0714721679688,1920,1080,2073600,0.00034532768768258393,0.4,640,5
YOLO11s,hl_monaco_test.mp4,2673,13365,267.3,4,hp,0.4105706810951233,750.588623046875,378.62017822265625,784.31103515625,390.7298583984375,33.722412109375,12.10968017578125,408.36761474609375,1920,1080,2073600,0.00019693654030561447,0.4,640,5
YOLO11s,hl_monaco_test.mp4,2674,13370,267.4,4,hp,0.8941428661346436,469.7691650390625,277.91192626953125,504.66448974609375,305.31561279296875,34.89532470703125,27.4036865234375,956.2605590820312,1920,1080,2073600,0.00046115959412418306,0.4,640,5
YOLO11s,hl_monaco_test.mp4,2674,13370,267.4,4,hp,0.8840295672416687,598.2613525390625,273.6222839355469,630.4404296875,300.97857666015625,32.1790771484375,27.356292724609375,880.3002319335938,1920,1080,2073600,0.0004245275049470365,0.4,640,5
YOLO11s,hl_monaco_test.mp4,2674,13370,267.4,4,hp,0.6323271989822388,794.5750122070312,716.5735473632812,832.4013061523438,744.8831176757812,37.8262939453125,28.3095703125,1070.8460693359375,1920,1080,2073600,0.0005164188332855701,0.4,640,5
YOLO11s,hl_monaco_test.mp4,2674,13370,267.4,4,hp,0.6160812377929688,1033.013916015625,728.341064453125,1054.93017578125,745.6470336914062,21.916259765625,17.30596923828125,379.2821044921875,1920,1080,2073600,0.0001829099637689069,0.4,640,5
YOLO11s,hl_monaco_test.mp4,2674,13370,267.4,8,oracle,0.5085898637771606,216.42636108398438,371.03076171875,262.2265319824219,385.07525634765625,45.8001708984375,14.04449462890625,643.240234375,1920,1080,2073600,0.0003102045739069581,0.4,640,5
YOLO11s,hl_monaco_test.mp4,2675,13375,267.5,4,hp,0.8656167387962341,572.0219116210938,287.55712890625,604.305419921875,316.25640869140625,32.28350830078125,28.69927978515625,926.513427734375,1920,1080,2073600,0.00044681396684609354,0.4,640,5
YOLO11s,hl_monaco_test.mp4,2675,13375,267.5,4,hp,0.6878970265388489,697.65380859375,287.7753601074219,733.2667236328125,312.91741943359375,35.6129150390625,25.142059326171875,895.3820190429688,1920,1080,2073600,0.00043180075590498745,0.4,640,5
YOLO11s,hl_monaco_test.mp4,2675,13375,267.5,4,hp,0.6590415835380554,793.67138671875,732.2061767578125,833.86962890625,758.149658203125,40.1982421875,25.9434814453125,1042.88232421875,1920,1080,2073600,0.0005029332241974771,0.4,640,5
YOLO11s,hl_monaco_test.mp4,2675,13375,267.5,4,hp,0.6068432331085205,1020.7950439453125,740.92431640625,1059.343505859375,758.248046875,38.5484619140625,17.32373046875,667.8031616210938,1920,1080,2073600,0.0003220501239411533,0.4,640,5
YOLO11s,hl_monaco_test.mp4,2675,13375,267.5,8,oracle,0.5341982245445251,217.18885803222656,371.13397216796875,264.0106201171875,385.761962890625,46.82176208496094,14.62799072265625,684.9083251953125,1920,1080,2073600,0.0003302991681266576,0.4,640,5
YOLO11s,hl_monaco_test.mp4,2676,13380,267.6,4,hp,0.8734750151634216,879.9094848632812,255.9060516357422,913.699951171875,283.4521484375,33.79046630859375,27.546096801757812,930.7954711914062,1920,1080,2073600,0.0004488790000323206,0.4,640,5
YOLO11s,hl_monaco_test.mp4,2676,13380,267.6,4,hp,0.7701401114463806,752.1129150390625,259.93402099609375,787.8712158203125,286.9524841308594,35.75830078125,27.018463134765625,966.1343383789062,1920,1080,2073600,0.00046592127182520926,0.4,640,5
YOLO11s,hl_monaco_test.mp4,2676,13380,267.6,4,hp,0.7047573924064636,881.5823364257812,717.0151977539062,918.6626586914062,739.1605224609375,37.080322265625,22.14532470703125,821.15576171875,1920,1080,2073600,0.00039600490708835423,0.4,640,5
YOLO11s,hl_monaco_test.mp4,2676,13380,267.6,4,hp,0.531241238117218,1107.248291015625,728.6905517578125,1140.41162109375,746.170166015625,33.163330078125,17.4796142578125,579.6821899414062,1920,1080,2073600,0.0002795535256154835,0.4,640,5
YOLO11s,hl_monaco_test.mp4,2676,13380,267.6,8,oracle,0.4812150299549103,216.814697265625,369.9938049316406,261.7449951171875,384.473876953125,44.9302978515625,14.480072021484375,650.5939331054688,1920,1080,2073600,0.000313750933855772,0.4,640,5
YOLO11s,hl_monaco_test.mp4,2676,13380,267.6,7,okx,0.47014546394348145,122.42658233642578,401.7402648925781,157.52120971679688,414.3608093261719,35.094627380371094,12.62054443359375,442.9132995605469,1920,1080,2073600,0.00021359630045481026,0.4,640,5
YOLO11s,hl_monaco_test.mp4,2677,13385,267.7,4,hp,0.8304810523986816,943.8008422851562,223.0664520263672,979.387939453125,250.05482482910156,35.58709716796875,26.988372802734375,960.4378662109375,1920,1080,2073600,0.0004631741321645677,0.4,640,5
YOLO11s,hl_monaco_test.mp4,2677,13385,267.7,4,hp,0.8268938064575195,1067.74267578125,220.79653930664062,1099.7611083984375,245.96218872070312,32.0184326171875,25.1656494140625,805.7646484375,1920,1080,2073600,0.0003885824989993125,0.4,640,5
YOLO11s,hl_monaco_test.mp4,2677,13385,267.7,4,hp,0.5814130902290344,956.4971923828125,691.738037109375,993.621826171875,719.2816772460938,37.1246337890625,27.54364013671875,1022.5475463867188,1920,1080,2073600,0.0004931266885250807,0.4,640,5
YOLO11s,hl_monaco_test.mp4,2677,13385,267.7,8,oracle,0.5409229397773743,214.7550048828125,371.668212890625,261.98828125,384.8082275390625,47.2332763671875,13.1400146484375,620.6459350585938,1920,1080,2073600,0.00029930841992609203,0.4,640,5
YOLO11s,hl_monaco_test.mp4,2677,13385,267.7,4,hp,0.43218743801116943,1181.5888671875,701.710205078125,1214.9849853515625,720.6538696289062,33.3961181640625,18.94366455078125,632.6448364257812,1920,1080,2073600,0.0003050949308089912,0.4,640,5
YOLO11s,hl_monaco_test.mp4,2678,13390,267.8,4,hp,0.8680111169815063,1218.6849365234375,176.4313201904297,1249.7313232421875,202.78001403808594,31.04638671875,26.34869384765625,818.03173828125,1920,1080,2073600,0.00039449831820093095,0.4,640,5
YOLO11s,hl_monaco_test.mp4,2678,13390,267.8,4,hp,0.8325299024581909,1096.837158203125,182.79666137695312,1130.576904296875,208.76710510253906,33.73974609375,25.970443725585938,876.2362060546875,1920,1080,2073600,0.0004225676239002496,0.4,640,5
YOLO11s,hl_monaco_test.mp4,2678,13390,267.8,4,hp,0.5278356671333313,884.3536376953125,473.5837097167969,923.10205078125,506.68853759765625,38.7484130859375,33.104827880859375,1282.759521484375,1920,1080,2073600,0.0006186147220432758,0.4,640,5
YOLO11s,hl_monaco_test.mp4,2678,13390,267.8,4,hp,0.474004864692688,1222.6724853515625,676.6458740234375,1264.762939453125,702.153564453125,42.0904541015625,25.5076904296875,1073.6302490234375,1920,1080,2073600,0.0005177615093998611,0.4,640,5
YOLO11s,hl_monaco_test.mp4,2678,13390,267.8,4,hp,0.46423378586769104,995.7100830078125,675.5700073242188,1033.93994140625,698.5421142578125,38.2298583984375,22.97210693359375,878.2203979492188,1920,1080,2073600,0.0004235244996380061,0.4,640,5
YOLO11s,hl_monaco_test.mp4,2678,13390,267.8,8,oracle,0.446997731924057,216.71983337402344,370.8944091796875,263.0096435546875,384.82489013671875,46.28981018066406,13.93048095703125,644.8392944335938,1920,1080,2073600,0.0003109757381025702,0.4,640,5
YOLO11s,hl_monaco_test.mp4,2678,13390,267.8,4,hp,0.40601807832717896,1191.878173828125,303.4317321777344,1215.3350830078125,332.1148376464844,23.4569091796875,28.68310546875,672.8170166015625,1920,1080,2073600,0.0003244680701754987,0.4,640,5
YOLO11s,hl_monaco_test.mp4,2679,13395,267.9,4,hp,0.8841985464096069,1361.891357421875,134.23690795898438,1396.274658203125,161.3843536376953,34.38330078125,27.147445678710938,933.4187622070312,1920,1080,2073600,0.0004501440853346139,0.4,640,5
YOLO11s,hl_monaco_test.mp4,2679,13395,267.9,4,hp,0.7787491083145142,1242.9869384765625,136.9628448486328,1275.4083251953125,164.47366333007812,32.42138671875,27.510818481445312,891.9389038085938,1920,1080,2073600,0.0004301402950659394,0.4,640,5
YOLO11s,hl_monaco_test.mp4,2679,13395,267.9,4,hp,0.6766073703765869,1288.1123046875,279.7608947753906,1312.8118896484375,299.44537353515625,24.6995849609375,19.684478759765625,486.1984558105469,1920,1080,2073600,0.0002344707027077675,0.4,640,5
YOLO11s,hl_monaco_test.mp4,2679,13395,267.9,4,hp,0.6264386773109436,1224.6302490234375,660.1231689453125,1262.3126220703125,686.50244140625,37.682373046875,26.3792724609375,994.0335693359375,1920,1080,2073600,0.00047937576891854405,0.4,640,5
YOLO11s,hl_monaco_test.mp4,2679,13395,267.9,4,hp,0.6245024800300598,909.6573486328125,448.51922607421875,955.5953979492188,484.97882080078125,45.93804931640625,36.4595947265625,1674.8826904296875,1920,1080,2073600,0.0008077173260971904,0.4,640,5
YOLO11s,hl_monaco_test.mp4,2679,13395,267.9,4,hp,0.5805633664131165,1187.3306884765625,306.8614501953125,1221.4930419921875,330.47271728515625,34.162353515625,23.61126708984375,806.616455078125,1920,1080,2073600,0.00038899327046237886,0.4,640,5
YOLO11s,hl_monaco_test.mp4,2679,13395,267.9,4,hp,0.5804173350334167,1001.9403076171875,663.3392333984375,1037.865966796875,683.0574951171875,35.9256591796875,19.71826171875,708.3915405273438,1920,1080,2073600,0.0003416239924263209,0.4,640,5
YOLO11s,hl_monaco_test.mp4,2679,13395,267.9,8,oracle,0.5794252753257751,216.15367126464844,371.9993591308594,262.08056640625,385.1553039550781,45.92689514160156,13.15594482421875,604.211669921875,1920,1080,2073600,0.0002913829521276057,0.4,640,5
YOLO11s,hl_monaco_test.mp4,2680,13400,268.0,4,hp,0.8381286859512329,910.2537231445312,461.1382141113281,958.2321166992188,497.4809875488281,47.9783935546875,36.3427734375,1743.6678466796875,1920,1080,2073600,0.0008408891735598445,0.4,640,5
YOLO11s,hl_monaco_test.mp4,2680,13400,268.0,4,hp,0.8373997211456299,1480.66455078125,122.35723114013672,1511.53466796875,150.02578735351562,30.8701171875,27.668556213378906,854.131591796875,1920,1080,2073600,0.000411907589295879,0.4,640,5
YOLO11s,hl_monaco_test.mp4,2680,13400,268.0,4,hp,0.8103461861610413,1363.07861328125,122.62107849121094,1396.98876953125,150.45970153808594,33.91015625,27.838623046875,944.0120849609375,1920,1080,2073600,0.0004552527389023453,0.4,640,5
YOLO11s,hl_monaco_test.mp4,2680,13400,268.0,4,hp,0.6008911728858948,1226.4605712890625,328.589111328125,1256.23779296875,341.0787048339844,29.7772216796875,12.489593505859375,371.9053955078125,1920,1080,2073600,0.0001793525298126042,0.4,640,5
YOLO11s,hl_monaco_test.mp4,2680,13400,268.0,4,hp,0.5157861709594727,1343.076171875,269.55780029296875,1380.7427978515625,302.0950927734375,37.6666259765625,32.53729248046875,1225.570068359375,1920,1080,2073600,0.0005910349427722394,0.4,640,5
YOLO11s,hl_monaco_test.mp4,2680,13400,268.0,4,hp,0.40788283944129944,1179.5697021484375,698.0859985351562,1220.45166015625,726.2674560546875,40.8819580078125,28.18145751953125,1152.1131591796875,1920,1080,2073600,0.0005556101095862687,0.4,640,5
YOLO11s,hl_monaco_test.mp4,2680,13400,268.0,4,hp,0.4056607186794281,965.3680419921875,694.8724365234375,995.4046630859375,712.509033203125,30.03662109375,17.6365966796875,529.7437744140625,1920,1080,2073600,0.0002554705715738237,0.4,640,5
YOLO11s,hl_monaco_test.mp4,2681,13405,268.1,4,hp,0.7499144077301025,890.552734375,520.7905883789062,937.5548095703125,560.16796875,47.0020751953125,39.37738037109375,1850.818603515625,1920,1080,2073600,0.0008925629663281143,0.4,640,5
YOLO11s,hl_monaco_test.mp4,2681,13405,268.1,4,hp,0.7425982356071472,1224.589599609375,390.84619140625,1253.4232177734375,408.50341796875,28.8336181640625,17.6572265625,509.1217346191406,1920,1080,2073600,0.0002455255307722837,0.4,640,5
YOLO11s,hl_monaco_test.mp4,2681,13405,268.1,4,hp,0.7001937627792358,1092.131591796875,782.6841430664062,1127.0628662109375,806.9965209960938,34.9312744140625,24.3123779296875,849.2623291015625,1920,1080,2073600,0.0004095593758393079,0.4,640,5
YOLO11s,hl_monaco_test.mp4,2681,13405,268.1,4,hp,0.6865338683128357,1460.389892578125,161.8329620361328,1494.2296142578125,189.4284210205078,33.8397216796875,27.595458984375,933.8226318359375,1920,1080,2073600,0.0004503388481680304,0.4,640,5
YOLO11s,hl_monaco_test.mp4,2681,13405,268.1,4,hp,0.6382539868354797,1568.1851806640625,167.06497192382812,1596.2325439453125,192.68756103515625,28.04736328125,25.622589111328125,718.6460571289062,1920,1080,2073600,0.00034656928619369864,0.4,640,5
YOLO11s,hl_monaco_test.mp4,2681,13405,268.1,4,hp,0.43737712502479553,1370.3759765625,277.8345947265625,1402.175537109375,311.8789367675781,31.799560546875,34.044342041015625,1082.5950927734375,1920,1080,2073600,0.000522084825206548,0.4,640,5
YOLO11s,hl_monaco_test.mp4,2682,13410,268.2,4,hp,0.7870599627494812,882.1140747070312,585.890869140625,928.2705688476562,629.8272705078125,46.156494140625,43.9364013671875,2027.9501953125,1920,1080,2073600,0.000977985211648047,0.4,640,5
YOLO11s,hl_monaco_test.mp4,2682,13410,268.2,4,hp,0.6931732296943665,1440.7236328125,349.2496032714844,1488.4237060546875,421.4079895019531,47.7000732421875,72.15838623046875,3441.960205078125,1920,1080,2073600,0.0016598958754912019,0.4,640,5
YOLO11s,hl_monaco_test.mp4,2682,13410,268.2,4,hp,0.5850266218185425,982.026123046875,889.9434814453125,1021.6094970703125,928.3992919921875,39.5833740234375,38.455810546875,1522.210693359375,1920,1080,2073600,0.0007340908050537109,0.4,640,5
YOLO11s,hl_monaco_test.mp4,2682,13410,268.2,4,hp,0.5687484741210938,1697.1243896484375,228.41354370117188,1723.6065673828125,255.9576416015625,26.482177734375,27.544097900390625,729.4276733398438,1920,1080,2073600,0.00035176874371245503,0.4,640,5
YOLO11s,hl_monaco_test.mp4,2682,13410,268.2,8,oracle,0.48990121483802795,215.4499053955078,373.4094543457031,262.4990234375,386.6666564941406,47.04911804199219,13.2572021484375,623.7396850585938,1920,1080,2073600,0.000300800398690626,0.4,640,5
YOLO11s,hl_monaco_test.mp4,2683,13415,268.3,4,hp,0.8705176711082458,793.62158203125,638.9423828125,857.109375,694.5936279296875,63.48779296875,55.6512451171875,3533.1748046875,1920,1080,2073600,0.0017038844525814056,0.4,640,5
YOLO11s,hl_monaco_test.mp4,2683,13415,268.3,8,oracle,0.4761776328086853,214.8314666748047,372.7841491699219,263.14215087890625,387.13714599609375,48.31068420410156,14.352996826171875,693.403076171875,1920,1080,2073600,0.00033439576509408653,0.4,640,5
YOLO11s,hl_monaco_test.mp4,2684,13420,268.4,4,hp,0.8349153995513916,444.6749267578125,613.46630859375,530.1209106445312,680.6152954101562,85.44598388671875,67.14898681640625,5737.611328125,1920,1080,2073600,0.002766980789601803,0.4,640,5
YOLO11s,hl_monaco_test.mp4,2684,13420,268.4,8,oracle,0.5688352584838867,214.0056610107422,371.1614990234375,260.96240234375,386.61669921875,46.95674133300781,15.4552001953125,725.725830078125,1920,1080,2073600,0.000349983514752239,0.4,640,5
YOLO11s,hl_monaco_test.mp4,2684,13420,268.4,4,hp,0.40274855494499207,1475.96630859375,578.4666137695312,1538.74072265625,625.595458984375,62.7744140625,47.12884521484375,2958.485595703125,1920,1080,2073600,0.0014267388032749295,0.4,640,5
YOLO11s,hl_monaco_test.mp4,2685,13425,268.5,8,oracle,0.45720699429512024,213.95993041992188,373.3905944824219,264.0520935058594,387.1376037597656,50.0921630859375,13.74700927734375,688.617431640625,1920,1080,2073600,0.00033208788954652846,0.4,640,5
YOLO11s,hl_monaco_test.mp4,2686,13430,268.6,4,hp,0.7575539946556091,426.1285400390625,473.5725402832031,507.0531005859375,563.9771728515625,80.924560546875,90.40463256835938,7315.955078125,1920,1080,2073600,0.0035281418822705746,0.4,640,5
YOLO11s,hl_monaco_test.mp4,2686,13430,268.6,8,oracle,0.4863496422767639,214.52197265625,374.0884094238281,261.45648193359375,385.978271484375,46.93450927734375,11.889862060546875,558.0448608398438,1920,1080,2073600,0.0002691188419703394,0.4,640,5
YOLO11s,hl_monaco_test.mp4,2687,13435,268.7,4,hp,0.49534645676612854,443.70831298828125,374.38702392578125,475.6072998046875,434.6900634765625,31.89898681640625,60.30303955078125,1923.6058349609375,1920,1080,2073600,0.0009276648634113371,0.4,640,5
YOLO11s,hl_monaco_test.mp4,2688,13440,268.8,8,oracle,0.44861921668052673,217.79763793945312,371.2504577636719,263.7001647949219,385.1212463378906,45.90252685546875,13.87078857421875,636.7042236328125,1920,1080,2073600,0.00030705257086083293,0.4,640,5
YOLO11s,hl_monaco_test.mp4,2689,13445,268.9,8,oracle,0.5561836957931519,215.4081573486328,372.3844299316406,262.22674560546875,386.0343933105469,46.81858825683594,13.64996337890625,639.072021484375,1920,1080,2073600,0.0003081944596488029,0.4,640,5
YOLO11s,hl_monaco_test.mp4,2689,13445,268.9,7,okx,0.4077782928943634,125.22294616699219,401.4300842285156,154.52554321289062,412.0432434082031,29.302597045898438,10.6131591796875,310.9931335449219,1920,1080,2073600,0.00014997739344835281,0.4,640,5
YOLO11s,hl_monaco_test.mp4,2690,13450,269.0,4,hp,0.42918121814727783,290.07989501953125,359.8468322753906,307.9547119140625,375.4646301269531,17.87481689453125,15.6177978515625,279.165283203125,1920,1080,2073600,0.00013462832430377603,0.4,640,5
YOLO11s,hl_monaco_test.mp4,2690,13450,269.0,8,oracle,0.4071105718612671,217.17578125,370.88836669921875,261.8435363769531,384.8096923828125,44.667755126953125,13.92132568359375,621.8343505859375,1920,1080,2073600,0.00029988153255544603,0.4,640,5
YOLO11s,hl_monaco_test.mp4,2691,13455,269.1,8,oracle,0.5855955481529236,215.16110229492188,371.4694519042969,260.6525573730469,385.516845703125,45.491455078125,14.047393798828125,639.036376953125,1920,1080,2073600,0.00030817725928500295,0.4,640,5
YOLO11s,hl_monaco_test.mp4,2692,13460,269.2,8,oracle,0.6102572679519653,216.64956665039062,372.73675537109375,261.04583740234375,385.68084716796875,44.396270751953125,12.944091796875,574.66943359375,1920,1080,2073600,0.0002771361032500863,0.4,640,5
YOLO11s,hl_monaco_test.mp4,2692,13460,269.2,7,okx,0.47340136766433716,126.70049285888672,402.1142578125,154.52804565429688,412.5164794921875,27.827552795410156,10.4022216796875,289.4683837890625,1920,1080,2073600,0.00013959701755084097,0.4,640,5
YOLO11s,hl_monaco_test.mp4,2693,13465,269.3,8,oracle,0.6746967434883118,214.4897918701172,371.9535827636719,260.99627685546875,385.8434143066406,46.50648498535156,13.88983154296875,645.9672241210938,1920,1080,2073600,0.00031151968869380653,0.4,640,5
YOLO11s,hl_monaco_test.mp4,2694,13470,269.4,8,oracle,0.7529184818267822,213.867919921875,371.3004455566406,261.21771240234375,386.2859802246094,47.34979248046875,14.98553466796875,709.5619506835938,1920,1080,2073600,0.0003421884321141988,0.4,640,5
YOLO11s,hl_monaco_test.mp4,2695,13475,269.5,8,oracle,0.6664471626281738,214.9705810546875,373.0992431640625,261.9324645996094,386.9371337890625,46.961883544921875,13.837890625,649.8533935546875,1920,1080,2073600,0.00031339380075223744,0.4,640,5
YOLO11s,hl_monaco_test.mp4,2695,13475,269.5,7,okx,0.4165935516357422,127.07197570800781,402.40728759765625,155.2874298095703,413.4879150390625,28.2154541015625,11.08062744140625,312.6449279785156,1920,1080,2073600,0.00015077397983986884,0.4,640,5
YOLO11s,hl_monaco_test.mp4,2696,13480,269.6,8,oracle,0.7178153991699219,213.5789337158203,371.569580078125,261.14459228515625,386.76153564453125,47.56565856933594,15.19195556640625,722.6153564453125,1920,1080,2073600,0.0003484834742266685,0.4,640,5
YOLO11s,hl_monaco_test.mp4,2697,13485,269.7,8,oracle,0.6801022887229919,214.06063842773438,371.9821472167969,262.05059814453125,386.3233337402344,47.989959716796875,14.3411865234375,688.2329711914062,1920,1080,2073600,0.0003319024690426886,0.4,640,5
YOLO11s,hl_monaco_test.mp4,2697,13485,269.7,7,okx,0.44057926535606384,126.33148956298828,402.50128173828125,154.63607788085938,412.51416015625,28.304588317871094,10.01287841796875,283.410400390625,1920,1080,2073600,0.0001366755459457636,0.4,640,5
YOLO11s,hl_monaco_test.mp4,2698,13490,269.8,8,oracle,0.5380925536155701,214.2927703857422,372.8529968261719,262.26824951171875,386.5857238769531,47.97547912597656,13.73272705078125,658.8341674804688,1920,1080,2073600,0.0003177247999701649,0.4,640,5
YOLO11s,hl_monaco_test.mp4,2698,13490,269.8,7,okx,0.504177987575531,124.30904388427734,402.40582275390625,154.94668579101562,412.99188232421875,30.63764190673828,10.5860595703125,324.3319091796875,1920,1080,2073600,0.00015641006757505238,0.4,640,5
YOLO11s,hl_monaco_test.mp4,2699,13495,269.9,8,oracle,0.5491864085197449,214.56903076171875,373.0435791015625,262.99365234375,385.3984375,48.42462158203125,12.3548583984375,598.2793579101562,1920,1080,2073600,0.0002885220746975392,0.4,640,5
YOLO11s,hl_monaco_test.mp4,2700,13500,270.0,8,oracle,0.5812689661979675,215.4326171875,372.67291259765625,261.839599609375,385.338134765625,46.406982421875,12.66522216796875,587.7547607421875,1920,1080,2073600,0.0002834465412888676,0.4,640,5
YOLO11s,hl_monaco_test.mp4,2701,13505,270.1,8,oracle,0.5345126390457153,214.3457794189453,372.4968566894531,263.0565185546875,384.79962158203125,48.71073913574219,12.302764892578125,599.2767944335938,1920,1080,2073600,0.00028900307370349765,0.4,640,5
YOLO11s,hl_monaco_test.mp4,2702,13510,270.2,8,oracle,0.5264790058135986,214.50946044921875,371.672119140625,261.19989013671875,385.42193603515625,46.6904296875,13.74981689453125,641.98486328125,1920,1080,2073600,0.0003095991851296276,0.4,640,5
YOLO11s,hl_monaco_test.mp4,2705,13525,270.5,8,oracle,0.4691808223724365,213.8766632080078,372.533447265625,262.4334716796875,385.2554931640625,48.55680847167969,12.7220458984375,617.741943359375,1920,1080,2073600,0.00029790797270834446,0.4,640,5
YOLO11s,hl_monaco_test.mp4,2705,13525,270.5,7,okx,0.4131007194519043,121.99411010742188,401.4767761230469,151.45468139648438,411.5863952636719,29.4605712890625,10.109619140625,297.83514404296875,1920,1080,2073600,0.00014363191439770162,0.4,640,5
YOLO11s,hl_monaco_test.mp4,2707,13535,270.7,8,oracle,0.4212758541107178,214.13648986816406,373.03399658203125,263.3570556640625,386.20623779296875,49.22056579589844,13.1722412109375,648.3451538085938,1920,1080,2073600,0.00031266643782146275,0.4,640,5
YOLO11s,hl_monaco_test.mp4,2710,13550,271.0,8,oracle,0.4826262593269348,214.89285278320312,372.5899658203125,262.32220458984375,384.91131591796875,47.429351806640625,12.32135009765625,584.3936767578125,1920,1080,2073600,0.0002818256616592407,0.4,640,5
YOLO11s,hl_monaco_test.mp4,2723,13615,272.3,8,oracle,0.5320138931274414,218.20486450195312,371.7503356933594,263.28692626953125,386.8239440917969,45.082061767578125,15.0736083984375,679.54931640625,1920,1080,2073600,0.00032771474798209965,0.4,640,5
YOLO11s,hl_monaco_test.mp4,2724,13620,272.4,8,oracle,0.5840488076210022,217.58432006835938,373.90093994140625,259.6183776855469,388.3192138671875,42.0340576171875,14.41827392578125,606.0585327148438,1920,1080,2073600,0.00029227358754724264,0.4,640,5
YOLO11s,hl_monaco_test.mp4,2725,13625,272.5,8,oracle,0.5083679556846619,214.932861328125,372.7713623046875,259.9052734375,387.6014404296875,44.972412109375,14.830078125,666.9443969726562,1920,1080,2073600,0.0003216360055375844,0.4,640,5
YOLO11s,hl_monaco_test.mp4,2726,13630,272.6,8,oracle,0.5393818020820618,213.91812133789062,373.2396240234375,260.2575378417969,386.9447937011719,46.33941650390625,13.705169677734375,635.0895385742188,1920,1080,2073600,0.000306273897876963,0.4,640,5
YOLO11s,hl_monaco_test.mp4,2727,13635,272.7,8,oracle,0.4312281012535095,214.02635192871094,372.8145446777344,258.60137939453125,385.4096374511719,44.57502746582031,12.5950927734375,561.4266357421875,1920,1080,2073600,0.0002707497333176434,0.4,640,5
YOLO11s,hl_monaco_test.mp4,2730,13650,273.0,7,okx,0.40971842408180237,118.49537658691406,398.52294921875,148.89024353027344,408.13702392578125,30.394866943359375,9.61407470703125,292.2185363769531,1920,1080,2073600,0.00014092329365666956,0.4,640,5
YOLO11s,hl_monaco_test.mp4,2733,13665,273.3,4,hp,0.671532154083252,1371.7598876953125,504.3549499511719,1399.93359375,529.671875,28.1737060546875,25.316925048828125,713.2716064453125,1920,1080,2073600,0.0003439774445723742,0.4,640,5
YOLO11s,hl_monaco_test.mp4,2733,13665,273.3,8,oracle,0.532641589641571,215.9649658203125,372.25421142578125,264.54296875,385.77252197265625,48.5780029296875,13.518310546875,656.6925048828125,1920,1080,2073600,0.0003166919923387468,0.4,640,5
YOLO11s,hl_monaco_test.mp4,2734,13670,273.4,4,hp,0.6966923475265503,1320.452392578125,518.0166015625,1351.2205810546875,548.758544921875,30.7681884765625,30.741943359375,945.8739013671875,1920,1080,2073600,0.000456150621175766,0.4,640,5
YOLO11s,hl_monaco_test.mp4,2734,13670,273.4,8,oracle,0.42439380288124084,214.99887084960938,371.24981689453125,259.6771545410156,385.0579833984375,44.67828369140625,13.80816650390625,616.9251708984375,1920,1080,2073600,0.000297514081466943,0.4,640,5
YOLO11s,hl_monaco_test.mp4,2735,13675,273.5,4,hp,0.8421535491943359,1247.3140869140625,532.009033203125,1279.9677734375,559.534423828125,32.6536865234375,27.525390625,898.8054809570312,1920,1080,2073600,0.0004334517288953066,0.4,640,5
YOLO11s,hl_monaco_test.mp4,2735,13675,273.5,8,oracle,0.4365411102771759,214.9164276123047,371.0369873046875,260.206298828125,385.73260498046875,45.28987121582031,14.69561767578125,665.5626220703125,1920,1080,2073600,0.0003209696151316166,0.4,640,5
YOLO11s,hl_monaco_test.mp4,2736,13680,273.6,4,hp,0.7615914940834045,1164.837646484375,536.7327880859375,1196.590087890625,563.8203125,31.75244140625,27.0875244140625,860.0950317382812,1920,1080,2073600,0.00041478348430246115,0.4,640,5
YOLO11s,hl_monaco_test.mp4,2736,13680,273.6,8,oracle,0.42171043157577515,213.99449157714844,370.6425476074219,260.001220703125,386.0118713378906,46.00672912597656,15.36932373046875,707.09228515625,1920,1080,2073600,0.00034099744516424835,0.4,640,5
YOLO11s,hl_monaco_test.mp4,2737,13685,273.7,4,hp,0.6402366161346436,1087.928955078125,533.1494750976562,1118.25390625,558.9576416015625,30.324951171875,25.80816650390625,782.6314086914062,1920,1080,2073600,0.00037742641870863736,0.4,640,5
YOLO11s,hl_monaco_test.mp4,2737,13685,273.7,8,oracle,0.4148479104042053,214.79910278320312,371.1882019042969,260.71649169921875,385.8708801269531,45.917388916015625,14.68267822265625,674.1902465820312,1920,1080,2073600,0.0003251303278375417,0.4,640,5
YOLO11s,hl_monaco_test.mp4,2738,13690,273.8,4,hp,0.5724557638168335,1025.3785400390625,525.8521728515625,1052.1148681640625,548.5816040039062,26.736328125,22.72943115234375,607.7015380859375,1920,1080,2073600,0.0002930659393314272,0.4,640,5
YOLO11s,hl_monaco_test.mp4,2738,13690,273.8,8,oracle,0.4519488513469696,214.5341033935547,371.22125244140625,260.9588623046875,385.8980712890625,46.42475891113281,14.67681884765625,681.3677978515625,1920,1080,2073600,0.0003285917337052524,0.4,640,5
YOLO11s,hl_monaco_test.mp4,2739,13695,273.9,4,hp,0.5688775777816772,974.9710693359375,514.833251953125,1003.0177001953125,538.1782836914062,28.046630859375,23.34503173828125,654.74951171875,1920,1080,2073600,0.0003157549654133618,0.4,640,5
YOLO11s,hl_monaco_test.mp4,2739,13695,273.9,8,oracle,0.5238544940948486,215.01058959960938,371.109130859375,260.2689208984375,385.9505615234375,45.258331298828125,14.8414306640625,671.6983642578125,1920,1080,2073600,0.0003239286015741527,0.4,640,5
YOLO11s,hl_monaco_test.mp4,2740,13700,274.0,8,oracle,0.4775049388408661,214.28485107421875,370.87921142578125,259.70574951171875,385.8013916015625,45.4208984375,14.92218017578125,677.77880859375,1920,1080,2073600,0.00032686092890799046,0.4,640,5
YOLO11s,hl_monaco_test.mp4,2741,13705,274.1,8,oracle,0.44386640191078186,213.19805908203125,370.3397216796875,259.3063049316406,385.8857421875,46.108245849609375,15.5460205078125,716.7997436523438,1920,1080,2073600,0.00034567888360470533,0.4,640,5
YOLO11s,hl_monaco_test.mp4,2743,13715,274.3,7,okx,0.48688849806785583,122.300048828125,401.3077697753906,152.21070861816406,408.8343200683594,29.910659790039062,7.52655029296875,225.12408447265625,1920,1080,2073600,0.00010856678272830322,0.4,640,5
YOLO11s,hl_monaco_test.mp4,2745,13725,274.5,8,oracle,0.41579321026802063,218.01153564453125,371.60430908203125,261.53460693359375,385.40863037109375,43.5230712890625,13.8043212890625,600.8064575195312,1920,1080,2073600,0.0002897407684940845,0.4,640,5
YOLO11s,hl_monaco_test.mp4,2746,13730,274.6,1,atlasian,0.5053222179412842,556.3486938476562,839.386962890625,623.1532592773438,848.4627685546875,66.8045654296875,9.0758056640625,606.3052368164062,1920,1080,2073600,0.00029239256400614977,0.4,640,5
YOLO11s,hl_monaco_test.mp4,2746,13730,274.6,7,okx,0.4522451162338257,120.99295806884766,401.0672607421875,150.2052001953125,409.1423034667969,29.212242126464844,8.075042724609375,235.89010620117188,1920,1080,2073600,0.00011375873145880178,0.4,640,5
YOLO11s,hl_monaco_test.mp4,2746,13730,274.6,8,oracle,0.42112651467323303,217.292724609375,372.9388427734375,263.8685302734375,385.52886962890625,46.5758056640625,12.59002685546875,586.390625,1920,1080,2073600,0.0002827886783052236,0.4,640,5
YOLO11s,hl_monaco_test.mp4,2747,13735,274.7,7,okx,0.4685935378074646,121.529296875,400.5636291503906,149.92929077148438,408.9678039550781,28.399993896484375,8.4041748046875,238.6785125732422,1920,1080,2073600,0.00011510345211718231,0.4,640,5
YOLO11s,hl_monaco_test.mp4,2748,13740,274.8,8,oracle,0.552140474319458,218.3917236328125,372.38031005859375,262.1171875,386.12603759765625,43.7254638671875,13.7457275390625,601.038330078125,1920,1080,2073600,0.00028985258541069925,0.4,640,5
YOLO11s,hl_monaco_test.mp4,2748,13740,274.8,1,atlasian,0.4861423671245575,498.5190124511719,885.066162109375,560.078125,893.8485107421875,61.559112548828125,8.7823486328125,540.6336059570312,1920,1080,2073600,0.000260722212260589,0.4,640,5
YOLO11s,hl_monaco_test.mp4,2748,13740,274.8,7,okx,0.4452897012233734,122.0141372680664,399.65838623046875,149.29757690429688,408.34173583984375,27.28343963623047,8.683349609375,236.91165161132812,1920,1080,2073600,0.00011425137199694291,0.4,640,5
YOLO11s,hl_monaco_test.mp4,2749,13745,274.9,8,oracle,0.5224838852882385,217.31886291503906,373.9001770019531,263.93017578125,386.1958923339844,46.61131286621094,12.29571533203125,573.1194458007812,1920,1080,2073600,0.000276388629572466,0.4,640,5
YOLO11s,hl_monaco_test.mp4,2750,13750,275.0,8,oracle,0.5622037053108215,217.2784423828125,372.17120361328125,262.3677062988281,385.76202392578125,45.089263916015625,13.5908203125,612.8001098632812,1920,1080,2073600,0.0002955247473437339,0.4,640,5
YOLO11s,hl_monaco_test.mp4,2751,13755,275.1,8,oracle,0.5119770765304565,216.99403381347656,372.77490234375,262.32489013671875,386.31427001953125,45.33085632324219,13.53936767578125,613.7511596679688,1920,1080,2073600,0.0002959833946079016,0.4,640,5
YOLO11s,hl_monaco_test.mp4,2751,13755,275.1,7,okx,0.4609667658805847,121.30421447753906,399.71923828125,150.09388732910156,408.4318542480469,28.7896728515625,8.712615966796875,250.83335876464844,1920,1080,2073600,0.00012096516002202407,0.4,640,5
YOLO11s,hl_monaco_test.mp4,2752,13760,275.2,8,oracle,0.5628402233123779,217.20242309570312,372.62225341796875,262.4415588378906,386.46630859375,45.2391357421875,13.84405517578125,626.2930908203125,1920,1080,2073600,0.00030203178175725043,0.4,640,5
YOLO11s,hl_monaco_test.mp4,2753,13765,275.3,8,oracle,0.5830019116401672,216.3416748046875,373.20355224609375,263.2906494140625,386.8731994628906,46.948974609375,13.669647216796875,641.7759399414062,1920,1080,2073600,0.0003094984276685864,0.4,640,5
YOLO11s,hl_monaco_test.mp4,2753,13765,275.3,7,okx,0.479728102684021,121.5260238647461,399.47039794921875,149.75723266601562,408.3050537109375,28.23120880126953,8.83465576171875,249.4130096435547,1920,1080,2073600,0.00012028019409626722,0.4,640,5
YOLO11s,hl_monaco_test.mp4,2754,13770,275.4,8,oracle,0.5852687358856201,216.45849609375,373.49267578125,263.84930419921875,386.30181884765625,47.39080810546875,12.80914306640625,607.03564453125,1920,1080,2073600,0.0002927448076661676,0.4,640,5
YOLO11s,hl_monaco_test.mp4,2754,13770,275.4,7,okx,0.4126535654067993,121.35054016113281,399.3816833496094,149.5660858154297,408.3122863769531,28.215545654296875,8.93060302734375,251.98184204101562,1920,1080,2073600,0.00012151902046753094,0.4,640,5
YOLO11s,hl_monaco_test.mp4,2778,13890,277.8,0,aramco,0.8449727296829224,1207.2939453125,465.3370361328125,1352.051025390625,480.47705078125,144.757080078125,15.1400146484375,2191.624267578125,1920,1080,2073600,0.0010569175938144326,0.4,640,5
YOLO11s,hl_monaco_test.mp4,2778,13890,277.8,0,aramco,0.6254763007164001,924.540771484375,665.7235107421875,1081.5712890625,702.60498046875,157.030517578125,36.8814697265625,5791.51611328125,1920,1080,2073600,0.002792976563796401,0.4,640,5
YOLO11s,hl_monaco_test.mp4,2779,13895,277.9,0,aramco,0.6969285011291504,1227.3665771484375,467.6329345703125,1383.545654296875,485.20025634765625,156.1790771484375,17.56732177734375,2743.648193359375,1920,1080,2073600,0.0013231327757239342,0.4,640,5
YOLO11s,hl_monaco_test.mp4,2779,13895,277.9,0,aramco,0.658452033996582,896.7251586914062,670.5458984375,1057.37109375,707.7431030273438,160.64593505859375,37.19720458984375,5975.57958984375,1920,1080,2073600,0.0028817416168749332,0.4,640,5
YOLO11s,hl_monaco_test.mp4,2780,13900,278.0,0,aramco,0.5854637026786804,861.13671875,676.5382690429688,1033.1815185546875,711.6405029296875,172.0447998046875,35.10223388671875,6039.15673828125,1920,1080,2073600,0.002912401920184493,0.4,640,5
YOLO11s,hl_monaco_test.mp4,2780,13900,278.0,0,aramco,0.5766893625259399,1250.32421875,469.56939697265625,1395.305908203125,485.93609619140625,144.981689453125,16.36669921875,2372.87158203125,1920,1080,2073600,0.0011443246621638536,0.4,640,5
YOLO11s,hl_monaco_test.mp4,2780,13900,278.0,0,aramco,0.4070424437522888,1277.0313720703125,563.3515625,1332.1181640625,590.5421142578125,55.0867919921875,27.1905517578125,1497.8402099609375,1920,1080,2073600,0.0007223380380310118,0.4,640,5
YOLO11s,hl_monaco_test.mp4,2781,13905,278.1,0,aramco,0.7477732300758362,844.2160034179688,681.8255004882812,1012.1288452148438,720.3984985351562,167.912841796875,38.572998046875,6476.90185546875,1920,1080,2073600,0.003123505972325802,0.4,640,5
YOLO11s,hl_monaco_test.mp4,2781,13905,278.1,0,aramco,0.5550402998924255,1287.4317626953125,566.8832397460938,1349.0,596.6851196289062,61.5682373046875,29.8018798828125,1834.8492431640625,1920,1080,2073600,0.0008848616853356361,0.4,640,5
YOLO11s,hl_monaco_test.mp4,2782,13910,278.2,0,aramco,0.8183479309082031,1304.3558349609375,571.9718627929688,1374.659912109375,603.180908203125,70.3040771484375,31.20904541015625,2194.123046875,1920,1080,2073600,0.0010581226088106632,0.4,640,5
YOLO11s,hl_monaco_test.mp4,2782,13910,278.2,0,aramco,0.4889911413192749,1315.81982421875,478.19384765625,1462.46435546875,496.436279296875,146.64453125,18.242431640625,2675.15283203125,1920,1080,2073600,0.0012901007430627942,0.4,640,5
YOLO11s,hl_monaco_test.mp4,2783,13915,278.3,0,aramco,0.8149321675300598,1303.9366455078125,575.5447387695312,1374.745849609375,606.2222290039062,70.8092041015625,30.677490234375,2172.248779296875,1920,1080,2073600,0.0010475736344233155,0.4,640,5
YOLO11s,hl_monaco_test.mp4,2784,13920,278.4,0,aramco,0.7677908539772034,1282.554931640625,580.3959350585938,1364.893798828125,609.939453125,82.3388671875,29.54351806640625,2432.579833984375,1920,1080,2073600,0.0011731191771104932,0.4,640,5
YOLO11s,hl_monaco_test.mp4,2785,13925,278.5,0,aramco,0.8316505551338196,1256.96435546875,581.6025390625,1342.4334716796875,611.9747314453125,85.4691162109375,30.3721923828125,2595.884521484375,1920,1080,2073600,0.0012518733274191618,0.4,640,5
YOLO11s,hl_monaco_test.mp4,2786,13930,278.6,0,aramco,0.8237938284873962,1224.6512451171875,582.58154296875,1305.2664794921875,609.1016235351562,80.615234375,26.52008056640625,2137.922607421875,1920,1080,2073600,0.0010310197249054909,0.4,640,5
YOLO11s,hl_monaco_test.mp4,2787,13935,278.7,0,aramco,0.8487251996994019,1192.77099609375,578.4439697265625,1284.5035400390625,608.1365966796875,91.7325439453125,29.692626953125,2723.7802734375,1920,1080,2073600,0.001313551445491612,0.4,640,5
YOLO11s,hl_monaco_test.mp4,2788,13940,278.8,0,aramco,0.8398648500442505,1169.6787109375,583.8609619140625,1280.16259765625,614.7591552734375,110.48388671875,30.898193359375,3413.75244140625,1920,1080,2073600,0.0016462926287204027,0.4,640,5
YOLO11s,hl_monaco_test.mp4,2789,13945,278.9,0,aramco,0.8932499885559082,1140.70263671875,592.4364013671875,1277.38525390625,627.85009765625,136.6826171875,35.4136962890625,4840.4365234375,1920,1080,2073600,0.002334315562620759,0.4,640,5
YOLO11s,hl_monaco_test.mp4,2790,13950,279.0,0,aramco,0.8646429777145386,1110.7816162109375,602.8185424804688,1271.9925537109375,638.5548706054688,161.2109375,35.736328125,5761.0869140625,1920,1080,2073600,0.0027783019468188286,0.4,640,5
YOLO11s,hl_monaco_test.mp4,2791,13955,279.1,0,aramco,0.870926022529602,1098.985107421875,609.8489990234375,1292.97802734375,649.389892578125,193.992919921875,39.5408935546875,7670.6533203125,1920,1080,2073600,0.003699196269735694,0.4,640,5
YOLO11s,hl_monaco_test.mp4,2792,13960,279.2,0,aramco,0.8462598323822021,1073.5234375,615.5909423828125,1308.4761962890625,664.2900390625,234.9527587890625,48.6990966796875,11441.9873046875,1920,1080,2073600,0.005517933517694473,0.4,640,5
YOLO11s,hl_monaco_test.mp4,2793,13965,279.3,0,aramco,0.8221191763877869,1029.8095703125,624.5458374023438,1283.7374267578125,679.0557861328125,253.9278564453125,54.50994873046875,13841.5947265625,1920,1080,2073600,0.006675151642411947,0.4,640,5
YOLO11s,hl_monaco_test.mp4,2794,13970,279.4,0,aramco,0.8112990260124207,959.734130859375,628.9737548828125,1230.0867919921875,692.88037109375,270.3526611328125,63.9066162109375,17277.32421875,1920,1080,2073600,0.008332042954862118,0.4,640,5
YOLO11s,hl_monaco_test.mp4,2795,13975,279.5,0,aramco,0.7699857950210571,873.342041015625,635.4178466796875,1140.5950927734375,698.5472412109375,267.2530517578125,63.12939453125,16871.5234375,1920,1080,2073600,0.008136344142258167,0.4,640,5
YOLO11s,hl_monaco_test.mp4,2796,13980,279.6,0,aramco,0.835551917552948,772.3734130859375,635.6349487304688,1032.1749267578125,699.748291015625,259.801513671875,64.11334228515625,16656.744140625,1920,1080,2073600,0.008032766170799732,0.4,640,5
YOLO11s,hl_monaco_test.mp4,2797,13985,279.7,0,aramco,0.8414568901062012,673.8377685546875,636.0703125,915.2381591796875,700.0043334960938,241.400390625,63.93402099609375,15433.697265625,1920,1080,2073600,0.007442947942763567,0.4,640,5
YOLO11s,hl_monaco_test.mp4,2798,13990,279.8,0,aramco,0.8546594381332397,582.041015625,634.86572265625,807.788818359375,698.166259765625,225.747802734375,63.300537109375,14289.95703125,1920,1080,2073600,0.006891375873237848,0.4,640,5
YOLO11s,hl_monaco_test.mp4,2799,13995,279.9,0,aramco,0.9005803465843201,504.8061218261719,633.1611328125,710.4833984375,692.945068359375,205.67727661132812,59.783935546875,12296.197265625,1920,1080,2073600,0.005929878912866116,0.4,640,5
YOLO11s,hl_monaco_test.mp4,2800,14000,280.0,0,aramco,0.6114866733551025,449.734130859375,631.0430908203125,636.5714721679688,689.9078979492188,186.83734130859375,58.86480712890625,10998.14453125,1920,1080,2073600,0.00530388904735446,0.4,640,5
YOLO11s,hl_monaco_test.mp4,2816,14080,281.6,9,petronas,0.5235611796379089,779.2530517578125,465.37750244140625,977.0966796875,493.98199462890625,197.8436279296875,28.6044921875,5659.21630859375,1920,1080,2073600,0.0027291744481772184,0.4,640,5
YOLO11s,hl_monaco_test.mp4,2817,14085,281.7,9,petronas,0.5111432671546936,786.867919921875,460.1100769042969,983.631591796875,493.4356384277344,196.763671875,33.3255615234375,6557.259765625,1920,1080,2073600,0.0031622587703168392,0.4,640,5
YOLO11s,hl_monaco_test.mp4,2820,14100,282.0,9,petronas,0.6486671566963196,760.0533447265625,460.6470947265625,990.2349243164062,495.77484130859375,230.18157958984375,35.12774658203125,8085.76025390625,1920,1080,2073600,0.0038993828929960728,0.4,640,5
YOLO11s,hl_monaco_test.mp4,2821,14105,282.1,9,petronas,0.540135383605957,754.4070434570312,463.6506042480469,993.1673583984375,497.1123962402344,238.76031494140625,33.4617919921875,7989.34814453125,1920,1080,2073600,0.0038528877776116133,0.4,640,5
YOLO11s,hl_monaco_test.mp4,2827,14135,282.7,1,atlasian,0.4086175560951233,738.5809936523438,467.21337890625,996.4063110351562,503.7388000488281,257.8253173828125,36.525421142578125,9417.1787109375,1920,1080,2073600,0.0045414636842906475,0.4,640,5
YOLO11s,hl_monaco_test.mp4,2831,14155,283.1,1,atlasian,0.5753613114356995,740.3863525390625,467.65203857421875,997.6868896484375,504.0277099609375,257.300537109375,36.37567138671875,9359.4794921875,1920,1080,2073600,0.0045136380940675735,0.4,640,5
YOLO11s,hl_monaco_test.mp4,2832,14160,283.2,1,atlasian,0.7489493489265442,741.1846923828125,469.52435302734375,991.1787109375,503.67388916015625,249.9940185546875,34.1495361328125,8537.1796875,1920,1080,2073600,0.00411708140745759,0.4,640,5
YOLO11s,hl_monaco_test.mp4,2833,14165,283.3,1,atlasian,0.5306649804115295,769.9685668945312,472.6065673828125,994.9513549804688,504.41802978515625,224.9827880859375,31.81146240234375,7157.03173828125,1920,1080,2073600,0.003451500553637743,0.4,640,5
YOLO11s,hl_monaco_test.mp4,2834,14170,283.4,1,atlasian,0.477558434009552,760.37841796875,474.23052978515625,993.30908203125,503.55120849609375,232.9306640625,29.3206787109375,6829.68505859375,1920,1080,2073600,0.0032936367206275463,0.4,640,5
YOLO11s,hl_monaco_test.mp4,2835,14175,283.5,1,atlasian,0.7149472832679749,740.5065307617188,468.2714538574219,992.2091674804688,504.7196044921875,251.70263671875,36.448150634765625,9174.095703125,1920,1080,2073600,0.004424235783517361,0.4,640,5
YOLO11s,hl_monaco_test.mp4,2836,14180,283.6,1,atlasian,0.7863286137580872,741.1261596679688,468.92156982421875,985.4765625,503.4298095703125,244.35040283203125,34.50823974609375,8432.1025390625,1920,1080,2073600,0.004066407680511475,0.4,640,5
YOLO11s,hl_monaco_test.mp4,2837,14185,283.7,1,atlasian,0.7506275177001953,739.4471435546875,468.9580993652344,992.001953125,503.0898742675781,252.5548095703125,34.13177490234375,8620.1435546875,1920,1080,2073600,0.004157091025263071,0.4,640,5
YOLO11s,hl_monaco_test.mp4,2838,14190,283.8,1,atlasian,0.4552615284919739,744.2679443359375,471.3765563964844,994.2816162109375,502.8336181640625,250.013671875,31.457061767578125,7864.6953125,1920,1080,2073600,0.003792773699387908,0.4,640,5
YOLO11s,hl_monaco_test.mp4,2839,14195,283.9,1,atlasian,0.43690192699432373,786.13623046875,472.78253173828125,987.5701904296875,498.8089599609375,201.4339599609375,26.02642822265625,5242.6064453125,1920,1080,2073600,0.002528263023123145,0.4,640,5
YOLO11s,hl_monaco_test.mp4,2840,14200,284.0,1,atlasian,0.7183814644813538,739.6009521484375,469.0901184082031,991.1720581054688,502.5929260253906,251.57110595703125,33.5028076171875,8428.337890625,1920,1080,2073600,0.004064592067152262,0.4,640,5
YOLO11s,hl_monaco_test.mp4,2841,14205,284.1,1,atlasian,0.6725400686264038,738.481201171875,468.7856140136719,993.7743530273438,502.0624694824219,255.29315185546875,33.27685546875,8495.353515625,1920,1080,2073600,0.004096910357475281,0.4,640,5
YOLO11s,hl_monaco_test.mp4,2842,14210,284.2,1,atlasian,0.4237065017223358,757.9153442382812,468.9921569824219,995.3250732421875,501.3906555175781,237.40972900390625,32.39849853515625,7691.71875,1920,1080,2073600,0.0037093551363795996,0.4,640,5
YOLO11s,hl_monaco_test.mp4,2845,14225,284.5,3,capp,0.5441861748695374,833.7227783203125,884.759765625,941.4063720703125,923.700439453125,107.68359375,38.940673828125,4193.271484375,1920,1080,2073600,0.0020222181919962168,0.4,640,5
YOLO11s,hl_monaco_test.mp4,2847,14235,284.7,1,atlasian,0.6245234608650208,741.5824584960938,469.05596923828125,995.211181640625,503.49298095703125,253.62872314453125,34.43701171875,8734.21484375,1920,1080,2073600,0.004212101921439171,0.4,640,5
YOLO11s,hl_monaco_test.mp4,2848,14240,284.8,1,atlasian,0.4193727374076843,741.2457275390625,468.748291015625,979.2484130859375,502.4779052734375,238.002685546875,33.7296142578125,8027.73876953125,1920,1080,2073600,0.003871401771903038,0.4,640,5
YOLO11s,hl_monaco_test.mp4,2849,14245,284.9,1,atlasian,0.43705087900161743,742.40087890625,469.5877685546875,977.6607666015625,502.5797119140625,235.2598876953125,32.991943359375,7761.6806640625,1920,1080,2073600,0.003743094392120838,0.4,640,5
YOLO11s,hl_monaco_test.mp4,2850,14250,285.0,1,atlasian,0.5441393852233887,740.909912109375,467.64703369140625,994.9817504882812,501.97515869140625,254.07183837890625,34.328125,8721.8095703125,1920,1080,2073600,0.004206119570881128,0.4,640,5
YOLO11s,hl_monaco_test.mp4,2851,14255,285.1,1,atlasian,0.44207099080085754,781.89697265625,468.3042297363281,997.600341796875,501.8936462402344,215.703369140625,33.58941650390625,7245.35009765625,1920,1080,2073600,0.003494092496111989,0.4,640,5
YOLO11s,hl_monaco_test.mp4,2852,14260,285.2,9,petronas,0.45835670828819275,758.0864868164062,469.4101867675781,994.031982421875,502.4642028808594,235.94549560546875,33.05401611328125,7798.9462890625,1920,1080,2073600,0.0037610658910125494,0.4,640,5
YOLO11s,hl_monaco_test.mp4,2855,14275,285.5,1,atlasian,0.6683693528175354,739.596435546875,466.00286865234375,991.3917846679688,500.19268798828125,251.79534912109375,34.1898193359375,8608.837890625,1920,1080,2073600,0.004151638597249985,0.4,640,5
YOLO11s,hl_monaco_test.mp4,2857,14285,285.7,9,petronas,0.5278415679931641,752.783447265625,467.2100830078125,993.3422241210938,499.4510192871094,240.55877685546875,32.240936279296875,7755.84033203125,1920,1080,2073600,0.0037402778398245573,0.4,640,5
YOLO11s,hl_monaco_test.mp4,2859,14295,285.9,1,atlasian,0.4906574785709381,756.5162353515625,470.1397705078125,994.0629272460938,497.83758544921875,237.54669189453125,27.69781494140625,6579.5244140625,1920,1080,2073600,0.003172995988279581,0.4,640,5
YOLO11s,hl_monaco_test.mp4,2860,14300,286.0,1,atlasian,0.5129368305206299,790.5836791992188,466.8783874511719,996.4063110351562,499.1889953613281,205.8226318359375,32.31060791015625,6650.25439453125,1920,1080,2073600,0.003207105677574873,0.4,640,5
YOLO11s,hl_monaco_test.mp4,2861,14305,286.1,1,atlasian,0.4381253719329834,786.2111206054688,466.9658203125,998.2267456054688,500.13519287109375,212.015625,33.16937255859375,7032.42529296875,1920,1080,2073600,0.0033914088271558285,0.4,640,5
YOLO11s,hl_monaco_test.mp4,2862,14310,286.2,1,atlasian,0.4059348404407501,789.5685424804688,466.404052734375,998.5863647460938,500.228759765625,209.017822265625,33.82470703125,7069.966796875,1920,1080,2073600,0.003409513272345066,0.4,640,5
YOLO11s,hl_monaco_test.mp4,2865,14325,286.5,1,atlasian,0.4153681695461273,789.816650390625,467.7556457519531,996.1988525390625,499.3360290527344,206.3822021484375,31.58038330078125,6517.62890625,1920,1080,2073600,0.0031431466341018677,0.4,640,5
YOLO11s,hl_monaco_test.mp4,2866,14330,286.6,1,atlasian,0.4769553244113922,776.8024291992188,467.4873962402344,995.6687622070312,499.69024658203125,218.8663330078125,32.202850341796875,7048.11962890625,1920,1080,2073600,0.003398977452889085,0.4,640,5
YOLO11s,hl_monaco_test.mp4,2867,14335,286.7,1,atlasian,0.4153721332550049,789.759521484375,469.0553283691406,994.61279296875,500.6313171386719,204.853271484375,31.57598876953125,6468.44482421875,1920,1080,2073600,0.003119427477940917,0.4,640,5
YOLO11s,hl_monaco_test.mp4,2868,14340,286.8,1,atlasian,0.4007282853126526,765.8268432617188,472.1567687988281,994.3150634765625,498.6100158691406,228.48822021484375,26.4532470703125,6044.25537109375,1920,1080,2073600,0.0029148608446121216,0.4,640,5
YOLO11s,hl_monaco_test.mp4,2870,14350,287.0,1,atlasian,0.5576493740081787,741.238037109375,467.53179931640625,993.1642456054688,503.80865478515625,251.92620849609375,36.27685546875,9139.0908203125,1920,1080,2073600,0.0044073546305298805,0.4,640,5
YOLO11s,hl_monaco_test.mp4,2871,14355,287.1,9,petronas,0.4587538540363312,755.687744140625,471.31512451171875,992.8196411132812,504.7060546875,237.13189697265625,33.39093017578125,7918.0546875,1920,1080,2073600,0.0038185063749551773,0.4,640,5
YOLO11s,hl_monaco_test.mp4,2880,14400,288.0,9,petronas,0.619160532951355,735.318603515625,483.3589782714844,992.7579345703125,513.955322265625,257.4393310546875,30.596343994140625,7876.7021484375,1920,1080,2073600,0.003798563964664936,0.4,640,5
YOLO11s,hl_monaco_test.mp4,2881,14405,288.1,9,petronas,0.7085486650466919,748.7022705078125,484.06744384765625,991.6934814453125,514.3710327148438,242.9912109375,30.3035888671875,7363.505859375,1920,1080,2073600,0.003551073372364044,0.4,640,5
YOLO11s,hl_monaco_test.mp4,2882,14410,288.2,9,petronas,0.6561174988746643,748.6307373046875,483.2758483886719,992.5609130859375,514.4383544921875,243.93017578125,31.162506103515625,7601.4755859375,1920,1080,2073600,0.0036658351309597492,0.4,640,5
YOLO11s,hl_monaco_test.mp4,2885,14425,288.5,9,petronas,0.5167750716209412,759.269775390625,483.6270446777344,992.49072265625,514.0128173828125,233.220947265625,30.385772705078125,7086.5986328125,1920,1080,2073600,0.0034175340551882982,0.4,640,5
YOLO11s,hl_monaco_test.mp4,2887,14435,288.7,9,petronas,0.40210363268852234,762.8919677734375,484.3215637207031,989.84423828125,515.4197998046875,226.9522705078125,31.098236083984375,7057.8154296875,1920,1080,2073600,0.0034036533907055855,0.4,640,5
YOLO11s,hl_monaco_test.mp4,2891,14455,289.1,9,petronas,0.4064951539039612,763.7388916015625,482.6952209472656,993.540771484375,514.164794921875,229.8018798828125,31.469573974609375,7231.76708984375,1920,1080,2073600,0.003487542038783431,0.4,640,5
YOLO11s,hl_monaco_test.mp4,2892,14460,289.2,9,petronas,0.5196788907051086,759.17822265625,482.3399963378906,992.5753173828125,514.4259033203125,233.3970947265625,32.085906982421875,7488.75732421875,1920,1080,2073600,0.003611476393416524,0.4,640,5
YOLO11s,hl_monaco_test.mp4,2895,14475,289.5,9,petronas,0.7004047632217407,774.869140625,481.9655456542969,991.2760009765625,512.42919921875,216.4068603515625,30.463653564453125,6592.54345703125,1920,1080,2073600,0.0031792744994163513,0.4,640,5
YOLO11s,hl_monaco_test.mp4,2896,14480,289.6,9,petronas,0.7254758477210999,771.7498168945312,482.4086608886719,992.8421630859375,512.6263427734375,221.09234619140625,30.217681884765625,6680.89794921875,1920,1080,2073600,0.0032218836713582277,0.4,640,5
YOLO11s,hl_monaco_test.mp4,2897,14485,289.7,9,petronas,0.6604530215263367,779.3939208984375,481.6888732910156,992.0994873046875,512.8848876953125,212.70556640625,31.196014404296875,6635.56591796875,1920,1080,2073600,0.0032000220380723476,0.4,640,5
YOLO11s,hl_monaco_test.mp4,2900,14500,290.0,9,petronas,0.7490135431289673,779.00830078125,483.1048583984375,993.04833984375,513.3131713867188,214.0400390625,30.20831298828125,6465.78857421875,1920,1080,2073600,0.0031181464437395334,0.4,640,5
YOLO11s,hl_monaco_test.mp4,2901,14505,290.1,9,petronas,0.8273782730102539,773.4970703125,484.18206787109375,992.5267333984375,513.9624633789062,219.0296630859375,29.7803955078125,6522.7900390625,1920,1080,2073600,0.0031456355936825275,0.4,640,5
YOLO11s,hl_monaco_test.mp4,2902,14510,290.2,9,petronas,0.7159281373023987,779.7599487304688,482.3885192871094,993.8010864257812,512.8013916015625,214.0411376953125,30.412872314453125,6509.60595703125,1920,1080,2073600,0.0031392774544656277,0.4,640,5
YOLO11s,hl_monaco_test.mp4,2905,14525,290.5,9,petronas,0.7545803189277649,765.1287231445312,481.83544921875,991.6142578125,513.6714477539062,226.48553466796875,31.83599853515625,7210.39306640625,1920,1080,2073600,0.0034772343933582306,0.4,640,5
YOLO11s,hl_monaco_test.mp4,2906,14530,290.6,9,petronas,0.7541006207466125,762.5216064453125,483.7484436035156,992.4461059570312,513.9185791015625,229.92449951171875,30.170135498046875,6936.853515625,1920,1080,2073600,0.0033453190699219704,0.4,640,5
YOLO11s,hl_monaco_test.mp4,2907,14535,290.7,9,petronas,0.6371524930000305,773.77587890625,482.25653076171875,990.8492431640625,513.8156127929688,217.0733642578125,31.55908203125,6850.63623046875,1920,1080,2073600,0.003303740406408906,0.4,640,5
YOLO11s,hl_monaco_test.mp4,2910,14550,291.0,9,petronas,0.555088996887207,764.1206665039062,483.05255126953125,993.4134521484375,515.549560546875,229.29278564453125,32.49700927734375,7451.32958984375,1920,1080,2073600,0.003593426663428545,0.4,640,5
YOLO11s,hl_monaco_test.mp4,2911,14555,291.1,9,petronas,0.6691133975982666,765.2769165039062,483.8993225097656,991.364501953125,514.4390869140625,226.08758544921875,30.539764404296875,6904.66162109375,1920,1080,2073600,0.0033297943882644176,0.4,640,5
YOLO11s,hl_monaco_test.mp4,2912,14560,291.2,9,petronas,0.7424051761627197,762.8316650390625,482.963623046875,991.9251708984375,514.89453125,229.093505859375,31.930908203125,7315.16357421875,1920,1080,2073600,0.003527760272845626,0.4,640,5
YOLO11s,hl_monaco_test.mp4,2915,14575,291.5,9,petronas,0.7628901600837708,777.5361328125,481.7571716308594,991.055419921875,513.0382080078125,213.519287109375,31.281036376953125,6679.1044921875,1920,1080,2073600,0.0032210187055170536,0.4,640,5
YOLO11s,hl_monaco_test.mp4,2916,14580,291.6,9,petronas,0.7533195614814758,776.0711059570312,481.2648010253906,995.3530883789062,512.4453125,219.281982421875,31.180511474609375,6837.32421875,1920,1080,2073600,0.0032973207999020815,0.4,640,5
YOLO11s,hl_monaco_test.mp4,2917,14585,291.7,9,petronas,0.7874590754508972,776.8298950195312,482.18310546875,993.1395263671875,511.977783203125,216.30963134765625,29.794677734375,6444.8759765625,1920,1080,2073600,0.003108061384409666,0.4,640,5
YOLO11s,hl_monaco_test.mp4,2920,14600,292.0,9,petronas,0.8144883513450623,772.7803344726562,482.04046630859375,994.3167114257812,511.2252197265625,221.536376953125,29.18475341796875,6465.484375,1920,1080,2073600,0.0031179997604340315,0.4,640,5
YOLO11s,hl_monaco_test.mp4,2921,14605,292.1,9,petronas,0.8206381797790527,768.8153076171875,482.21429443359375,992.386474609375,511.9587707519531,223.5711669921875,29.744476318359375,6650.00732421875,1920,1080,2073600,0.003206986468285322,0.4,640,5
YOLO11s,hl_monaco_test.mp4,2922,14610,292.2,9,petronas,0.8494696617126465,773.3038330078125,481.6178283691406,991.7448120117188,511.7032470703125,218.44097900390625,30.085418701171875,6571.88818359375,1920,1080,2073600,0.003169313305988908,0.4,640,5
YOLO11s,hl_monaco_test.mp4,2925,14625,292.5,9,petronas,0.8493407368659973,770.7425537109375,481.09423828125,993.7789306640625,512.6768188476562,223.036376953125,31.58258056640625,7044.064453125,1920,1080,2073600,0.003397021908313036,0.4,640,5
YOLO11s,hl_monaco_test.mp4,2926,14630,292.6,9,petronas,0.8291829228401184,767.2222900390625,481.0447082519531,994.8850708007812,512.087158203125,227.66278076171875,31.042449951171875,7067.21044921875,1920,1080,2073600,0.003408184042200446,0.4,640,5
YOLO11s,hl_monaco_test.mp4,2927,14635,292.7,9,petronas,0.8560237288475037,774.7311401367188,481.9567565917969,991.8744506835938,513.30078125,217.143310546875,31.344024658203125,6806.1455078125,1920,1080,2073600,0.0032822845969349146,0.4,640,5
YOLO11s,hl_monaco_test.mp4,2930,14650,293.0,9,petronas,0.8996518850326538,768.4000854492188,482.96624755859375,992.7280883789062,514.3543090820312,224.3280029296875,31.3880615234375,7041.22119140625,1920,1080,2073600,0.0033956505358219147,0.4,640,5
YOLO11s,hl_monaco_test.mp4,2930,14650,293.0,9,petronas,0.44583821296691895,1017.4671020507812,608.6712646484375,1045.842529296875,624.3253173828125,28.37542724609375,15.654052734375,444.1904296875,1920,1080,2073600,0.0002142122102668509,0.4,640,5
YOLO11s,hl_monaco_test.mp4,2930,14650,293.0,9,petronas,0.41406935453414917,1159.3348388671875,503.01416015625,1205.09130859375,511.8538513183594,45.7564697265625,8.839691162109375,404.4730529785156,1920,1080,2073600,0.00019505838281475008,0.4,640,5
YOLO11s,hl_monaco_test.mp4,2931,14655,293.1,9,petronas,0.8838659524917603,772.5020141601562,483.2891845703125,991.9905395507812,513.6885986328125,219.488525390625,30.3994140625,6672.32275390625,1920,1080,2073600,0.0032177481334656477,0.4,640,5
YOLO11s,hl_monaco_test.mp4,2931,14655,293.1,9,petronas,0.4089755117893219,1016.3728637695312,607.5384521484375,1043.984130859375,624.3568115234375,27.61126708984375,16.818359375,464.376220703125,1920,1080,2073600,0.00022394685947801918,0.4,640,5
YOLO11s,hl_monaco_test.mp4,2932,14660,293.2,9,petronas,0.8963200449943542,760.4993896484375,482.698974609375,991.0621337890625,514.831787109375,230.562744140625,32.1328125,7408.62939453125,1920,1080,2073600,0.003572834422811866,0.4,640,5
YOLO11s,hl_monaco_test.mp4,2936,14680,293.6,1,atlasian,0.6216579675674438,1386.052734375,497.74932861328125,1502.1214599609375,510.8968505859375,116.0687255859375,13.14752197265625,1526.01611328125,1920,1080,2073600,0.0007359259761869907,0.4,640,5
YOLO11s,hl_monaco_test.mp4,2942,14710,294.2,1,atlasian,0.7807033061981201,1475.40185546875,484.35565185546875,1560.410888671875,504.02276611328125,85.009033203125,19.6671142578125,1671.88232421875,1920,1080,2073600,0.0008062704000622034,0.4,640,5
YOLO11s,hl_monaco_test.mp4,2943,14715,294.3,1,atlasian,0.5679721832275391,1442.967041015625,471.5281677246094,1533.7225341796875,486.6340026855469,90.7554931640625,15.1058349609375,1370.9375,1920,1080,2073600,0.0006611388525925577,0.4,640,5
YOLO11s,hl_monaco_test.mp4,2944,14720,294.4,1,atlasian,0.5290668606758118,1417.163818359375,455.9281311035156,1501.1832275390625,473.6369934082031,84.0194091796875,17.7088623046875,1487.88818359375,1920,1080,2073600,0.0007175386417657137,0.4,640,5
YOLO11s,hl_monaco_test.mp4,2944,14720,294.4,1,atlasian,0.47665297985076904,869.7610473632812,404.2887268066406,958.0006713867188,417.1932678222656,88.2396240234375,12.904541015625,1138.69189453125,1920,1080,2073600,0.0005491377087309957,0.4,640,5
YOLO11s,hl_monaco_test.mp4,2946,14730,294.6,1,atlasian,0.4805734157562256,942.99462890625,383.79949951171875,1024.4267578125,398.74163818359375,81.43212890625,14.942138671875,1216.7701416015625,1920,1080,2073600,0.0005867911386303604,0.4,640,5
YOLO11s,hl_monaco_test.mp4,2997,14985,299.7,7,okx,0.4047371745109558,1306.6522216796875,383.93389892578125,1350.890380859375,396.1343994140625,44.2381591796875,12.20050048828125,539.7276611328125,1920,1080,2073600,0.000260285334661603,0.4,640,5
YOLO11s,hl_monaco_test.mp4,3001,15005,300.1,7,okx,0.6412936449050903,1234.4852294921875,397.1217041015625,1284.926025390625,411.04962158203125,50.4407958984375,13.92791748046875,702.5352172851562,1920,1080,2073600,0.00033879978582262993,0.4,640,5
YOLO11s,hl_monaco_test.mp4,3002,15010,300.2,7,okx,0.5738738775253296,1198.5400390625,399.67474365234375,1256.30712890625,414.76611328125,57.76708984375,15.09136962890625,871.7844848632812,1920,1080,2073600,0.0004204207507427782,0.4,640,5
YOLO11s,hl_monaco_test.mp4,3003,15015,300.3,7,okx,0.7163225412368774,1165.03076171875,407.19873046875,1223.0313720703125,423.3153991699219,58.0006103515625,16.116668701171875,934.776611328125,1920,1080,2073600,0.00045079889241605997,0.4,640,5
YOLO11s,hl_monaco_test.mp4,3003,15015,300.3,7,okx,0.5628483891487122,1078.64892578125,403.7549743652344,1130.463623046875,418.82464599609375,51.814697265625,15.069671630859375,780.8304443359375,1920,1080,2073600,0.0003765579022001475,0.4,640,5
YOLO11s,hl_monaco_test.mp4,3004,15020,300.4,7,okx,0.6763231158256531,1116.0859375,414.9648742675781,1185.8768310546875,435.1637878417969,69.7908935546875,20.19891357421875,1409.7001953125,1920,1080,2073600,0.0006798322428949177,0.4,640,5
YOLO11s,hl_monaco_test.mp4,3004,15020,300.4,7,okx,0.4906091094017029,1016.2188720703125,409.62457275390625,1069.1488037109375,427.6224365234375,52.929931640625,17.99786376953125,952.6256713867188,1920,1080,2073600,0.000459406670415774,0.4,640,5
YOLO11s,hl_monaco_test.mp4,3005,15025,300.5,7,okx,0.760989785194397,1054.7247314453125,426.4818420410156,1130.48779296875,448.8846130371094,75.7630615234375,22.40277099609375,1697.302490234375,1920,1080,2073600,0.000818529340904206,0.4,640,5
YOLO11s,hl_monaco_test.mp4,3006,15030,300.6,7,okx,0.7990153431892395,961.1954956054688,443.015625,1054.41748046875,472.0514831542969,93.22198486328125,29.035858154296875,2706.7802734375,1920,1080,2073600,0.0013053531292825937,0.4,640,5
YOLO11s,hl_monaco_test.mp4,3007,15035,300.7,7,okx,0.7553220391273499,811.6907958984375,469.9259948730469,919.7697143554688,512.2696533203125,108.07891845703125,42.343658447265625,4576.45703125,1920,1080,2073600,0.002207010518759489,0.4,640,5
YOLO11s,hl_monaco_test.mp4,3231,16155,323.1,8,oracle,0.45162999629974365,28.035518646240234,173.96649169921875,144.6513671875,184.54550170898438,116.6158447265625,10.579010009765625,1233.68017578125,1920,1080,2073600,0.0005949460901319981,0.4,640,5
YOLO11s,hl_monaco_test.mp4,3322,16610,332.2,9,petronas,0.4320951998233795,609.35791015625,671.9826049804688,677.7451171875,694.0643920898438,68.38720703125,22.081787109375,1510.1116943359375,1920,1080,2073600,0.000728256010916084,0.4,640,5
YOLO11s,hl_monaco_test.mp4,3323,16615,332.3,9,petronas,0.8115643262863159,1115.899658203125,153.23086547851562,1180.805419921875,168.40463256835938,64.90576171875,15.17376708984375,984.8649291992188,1920,1080,2073600,0.00047495414037257433,0.4,640,5
YOLO11s,hl_monaco_test.mp4,3323,16615,332.3,9,petronas,0.44743648171424866,511.65570068359375,747.39013671875,588.583984375,771.730712890625,76.92828369140625,24.340576171875,1872.478759765625,1920,1080,2073600,0.0009030086803250015,0.4,640,5
YOLO11s,hl_monaco_test.mp4,3324,16620,332.4,9,petronas,0.8556002974510193,1173.8193359375,143.7764892578125,1239.393798828125,163.51698303222656,65.574462890625,19.740493774414062,1294.4722900390625,1920,1080,2073600,0.0006242632516659796,0.4,640,5
YOLO11s,hl_monaco_test.mp4,3324,16620,332.4,9,petronas,0.5316278338432312,384.1383361816406,860.7456665039062,465.6618347167969,897.5839233398438,81.52349853515625,36.8382568359375,3003.18359375,1920,1080,2073600,0.0014482946135103703,0.4,640,5
YOLO11s,hl_monaco_test.mp4,3325,16625,332.5,9,petronas,0.823588490486145,1229.3759765625,155.0503692626953,1303.2490234375,177.6178436279297,73.873046875,22.567474365234375,1667.1280517578125,1920,1080,2073600,0.0008039776585064828,0.4,640,5
YOLO11s,hl_monaco_test.mp4,3326,16630,332.6,9,petronas,0.8913686275482178,1278.8265380859375,164.50437927246094,1357.03857421875,196.29574584960938,78.2120361328125,31.791366577148438,2486.467529296875,1920,1080,2073600,0.0011991066858172417,0.4,640,5
YOLO11s,hl_monaco_test.mp4,3327,16635,332.7,9,petronas,0.676364004611969,1332.1396484375,182.9680938720703,1415.00927734375,228.43272399902344,82.86962890625,45.464630126953125,3767.636962890625,1920,1080,2073600,0.0018169545801356435,0.4,640,5
YOLO11s,hl_monaco_test.mp4,3330,16650,333.0,9,petronas,0.6589421629905701,963.0216064453125,618.055419921875,1074.09765625,645.515625,111.0760498046875,27.460205078125,3050.171142578125,1920,1080,2073600,0.0014709543902426958,0.4,640,5
YOLO11s,hl_monaco_test.mp4,3330,16650,333.0,3,capp,0.4136441946029663,1013.9207153320312,488.73681640625,1038.638427734375,508.18316650390625,24.71771240234375,19.44635009765625,480.6692810058594,1920,1080,2073600,0.000231804238865152,0.4,640,5
YOLO11s,hl_monaco_test.mp4,3331,16655,333.1,9,petronas,0.4634195864200592,863.9869995117188,632.502685546875,979.4415893554688,653.6920166015625,115.45458984375,21.1893310546875,2446.405517578125,1920,1080,2073600,0.0011797866318374872,0.4,640,5
YOLO11s,hl_monaco_test.mp4,3363,16815,336.3,8,oracle,0.41697052121162415,1293.06787109375,763.6173095703125,1344.624267578125,780.0716552734375,51.556396484375,16.454345703125,848.3267822265625,1920,1080,2073600,0.0004091082082595676,0.4,640,5
YOLO11s,hl_monaco_test.mp4,3365,16825,336.5,8,oracle,0.6094717383384705,1122.510009765625,758.1968994140625,1172.2584228515625,778.1709594726562,49.7484130859375,19.97406005859375,993.6777954101562,1920,1080,2073600,0.00047920417273417115,0.4,640,5
YOLO11s,hl_monaco_test.mp4,3377,16885,337.7,1,atlasian,0.4550541341304779,1701.027099609375,522.3909301757812,1826.3704833984375,539.868896484375,125.3433837890625,17.47796630859375,2190.74755859375,1920,1080,2073600,0.0010564947733655572,0.4,640,5
YOLO11s,hl_monaco_test.mp4,3377,16885,337.7,1,atlasian,0.43950697779655457,974.2077026367188,543.2352905273438,1138.079345703125,565.5853271484375,163.87164306640625,22.35003662109375,3662.537109375,1920,1080,2073600,0.0017662697937339544,0.4,640,5
YOLO11s,hl_monaco_test.mp4,3378,16890,337.8,1,atlasian,0.49028852581977844,1595.1258544921875,527.8301391601562,1753.4285888671875,548.3746337890625,158.302734375,20.54449462890625,3252.249755859375,1920,1080,2073600,0.0015684075187891722,0.4,640,5
YOLO11s,hl_monaco_test.mp4,3378,16890,337.8,9,petronas,0.41514357924461365,473.00555419921875,505.3778076171875,561.1563720703125,530.884765625,88.15081787109375,25.5069580078125,2248.459228515625,1920,1080,2073600,0.0010843264171853662,0.4,640,5
YOLO11s,hl_monaco_test.mp4,3378,16890,337.8,9,petronas,0.4087461829185486,889.6408081054688,679.7931518554688,931.9183959960938,696.340576171875,42.277587890625,16.54742431640625,699.585205078125,1920,1080,2073600,0.00033737713238224387,0.4,640,5
YOLO11s,hl_monaco_test.mp4,3379,16895,337.9,9,petronas,0.7059715390205383,884.1741943359375,681.4273071289062,931.453125,697.6011352539062,47.2789306640625,16.173828125,764.6812744140625,1920,1080,2073600,0.0003687698917929083,0.4,640,5
YOLO11s,hl_monaco_test.mp4,3379,16895,337.9,1,atlasian,0.6919053196907043,1562.6173095703125,527.9038696289062,1683.4866943359375,550.1153564453125,120.869384765625,22.21148681640625,2684.688720703125,1920,1080,2073600,0.0012946993811056018,0.4,640,5
YOLO11s,hl_monaco_test.mp4,3379,16895,337.9,9,petronas,0.5623696446418762,672.761474609375,506.28955078125,771.6343994140625,530.4402465820312,98.8729248046875,24.15069580078125,2387.849853515625,1920,1080,2073600,0.0011515480000525713,0.4,640,5
YOLO11s,hl_monaco_test.mp4,3380,16900,338.0,1,atlasian,0.786209225654602,1511.8995361328125,531.9541625976562,1622.476318359375,552.4378051757812,110.5767822265625,20.483642578125,2265.015380859375,1920,1080,2073600,0.0010923106456175447,0.4,640,5
YOLO11s,hl_monaco_test.mp4,3380,16900,338.0,9,petronas,0.5564706325531006,1114.9515380859375,695.4927978515625,1165.7294921875,710.1722412109375,50.7779541015625,14.679443359375,745.39208984375,1920,1080,2073600,0.0003594676381908357,0.4,640,5
YOLO11s,hl_monaco_test.mp4,3380,16900,338.0,9,petronas,0.5032612681388855,894.395263671875,688.73828125,939.1114501953125,705.3538818359375,44.7161865234375,16.6156005859375,742.9862670898438,1920,1080,2073600,0.000358307413989678,0.4,640,5
YOLO11s,hl_monaco_test.mp4,3380,16900,338.0,9,petronas,0.45200222730636597,954.3444213867188,541.3529663085938,1162.384521484375,564.09814453125,208.04010009765625,22.74517822265625,4731.9091796875,1920,1080,2073600,0.0022819777950644493,0.4,640,5
YOLO11s,hl_monaco_test.mp4,3381,16905,338.1,9,petronas,0.6224429607391357,971.0945434570312,542.9609985351562,1155.3994140625,569.526123046875,184.30487060546875,26.56512451171875,4896.08203125,1920,1080,2073600,0.0023611506912857294,0.4,640,5
YOLO11s,hl_monaco_test.mp4,3381,16905,338.1,9,petronas,0.4486435651779175,1121.1201171875,702.5374145507812,1176.710205078125,722.69970703125,55.590087890625,20.16229248046875,1120.8236083984375,1920,1080,2073600,0.0005405206466093659,0.4,640,5
YOLO11s,hl_monaco_test.mp4,3382,16910,338.2,9,petronas,0.5743173360824585,973.0108642578125,551.2247924804688,1158.982421875,571.1060180664062,185.9715576171875,19.8812255859375,3697.342529296875,1920,1080,2073600,0.0017830549040809274,0.4,640,5
YOLO11s,hl_monaco_test.mp4,3382,16910,338.2,9,petronas,0.46632838249206543,1138.44189453125,709.3837890625,1189.4385986328125,726.967041015625,50.9967041015625,17.583251953125,896.6879272460938,1920,1080,2073600,0.0004324305336922407,0.4,640,5
YOLO11s,hl_monaco_test.mp4,3382,16910,338.2,9,petronas,0.4364453852176666,1404.7418212890625,529.771240234375,1504.0965576171875,554.0189819335938,99.354736328125,24.24774169921875,2409.1279296875,1920,1080,2073600,0.0011618094285950065,0.4,640,5
YOLO11s,hl_monaco_test.mp4,3382,16910,338.2,9,petronas,0.41384750604629517,903.4627075195312,700.9222412109375,951.5101318359375,720.0948486328125,48.04742431640625,19.172607421875,921.1943969726562,1920,1080,2073600,0.0004442488425411284,0.4,640,5
YOLO11s,hl_monaco_test.mp4,3383,16915,338.3,9,petronas,0.7517727613449097,1145.71337890625,715.7327270507812,1199.79833984375,733.486572265625,54.0849609375,17.75384521484375,960.2160034179688,1920,1080,2073600,0.0004630671173799783,0.4,640,5
YOLO11s,hl_monaco_test.mp4,3383,16915,338.3,9,petronas,0.592409610748291,958.7455444335938,550.6795043945312,1161.54833984375,573.3553466796875,202.80279541015625,22.67584228515625,4598.72412109375,1920,1080,2073600,0.002217748900875449,0.4,640,5
YOLO11s,hl_monaco_test.mp4,3384,16920,338.4,9,petronas,0.6752064228057861,966.4378051757812,547.60546875,1154.2421875,572.5003051757812,187.80438232421875,24.89483642578125,4675.359375,1920,1080,2073600,0.002254706574603915,0.4,640,5
YOLO11s,hl_monaco_test.mp4,3384,16920,338.4,9,petronas,0.653060793876648,1145.05224609375,716.765869140625,1197.7921142578125,733.656005859375,52.7398681640625,16.89013671875,890.7835693359375,1920,1080,2073600,0.0004295831313356757,0.4,640,5
YOLO11s,hl_monaco_test.mp4,3385,16925,338.5,9,petronas,0.7979152798652649,882.1250610351562,716.3077392578125,934.2632446289062,728.9176025390625,52.13818359375,12.60986328125,657.4553833007812,1920,1080,2073600,0.00031705989385955036,0.4,640,5
YOLO11s,hl_monaco_test.mp4,3385,16925,338.5,9,petronas,0.6784615516662598,960.521240234375,546.537841796875,1165.6126708984375,573.6948852539062,205.0914306640625,27.15704345703125,5569.6767578125,1920,1080,2073600,0.0026859939098358154,0.4,640,5
YOLO11s,hl_monaco_test.mp4,3386,16930,338.6,9,petronas,0.6113525629043579,954.8450317382812,544.4896240234375,1161.5958251953125,571.6883544921875,206.75079345703125,27.19873046875,5623.35888671875,1920,1080,2073600,0.0027118821162730455,0.4,640,5
YOLO11s,hl_monaco_test.mp4,3386,16930,338.6,9,petronas,0.4803442060947418,871.9217529296875,718.4521484375,922.50048828125,732.3724365234375,50.5787353515625,13.9202880859375,704.070556640625,1920,1080,2073600,0.00033954018726944923,0.4,640,5
YOLO11s,hl_monaco_test.mp4,3387,16935,338.7,9,petronas,0.4889296591281891,1140.505126953125,719.5508422851562,1197.4744873046875,738.14111328125,56.9693603515625,18.59027099609375,1059.0758056640625,1920,1080,2073600,0.0005107425968162715,0.4,640,5
YOLO11s,hl_monaco_test.mp4,3387,16935,338.7,9,petronas,0.4755888879299164,957.9959106445312,534.841796875,1211.756591796875,565.6698608398438,253.76068115234375,30.82806396484375,7822.95068359375,1920,1080,2073600,0.003772641997784376,0.4,640,5
YOLO11s,hl_monaco_test.mp4,3387,16935,338.7,9,petronas,0.43777209520339966,871.818603515625,712.6318969726562,926.5469970703125,729.883056640625,54.7283935546875,17.25115966796875,944.1282348632812,1920,1080,2073600,0.0004553087637759745,0.4,640,5
YOLO11s,hl_monaco_test.mp4,3388,16940,338.8,9,petronas,0.7957417964935303,1147.399169921875,718.1689453125,1207.89208984375,737.1884765625,60.492919921875,19.01953125,1150.5469970703125,1920,1080,2073600,0.0005548548651859164,0.4,640,5
YOLO11s,hl_monaco_test.mp4,3388,16940,338.8,9,petronas,0.6657177209854126,873.7626953125,711.416015625,931.4705810546875,727.052001953125,57.7078857421875,15.635986328125,902.3197021484375,1920,1080,2073600,0.00043514647404663265,0.4,640,5
YOLO11s,hl_monaco_test.mp4,3388,16940,338.8,6,moneygram,0.5745236873626709,1200.0552978515625,421.1844177246094,1242.3621826171875,455.9550476074219,42.306884765625,34.7706298828125,1471.0369873046875,1920,1080,2073600,0.0007094121538102627,0.4,640,5
YOLO11s,hl_monaco_test.mp4,3388,16940,338.8,9,petronas,0.4940839111804962,964.5732421875,531.2138061523438,1209.3896484375,559.72509765625,244.81640625,28.51129150390625,6980.03173828125,1920,1080,2073600,0.003366141812875867,0.4,640,5
YOLO11s,hl_monaco_test.mp4,3389,16945,338.9,9,petronas,0.7038783431053162,875.8745727539062,708.5992431640625,933.2334594726562,724.3438720703125,57.35888671875,15.74462890625,903.0943603515625,1920,1080,2073600,0.0004355200508143753,0.4,640,5
YOLO11s,hl_monaco_test.mp4,3389,16945,338.9,9,petronas,0.40926826000213623,1153.964111328125,718.35791015625,1217.9317626953125,741.404541015625,63.9676513671875,23.046630859375,1474.2388916015625,1920,1080,2073600,0.0007109562284313142,0.4,640,5
YOLO11s,hl_monaco_test.mp4,3390,16950,339.0,9,petronas,0.8772968649864197,870.2935180664062,719.232421875,930.1788940429688,732.8870849609375,59.8853759765625,13.6546630859375,817.7146606445312,1920,1080,2073600,0.0003943454066757113,0.4,640,5
YOLO11s,hl_monaco_test.mp4,3390,16950,339.0,8,oracle,0.5611368417739868,1752.416259765625,476.7278137207031,1881.02880859375,497.6086120605469,128.612548828125,20.88079833984375,2685.53271484375,1920,1080,2073600,0.0012951064854860306,0.4,640,5
YOLO11s,hl_monaco_test.mp4,3390,16950,339.0,9,petronas,0.5226500034332275,1158.720458984375,726.07470703125,1223.194580078125,746.08447265625,64.47412109375,20.009765625,1290.112060546875,1920,1080,2073600,0.0006221604999154806,0.4,640,5
YOLO11s,hl_monaco_test.mp4,3391,16955,339.1,9,petronas,0.758661150932312,875.7652587890625,719.6451416015625,930.3680419921875,732.53515625,54.602783203125,12.8900146484375,703.8306884765625,1920,1080,2073600,0.0003394245286472142,0.4,640,5
YOLO11s,hl_monaco_test.mp4,3391,16955,339.1,9,petronas,0.6043108701705933,1163.9052734375,728.83251953125,1224.57470703125,745.6414794921875,60.66943359375,16.8089599609375,1019.7901000976562,1920,1080,2073600,0.0004917969345115125,0.4,640,5
YOLO11s,hl_monaco_test.mp4,3392,16960,339.2,9,petronas,0.8341997861862183,864.7194213867188,714.5792236328125,928.2116088867188,728.7635498046875,63.4921875,14.184326171875,900.5938720703125,1920,1080,2073600,0.000434314162703231,0.4,640,5
YOLO11s,hl_monaco_test.mp4,3392,16960,339.2,9,petronas,0.40072599053382874,963.7684326171875,520.115234375,1210.0699462890625,547.1199951171875,246.301513671875,27.0047607421875,6651.3134765625,1920,1080,2073600,0.0032076165080070496,0.4,640,5
YOLO11s,hl_monaco_test.mp4,3393,16965,339.3,9,petronas,0.6198228597640991,859.3621215820312,715.5240478515625,915.5674438476562,728.2149047851562,56.205322265625,12.69085693359375,713.293701171875,1920,1080,2073600,0.0003439880965743214,0.4,640,5
YOLO11s,hl_monaco_test.mp4,3393,16965,339.3,9,petronas,0.4595426917076111,941.32470703125,518.9063720703125,1216.3194580078125,551.2864990234375,274.9947509765625,32.380126953125,8904.365234375,1920,1080,2073600,0.0042941574938595295,0.4,640,5
YOLO11s,hl_monaco_test.mp4,3394,16970,339.4,9,petronas,0.8663886785507202,845.2501220703125,716.7002563476562,904.97998046875,730.4747314453125,59.7298583984375,13.77447509765625,822.7474365234375,1920,1080,2073600,0.0003967724915128201,0.4,640,5
YOLO11s,hl_monaco_test.mp4,3394,16970,339.4,9,petronas,0.6689034700393677,937.99658203125,514.5023193359375,1210.61572265625,549.0731811523438,272.619140625,34.57086181640625,9424.6787109375,1920,1080,2073600,0.004545080475509167,0.4,640,5
YOLO11s,hl_monaco_test.mp4,3395,16975,339.5,9,petronas,0.7602229118347168,1143.4105224609375,715.6056518554688,1206.9964599609375,735.3440551757812,63.5859375,19.7384033203125,1255.0848388671875,1920,1080,2073600,0.0006052685203030705,0.4,640,5
YOLO11s,hl_monaco_test.mp4,3395,16975,339.5,9,petronas,0.6182727813720703,839.3477783203125,707.20361328125,902.835205078125,722.10693359375,63.4874267578125,14.9033203125,946.1734619140625,1920,1080,2073600,0.00045629506348632276,0.4,640,5
YOLO11s,hl_monaco_test.mp4,3395,16975,339.5,9,petronas,0.5707390904426575,932.6244506835938,512.9207763671875,1207.986083984375,544.1624755859375,275.36163330078125,31.24169921875,8602.765625,1920,1080,2073600,0.004148710053414106,0.4,640,5
YOLO11s,hl_monaco_test.mp4,3396,16980,339.6,9,petronas,0.517892599105835,1141.1448974609375,711.9891357421875,1206.3514404296875,732.0858764648438,65.20654296875,20.09674072265625,1310.43896484375,1920,1080,2073600,0.0006319632520899177,0.4,640,5
YOLO11s,hl_monaco_test.mp4,3396,16980,339.6,9,petronas,0.46705710887908936,834.61279296875,703.1896362304688,898.827880859375,720.3447875976562,64.215087890625,17.1551513671875,1101.6195068359375,1920,1080,2073600,0.0005312594003044069,0.4,640,5
YOLO11s,hl_monaco_test.mp4,3397,16985,339.7,9,petronas,0.6309916377067566,834.286376953125,700.4482421875,894.5234985351562,720.073486328125,60.23712158203125,19.625244140625,1182.168212890625,1920,1080,2073600,0.0005701042828150094,0.4,640,5
YOLO11s,hl_monaco_test.mp4,3397,16985,339.7,9,petronas,0.4052905738353729,980.7933349609375,442.3878479003906,1193.1116943359375,468.8183898925781,212.318359375,26.4305419921875,5611.689453125,1920,1080,2073600,0.0027062545996159315,0.4,640,5
YOLO11s,hl_monaco_test.mp4,3398,16990,339.8,9,petronas,0.780146062374115,826.4205322265625,695.6068115234375,881.7572021484375,707.8013916015625,55.336669921875,12.194580078125,674.8074340820312,1920,1080,2073600,0.0003254279727116227,0.4,640,5
YOLO11s,hl_monaco_test.mp4,3398,16990,339.8,9,petronas,0.6174574494361877,1127.393798828125,705.0650024414062,1186.278564453125,721.9813842773438,58.884765625,16.9163818359375,996.1171875,1920,1080,2073600,0.0004803805786650628,0.4,640,5
YOLO11s,hl_monaco_test.mp4,3398,16990,339.8,9,petronas,0.4976349174976349,958.1467895507812,498.4809265136719,1211.870849609375,527.8950805664062,253.72406005859375,29.414154052734375,7463.07861328125,1920,1080,2073600,0.003599092597141862,0.4,640,5
YOLO11s,hl_monaco_test.mp4,3399,16995,339.9,9,petronas,0.6679345965385437,812.28173828125,695.34814453125,865.404296875,707.9852294921875,53.12255859375,12.6370849609375,671.3142700195312,1920,1080,2073600,0.00032374338479712605,0.4,640,5
YOLO11s,hl_monaco_test.mp4,3399,16995,339.9,9,petronas,0.6410430073738098,943.3138427734375,494.9145812988281,1197.6959228515625,521.4578247070312,254.382080078125,26.543243408203125,6752.12548828125,1920,1080,2073600,0.0032562334090471268,0.4,640,5
YOLO11s,hl_monaco_test.mp4,3399,16995,339.9,9,petronas,0.49689221382141113,1107.8050537109375,702.6736450195312,1170.5458984375,722.6372680664062,62.7408447265625,19.963623046875,1252.5345458984375,1920,1080,2073600,0.0006040386506356299,0.4,640,5
YOLO11s,hl_monaco_test.mp4,3400,17000,340.0,9,petronas,0.5981068015098572,917.4907836914062,509.78533935546875,1171.6943359375,539.6968994140625,254.20355224609375,29.91156005859375,7603.625,1920,1080,2073600,0.0036668716929852962,0.4,640,5
YOLO11s,hl_monaco_test.mp4,3400,17000,340.0,9,petronas,0.5151268839836121,790.0792236328125,705.2298583984375,845.3968505859375,720.4813232421875,55.317626953125,15.25146484375,843.6748657226562,1920,1080,2073600,0.0004068647976964712,0.4,640,5
YOLO11s,hl_monaco_test.mp4,3401,17005,340.1,9,petronas,0.8468299508094788,776.673828125,719.537841796875,833.9891357421875,732.25,57.3153076171875,12.712158203125,728.6012573242188,1920,1080,2073600,0.0003513701958581805,0.4,640,5
YOLO11s,hl_monaco_test.mp4,3401,17005,340.1,9,petronas,0.6933308243751526,1074.9140625,729.5518798828125,1139.1397705078125,748.710205078125,64.2257080078125,19.1583251953125,1230.45703125,1920,1080,2073600,0.0005933917127549648,0.4,640,5
YOLO11s,hl_monaco_test.mp4,3401,17005,340.1,9,petronas,0.6174029111862183,906.4891357421875,515.7283935546875,1118.0157470703125,543.9476928710938,211.526611328125,28.21929931640625,5969.1328125,1920,1080,2073600,0.002878632629290223,0.4,640,5
YOLO11s,hl_monaco_test.mp4,3402,17010,340.2,9,petronas,0.7048752307891846,1065.9298095703125,741.36474609375,1130.744384765625,758.80517578125,64.8145751953125,17.4404296875,1130.39404296875,1920,1080,2073600,0.0005451359902508557,0.4,640,5
YOLO11s,hl_monaco_test.mp4,3402,17010,340.2,9,petronas,0.6433927416801453,889.6060180664062,526.4716796875,1135.205322265625,561.264892578125,245.59930419921875,34.793212890625,8545.1884765625,1920,1080,2073600,0.0041209436021745205,0.4,640,5
YOLO11s,hl_monaco_test.mp4,3402,17010,340.2,9,petronas,0.5182587504386902,764.7789306640625,730.928955078125,826.07568359375,746.4739990234375,61.2967529296875,15.5450439453125,952.8607177734375,1920,1080,2073600,0.00045952002983540297,0.4,640,5
YOLO11s,hl_monaco_test.mp4,3403,17015,340.3,1,atlasian,0.53862065076828,1177.612548828125,468.51947021484375,1360.21044921875,487.28228759765625,182.597900390625,18.7628173828125,3426.051025390625,1920,1080,2073600,0.0016522236401215196,0.4,640,5
YOLO11s,hl_monaco_test.mp4,3403,17015,340.3,9,petronas,0.43366575241088867,878.170654296875,539.3819580078125,1136.7012939453125,571.0084228515625,258.5306396484375,31.62646484375,8176.41015625,1920,1080,2073600,0.003943099174648523,0.4,640,5
YOLO11s,hl_monaco_test.mp4,3404,17020,340.4,9,petronas,0.7266533374786377,1054.810546875,754.1378173828125,1119.501708984375,775.2498779296875,64.691162109375,21.112060546875,1365.763671875,1920,1080,2073600,0.000658643722999841,0.4,640,5
YOLO11s,hl_monaco_test.mp4,3404,17020,340.4,9,petronas,0.6276642084121704,758.86572265625,743.5859985351562,806.0960083007812,754.2833862304688,47.23028564453125,10.6973876953125,505.24066162109375,1920,1080,2073600,0.00024365386343561113,0.4,640,5
YOLO11s,hl_monaco_test.mp4,3404,17020,340.4,9,petronas,0.5191677808761597,886.974609375,545.6840209960938,1132.763916015625,573.4387817382812,245.789306640625,27.7547607421875,6821.8232421875,1920,1080,2073600,0.0032898453064262867,0.4,640,5
YOLO11s,hl_monaco_test.mp4,3404,17020,340.4,1,atlasian,0.44596779346466064,1197.9327392578125,470.4661865234375,1388.769287109375,492.866943359375,190.8365478515625,22.4007568359375,4274.88330078125,1920,1080,2073600,0.0020615756511688232,0.4,640,5
YOLO11s,hl_monaco_test.mp4,3405,17025,340.5,9,petronas,0.6103024482727051,859.1336059570312,542.62060546875,1121.189453125,573.6344604492188,262.05584716796875,31.01385498046875,8127.36181640625,1920,1080,2073600,0.003919445443898439,0.4,640,5
YOLO11s,hl_monaco_test.mp4,3405,17025,340.5,9,petronas,0.5957549214363098,731.8119506835938,743.92236328125,792.358154296875,762.8067626953125,60.54620361328125,18.8843994140625,1143.378662109375,1920,1080,2073600,0.0005513979122042656,0.4,640,5
YOLO11s,hl_monaco_test.mp4,3405,17025,340.5,9,petronas,0.40906286239624023,1040.1923828125,757.3339233398438,1102.774169921875,775.5430297851562,62.581787109375,18.2091064453125,1139.5584716796875,1920,1080,2073600,0.0005495555815286934,0.4,640,5
YOLO11s,hl_monaco_test.mp4,3405,17025,340.5,1,atlasian,0.40576693415641785,1228.66357421875,467.9354553222656,1408.794189453125,487.6236877441406,180.130615234375,19.688232421875,3546.453369140625,1920,1080,2073600,0.0017102881101891398,0.4,640,5
YOLO11s,hl_monaco_test.mp4,3406,17030,340.6,9,petronas,0.7619054317474365,851.0494995117188,534.7744140625,1110.968017578125,567.27783203125,259.91851806640625,32.50341796875,8448.240234375,1920,1080,2073600,0.0040741898119449615,0.4,640,5
YOLO11s,hl_monaco_test.mp4,3406,17030,340.6,9,petronas,0.7564849853515625,1028.0350341796875,753.5436401367188,1091.4613037109375,770.930419921875,63.42626953125,17.38677978515625,1102.778564453125,1920,1080,2073600,0.0005318183684721589,0.4,640,5
YOLO11s,hl_monaco_test.mp4,3406,17030,340.6,9,petronas,0.6897592544555664,716.2855224609375,743.0289306640625,776.98779296875,755.7926025390625,60.7022705078125,12.763671875,774.7838745117188,1920,1080,2073600,0.000373641902115196,0.4,640,5
YOLO11s,hl_monaco_test.mp4,3407,17035,340.7,9,petronas,0.6832754015922546,850.3906860351562,520.8448486328125,1104.9423828125,553.2244873046875,254.55169677734375,32.379638671875,8242.2919921875,1920,1080,2073600,0.003974870778620243,0.4,640,5
YOLO11s,hl_monaco_test.mp4,3407,17035,340.7,1,atlasian,0.5945907831192017,1256.076171875,443.364501953125,1431.75341796875,461.6507568359375,175.67724609375,18.2862548828125,3212.47900390625,1920,1080,2073600,0.001549227861687541,0.4,640,5
YOLO11s,hl_monaco_test.mp4,3407,17035,340.7,9,petronas,0.5695431232452393,1010.8489379882812,746.1996459960938,1081.868896484375,768.9318237304688,71.01995849609375,22.732177734375,1614.4383544921875,1920,1080,2073600,0.0007785678608343005,0.4,640,5
YOLO11s,hl_monaco_test.mp4,3408,17040,340.8,9,petronas,0.7793743014335632,676.5452880859375,719.6306762695312,740.474365234375,734.9998168945312,63.9290771484375,15.369140625,982.5349731445312,1920,1080,2073600,0.0004738305287901312,0.4,640,5
YOLO11s,hl_monaco_test.mp4,3408,17040,340.8,9,petronas,0.7176955938339233,827.7145385742188,504.7607116699219,1094.44873046875,539.4619140625,266.73419189453125,34.701202392578125,9255.9970703125,1920,1080,2073600,0.004463733173906803,0.4,640,5
YOLO11s,hl_monaco_test.mp4,3408,17040,340.8,9,petronas,0.5905760526657104,998.2603759765625,735.980712890625,1067.2896728515625,755.8260498046875,69.029296875,19.8453369140625,1369.90966796875,1920,1080,2073600,0.0006606431561522186,0.4,640,5
YOLO11s,hl_monaco_test.mp4,3408,17040,340.8,1,atlasian,0.4946293532848358,1262.4239501953125,424.4894714355469,1435.7197265625,444.7103576660156,173.2957763671875,20.22088623046875,3504.194091796875,1920,1080,2073600,0.0016899084439501166,0.4,640,5
YOLO11s,hl_monaco_test.mp4,3409,17045,340.9,1,atlasian,0.6645528674125671,1273.8699951171875,415.6322021484375,1445.171142578125,435.22979736328125,171.3011474609375,19.59759521484375,3357.090576171875,1920,1080,2073600,0.001618967275135219,0.4,640,5
YOLO11s,hl_monaco_test.mp4,3409,17045,340.9,9,petronas,0.6161537170410156,983.0369873046875,739.0530395507812,1053.58203125,760.445068359375,70.5450439453125,21.39202880859375,1509.1015625,1920,1080,2073600,0.0007277688710018992,0.4,640,5
YOLO11s,hl_monaco_test.mp4,3409,17045,340.9,9,petronas,0.5534996390342712,814.0218505859375,491.98095703125,1085.8922119140625,526.0433349609375,271.870361328125,34.0623779296875,9260.55078125,1920,1080,2073600,0.004465929232537746,0.4,640,5
YOLO11s,hl_monaco_test.mp4,3409,17045,340.9,9,petronas,0.41836920380592346,650.060791015625,725.2618408203125,716.70947265625,744.8267822265625,66.648681640625,19.56494140625,1303.9775390625,1920,1080,2073600,0.000628847221378237,0.4,640,5
YOLO11s,hl_monaco_test.mp4,3410,17050,341.0,9,petronas,0.7305347919464111,811.8270263671875,491.193603515625,1082.15576171875,526.832763671875,270.3287353515625,35.63916015625,9634.2890625,1920,1080,2073600,0.0046461657620966434,0.4,640,5
YOLO11s,hl_monaco_test.mp4,3410,17050,341.0,9,petronas,0.6546998620033264,633.8556518554688,731.4109497070312,697.7750244140625,746.259521484375,63.91937255859375,14.84857177734375,949.1113891601562,1920,1080,2073600,0.00045771189616061747,0.4,640,5
YOLO11s,hl_monaco_test.mp4,3410,17050,341.0,1,atlasian,0.6226423978805542,1284.223876953125,402.00933837890625,1464.39306640625,422.309326171875,180.169189453125,20.29998779296875,3657.432373046875,1920,1080,2073600,0.001763808075338602,0.4,640,5
YOLO11s,hl_monaco_test.mp4,3410,17050,341.0,9,petronas,0.5371848344802856,968.8165283203125,743.7198486328125,1045.8387451171875,765.5418090820312,77.022216796875,21.82196044921875,1680.7757568359375,1920,1080,2073600,0.0008105593151412904,0.4,640,5
YOLO11s,hl_monaco_test.mp4,3411,17055,341.1,9,petronas,0.7069364190101624,620.59326171875,738.1250610351562,688.2727661132812,754.0528564453125,67.67950439453125,15.92779541015625,1077.9853515625,1920,1080,2073600,0.0005198617582209408,0.4,640,5
YOLO11s,hl_monaco_test.mp4,3411,17055,341.1,9,petronas,0.6471207737922668,814.8116455078125,488.6982421875,1089.27587890625,520.8118286132812,274.4642333984375,32.11358642578125,8814.03125,1920,1080,2073600,0.004250593949109316,0.4,640,5
YOLO11s,hl_monaco_test.mp4,3411,17055,341.1,9,petronas,0.5880424380302429,966.8754272460938,753.06494140625,1041.03271484375,774.8092041015625,74.15728759765625,21.7442626953125,1612.4954833984375,1920,1080,2073600,0.0007776309503242373,0.4,640,5
YOLO11s,hl_monaco_test.mp4,3411,17055,341.1,1,atlasian,0.508726179599762,1314.4595947265625,397.9920654296875,1485.635009765625,417.28466796875,171.1754150390625,19.2926025390625,3302.419189453125,1920,1080,2073600,0.0015926018822938204,0.4,640,5
YOLO11s,hl_monaco_test.mp4,3412,17060,341.2,9,petronas,0.7292103171348572,961.665771484375,771.8023681640625,1042.2296142578125,794.7506103515625,80.5638427734375,22.9482421875,1848.798583984375,1920,1080,2073600,0.0008915888029150665,0.4,640,5
YOLO11s,hl_monaco_test.mp4,3412,17060,341.2,9,petronas,0.6848081350326538,797.3763427734375,493.71295166015625,1079.896728515625,531.018310546875,282.5203857421875,37.30535888671875,10539.5244140625,1920,1080,2073600,0.005082718096673489,0.4,640,5
YOLO11s,hl_monaco_test.mp4,3412,17060,341.2,1,atlasian,0.6411211490631104,1316.960693359375,397.4268493652344,1503.6044921875,417.2053527832031,186.643798828125,19.77850341796875,3691.534912109375,1920,1080,2073600,0.0017802540678530931,0.4,640,5
YOLO11s,hl_monaco_test.mp4,3412,17060,341.2,9,petronas,0.4579921364784241,602.3215942382812,755.6295166015625,673.1934814453125,773.7720947265625,70.87188720703125,18.142578125,1285.7987060546875,1920,1080,2073600,0.0006200803909450769,0.4,640,5
YOLO11s,hl_monaco_test.mp4,3413,17065,341.3,9,petronas,0.8327456712722778,778.1694946289062,504.1597595214844,1071.1083984375,541.7755126953125,292.93890380859375,37.615753173828125,11019.1171875,1920,1080,2073600,0.005314003210514784,0.4,640,5
YOLO11s,hl_monaco_test.mp4,3413,17065,341.3,9,petronas,0.7396130561828613,973.7266845703125,791.430908203125,1056.4566650390625,812.6011962890625,82.72998046875,21.1702880859375,1751.41748046875,1920,1080,2073600,0.0008446265128441155,0.4,640,5
YOLO11s,hl_monaco_test.mp4,3413,17065,341.3,9,petronas,0.6093829870223999,600.8970947265625,778.090576171875,675.0718994140625,797.2218017578125,74.1748046875,19.1312255859375,1419.054931640625,1920,1080,2073600,0.000684343627654016,0.4,640,5
YOLO11s,hl_monaco_test.mp4,3413,17065,341.3,1,atlasian,0.4269099533557892,1334.523681640625,397.53057861328125,1507.5595703125,417.235107421875,173.035888671875,19.70452880859375,3409.590576171875,1920,1080,2073600,0.0016442856285721064,0.4,640,5
YOLO11s,hl_monaco_test.mp4,3413,17065,341.3,9,petronas,0.40131035447120667,1052.401123046875,608.4105834960938,1101.9736328125,624.0208740234375,49.572509765625,15.61029052734375,773.84130859375,1920,1080,2073600,0.0003731873584911227,0.4,640,5
YOLO11s,hl_monaco_test.mp4,3414,17070,341.4,9,petronas,0.8116282224655151,1021.4624633789062,824.2069702148438,1105.718505859375,851.3236083984375,84.25604248046875,27.11663818359375,2284.74072265625,1920,1080,2073600,0.001101823290809989,0.4,640,5
YOLO11s,hl_monaco_test.mp4,3414,17070,341.4,9,petronas,0.8109834790229797,633.8040161132812,814.9509887695312,710.1888427734375,833.8024291992188,76.38482666015625,18.8514404296875,1439.9639892578125,1920,1080,2073600,0.0006944270571693778,0.4,640,5
YOLO11s,hl_monaco_test.mp4,3414,17070,341.4,9,petronas,0.6263384819030762,765.40625,521.4706420898438,1065.605224609375,556.4791259765625,300.198974609375,35.00848388671875,10509.5107421875,1920,1080,2073600,0.005068243946880102,0.4,640,5
YOLO11s,hl_monaco_test.mp4,3415,17075,341.5,9,petronas,0.7911631464958191,726.6734619140625,859.603271484375,812.1934204101562,881.7052001953125,85.51995849609375,22.1019287109375,1890.156005859375,1920,1080,2073600,0.0009115335415117443,0.4,640,5
YOLO11s,hl_monaco_test.mp4,3415,17075,341.5,9,petronas,0.7183370590209961,1139.1441650390625,869.9423217773438,1224.260498046875,894.6234741210938,85.1163330078125,24.68115234375,2100.769287109375,1920,1080,2073600,0.001013102475553751,0.4,640,5
YOLO11s,hl_monaco_test.mp4,3415,17075,341.5,9,petronas,0.6268797516822815,1154.7607421875,661.2191162109375,1207.1234130859375,674.3115234375,52.3626708984375,13.0924072265625,685.5534057617188,1920,1080,2073600,0.00033061025897040963,0.4,640,5
YOLO11s,hl_monaco_test.mp4,3415,17075,341.5,9,petronas,0.5903422236442566,763.7877807617188,544.7847290039062,1081.777587890625,578.7661743164062,317.98980712890625,33.9814453125,10805.7529296875,1920,1080,2073600,0.005211107898503542,0.4,640,5
YOLO11s,hl_monaco_test.mp4,3415,17075,341.5,9,petronas,0.4416797161102295,1275.8587646484375,415.40313720703125,1451.997802734375,432.87030029296875,176.1390380859375,17.4671630859375,3076.6494140625,1920,1080,2073600,0.0014837236376479268,0.4,640,5
YOLO11s,hl_monaco_test.mp4,3416,17080,341.6,9,petronas,0.7371138334274292,1346.556884765625,924.3829345703125,1437.0933837890625,949.67822265625,90.5364990234375,25.2952880859375,2290.146728515625,1920,1080,2073600,0.0011044302955269814,0.4,640,5
YOLO11s,hl_monaco_test.mp4,3416,17080,341.6,9,petronas,0.5303823351860046,819.359619140625,572.8134155273438,1147.154296875,609.4022827148438,327.794677734375,36.5888671875,11993.6357421875,1920,1080,2073600,0.005783967673778534,0.4,640,5
YOLO11s,hl_monaco_test.mp4,3417,17085,341.7,9,petronas,0.8677605986595154,969.649658203125,604.931640625,1223.3829345703125,645.412841796875,253.7332763671875,40.481201171875,10271.427734375,1920,1080,2073600,0.004953427705913782,0.4,640,5
YOLO11s,hl_monaco_test.mp4,3417,17085,341.7,9,petronas,0.5703650116920471,1215.9520263671875,998.7409057617188,1317.2821044921875,1020.4156494140625,101.330078125,21.67474365234375,2196.303466796875,1920,1080,2073600,0.001059174071997404,0.4,640,5
YOLO11s,hl_monaco_test.mp4,3417,17085,341.7,9,petronas,0.43402785062789917,1680.2353515625,1006.005615234375,1783.666748046875,1035.082763671875,103.431396484375,29.0771484375,3007.489990234375,1920,1080,2073600,0.001450371346436441,0.4,640,5
YOLO11s,hl_monaco_test.mp4,3418,17090,341.8,9,petronas,0.7905333042144775,1193.722900390625,647.2342529296875,1538.4627685546875,693.0349731445312,344.7398681640625,45.80072021484375,15789.333984375,1920,1080,2073600,0.007614455185830593,0.4,640,5
YOLO11s,hl_monaco_test.mp4,3419,17095,341.9,9,petronas,0.6235264539718628,1556.3258056640625,702.771240234375,1920.0,756.7210693359375,363.6741943359375,53.9498291015625,19620.16015625,1920,1080,2073600,0.009461882524192333,0.4,640,5
YOLO11s,hl_monaco_test.mp4,3420,17100,342.0,1,atlasian,0.4346773624420166,1001.4131469726562,455.6102600097656,1171.16650390625,475.8598937988281,169.75335693359375,20.2496337890625,3437.443359375,1920,1080,2073600,0.001657717628404498,0.4,640,5
YOLO11s,hl_monaco_test.mp4,3421,17105,342.1,1,atlasian,0.43121132254600525,975.481201171875,465.0245361328125,1142.176025390625,483.4367980957031,166.69482421875,18.412261962890625,3069.228759765625,1920,1080,2073600,0.0014801450306549668,0.4,640,5
YOLO11s,hl_monaco_test.mp4,3424,17120,342.4,1,atlasian,0.5044699907302856,784.0341796875,462.4021911621094,953.303466796875,482.7518005371094,169.269287109375,20.349609375,3444.56396484375,1920,1080,2073600,0.001661151647567749,0.4,640,5
YOLO11s,hl_monaco_test.mp4,3425,17125,342.5,1,atlasian,0.8445693850517273,662.2666625976562,441.6755676269531,859.6536254882812,468.3778381347656,197.386962890625,26.7022705078125,5270.68017578125,1920,1080,2073600,0.002541801892220974,0.4,640,5
YOLO11s,hl_monaco_test.mp4,3426,17130,342.6,1,atlasian,0.6749591827392578,689.62451171875,513.823486328125,806.9720458984375,551.616455078125,117.3475341796875,37.79296875,4434.91162109375,1920,1080,2073600,0.0021387499291449785,0.4,640,5
YOLO11s,hl_monaco_test.mp4,3426,17130,342.6,1,atlasian,0.6218181848526001,523.8150634765625,419.93701171875,741.6883544921875,451.01531982421875,217.873291015625,31.07830810546875,6771.13330078125,1920,1080,2073600,0.0032653999514877796,0.4,640,5
YOLO11s,hl_monaco_test.mp4,3427,17135,342.7,1,atlasian,0.719167947769165,561.183349609375,514.7987060546875,754.5323486328125,571.0194091796875,193.3489990234375,56.220703125,10870.216796875,1920,1080,2073600,0.005242195446044207,0.4,640,5
YOLO11s,hl_monaco_test.mp4,3428,17140,342.8,1,atlasian,0.9287167191505432,373.6788024902344,579.7884521484375,666.173095703125,630.3446044921875,292.4942932128906,50.55615234375,14787.3857421875,1920,1080,2073600,0.007131262216717005,0.4,640,5
YOLO11s,hl_monaco_test.mp4,3429,17145,342.9,1,atlasian,0.8871689438819885,351.90228271484375,651.4103393554688,706.4136962890625,698.9357299804688,354.51141357421875,47.525390625,16848.29296875,1920,1080,2073600,0.008125141263008118,0.4,640,5
YOLO11s,hl_monaco_test.mp4,3447,17235,344.7,8,oracle,0.522531270980835,1404.0098876953125,551.3033447265625,1545.8935546875,569.9180908203125,141.8836669921875,18.61474609375,2641.12841796875,1920,1080,2073600,0.0012736923526972532,0.4,640,5
YOLO11s,hl_monaco_test.mp4,3450,17250,345.0,8,oracle,0.7005023956298828,1324.9952392578125,516.9776611328125,1437.2027587890625,530.9354248046875,112.20751953125,13.957763671875,1566.166015625,1920,1080,2073600,0.0007552884053438902,0.4,640,5
YOLO11s,hl_monaco_test.mp4,3453,17265,345.3,9,petronas,0.6203999519348145,920.568603515625,695.0853881835938,1017.2601928710938,719.0191040039062,96.69158935546875,23.9337158203125,2314.18896484375,1920,1080,2073600,0.0011160247959196568,0.4,640,5
YOLO11s,hl_monaco_test.mp4,3454,17270,345.4,9,petronas,0.5393348932266235,850.2742309570312,737.25830078125,946.9074096679688,766.415283203125,96.6331787109375,29.156982421875,2817.531982421875,1920,1080,2073600,0.0013587635476142168,0.4,640,5
YOLO11s,hl_monaco_test.mp4,3454,17270,345.4,9,petronas,0.44464272260665894,347.90362548828125,738.0697631835938,461.2810363769531,760.562255859375,113.37741088867188,22.49249267578125,2550.140625,1920,1080,2073600,0.0012298132060095668,0.4,640,5
YOLO11s,hl_monaco_test.mp4,3455,17275,345.5,9,petronas,0.6972774863243103,873.982421875,775.8015747070312,979.384765625,805.7964477539062,105.40234375,29.994873046875,3161.530029296875,1920,1080,2073600,0.0015246575931087136,0.4,640,5
YOLO11s,hl_monaco_test.mp4,3456,17280,345.6,9,petronas,0.6503939628601074,963.2781372070312,797.332763671875,1075.494873046875,829.32568359375,112.21673583984375,31.992919921875,3590.14111328125,1920,1080,2073600,0.001731356605887413,0.4,640,5
YOLO11s,hl_monaco_test.mp4,3457,17285,345.7,9,petronas,0.7647578120231628,436.6661682128906,560.6282958984375,512.6218872070312,576.1386108398438,75.95571899414062,15.51031494140625,1178.09716796875,1920,1080,2073600,0.000568140996620059,0.4,640,5
YOLO11s,hl_monaco_test.mp4,3457,17285,345.7,9,petronas,0.6826305389404297,1050.1885986328125,854.5726318359375,1167.158935546875,891.79833984375,116.9703369140625,37.2257080078125,4354.3037109375,1920,1080,2073600,0.002099876292049885,0.4,640,5
YOLO11s,hl_monaco_test.mp4,3458,17290,345.8,9,petronas,0.7961968183517456,1063.4912109375,958.3990478515625,1197.8184814453125,1001.02685546875,134.3272705078125,42.6278076171875,5726.0771484375,1920,1080,2073600,0.002761418465524912,0.4,640,5
YOLO11s,hl_monaco_test.mp4,3458,17290,345.8,9,petronas,0.6488522887229919,433.8983459472656,613.1455078125,514.618896484375,629.7592163085938,80.72055053710938,16.61370849609375,1341.0677490234375,1920,1080,2073600,0.0006467340863309801,0.4,640,5
YOLO11s,hl_monaco_test.mp4,3458,17290,345.8,9,petronas,0.49103695154190063,621.8522338867188,483.8229675292969,1130.427978515625,532.4083251953125,508.57574462890625,48.585357666015625,24709.333984375,1920,1080,2073600,0.011916152201592922,0.4,640,5
YOLO11s,hl_monaco_test.mp4,3461,17305,346.1,1,atlasian,0.780563473701477,973.8447265625,365.76715087890625,1217.6712646484375,387.7947998046875,243.8265380859375,22.02764892578125,5370.92529296875,1920,1080,2073600,0.002590145217254758,0.4,640,5
YOLO11s,hl_monaco_test.mp4,3462,17310,346.2,1,atlasian,0.7711394429206848,920.2879028320312,379.7093505859375,1154.85302734375,402.27972412109375,234.56512451171875,22.57037353515625,5294.22265625,1920,1080,2073600,0.002553155180066824,0.4,640,5
YOLO11s,hl_monaco_test.mp4,3463,17315,346.3,1,atlasian,0.6889449954032898,900.0201416015625,384.81158447265625,1117.5069580078125,409.14190673828125,217.48681640625,24.330322265625,5291.5244140625,1920,1080,2073600,0.0025518538895994425,0.4,640,5
YOLO11s,hl_monaco_test.mp4,3464,17320,346.4,1,atlasian,0.5627146363258362,902.1769409179688,382.4501037597656,1109.025390625,401.5287780761719,206.84844970703125,19.07867431640625,3946.394287109375,1920,1080,2073600,0.0019031608244404197,0.4,640,5
YOLO11s,hl_monaco_test.mp4,3465,17325,346.5,1,atlasian,0.7460909485816956,934.8203125,377.0860290527344,1133.40478515625,397.3841857910156,198.58447265625,20.29815673828125,4030.898681640625,1920,1080,2073600,0.0019439132884144783,0.4,640,5
YOLO11s,hl_monaco_test.mp4,3466,17330,346.6,1,atlasian,0.7456219792366028,968.7332153320312,377.7208251953125,1154.81884765625,399.044921875,186.08563232421875,21.3240966796875,3968.10791015625,1920,1080,2073600,0.0019136322662234306,0.4,640,5
YOLO11s,hl_monaco_test.mp4,3467,17335,346.7,1,atlasian,0.8144824504852295,1016.8185424804688,380.9120178222656,1187.385009765625,398.8618469238281,170.56646728515625,17.9498291015625,3061.638916015625,1920,1080,2073600,0.0014764848165214062,0.4,640,5
YOLO11s,hl_monaco_test.mp4,3468,17340,346.8,1,atlasian,0.7639102339744568,1064.259521484375,400.20721435546875,1230.8184814453125,417.24920654296875,166.5589599609375,17.0419921875,2838.49658203125,1920,1080,2073600,0.0013688737526535988,0.4,640,5
YOLO11s,hl_monaco_test.mp4,3469,17345,346.9,1,atlasian,0.8191278576850891,1152.8984375,411.0167236328125,1269.466796875,432.0863037109375,116.568359375,21.069580078125,2456.04638671875,1920,1080,2073600,0.0011844359105452895,0.4,640,5
YOLO11s,hl_monaco_test.mp4,3471,17355,347.1,1,atlasian,0.6139693260192871,1252.611328125,366.0589599609375,1480.9193115234375,399.9211120605469,228.3079833984375,33.862152099609375,7730.99951171875,1920,1080,2073600,0.003728298470377922,0.4,640,5
YOLO11s,hl_monaco_test.mp4,3471,17355,347.1,1,atlasian,0.4414599537849426,825.9530639648438,763.4168701171875,1049.50146484375,799.7947998046875,223.54840087890625,36.3779296875,8132.22802734375,1920,1080,2073600,0.003921791911125183,0.4,640,5
YOLO11s,hl_monaco_test.mp4,3474,17370,347.4,1,atlasian,0.41047975420951843,1126.781982421875,564.9534912109375,1423.527099609375,656.72119140625,296.7451171875,91.7677001953125,27231.6171875,1920,1080,2073600,0.013132531195878983,0.4,640,5
YOLO11s,hl_monaco_test.mp4,3478,17390,347.8,1,atlasian,0.5252489447593689,840.1087646484375,514.1339111328125,951.6705322265625,529.427978515625,111.561767578125,15.2940673828125,1706.233154296875,1920,1080,2073600,0.0008228361839428544,0.4,640,5
YOLO11s,hl_monaco_test.mp4,3483,17415,348.3,9,petronas,0.823406457901001,1856.64697265625,601.3976440429688,1920.0,639.7150268554688,63.35302734375,38.3173828125,2427.522216796875,1920,1080,2073600,0.0011706800432875752,0.4,640,5
YOLO11s,hl_monaco_test.mp4,3483,17415,348.3,9,petronas,0.7409984469413757,1092.5107421875,571.6807861328125,1254.74658203125,610.1741943359375,162.23583984375,38.493408203125,6245.01025390625,1920,1080,2073600,0.003011675551533699,0.4,640,5
YOLO11s,hl_monaco_test.mp4,3483,17415,348.3,9,petronas,0.4006703794002533,1848.1644287109375,239.95848083496094,1919.4539794921875,259.41943359375,71.28955078125,19.460952758789062,1387.362548828125,1920,1080,2073600,0.0006690598675049841,0.4,640,5
YOLO11s,hl_monaco_test.mp4,3484,17420,348.4,9,petronas,0.8703935742378235,1827.888427734375,661.1015625,1920.0,701.73486328125,92.111572265625,40.63330078125,3742.797119140625,1920,1080,2073600,0.0018049754435196519,0.4,640,5
YOLO11s,hl_monaco_test.mp4,3484,17420,348.4,9,petronas,0.6012399196624756,985.808349609375,635.0446166992188,1164.743408203125,673.4781494140625,178.93505859375,38.43353271484375,6877.1064453125,1920,1080,2073600,0.0033165058121085167,0.4,640,5
YOLO11s,hl_monaco_test.mp4,3485,17425,348.5,9,petronas,0.8244765400886536,1821.0926513671875,736.9345092773438,1920.0,778.6986694335938,98.9073486328125,41.76416015625,4130.7822265625,1920,1080,2073600,0.001992082456126809,0.4,640,5
YOLO11s,hl_monaco_test.mp4,3485,17425,348.5,9,petronas,0.6544458270072937,906.0572509765625,706.7127685546875,1095.01416015625,753.2686157226562,188.9569091796875,46.55584716796875,8797.048828125,1920,1080,2073600,0.004242403898388147,0.4,640,5
YOLO11s,hl_monaco_test.mp4,3485,17425,348.5,9,petronas,0.4514797627925873,1184.72998046875,60.76849365234375,1805.663330078125,150.87327575683594,620.933349609375,90.10478210449219,55949.0625,1920,1080,2073600,0.02698160894215107,0.4,640,5
YOLO11s,hl_monaco_test.mp4,3486,17430,348.6,9,petronas,0.8328261971473694,1717.776123046875,811.2090454101562,1914.736083984375,874.0504760742188,196.9599609375,62.8414306640625,12377.24609375,1920,1080,2073600,0.005968965124338865,0.4,640,5
YOLO11s,hl_monaco_test.mp4,3486,17430,348.6,9,petronas,0.62842857837677,722.0410766601562,785.99951171875,919.6783447265625,838.674560546875,197.63726806640625,52.675048828125,10410.552734375,1920,1080,2073600,0.005020521115511656,0.4,640,5
YOLO11s,hl_monaco_test.mp4,3487,17435,348.7,9,petronas,0.7697610259056091,1533.600341796875,894.3538818359375,1758.637451171875,955.68359375,225.037109375,61.3297119140625,13801.4609375,1920,1080,2073600,0.006655797362327576,0.4,640,5
YOLO11s,hl_monaco_test.mp4,3488,17440,348.8,9,petronas,0.7043504118919373,1279.9559326171875,955.6045532226562,1543.81787109375,1023.82177734375,263.8619384765625,68.21722412109375,17999.9296875,1920,1080,2073600,0.008680521510541439,0.4,640,5
YOLO11s,hl_monaco_test.mp4,3488,17440,348.8,9,petronas,0.5858702659606934,1671.7789306640625,344.322509765625,1809.8704833984375,366.2712707519531,138.091552734375,21.948760986328125,3030.9384765625,1920,1080,2073600,0.001461679465137422,0.4,640,5
YOLO11s,hl_monaco_test.mp4,3489,17445,348.9,9,petronas,0.8140012621879578,1361.1572265625,413.48065185546875,1506.99365234375,440.0289306640625,145.83642578125,26.54827880859375,3871.7060546875,1920,1080,2073600,0.0018671421566978097,0.4,640,5
YOLO11s,hl_monaco_test.mp4,3491,17455,349.1,9,petronas,0.6954681277275085,1316.963134765625,935.1456298828125,1542.344482421875,994.0166015625,225.38134765625,58.8709716796875,13268.4189453125,1920,1080,2073600,0.006398736033588648,0.4,640,5
YOLO11s,hl_monaco_test.mp4,3491,17455,349.1,9,petronas,0.4532510042190552,1289.9990234375,332.77154541015625,1404.6044921875,359.11016845703125,114.60546875,26.338623046875,3018.55029296875,1920,1080,2073600,0.0014557051472365856,0.4,640,5
YOLO11s,hl_monaco_test.mp4,3492,17460,349.2,9,petronas,0.5108556151390076,485.1810607910156,982.080322265625,707.6104736328125,1039.70458984375,222.42941284179688,57.624267578125,12817.33203125,1920,1080,2073600,0.006181197706609964,0.4,640,5
YOLO11s,hl_monaco_test.mp4,3492,17460,349.2,9,petronas,0.5020899772644043,1534.39892578125,977.0665283203125,1735.3740234375,1031.534912109375,200.97509765625,54.4683837890625,10946.7890625,1920,1080,2073600,0.005279122851788998,0.4,640,5
YOLO11s,hl_monaco_test.mp4,3493,17465,349.3,9,petronas,0.7363119125366211,1827.665771484375,939.0836181640625,1920.0,968.8389892578125,92.334228515625,29.75537109375,2747.439208984375,1920,1080,2073600,0.0013249610783532262,0.4,640,5
YOLO11s,hl_monaco_test.mp4,3493,17465,349.3,9,petronas,0.5989121198654175,456.38726806640625,218.99002075195312,948.9798583984375,288.0443115234375,492.59259033203125,69.05429077148438,34015.6328125,1920,1080,2073600,0.01640414446592331,0.4,640,5
YOLO11s,hl_monaco_test.mp4,3493,17465,349.3,9,petronas,0.40433448553085327,650.891357421875,479.061279296875,752.152099609375,496.28363037109375,101.2607421875,17.22235107421875,1743.947998046875,1920,1080,2073600,0.0008410243317484856,0.4,640,5
YOLO11s,hl_monaco_test.mp4,3494,17470,349.4,9,petronas,0.6213465929031372,684.6173095703125,303.30291748046875,1117.43017578125,362.7958984375,432.8128662109375,59.49298095703125,25749.328125,1920,1080,2073600,0.012417692691087723,0.4,640,5
YOLO11s,hl_monaco_test.mp4,3494,17470,349.4,1,atlasian,0.4654330611228943,866.6407470703125,95.8560791015625,1005.78955078125,113.21205139160156,139.1488037109375,17.355972290039062,2415.062744140625,1920,1080,2073600,0.0011646714992821217,0.4,640,5
YOLO11s,hl_monaco_test.mp4,3495,17475,349.5,1,atlasian,0.6342438459396362,753.5765380859375,176.93934631347656,867.4216918945312,192.39646911621094,113.84515380859375,15.457122802734375,1759.718505859375,1920,1080,2073600,0.0008486296865157783,0.4,640,5
YOLO11s,hl_monaco_test.mp4,3495,17475,349.5,9,petronas,0.582878053188324,879.2799682617188,388.88653564453125,1265.1923828125,447.67657470703125,385.91241455078125,58.7900390625,22687.806640625,1920,1080,2073600,0.010941265150904655,0.4,640,5
YOLO11s,hl_monaco_test.mp4,3496,17480,349.6,9,petronas,0.522519588470459,1257.7093505859375,450.2401428222656,1642.01171875,519.2210693359375,384.3023681640625,68.98092651367188,26509.533203125,1920,1080,2073600,0.012784304097294807,0.4,640,5
YOLO11s,hl_monaco_test.mp4,3499,17495,349.9,1,atlasian,0.8696905374526978,627.684814453125,244.55856323242188,756.139404296875,264.2640686035156,128.45458984375,19.70550537109375,2531.2626953125,1920,1080,2073600,0.0012207092950120568,0.4,640,5
YOLO11s,hl_monaco_test.mp4,3500,17500,350.0,1,atlasian,0.5290386080741882,591.921630859375,261.6940612792969,752.3494262695312,277.966552734375,160.42779541015625,16.272491455078125,2610.559814453125,1920,1080,2073600,0.0012589505640789866,0.4,640,5
YOLO11s,hl_monaco_test.mp4,3503,17515,350.3,1,atlasian,0.7218383550643921,719.3795776367188,336.77178955078125,963.2237548828125,365.4583740234375,243.84417724609375,28.68658447265625,6995.056640625,1920,1080,2073600,0.003373387735337019,0.4,640,5
YOLO11s,hl_monaco_test.mp4,3506,17530,350.6,9,petronas,0.435147762298584,1119.3731689453125,429.1555480957031,1219.193115234375,440.2934875488281,99.8199462890625,11.137939453125,1111.78857421875,1920,1080,2073600,0.0005361634539440274,0.4,640,5
YOLO11s,hl_monaco_test.mp4,3507,17535,350.7,9,petronas,0.6207612752914429,1114.51318359375,424.09454345703125,1222.5,437.32476806640625,107.98681640625,13.230224609375,1428.6898193359375,1920,1080,2073600,0.0006889900541864336,0.4,640,5
YOLO11s,hl_monaco_test.mp4,3508,17540,350.8,9,petronas,0.6139971613883972,1127.5537109375,422.1954345703125,1238.04150390625,434.96759033203125,110.48779296875,12.77215576171875,1411.1673583984375,1920,1080,2073600,0.0006805398152209818,0.4,640,5
YOLO11s,hl_monaco_test.mp4,3509,17545,350.9,9,petronas,0.7389313578605652,1140.6195068359375,417.53741455078125,1256.1553955078125,426.73370361328125,115.535888671875,9.1962890625,1062.50146484375,1920,1080,2073600,0.0005123945884406567,0.4,640,5
YOLO11s,hl_monaco_test.mp4,3511,17555,351.1,9,petronas,0.5097896456718445,1155.532958984375,405.7735290527344,1278.013671875,419.0504150390625,122.480712890625,13.276885986328125,1626.1624755859375,1920,1080,2073600,0.0007842218619771302,0.4,640,5
YOLO11s,hl_monaco_test.mp4,3512,17560,351.2,9,petronas,0.658965528011322,1167.5277099609375,398.7426452636719,1288.6322021484375,410.6556701660156,121.1044921875,11.91302490234375,1442.7208251953125,1920,1080,2073600,0.0006957565783523023,0.4,640,5
YOLO11s,hl_monaco_test.mp4,3513,17565,351.3,9,petronas,0.4824134409427643,1175.18994140625,391.06182861328125,1304.08203125,408.01776123046875,128.89208984375,16.9559326171875,2185.485595703125,1920,1080,2073600,0.0010539571521803737,0.4,640,5
YOLO11s,hl_monaco_test.mp4,3513,17565,351.3,9,petronas,0.4440029561519623,1179.849853515625,495.7174072265625,1223.73388671875,510.02801513671875,43.884033203125,14.31060791015625,628.0072021484375,1920,1080,2073600,0.00030285841785371304,0.4,640,5
YOLO11s,hl_monaco_test.mp4,3513,17565,351.3,9,petronas,0.43774133920669556,898.7274169921875,369.34552001953125,991.7158813476562,378.0816650390625,92.98846435546875,8.73614501953125,812.3607177734375,1920,1080,2073600,0.00039176346035674214,0.4,640,5
YOLO11s,hl_monaco_test.mp4,3514,17570,351.4,9,petronas,0.682291567325592,1185.401611328125,383.6761779785156,1323.9774169921875,397.2214050292969,138.5758056640625,13.54522705078125,1877.040771484375,1920,1080,2073600,0.0009052086970768869,0.4,640,5
YOLO11s,hl_monaco_test.mp4,3515,17575,351.5,9,petronas,0.5770168900489807,1200.5205078125,378.1879577636719,1342.1492919921875,391.5932922363281,141.6287841796875,13.40533447265625,1898.5811767578125,1920,1080,2073600,0.000915596610866487,0.4,640,5
YOLO11s,hl_monaco_test.mp4,3515,17575,351.5,9,petronas,0.4380857050418854,1201.8958740234375,379.820068359375,1271.0936279296875,392.05426025390625,69.19775390625,12.23419189453125,846.57861328125,1920,1080,2073600,0.0004082651576027274,0.4,640,5
YOLO11s,hl_monaco_test.mp4,3518,17590,351.8,1,atlasian,0.41903215646743774,647.2464599609375,375.4945068359375,758.9462890625,387.8592529296875,111.6998291015625,12.36474609375,1381.1400146484375,1920,1080,2073600,0.0006660590297542512,0.4,640,5
YOLO11s,hl_monaco_test.mp4,3519,17595,351.9,9,petronas,0.6584850549697876,1175.7864990234375,382.3937072753906,1309.014404296875,395.8625793457031,133.2279052734375,13.4688720703125,1794.4295654296875,1920,1080,2073600,0.000865369220264256,0.4,640,5
YOLO11s,hl_monaco_test.mp4,3519,17595,351.9,1,atlasian,0.5623328685760498,612.544189453125,373.5364990234375,721.0694580078125,385.90142822265625,108.5252685546875,12.36492919921875,1341.9072265625,1920,1080,2073600,0.0006471389206126332,0.4,640,5
YOLO11s,hl_monaco_test.mp4,3520,17600,352.0,1,atlasian,0.5815906524658203,585.685791015625,371.6878967285156,712.0736083984375,384.87982177734375,126.3878173828125,13.191925048828125,1667.298583984375,1920,1080,2073600,0.0008040599059313536,0.4,640,5
YOLO11s,hl_monaco_test.mp4,3520,17600,352.0,9,petronas,0.5814766883850098,1148.041015625,380.11614990234375,1279.516357421875,393.71905517578125,131.475341796875,13.6029052734375,1788.4466552734375,1920,1080,2073600,0.0008624839247204363,0.4,640,5
YOLO11s,hl_monaco_test.mp4,3520,17600,352.0,9,petronas,0.41788530349731445,585.3959350585938,369.8453063964844,705.2418212890625,385.1529235839844,119.84588623046875,15.3076171875,1834.554931640625,1920,1080,2073600,0.0008847197750583291,0.4,640,5
YOLO11s,hl_monaco_test.mp4,3521,17605,352.1,1,atlasian,0.5798864960670471,558.8543701171875,368.58380126953125,689.7877807617188,384.0321350097656,130.93341064453125,15.448333740234375,2022.7030029296875,1920,1080,2073600,0.0009754547500051558,0.4,640,5
YOLO11s,hl_monaco_test.mp4,3521,17605,352.1,9,petronas,0.5338225364685059,1097.5634765625,373.8512878417969,1160.36865234375,385.2743225097656,62.80517578125,11.42303466796875,717.4257202148438,1920,1080,2073600,0.00034598077763803303,0.4,640,5
YOLO11s,hl_monaco_test.mp4,3522,17610,352.2,9,petronas,0.6096424460411072,1032.045654296875,374.9146728515625,1094.0509033203125,386.50946044921875,62.0052490234375,11.59478759765625,718.9376831054688,1920,1080,2073600,0.0003467099159024656,0.4,640,5
YOLO11s,hl_monaco_test.mp4,3523,17615,352.3,9,petronas,0.6771847009658813,917.9036865234375,375.38665771484375,974.3455810546875,386.2633056640625,56.44189453125,10.87664794921875,613.8986206054688,1920,1080,2073600,0.0002960544952657074,0.4,640,5
YOLO11s,hl_monaco_test.mp4,3524,17620,352.4,9,petronas,0.5791596174240112,788.1800537109375,359.99053955078125,835.2586669921875,374.4361572265625,47.07861328125,14.44561767578125,680.0796508789062,1920,1080,2073600,0.00032797051244415343,0.4,640,5
YOLO11s,hl_monaco_test.mp4,3524,17620,352.4,1,atlasian,0.5183066725730896,480.9375915527344,378.7362060546875,582.1624755859375,391.5711669921875,101.22488403320312,12.8349609375,1299.2174072265625,1920,1080,2073600,0.0006265516276471317,0.4,640,5
YOLO11s,hl_monaco_test.mp4,3525,17625,352.5,1,atlasian,0.6557669043540955,448.98468017578125,377.1164245605469,573.2836303710938,391.5938415527344,124.2989501953125,14.4774169921875,1799.5277099609375,1920,1080,2073600,0.000867827795445919,0.4,640,5
YOLO11s,hl_monaco_test.mp4,3526,17630,352.6,6,moneygram,0.6757098436355591,788.9950561523438,369.2522277832031,845.8950805664062,417.4783630371094,56.9000244140625,48.22613525390625,2744.068359375,1920,1080,2073600,0.0013233354547992349,0.4,640,5
YOLO11s,hl_monaco_test.mp4,3527,17635,352.7,1,atlasian,0.7869783043861389,485.3738708496094,490.38775634765625,638.448974609375,524.66552734375,153.07510375976562,34.27777099609375,5247.0732421875,1920,1080,2073600,0.0025304171722382307,0.4,640,5
YOLO11s,hl_monaco_test.mp4,3528,17640,352.8,1,atlasian,0.637759268283844,470.2762756347656,529.3438720703125,765.3927001953125,565.0333251953125,295.1164245605469,35.689453125,10532.5439453125,1920,1080,2073600,0.005079351831227541,0.4,640,5
YOLO11s,hl_monaco_test.mp4,3529,17645,352.9,1,atlasian,0.7618563175201416,721.1443481445312,494.4307861328125,918.6412353515625,534.7515258789062,197.49688720703125,40.32073974609375,7963.220703125,1920,1080,2073600,0.003840287681668997,0.4,640,5
YOLO11s,hl_monaco_test.mp4,3545,17725,354.5,8,oracle,0.7576364278793335,750.9999389648438,698.5206298828125,1019.6621704101562,738.2813720703125,268.6622314453125,39.7607421875,10682.2099609375,1920,1080,2073600,0.005151528865098953,0.4,640,5
YOLO11s,hl_monaco_test.mp4,3546,17730,354.6,8,oracle,0.7145208716392517,1006.0435180664062,654.656005859375,1192.987060546875,683.7156982421875,186.94354248046875,29.0596923828125,5432.52197265625,1920,1080,2073600,0.0026198504492640495,0.4,640,5
YOLO11s,hl_monaco_test.mp4,3547,17735,354.7,8,oracle,0.618998646736145,1139.5579833984375,629.3619384765625,1317.6763916015625,652.578857421875,178.118408203125,23.2169189453125,4135.36083984375,1920,1080,2073600,0.0019942906219512224,0.4,640,5
YOLO11s,hl_monaco_test.mp4,3547,17735,354.7,8,oracle,0.42167556285858154,492.576171875,623.5889892578125,613.4231567382812,641.56884765625,120.84698486328125,17.9798583984375,2172.811767578125,1920,1080,2073600,0.0010478452313691378,0.4,640,5
YOLO11s,hl_monaco_test.mp4,3548,17740,354.8,8,oracle,0.6103028655052185,656.5346069335938,606.437255859375,760.5722045898438,624.0274658203125,104.03759765625,17.5902099609375,1830.043212890625,1920,1080,2073600,0.0008825439726933837,0.4,640,5
YOLO11s,hl_monaco_test.mp4,3548,17740,354.8,8,oracle,0.5645118951797485,1208.32958984375,612.0576171875,1356.9454345703125,631.6155395507812,148.6158447265625,19.55792236328125,2906.6171875,1920,1080,2073600,0.0014017251087352633,0.4,640,5
YOLO11s,hl_monaco_test.mp4,3549,17745,354.9,8,oracle,0.6335214376449585,756.2728271484375,598.6063232421875,850.6909790039062,610.5404052734375,94.41815185546875,11.93408203125,1126.7939453125,1920,1080,2073600,0.0005433998303487897,0.4,640,5
YOLO11s,hl_monaco_test.mp4,3549,17745,354.9,8,oracle,0.6068819165229797,1235.0472412109375,601.211669921875,1363.693115234375,619.4825439453125,128.6458740234375,18.2708740234375,2350.47265625,1920,1080,2073600,0.001133522717282176,0.4,640,5
YOLO11s,hl_monaco_test.mp4,3550,17750,355.0,8,oracle,0.7513817548751831,828.9292602539062,585.7325439453125,899.1860961914062,600.07275390625,70.2568359375,14.3402099609375,1007.497802734375,1920,1080,2073600,0.0004858689208049327,0.4,640,5
YOLO11s,hl_monaco_test.mp4,3550,17750,355.0,8,oracle,0.6438590884208679,1241.6146240234375,593.8856201171875,1350.2998046875,611.366943359375,108.6851806640625,17.4813232421875,1899.9608154296875,1920,1080,2073600,0.0009162619826383889,0.4,640,5
YOLO11s,hl_monaco_test.mp4,3552,17760,355.2,8,oracle,0.46103811264038086,1220.839111328125,584.0901489257812,1314.244873046875,600.572021484375,93.40576171875,16.48187255859375,1539.5018310546875,1920,1080,2073600,0.0007424295181408525,0.4,640,5
YOLO11s,hl_monaco_test.mp4,3552,17760,355.2,8,oracle,0.4220188558101654,887.241943359375,575.9617309570312,971.168701171875,591.2598266601562,83.9267578125,15.298095703125,1283.9195556640625,1920,1080,2073600,0.0006191741558723152,0.4,640,5
YOLO11s,hl_monaco_test.mp4,3553,17765,355.3,8,oracle,0.6992568373680115,1198.7525634765625,581.1368408203125,1286.5478515625,600.0613403320312,87.7952880859375,18.92449951171875,1661.48193359375,1920,1080,2073600,0.0008012547623366117,0.4,640,5
YOLO11s,hl_monaco_test.mp4,3553,17765,355.3,8,oracle,0.6003169417381287,896.9420166015625,575.936767578125,972.13427734375,587.257080078125,75.1922607421875,11.3203125,851.1998901367188,1920,1080,2073600,0.0004104937834199518,0.4,640,5
YOLO11s,hl_monaco_test.mp4,3588,17940,358.8,8,oracle,0.5320718288421631,790.828857421875,692.7423095703125,920.718017578125,728.75927734375,129.88916015625,36.0169677734375,4678.2138671875,1920,1080,2073600,0.002256083069369197,0.4,640,5
YOLO11s,hl_monaco_test.mp4,3589,17945,358.9,8,oracle,0.6298637986183167,474.1756896972656,713.4329223632812,663.052490234375,755.9064331054688,188.87680053710938,42.4735107421875,8022.2607421875,1920,1080,2073600,0.0038687600754201412,0.4,640,5
YOLO11s,hl_monaco_test.mp4,3598,17990,359.8,7,okx,0.8692099452018738,1109.7734375,690.4096069335938,1385.7952880859375,763.562255859375,276.0218505859375,73.15264892578125,20191.73046875,1920,1080,2073600,0.009737524203956127,0.4,640,5
YOLO11s,hl_monaco_test.mp4,3598,17990,359.8,7,okx,0.8625704646110535,700.4054565429688,683.6984252929688,972.759521484375,760.32568359375,272.35406494140625,76.62725830078125,20869.74609375,1920,1080,2073600,0.010064499452710152,0.4,640,5
YOLO11s,hl_monaco_test.mp4,3599,17995,359.9,7,okx,0.8577908873558044,691.7312622070312,683.1162109375,975.3147583007812,758.6621704101562,283.58349609375,75.54595947265625,21423.587890625,1920,1080,2073600,0.010331591591238976,0.4,640,5
YOLO11s,hl_monaco_test.mp4,3599,17995,359.9,7,okx,0.8541619181632996,1104.06884765625,687.7560424804688,1385.5491943359375,762.4967651367188,281.4803466796875,74.74072265625,21038.044921875,1920,1080,2073600,0.010145662352442741,0.4,640,5
YOLO11s,hl_monaco_test.mp4,3600,18000,360.0,7,okx,0.87596595287323,699.8099975585938,678.7767333984375,980.5220947265625,755.1571655273438,280.71209716796875,76.38043212890625,21440.912109375,1920,1080,2073600,0.010339946486055851,0.4,640,5
YOLO11s,hl_monaco_test.mp4,3600,18000,360.0,7,okx,0.8238822817802429,1110.14892578125,686.180419921875,1391.900634765625,759.52587890625,281.751708984375,73.345458984375,20665.208984375,1920,1080,2073600,0.009965861216187477,0.4,640,5
YOLO11s,hl_monaco_test.mp4,3601,18005,360.1,7,okx,0.8347229361534119,701.8092651367188,680.0694580078125,984.005126953125,754.7942504882812,282.19586181640625,74.72479248046875,21087.02734375,1920,1080,2073600,0.010169284418225288,0.4,640,5
YOLO11s,hl_monaco_test.mp4,3601,18005,360.1,7,okx,0.8239099383354187,1115.0233154296875,684.4389038085938,1388.183349609375,756.979736328125,273.1600341796875,72.54083251953125,19815.255859375,1920,1080,2073600,0.009555968455970287,0.4,640,5
YOLO11s,hl_monaco_test.mp4,3602,18010,360.2,7,okx,0.8449804782867432,1112.4906005859375,690.0803833007812,1390.747314453125,763.9942016601562,278.2567138671875,73.913818359375,20567.015625,1920,1080,2073600,0.009918507188558578,0.4,640,5
YOLO11s,hl_monaco_test.mp4,3602,18010,360.2,7,okx,0.8053509593009949,704.114990234375,688.105712890625,982.1226196289062,760.53662109375,278.00762939453125,72.430908203125,20136.345703125,1920,1080,2073600,0.00971081480383873,0.4,640,5
YOLO11s,hl_monaco_test.mp4,3603,18015,360.3,7,okx,0.8516209721565247,708.5662231445312,680.4638671875,985.1568603515625,755.6343383789062,276.59063720703125,75.17047119140625,20791.44921875,1920,1080,2073600,0.010026740841567516,0.4,640,5
YOLO11s,hl_monaco_test.mp4,3603,18015,360.3,7,okx,0.8505799174308777,1114.208740234375,685.3052978515625,1387.87158203125,759.0089111328125,273.662841796875,73.70361328125,20169.939453125,1920,1080,2073600,0.009727015160024166,0.4,640,5
YOLO11s,hl_monaco_test.mp4,3604,18020,360.4,7,okx,0.886192262172699,1116.7462158203125,671.801513671875,1398.404052734375,744.3202514648438,281.6578369140625,72.51873779296875,20425.470703125,1920,1080,2073600,0.009850245900452137,0.4,640,5
YOLO11s,hl_monaco_test.mp4,3604,18020,360.4,7,okx,0.876674234867096,709.1438598632812,669.3279418945312,986.3574829101562,743.6354370117188,277.213623046875,74.3074951171875,20599.05078125,1920,1080,2073600,0.0099339559674263,0.4,640,5
YOLO11s,hl_monaco_test.mp4,3605,18025,360.5,7,okx,0.8878108859062195,713.1498413085938,668.5438842773438,993.0084228515625,743.8389892578125,279.85858154296875,75.29510498046875,21071.98046875,1920,1080,2073600,0.010162027552723885,0.4,640,5
YOLO11s,hl_monaco_test.mp4,3605,18025,360.5,7,okx,0.8753058314323425,1120.8408203125,673.2222900390625,1397.3360595703125,746.8862915039062,276.4952392578125,73.66400146484375,20367.74609375,1920,1080,2073600,0.00982240866869688,0.4,640,5
YOLO11s,hl_monaco_test.mp4,3606,18030,360.6,7,okx,0.8916751742362976,1119.87255859375,667.2608642578125,1396.10546875,741.5191040039062,276.23291015625,74.25823974609375,20512.5703125,1920,1080,2073600,0.009892250411212444,0.4,640,5
YOLO11s,hl_monaco_test.mp4,3606,18030,360.6,7,okx,0.8550952076911926,718.4515991210938,663.862548828125,1011.9444580078125,739.6280517578125,293.49285888671875,75.7655029296875,22236.634765625,1920,1080,2073600,0.010723685845732689,0.4,640,5
YOLO11s,hl_monaco_test.mp4,3607,18035,360.7,7,okx,0.8777740001678467,1121.340087890625,668.3515625,1396.897705078125,742.1959228515625,275.5576171875,73.8443603515625,20348.376953125,1920,1080,2073600,0.009813067503273487,0.4,640,5
YOLO11s,hl_monaco_test.mp4,3607,18035,360.7,7,okx,0.8515713810920715,716.5305786132812,665.1260375976562,1006.54833984375,740.8269653320312,290.01776123046875,75.700927734375,21954.61328125,1920,1080,2073600,0.010587680153548717,0.4,640,5
YOLO11s,hl_monaco_test.mp4,3608,18040,360.8,7,okx,0.8894049525260925,718.300537109375,670.2540283203125,1005.3773803710938,746.4091796875,287.07684326171875,76.1551513671875,21862.380859375,1920,1080,2073600,0.010543200187385082,0.4,640,5
YOLO11s,hl_monaco_test.mp4,3608,18040,360.8,7,okx,0.8611236810684204,1124.111572265625,675.7373046875,1397.82861328125,750.1090087890625,273.717041015625,74.3717041015625,20356.802734375,1920,1080,2073600,0.009817130863666534,0.4,640,5
YOLO11s,hl_monaco_test.mp4,3609,18045,360.9,7,okx,0.873519241809845,1130.36376953125,681.3448486328125,1401.827392578125,753.2547607421875,271.463623046875,71.909912109375,19520.92578125,1920,1080,2073600,0.009414026513695717,0.4,640,5
YOLO11s,hl_monaco_test.mp4,3609,18045,360.9,7,okx,0.8691975474357605,716.8274536132812,673.623291015625,1003.2198486328125,750.0570068359375,286.39239501953125,76.4337158203125,21890.03515625,1920,1080,2073600,0.010556536726653576,0.4,640,5
YOLO11s,hl_monaco_test.mp4,3610,18050,361.0,7,okx,0.885241687297821,1129.95166015625,680.87646484375,1401.8828125,753.8778076171875,271.93115234375,73.0013427734375,19851.33984375,1920,1080,2073600,0.009573370218276978,0.4,640,5
YOLO11s,hl_monaco_test.mp4,3610,18050,361.0,7,okx,0.8678498268127441,716.4515380859375,673.7114868164062,1004.335205078125,752.0626831054688,287.8836669921875,78.3511962890625,22556.029296875,1920,1080,2073600,0.010877714492380619,0.4,640,5
YOLO11s,hl_monaco_test.mp4,3611,18055,361.1,7,okx,0.8637121319770813,715.9688720703125,679.2855224609375,1003.6239013671875,755.2257080078125,287.655029296875,75.940185546875,21844.576171875,1920,1080,2073600,0.010534614324569702,0.4,640,5
YOLO11s,hl_monaco_test.mp4,3611,18055,361.1,7,okx,0.8563834428787231,1125.1922607421875,682.7173461914062,1401.5723876953125,756.1184692382812,276.380126953125,73.401123046875,20286.611328125,1920,1080,2073600,0.00978328101336956,0.4,640,5
YOLO11s,hl_monaco_test.mp4,3612,18060,361.2,7,okx,0.8783567547798157,1131.2252197265625,683.87451171875,1408.595947265625,755.7757568359375,277.3707275390625,71.9012451171875,19943.30078125,1920,1080,2073600,0.009617717936635017,0.4,640,5
YOLO11s,hl_monaco_test.mp4,3612,18060,361.2,7,okx,0.8621921539306641,722.0452880859375,679.693603515625,1007.1967163085938,754.36181640625,285.15142822265625,74.668212890625,21291.748046875,1920,1080,2073600,0.010268011130392551,0.4,640,5
YOLO11s,hl_monaco_test.mp4,3613,18065,361.3,7,okx,0.8624250292778015,716.1357421875,677.4068603515625,1003.2623291015625,752.9471435546875,287.1265869140625,75.540283203125,21689.623046875,1920,1080,2073600,0.01045988779515028,0.4,640,5
YOLO11s,hl_monaco_test.mp4,3613,18065,361.3,7,okx,0.8611947894096375,1128.56787109375,682.82763671875,1404.7364501953125,753.7091064453125,276.1685791015625,70.8814697265625,19575.234375,1920,1080,2073600,0.009440217167139053,0.4,640,5
YOLO11s,hl_monaco_test.mp4,3614,18070,361.4,7,okx,0.8682247400283813,717.9296264648438,680.5042724609375,1007.7540893554688,755.0858154296875,289.824462890625,74.58154296875,21615.5546875,1920,1080,2073600,0.010424167849123478,0.4,640,5
YOLO11s,hl_monaco_test.mp4,3614,18070,361.4,7,okx,0.8529208302497864,1127.4912109375,686.6017456054688,1406.3115234375,757.2274169921875,278.8203125,70.62567138671875,19691.87109375,1920,1080,2073600,0.00949646532535553,0.4,640,5
YOLO11s,hl_monaco_test.mp4,3615,18075,361.5,7,okx,0.8635514378547668,723.8729248046875,678.809326171875,1007.4937133789062,752.1890869140625,283.62078857421875,73.3797607421875,20812.025390625,1920,1080,2073600,0.01003666315227747,0.4,640,5
YOLO11s,hl_monaco_test.mp4,3615,18075,361.5,7,okx,0.8584691882133484,1131.01806640625,681.1807250976562,1404.87548828125,755.3369750976562,273.857421875,74.15625,20308.240234375,1920,1080,2073600,0.009793711826205254,0.4,640,5
YOLO11s,hl_monaco_test.mp4,3616,18080,361.6,7,okx,0.8798766136169434,720.1728515625,676.4771728515625,1009.5492553710938,750.1849365234375,289.37640380859375,73.707763671875,21329.287109375,1920,1080,2073600,0.010286114178597927,0.4,640,5
YOLO11s,hl_monaco_test.mp4,3616,18080,361.6,7,okx,0.846723198890686,1125.589111328125,682.1724853515625,1404.901123046875,753.8631591796875,279.31201171875,71.690673828125,20024.06640625,1920,1080,2073600,0.009656667709350586,0.4,640,5
YOLO11s,hl_monaco_test.mp4,3617,18085,361.7,7,okx,0.8686980605125427,726.3817749023438,678.8270874023438,1007.3095092773438,749.9562377929688,280.927734375,71.129150390625,19982.150390625,1920,1080,2073600,0.009636453352868557,0.4,640,5
YOLO11s,hl_monaco_test.mp4,3617,18085,361.7,7,okx,0.8493624925613403,1134.15625,681.3971557617188,1407.126220703125,754.231201171875,272.969970703125,72.83404541015625,19881.5078125,1920,1080,2073600,0.009587918408215046,0.4,640,5
YOLO11s,hl_monaco_test.mp4,3618,18090,361.8,7,okx,0.8913941979408264,1133.232177734375,684.7011108398438,1407.69970703125,757.90869140625,274.467529296875,73.20758056640625,20093.103515625,1920,1080,2073600,0.009689961560070515,0.4,640,5
YOLO11s,hl_monaco_test.mp4,3618,18090,361.8,7,okx,0.8540564179420471,725.5953369140625,681.1441650390625,1004.8364868164062,753.6293334960938,279.24114990234375,72.48516845703125,20240.841796875,1920,1080,2073600,0.009761208668351173,0.4,640,5
YOLO11s,hl_monaco_test.mp4,3619,18095,361.9,7,okx,0.8714413046836853,1134.7275390625,686.329345703125,1411.3984375,759.7000732421875,276.6708984375,73.3707275390625,20299.544921875,1920,1080,2073600,0.00978951808065176,0.4,640,5
YOLO11s,hl_monaco_test.mp4,3619,18095,361.9,7,okx,0.8422763347625732,727.7901611328125,682.6064453125,1004.0308837890625,755.8538818359375,276.24072265625,73.2474365234375,20233.923828125,1920,1080,2073600,0.0097578726708889,0.4,640,5
YOLO11s,hl_monaco_test.mp4,3620,18100,362.0,7,okx,0.9037459492683411,1137.9371337890625,691.6517944335938,1406.508056640625,764.2752685546875,268.5709228515625,72.62347412109375,19504.552734375,1920,1080,2073600,0.009406130760908127,0.4,640,5
YOLO11s,hl_monaco_test.mp4,3620,18100,362.0,7,okx,0.8517431616783142,728.1150512695312,689.2721557617188,1015.4912109375,761.01953125,287.37615966796875,71.74737548828125,20618.484375,1920,1080,2073600,0.009943327866494656,0.4,640,5
YOLO11s,hl_monaco_test.mp4,3621,18105,362.1,7,okx,0.9169285297393799,1135.66015625,693.1049194335938,1405.438720703125,767.4169921875,269.778564453125,74.31207275390625,20047.8046875,1920,1080,2073600,0.00966811552643776,0.4,640,5
YOLO11s,hl_monaco_test.mp4,3621,18105,362.1,7,okx,0.8664064407348633,724.21337890625,686.708251953125,1005.3052368164062,762.513916015625,281.09185791015625,75.8056640625,21308.35546875,1920,1080,2073600,0.010276020504534245,0.4,640,5
YOLO11s,hl_monaco_test.mp4,3622,18110,362.2,7,okx,0.8840790390968323,1124.775146484375,687.8466796875,1406.055908203125,763.669921875,281.28076171875,75.8232421875,21327.619140625,1920,1080,2073600,0.010285310447216034,0.4,640,5
YOLO11s,hl_monaco_test.mp4,3622,18110,362.2,7,okx,0.859664261341095,722.22802734375,685.5053100585938,1013.6940307617188,761.504638671875,291.46600341796875,75.99932861328125,22151.220703125,1920,1080,2073600,0.010682494379580021,0.4,640,5
YOLO11s,hl_monaco_test.mp4,3623,18115,362.3,7,okx,0.8970961570739746,1124.37060546875,690.5022583007812,1403.517578125,766.450927734375,279.14697265625,75.94866943359375,21200.841796875,1920,1080,2073600,0.010224170982837677,0.4,640,5
YOLO11s,hl_monaco_test.mp4,3623,18115,362.3,7,okx,0.8657008409500122,721.3394165039062,686.8551635742188,1012.1279296875,762.9054565429688,290.78851318359375,76.05029296875,22114.55078125,1920,1080,2073600,0.010664810426533222,0.4,640,5
YOLO11s,hl_monaco_test.mp4,3624,18120,362.4,7,okx,0.8975448608398438,1120.0037841796875,690.576416015625,1398.911865234375,766.338134765625,278.9080810546875,75.76171875,21130.5546875,1920,1080,2073600,0.010190275497734547,0.4,640,5
YOLO11s,hl_monaco_test.mp4,3624,18120,362.4,7,okx,0.8832667469978333,718.697021484375,687.1053466796875,1010.1491088867188,764.0333251953125,291.45208740234375,76.927978515625,22420.8203125,1920,1080,2073600,0.010812509804964066,0.4,640,5
YOLO11s,hl_monaco_test.mp4,3625,18125,362.5,7,okx,0.8912723660469055,1116.041748046875,690.35595703125,1390.147705078125,767.1355590820312,274.10595703125,76.77960205078125,21045.74609375,1920,1080,2073600,0.010149376466870308,0.4,640,5
YOLO11s,hl_monaco_test.mp4,3625,18125,362.5,7,okx,0.8682388067245483,717.8642578125,688.246826171875,1001.1626586914062,765.17236328125,283.29840087890625,76.925537109375,21792.880859375,1920,1080,2073600,0.01050968375056982,0.4,640,5
YOLO11s,hl_monaco_test.mp4,3626,18130,362.6,7,okx,0.9011659026145935,1113.8095703125,692.119140625,1386.90185546875,766.472900390625,273.09228515625,74.353759765625,20305.4375,1920,1080,2073600,0.009792359545826912,0.4,640,5
YOLO11s,hl_monaco_test.mp4,3626,18130,362.6,7,okx,0.8614874482154846,711.36083984375,686.1624755859375,989.5226440429688,764.791259765625,278.16180419921875,78.6287841796875,21871.525390625,1920,1080,2073600,0.010547610931098461,0.4,640,5
YOLO11s,hl_monaco_test.mp4,3627,18135,362.7,7,okx,0.9160957336425781,1114.584228515625,693.8168334960938,1388.1201171875,767.62939453125,273.535888671875,73.81256103515625,20190.384765625,1920,1080,2073600,0.00973687507212162,0.4,640,5
YOLO11s,hl_monaco_test.mp4,3627,18135,362.7,7,okx,0.8557794094085693,714.2681884765625,689.708740234375,991.18017578125,765.37890625,276.9119873046875,75.670166015625,20953.9765625,1920,1080,2073600,0.01010512001812458,0.4,640,5
YOLO11s,hl_monaco_test.mp4,3628,18140,362.8,7,okx,0.9043827056884766,1116.8504638671875,694.4968872070312,1385.2369384765625,767.6639404296875,268.386474609375,73.16705322265625,19637.046875,1920,1080,2073600,0.009470026008784771,0.4,640,5
YOLO11s,hl_monaco_test.mp4,3628,18140,362.8,7,okx,0.8254073262214661,709.8547973632812,690.2327270507812,990.52001953125,766.4124755859375,280.66522216796875,76.17974853515625,21381.005859375,1920,1080,2073600,0.010311055928468704,0.4,640,5
YOLO11s,hl_monaco_test.mp4,3629,18145,362.9,7,okx,0.9139782786369324,1116.637939453125,694.5265502929688,1388.2598876953125,767.9580078125,271.6219482421875,73.43145751953125,19945.595703125,1920,1080,2073600,0.009618825279176235,0.4,640,5
YOLO11s,hl_monaco_test.mp4,3629,18145,362.9,7,okx,0.8107853531837463,710.917724609375,689.7568359375,993.8729248046875,766.2366943359375,282.9552001953125,76.4798583984375,21640.373046875,1920,1080,2073600,0.010436136275529861,0.4,640,5
YOLO11s,hl_monaco_test.mp4,3630,18150,363.0,7,okx,0.8749370574951172,1117.2542724609375,694.65478515625,1387.408447265625,768.9329833984375,270.1541748046875,74.2781982421875,20066.564453125,1920,1080,2073600,0.009677162393927574,0.4,640,5
YOLO11s,hl_monaco_test.mp4,3630,18150,363.0,7,okx,0.7464564442634583,710.29541015625,690.40625,984.7327880859375,766.977783203125,274.4373779296875,76.571533203125,21014.08984375,1920,1080,2073600,0.010134109295904636,0.4,640,5
YOLO11s,hl_monaco_test.mp4,3631,18155,363.1,7,okx,0.8531554341316223,1114.2008056640625,702.450439453125,1390.8255615234375,774.7362670898438,276.624755859375,72.28582763671875,19996.048828125,1920,1080,2073600,0.009643156081438065,0.4,640,5
YOLO11s,hl_monaco_test.mp4,3631,18155,363.1,7,okx,0.48398521542549133,709.4046020507812,699.1182861328125,988.2727661132812,773.1968994140625,278.8681640625,74.07861328125,20658.166015625,1920,1080,2073600,0.009962464682757854,0.4,640,5
YOLO11s,hl_monaco_test.mp4,3632,18160,363.2,7,okx,0.8517870306968689,1114.1114501953125,704.9265747070312,1389.0576171875,776.6502685546875,274.9461669921875,71.72369384765625,19720.154296875,1920,1080,2073600,0.009510105475783348,0.4,640,5
YOLO11s,hl_monaco_test.mp4,3633,18165,363.3,7,okx,0.8495990633964539,1110.171142578125,695.7815551757812,1383.4295654296875,770.5960693359375,273.2584228515625,74.81451416015625,20443.6953125,1920,1080,2073600,0.009859034791588783,0.4,640,5
YOLO11s,hl_monaco_test.mp4,3634,18170,363.4,7,okx,0.8686539530754089,1111.320556640625,694.637939453125,1384.4234619140625,769.324462890625,273.1029052734375,74.6865234375,20397.107421875,1920,1080,2073600,0.00983656756579876,0.4,640,5
YOLO11s,hl_monaco_test.mp4,3635,18175,363.5,7,okx,0.8606873154640198,706.5413208007812,695.6183471679688,982.0184326171875,773.49755859375,275.47711181640625,77.87921142578125,21453.939453125,1920,1080,2073600,0.010346228256821632,0.4,640,5
YOLO11s,hl_monaco_test.mp4,3635,18175,363.5,7,okx,0.8448057770729065,1107.8924560546875,704.6138916015625,1390.623779296875,777.4850463867188,282.7313232421875,72.87115478515625,20602.958984375,1920,1080,2073600,0.009935840964317322,0.4,640,5
YOLO11s,hl_monaco_test.mp4,3636,18180,363.6,7,okx,0.9038107991218567,1110.246826171875,696.7534790039062,1387.3231201171875,770.7491455078125,277.0762939453125,73.99566650390625,20502.4453125,1920,1080,2073600,0.009887367486953735,0.4,640,5
YOLO11s,hl_monaco_test.mp4,3636,18180,363.6,7,okx,0.8760088086128235,699.2345581054688,693.61669921875,990.7650146484375,774.3900146484375,291.53045654296875,80.7733154296875,23547.880859375,1920,1080,2073600,0.01135603804141283,0.4,640,5
YOLO11s,hl_monaco_test.mp4,3637,18185,363.7,7,okx,0.8214786648750305,1111.52587890625,694.624267578125,1382.767578125,769.5001220703125,271.24169921875,74.8758544921875,20309.453125,1920,1080,2073600,0.009794296696782112,0.4,640,5
YOLO11s,hl_monaco_test.mp4,3638,18190,363.8,7,okx,0.7478785514831543,1105.29052734375,689.0072021484375,1393.78076171875,764.9603271484375,288.490234375,75.953125,21911.734375,1920,1080,2073600,0.010567001067101955,0.4,640,5
YOLO11s,hl_monaco_test.mp4,3639,18195,363.9,7,okx,0.7552234530448914,1109.65625,693.7010498046875,1383.98779296875,770.1612548828125,274.33154296875,76.460205078125,20975.4453125,1920,1080,2073600,0.01011547353118658,0.4,640,5
YOLO11s,hl_monaco_test.mp4,3640,18200,364.0,7,okx,0.8089794516563416,1107.50927734375,709.4481811523438,1388.814453125,777.3832397460938,281.30517578125,67.93505859375,19110.484375,1920,1080,2073600,0.009216089732944965,0.4,640,5
YOLO11s,hl_monaco_test.mp4,3643,18215,364.3,7,okx,0.5855826139450073,711.8655395507812,688.1273803710938,986.986083984375,757.1717529296875,275.12054443359375,69.04437255859375,18995.525390625,1920,1080,2073600,0.00916065089404583,0.4,640,5
YOLO11s,hl_monaco_test.mp4,3644,18220,364.4,7,okx,0.7892184853553772,1117.6241455078125,723.7102661132812,1389.9957275390625,780.8668212890625,272.37158203125,57.15655517578125,15567.8212890625,1920,1080,2073600,0.007507629692554474,0.4,640,5
YOLO11s,hl_monaco_test.mp4,3644,18220,364.4,7,okx,0.6315739154815674,709.9161987304688,703.46240234375,991.059814453125,775.0626220703125,281.14361572265625,71.6002197265625,20129.9453125,1920,1080,2073600,0.009707728400826454,0.4,640,5
YOLO11s,hl_monaco_test.mp4,3645,18225,364.5,7,okx,0.8499609231948853,1111.62548828125,693.8018798828125,1398.255859375,770.4095458984375,286.63037109375,76.607666015625,21958.083984375,1920,1080,2073600,0.010589353740215302,0.4,640,5
YOLO11s,hl_monaco_test.mp4,3645,18225,364.5,7,okx,0.8321184515953064,715.3113403320312,690.0851440429688,1001.5748291015625,766.5455932617188,286.26348876953125,76.46044921875,21887.833984375,1920,1080,2073600,0.010555475950241089,0.4,640,5
YOLO11s,hl_monaco_test.mp4,3646,18230,364.6,7,okx,0.8905903100967407,1120.5450439453125,695.7112426757812,1401.248291015625,769.21728515625,280.7032470703125,73.50604248046875,20633.384765625,1920,1080,2073600,0.009950513951480389,0.4,640,5
YOLO11s,hl_monaco_test.mp4,3646,18230,364.6,7,okx,0.8698400855064392,722.7713012695312,690.6923217773438,1005.5062866210938,766.5375366210938,282.7349853515625,75.84521484375,21444.095703125,1920,1080,2073600,0.010341481305658817,0.4,640,5
YOLO11s,hl_monaco_test.mp4,3647,18235,364.7,7,okx,0.9128628373146057,1127.4232177734375,692.1520385742188,1404.3673095703125,767.69677734375,276.944091796875,75.54473876953125,20921.669921875,1920,1080,2073600,0.010089539922773838,0.4,640,5
YOLO11s,hl_monaco_test.mp4,3647,18235,364.7,7,okx,0.8601992726325989,723.9267578125,686.26953125,1009.032958984375,762.9501953125,285.106201171875,76.6806640625,21862.1328125,1920,1080,2073600,0.010543080978095531,0.4,640,5
YOLO11s,hl_monaco_test.mp4,3648,18240,364.8,7,okx,0.8793408274650574,1125.7840576171875,690.492919921875,1406.3466796875,764.2523803710938,280.5626220703125,73.75946044921875,20694.1484375,1920,1080,2073600,0.00997981708496809,0.4,640,5
YOLO11s,hl_monaco_test.mp4,3648,18240,364.8,7,okx,0.864932119846344,720.4000854492188,687.2769775390625,1006.3428955078125,762.9404296875,285.94281005859375,75.6634521484375,21635.419921875,1920,1080,2073600,0.010433748364448547,0.4,640,5
YOLO11s,hl_monaco_test.mp4,3649,18245,364.9,7,okx,0.9003355503082275,1123.5166015625,689.1773071289062,1403.535888671875,765.5264892578125,280.019287109375,76.34918212890625,21379.244140625,1920,1080,2073600,0.010310206562280655,0.4,640,5
YOLO11s,hl_monaco_test.mp4,3649,18245,364.9,7,okx,0.8712822794914246,720.33349609375,686.8709716796875,1010.6090698242188,763.1229248046875,290.27557373046875,76.251953125,22134.080078125,1920,1080,2073600,0.010674228891730309,0.4,640,5
YOLO11s,hl_monaco_test.mp4,3650,18250,365.0,7,okx,0.8898531198501587,1124.9029541015625,685.818115234375,1405.7296142578125,760.3173828125,280.82666015625,74.499267578125,20921.380859375,1920,1080,2073600,0.010089400224387646,0.4,640,5
YOLO11s,hl_monaco_test.mp4,3650,18250,365.0,7,okx,0.8519554138183594,723.262939453125,682.7930908203125,1003.3610229492188,756.524169921875,280.09808349609375,73.7310791015625,20651.93359375,1920,1080,2073600,0.009959458373486996,0.4,640,5
YOLO11s,hl_monaco_test.mp4,3651,18255,365.1,7,okx,0.8798229694366455,1123.797607421875,683.4863891601562,1402.34716796875,757.2337646484375,278.549560546875,73.74737548828125,20542.298828125,1920,1080,2073600,0.009906587190926075,0.4,640,5
YOLO11s,hl_monaco_test.mp4,3651,18255,365.1,7,okx,0.8600650429725647,723.4814453125,682.1986083984375,1004.0634155273438,754.69775390625,280.58197021484375,72.4991455078125,20341.953125,1920,1080,2073600,0.009809969924390316,0.4,640,5
YOLO11s,hl_monaco_test.mp4,3652,18260,365.2,7,okx,0.8868941068649292,1122.74365234375,688.3975830078125,1404.8125,764.1527099609375,282.06884765625,75.755126953125,21368.162109375,1920,1080,2073600,0.010304861702024937,0.4,640,5
YOLO11s,hl_monaco_test.mp4,3652,18260,365.2,7,okx,0.8526464104652405,723.48583984375,685.1751708984375,1004.50537109375,762.041015625,281.01953125,76.8658447265625,21600.802734375,1920,1080,2073600,0.01041705347597599,0.4,640,5
YOLO11s,hl_monaco_test.mp4,3653,18265,365.3,7,okx,0.8936914801597595,1122.702880859375,689.3133544921875,1406.7366943359375,764.8740234375,284.0338134765625,75.5606689453125,21461.78515625,1920,1080,2073600,0.010350012220442295,0.4,640,5
YOLO11s,hl_monaco_test.mp4,3653,18265,365.3,7,okx,0.8479977250099182,721.1248168945312,687.0841064453125,1015.3324584960938,763.9718017578125,294.2076416015625,76.8876953125,22620.947265625,1920,1080,2073600,0.010909021832048893,0.4,640,5
YOLO11s,hl_monaco_test.mp4,3654,18270,365.4,7,okx,0.8712072372436523,1124.682861328125,688.1581420898438,1402.1407470703125,764.8723754882812,277.4578857421875,76.7142333984375,21284.96875,1920,1080,2073600,0.010264742188155651,0.4,640,5
YOLO11s,hl_monaco_test.mp4,3654,18270,365.4,7,okx,0.8616194725036621,719.7637939453125,685.8720703125,1007.513671875,762.2902221679688,287.7498779296875,76.41815185546875,21989.314453125,1920,1080,2073600,0.010604415088891983,0.4,640,5
YOLO11s,hl_monaco_test.mp4,3655,18275,365.5,7,okx,0.8636606335639954,1112.9432373046875,684.17919921875,1389.5115966796875,761.52001953125,276.568359375,77.3408203125,21390.0234375,1920,1080,2073600,0.010315405204892159,0.4,640,5
YOLO11s,hl_monaco_test.mp4,3655,18275,365.5,7,okx,0.8411611318588257,716.68896484375,681.8179931640625,986.6130981445312,755.9631958007812,269.92413330078125,74.14520263671875,20013.580078125,1920,1080,2073600,0.009651610627770424,0.4,640,5
YOLO11s,hl_monaco_test.mp4,3656,18280,365.6,7,okx,0.8757957220077515,1112.762451171875,665.7520751953125,1386.439697265625,740.3057861328125,273.67724609375,74.5537109375,20403.654296875,1920,1080,2073600,0.00983972568064928,0.4,640,5
YOLO11s,hl_monaco_test.mp4,3656,18280,365.6,7,okx,0.8623703718185425,713.919921875,665.814697265625,990.4077758789062,740.3568115234375,276.48785400390625,74.5421142578125,20609.98828125,1920,1080,2073600,0.009939230047166348,0.4,640,5
YOLO11s,hl_monaco_test.mp4,3657,18285,365.7,7,okx,0.8660154938697815,716.73876953125,654.333251953125,1003.5499267578125,729.045166015625,286.8111572265625,74.7119140625,21428.2109375,1920,1080,2073600,0.010333821177482605,0.4,640,5
YOLO11s,hl_monaco_test.mp4,3657,18285,365.7,7,okx,0.847388505935669,1115.499267578125,655.14111328125,1399.362060546875,729.8106079101562,283.86279296875,74.66949462890625,21195.890625,1920,1080,2073600,0.010221784003078938,0.4,640,5
YOLO11s,hl_monaco_test.mp4,3658,18290,365.8,7,okx,0.8657667636871338,1113.319580078125,684.330810546875,1386.435302734375,760.37939453125,273.11572265625,76.048583984375,20770.064453125,1920,1080,2073600,0.010016427375376225,0.4,640,5
YOLO11s,hl_monaco_test.mp4,3658,18290,365.8,7,okx,0.8608496785163879,710.318115234375,676.9090576171875,985.950439453125,751.8922119140625,275.63232421875,74.983154296875,20667.78125,1920,1080,2073600,0.009967101737856865,0.4,640,5
YOLO11s,hl_monaco_test.mp4,3659,18295,365.9,7,okx,0.8805294632911682,712.7100830078125,695.70947265625,995.016845703125,772.63671875,282.3067626953125,76.92724609375,21717.08203125,1920,1080,2073600,0.010473130270838737,0.4,640,5
YOLO11s,hl_monaco_test.mp4,3659,18295,365.9,7,okx,0.8535504937171936,1114.828369140625,703.6553955078125,1390.084228515625,777.2813720703125,275.255859375,73.6259765625,20265.982421875,1920,1080,2073600,0.009773332625627518,0.4,640,5
YOLO11s,hl_monaco_test.mp4,3660,18300,366.0,7,okx,0.8893790245056152,1114.5662841796875,694.3994750976562,1388.9791259765625,767.8934326171875,274.412841796875,73.49395751953125,20167.685546875,1920,1080,2073600,0.00972592830657959,0.4,640,5
YOLO11s,hl_monaco_test.mp4,3660,18300,366.0,7,okx,0.8616991639137268,712.3057250976562,691.5396728515625,991.4110107421875,767.4193115234375,279.10528564453125,75.879638671875,21178.408203125,1920,1080,2073600,0.010213352739810944,0.4,640,5
YOLO11s,hl_monaco_test.mp4,3661,18305,366.1,7,okx,0.8832888007164001,1119.7095947265625,713.600341796875,1392.904052734375,789.0943603515625,273.1944580078125,75.4940185546875,20624.546875,1920,1080,2073600,0.009946251288056374,0.4,640,5
YOLO11s,hl_monaco_test.mp4,3661,18305,366.1,7,okx,0.8359180092811584,720.2069091796875,711.0294189453125,1009.6466674804688,786.546142578125,289.43975830078125,75.5167236328125,21857.54296875,1920,1080,2073600,0.01054086722433567,0.4,640,5
YOLO11s,hl_monaco_test.mp4,3662,18310,366.2,7,okx,0.8432194590568542,1121.1826171875,737.4098510742188,1394.9000244140625,809.4208374023438,273.7174072265625,72.010986328125,19710.66015625,1920,1080,2073600,0.009505527094006538,0.4,640,5
YOLO11s,hl_monaco_test.mp4,3662,18310,366.2,7,okx,0.8393900990486145,715.6448974609375,732.6403198242188,997.6690673828125,810.0796508789062,282.024169921875,77.4393310546875,21839.763671875,1920,1080,2073600,0.01053229346871376,0.4,640,5
YOLO11s,hl_monaco_test.mp4,3663,18315,366.3,7,okx,0.8876445889472961,1116.35205078125,739.1482543945312,1392.356201171875,813.7260131835938,276.004150390625,74.5777587890625,20583.771484375,1920,1080,2073600,0.009926587343215942,0.4,640,5
YOLO11s,hl_monaco_test.mp4,3663,18315,366.3,7,okx,0.8432846069335938,710.1815795898438,737.7456665039062,994.19970703125,812.888671875,284.01812744140625,75.14300537109375,21341.9765625,1920,1080,2073600,0.010292233899235725,0.4,640,5
YOLO11s,hl_monaco_test.mp4,3664,18320,366.4,7,okx,0.874665379524231,1115.982421875,737.619140625,1384.7413330078125,811.1130981445312,268.7589111328125,73.49395751953125,19752.15625,1920,1080,2073600,0.009525538422167301,0.4,640,5
YOLO11s,hl_monaco_test.mp4,3664,18320,366.4,7,okx,0.8374634981155396,705.8953857421875,737.6976928710938,982.9198608398438,808.4877319335938,277.02447509765625,70.7900390625,19610.57421875,1920,1080,2073600,0.009457260370254517,0.4,640,5
YOLO11s,hl_monaco_test.mp4,3665,18325,366.5,7,okx,0.8960525989532471,704.5760498046875,720.016845703125,982.1661376953125,796.4873657226562,277.590087890625,76.47052001953125,21227.458984375,1920,1080,2073600,0.010237007401883602,0.4,640,5
YOLO11s,hl_monaco_test.mp4,3665,18325,366.5,7,okx,0.8519178628921509,1110.983154296875,727.1510620117188,1387.701904296875,800.36572265625,276.71875,73.21466064453125,20259.869140625,1920,1080,2073600,0.009770384058356285,0.4,640,5
YOLO11s,hl_monaco_test.mp4,3666,18330,366.6,7,okx,0.8716031908988953,697.5802612304688,697.8052368164062,969.027099609375,773.0949096679688,271.44683837890625,75.2896728515625,20437.14453125,1920,1080,2073600,0.009855875745415688,0.4,640,5
YOLO11s,hl_monaco_test.mp4,3666,18330,366.6,7,okx,0.8497192859649658,1105.9061279296875,704.1139526367188,1387.576171875,777.3414916992188,281.6700439453125,73.2275390625,20626.00390625,1920,1080,2073600,0.009946954436600208,0.4,640,5
YOLO11s,hl_monaco_test.mp4,3667,18335,366.7,7,okx,0.8691090941429138,693.0474853515625,704.9246826171875,969.537353515625,778.5372314453125,276.4898681640625,73.612548828125,20353.123046875,1920,1080,2073600,0.009815356694161892,0.4,640,5
YOLO11s,hl_monaco_test.mp4,3667,18335,366.7,7,okx,0.8506494164466858,1101.423095703125,701.6634521484375,1372.72314453125,775.1998901367188,271.300048828125,73.53643798828125,19950.439453125,1920,1080,2073600,0.00962116103619337,0.4,640,5
YOLO11s,hl_monaco_test.mp4,3668,18340,366.8,7,okx,0.8775773048400879,694.6826171875,681.8616943359375,970.7470092773438,756.4363403320312,276.06439208984375,74.57464599609375,20587.404296875,1920,1080,2073600,0.009928339160978794,0.4,640,5
YOLO11s,hl_monaco_test.mp4,3668,18340,366.8,7,okx,0.8283748030662537,1105.7376708984375,683.5869140625,1380.3760986328125,756.8300170898438,274.638427734375,73.24310302734375,20115.37109375,1920,1080,2073600,0.009700699709355831,0.4,640,5
YOLO11s,hl_monaco_test.mp4,3669,18345,366.9,7,okx,0.8711981773376465,692.5833129882812,688.5750732421875,969.728759765625,760.305908203125,277.14544677734375,71.7308349609375,19879.875,1920,1080,2073600,0.009587131440639496,0.4,640,5
YOLO11s,hl_monaco_test.mp4,3669,18345,366.9,7,okx,0.8467540144920349,1106.945556640625,688.7435302734375,1384.819091796875,762.9111328125,277.87353515625,74.1676025390625,20609.21484375,1920,1080,2073600,0.009938857518136501,0.4,640,5
YOLO11s,hl_monaco_test.mp4,3670,18350,367.0,7,okx,0.8570907115936279,691.8310546875,685.3021240234375,967.1467895507812,761.7401123046875,275.31573486328125,76.43798828125,21044.580078125,1920,1080,2073600,0.01014881394803524,0.4,640,5
YOLO11s,hl_monaco_test.mp4,3670,18350,367.0,7,okx,0.8355336785316467,1105.3885498046875,688.9554443359375,1381.136962890625,764.8065185546875,275.7484130859375,75.85107421875,20915.8125,1920,1080,2073600,0.01008671522140503,0.4,640,5
YOLO11s,hl_monaco_test.mp4,3671,18355,367.1,7,okx,0.8927952647209167,1104.1578369140625,694.0228271484375,1380.849609375,768.392822265625,276.6917724609375,74.3699951171875,20577.56640625,1920,1080,2073600,0.009923595003783703,0.4,640,5
YOLO11s,hl_monaco_test.mp4,3671,18355,367.1,7,okx,0.8882960081100464,691.8952026367188,689.7008056640625,971.5587158203125,764.3602294921875,279.66351318359375,74.659423828125,20879.517578125,1920,1080,2073600,0.010069211944937706,0.4,640,5
YOLO11s,hl_monaco_test.mp4,3672,18360,367.2,7,okx,0.8945279121398926,699.0894775390625,693.877197265625,974.184326171875,771.9105834960938,275.0948486328125,78.03338623046875,21466.58203125,1920,1080,2073600,0.01035232562571764,0.4,640,5
YOLO11s,hl_monaco_test.mp4,3672,18360,367.2,7,okx,0.8835325837135315,1105.6368408203125,696.4319458007812,1389.52099609375,772.9898071289062,283.8841552734375,76.557861328125,21733.564453125,1920,1080,2073600,0.010481078177690506,0.4,640,5
YOLO11s,hl_monaco_test.mp4,3673,18365,367.3,7,okx,0.8915638327598572,696.2670288085938,700.796630859375,972.4866943359375,776.7542724609375,276.21966552734375,75.9576416015625,20980.994140625,1920,1080,2073600,0.010118149220943451,0.4,640,5
YOLO11s,hl_monaco_test.mp4,3673,18365,367.3,7,okx,0.8528320789337158,1105.2451171875,704.15380859375,1384.131591796875,777.072021484375,278.886474609375,72.918212890625,20335.904296875,1920,1080,2073600,0.00980705302208662,0.4,640,5
YOLO11s,hl_monaco_test.mp4,3674,18370,367.4,7,okx,0.9066528677940369,694.6068115234375,691.7347412109375,974.1640625,768.5526123046875,279.5572509765625,76.81787109375,21474.9921875,1920,1080,2073600,0.01035638153553009,0.4,640,5
YOLO11s,hl_monaco_test.mp4,3674,18370,367.4,7,okx,0.8935555219650269,1106.8992919921875,695.1451416015625,1383.1109619140625,771.4619750976562,276.211669921875,76.31683349609375,21079.599609375,1920,1080,2073600,0.010165701620280743,0.4,640,5
YOLO11s,hl_monaco_test.mp4,3675,18375,367.5,7,okx,0.895645797252655,695.3445434570312,693.9406127929688,973.1297607421875,769.8883666992188,277.78521728515625,75.94775390625,21097.1640625,1920,1080,2073600,0.010174172930419445,0.4,640,5
YOLO11s,hl_monaco_test.mp4,3675,18375,367.5,7,okx,0.8887015581130981,1104.8775634765625,696.5908203125,1387.3453369140625,773.0187377929688,282.4677734375,76.42791748046875,21588.423828125,1920,1080,2073600,0.010411083698272705,0.4,640,5
YOLO11s,hl_monaco_test.mp4,3676,18380,367.6,7,okx,0.9034535884857178,702.8677978515625,695.424072265625,975.39599609375,776.5922241210938,272.5281982421875,81.16815185546875,22120.609375,1920,1080,2073600,0.010667731985449791,0.4,640,5
YOLO11s,hl_monaco_test.mp4,3676,18380,367.6,7,okx,0.8566052317619324,1105.23974609375,702.6845092773438,1386.66259765625,776.94580078125,281.4228515625,74.26129150390625,20898.82421875,1920,1080,2073600,0.010078522376716137,0.4,640,5
YOLO11s,hl_monaco_test.mp4,3677,18385,367.7,7,okx,0.8995731472969055,700.7462158203125,694.34814453125,977.2366333007812,770.4244995117188,276.49041748046875,76.07635498046875,21034.3828125,1920,1080,2073600,0.010143895633518696,0.4,640,5
YOLO11s,hl_monaco_test.mp4,3677,18385,367.7,7,okx,0.8854982852935791,1104.7755126953125,697.1282958984375,1387.328125,773.9522094726562,282.5526123046875,76.82391357421875,21706.796875,1920,1080,2073600,0.010468170046806335,0.4,640,5
YOLO11s,hl_monaco_test.mp4,3678,18390,367.8,7,okx,0.8555243611335754,705.5409545898438,706.0938720703125,979.8497314453125,780.8545532226562,274.30877685546875,74.76068115234375,20507.51171875,1920,1080,2073600,0.009889811277389526,0.4,640,5
YOLO11s,hl_monaco_test.mp4,3678,18390,367.8,7,okx,0.8444631099700928,1110.132080078125,709.2984619140625,1384.210205078125,783.7486572265625,274.078125,74.4501953125,20405.169921875,1920,1080,2073600,0.009840455837547779,0.4,640,5
YOLO11s,hl_monaco_test.mp4,3679,18395,367.9,7,okx,0.8435481190681458,1109.884033203125,705.6016845703125,1382.097412109375,777.9296264648438,272.21337890625,72.32794189453125,19688.6328125,1920,1080,2073600,0.0094949034973979,0.4,640,5
YOLO11s,hl_monaco_test.mp4,3691,18455,369.1,7,okx,0.45131587982177734,926.3578491210938,502.1864318847656,978.8754272460938,512.8416748046875,52.517578125,10.655242919921875,559.5875244140625,1920,1080,2073600,0.0002698628231883049,0.4,640,5
YOLO11s,hl_monaco_test.mp4,3692,18460,369.2,7,okx,0.44611480832099915,399.9201965332031,647.0601806640625,445.5315856933594,659.1658935546875,45.61138916015625,12.105712890625,552.1583862304688,1920,1080,2073600,0.00026628008345142007,0.4,640,5
YOLO11s,hl_monaco_test.mp4,3694,18470,369.4,7,okx,0.5729393362998962,1128.3980712890625,560.499267578125,1167.5635986328125,576.1038818359375,39.16552734375,15.6046142578125,611.1629638671875,1920,1080,2073600,0.00029473521863110363,0.4,640,5
YOLO11s,hl_monaco_test.mp4,3695,18475,369.5,4,hp,0.5406880378723145,922.864990234375,603.3935546875,945.6453857421875,624.044921875,22.7803955078125,20.6513671875,470.4463195800781,1920,1080,2073600,0.0002268741955049336,0.4,640,5
YOLO11s,hl_monaco_test.mp4,3695,18475,369.5,4,hp,0.45935726165771484,938.7687377929688,479.1025085449219,959.4508666992188,494.3404541015625,20.68212890625,15.237945556640625,315.1531677246094,1920,1080,2073600,0.0001519835932413116,0.4,640,5
YOLO11s,hl_monaco_test.mp4,3695,18475,369.5,4,hp,0.4333954453468323,1018.7552490234375,605.6201171875,1038.0538330078125,624.3778076171875,19.298583984375,18.7576904296875,361.9968566894531,1920,1080,2073600,0.00017457410285715014,0.4,640,5
YOLO11s,hl_monaco_test.mp4,3695,18475,369.5,7,okx,0.42015203833580017,1429.94580078125,736.2418212890625,1490.321533203125,804.3369140625,60.375732421875,68.0950927734375,4111.291015625,1920,1080,2073600,0.0019826828502118587,0.4,640,5
YOLO11s,hl_monaco_test.mp4,3696,18480,369.6,4,hp,0.6248660087585449,920.8775024414062,620.5870361328125,948.2969970703125,636.2799072265625,27.41949462890625,15.69287109375,430.29058837890625,1920,1080,2073600,0.00020750895782839507,0.4,640,5
YOLO11s,hl_monaco_test.mp4,3696,18480,369.6,4,hp,0.5436086654663086,1030.2823486328125,620.3587646484375,1048.3052978515625,635.7734985351562,18.02294921875,15.41473388671875,277.8189697265625,1920,1080,2073600,0.00013397906150203198,0.4,640,5
YOLO11s,hl_monaco_test.mp4,3696,18480,369.6,4,hp,0.44541028141975403,879.9068603515625,514.9097900390625,900.7420654296875,532.7825317382812,20.835205078125,17.87274169921875,372.3822326660156,1920,1080,2073600,0.00017958247917704284,0.4,640,5
YOLO11s,hl_monaco_test.mp4,3697,18485,369.7,4,hp,0.7409836649894714,939.4163818359375,637.5059204101562,967.3348388671875,655.5447998046875,27.91845703125,18.03887939453125,503.61767578125,1920,1080,2073600,0.0002428711741231382,0.4,640,5
YOLO11s,hl_monaco_test.mp4,3697,18485,369.7,4,hp,0.7028265595436096,1059.608642578125,637.9052734375,1079.9578857421875,654.06982421875,20.3492431640625,16.16455078125,328.9363708496094,1920,1080,2073600,0.00015863057342357934,0.4,640,5
YOLO11s,hl_monaco_test.mp4,3698,18490,369.8,4,hp,0.8010782599449158,1022.0007934570312,667.2177734375,1048.908935546875,686.657470703125,26.90814208984375,19.439697265625,523.0861206054688,1920,1080,2073600,0.00025225989520549774,0.4,640,5
YOLO11s,hl_monaco_test.mp4,3698,18490,369.8,4,hp,0.400460809469223,719.09033203125,457.9324035644531,739.0940551757812,491.9885559082031,20.00372314453125,34.05615234375,681.2498168945312,1920,1080,2073600,0.0003285348357167095,0.4,640,5
YOLO11s,hl_monaco_test.mp4,3699,18495,369.9,4,hp,0.7068979144096375,1166.289794921875,730.50537109375,1190.908203125,757.6324462890625,24.618408203125,27.1270751953125,667.825439453125,1920,1080,2073600,0.0003220608923584223,0.4,640,5
YOLO11s,hl_monaco_test.mp4,3699,18495,369.9,4,hp,0.639916718006134,1148.6217041015625,543.734375,1191.4345703125,580.8792724609375,42.8128662109375,37.1448974609375,1590.279541015625,1920,1080,2073600,0.0007669171900488436,0.4,640,5
YOLO11s,hl_monaco_test.mp4,3699,18495,369.9,4,hp,0.4301048219203949,561.4285278320312,446.08831787109375,605.2989501953125,500.31756591796875,43.87042236328125,54.229248046875,2379.06005859375,1920,1080,2073600,0.001147309085354209,0.4,640,5
YOLO11s,hl_monaco_test.mp4,3700,18500,370.0,4,hp,0.8758357763290405,1214.8173828125,548.4090576171875,1272.5859375,593.5313720703125,57.7685546875,45.122314453125,2606.65087890625,1920,1080,2073600,0.001257065450772643,0.4,640,5
YOLO11s,hl_monaco_test.mp4,3701,18505,370.1,4,hp,0.8436225652694702,1357.0921630859375,526.2980346679688,1416.6605224609375,574.8785400390625,59.568359375,48.58050537109375,2893.861083984375,1920,1080,2073600,0.0013955734902992845,0.4,640,5
YOLO11s,hl_monaco_test.mp4,3702,18510,370.2,4,hp,0.7663796544075012,1387.14501953125,521.3641967773438,1434.801025390625,559.780029296875,47.656005859375,38.41583251953125,1830.7451171875,1920,1080,2073600,0.0008828825084492564,0.4,640,5
YOLO11s,hl_monaco_test.mp4,3702,18510,370.2,4,hp,0.4599984884262085,795.6300659179688,518.8604125976562,889.8206176757812,606.0302734375,94.1905517578125,87.16986083984375,8210.5771484375,1920,1080,2073600,0.00395957613363862,0.4,640,5
YOLO11s,hl_monaco_test.mp4,3703,18515,370.3,4,hp,0.6647010445594788,1020.0353393554688,518.7684936523438,1083.046630859375,567.9200439453125,63.01129150390625,49.15155029296875,3097.102783203125,1920,1080,2073600,0.0014935873914510012,0.4,640,5
YOLO11s,hl_monaco_test.mp4,3704,18520,370.4,4,hp,0.6230673789978027,1049.879150390625,499.8132019042969,1093.635986328125,548.386474609375,43.7568359375,48.573272705078125,2125.412841796875,1920,1080,2073600,0.0010249868500977755,0.4,640,5
YOLO11s,hl_monaco_test.mp4,3705,18525,370.5,7,okx,0.4918375313282013,405.95709228515625,647.49365234375,446.726806640625,661.3734741210938,40.76971435546875,13.87982177734375,565.8763427734375,1920,1080,2073600,0.0002728956169448793,0.4,640,5
YOLO11s,hl_monaco_test.mp4,3705,18525,370.5,4,hp,0.41604387760162354,971.2291259765625,494.7193908691406,997.5157470703125,527.0179443359375,26.28662109375,32.298553466796875,849.0198364257812,1920,1080,2073600,0.00040944243664853275,0.4,640,5
YOLO11s,hl_monaco_test.mp4,3706,18530,370.6,4,hp,0.6223750710487366,926.731201171875,518.6380615234375,949.4619140625,535.080810546875,22.730712890625,16.4427490234375,373.7554016113281,1920,1080,2073600,0.00018024469318334013,0.4,640,5
YOLO11s,hl_monaco_test.mp4,3706,18530,370.6,7,okx,0.4297771155834198,405.9831848144531,647.7327880859375,446.6725158691406,662.08056640625,40.6893310546875,14.3477783203125,583.801513671875,1920,1080,2073600,0.00028154009487479925,0.4,640,5
YOLO11s,hl_monaco_test.mp4,3707,18535,370.7,7,okx,0.42237362265586853,407.3293762207031,647.3553466796875,446.8365783691406,660.441162109375,39.5072021484375,13.0858154296875,516.9839477539062,1920,1080,2073600,0.00024931709049269557,0.4,640,5
YOLO11s,hl_monaco_test.mp4,3708,18540,370.8,7,okx,0.4110734462738037,408.3603515625,647.2743530273438,446.79583740234375,659.8408813476562,38.43548583984375,12.5665283203125,483.0006103515625,1920,1080,2073600,0.00023292853438761085,0.4,640,5
YOLO11s,hl_monaco_test.mp4,3709,18545,370.9,7,okx,0.44493287801742554,407.2343444824219,647.44873046875,447.0830383300781,660.6519775390625,39.84869384765625,13.2032470703125,526.1321411132812,1920,1080,2073600,0.00025372885284014046,0.4,640,5
YOLO11s,hl_monaco_test.mp4,3710,18550,371.0,7,okx,0.5257224440574646,406.8880615234375,647.3655395507812,446.7413330078125,660.0924682617188,39.853271484375,12.7269287109375,507.2097473144531,1920,1080,2073600,0.00024460346321575344,0.4,640,5
YOLO11s,hl_monaco_test.mp4,3711,18555,371.1,7,okx,0.536517322063446,404.76983642578125,647.0772705078125,446.103515625,659.7635498046875,41.33367919921875,12.686279296875,524.37060546875,1920,1080,2073600,0.00025287934113293886,0.4,640,5
YOLO11s,hl_monaco_test.mp4,3713,18565,371.3,7,okx,0.5308505296707153,399.5909729003906,647.0989379882812,446.3045654296875,661.193359375,46.713592529296875,14.09442138671875,658.4010620117188,1920,1080,2073600,0.0003175159508828074,0.4,640,5
YOLO11s,hl_monaco_test.mp4,3725,18625,372.5,7,okx,0.4368293881416321,398.93939208984375,647.1339111328125,445.7677001953125,659.3729248046875,46.82830810546875,12.239013671875,573.13232421875,1920,1080,2073600,0.0002763948286883533,0.4,640,5
YOLO11s,hl_monaco_test.mp4,3726,18630,372.6,7,okx,0.5219113826751709,399.2171630859375,647.58935546875,446.6966857910156,660.27783203125,47.479522705078125,12.6884765625,602.4428100585938,1920,1080,2073600,0.0002905299188569188,0.4,640,5
YOLO11s,hl_monaco_test.mp4,3727,18635,372.7,7,okx,0.4443104565143585,402.22650146484375,646.841064453125,446.2980651855469,659.3033447265625,44.071563720703125,12.4622802734375,549.232177734375,1920,1080,2073600,0.0002648689260240644,0.4,640,5
YOLO11s,hl_monaco_test.mp4,3729,18645,372.9,7,okx,0.4656100869178772,406.62347412109375,647.0572509765625,447.43896484375,659.0823974609375,40.81549072265625,12.025146484375,490.812255859375,1920,1080,2073600,0.00023669571965001523,0.4,640,5
YOLO11s,hl_monaco_test.mp4,3732,18660,373.2,7,okx,0.4642655551433563,402.9841003417969,647.6502075195312,446.6474304199219,661.3563232421875,43.663330078125,13.70611572265625,598.4546508789062,1920,1080,2073600,0.00028860659222118556,0.4,640,5
YOLO11s,hl_monaco_test.mp4,3736,18680,373.6,7,okx,0.4168272316455841,1093.10693359375,560.8275146484375,1137.65283203125,576.04541015625,44.5458984375,15.2178955078125,677.8948364257812,1920,1080,2073600,0.0003269168664701283,0.4,640,5
YOLO11s,hl_monaco_test.mp4,3738,18690,373.8,7,okx,0.6768473386764526,885.3330688476562,574.37158203125,956.8320922851562,595.0661010742188,71.4990234375,20.69451904296875,1479.637939453125,1920,1080,2073600,0.0007135599735192955,0.4,640,5
YOLO11s,hl_monaco_test.mp4,3742,18710,374.2,4,hp,0.8486728072166443,1348.16259765625,291.8973388671875,1450.78466796875,371.2176513671875,102.6220703125,79.3203125,8140.0146484375,1920,1080,2073600,0.003925547003746033,0.4,640,5
YOLO11s,hl_monaco_test.mp4,3759,18795,375.9,7,okx,0.5316178202629089,1223.056396484375,253.34796142578125,1292.6746826171875,275.40301513671875,69.6182861328125,22.0550537109375,1535.43505859375,1920,1080,2073600,0.0007404682692140341,0.4,640,5
YOLO11s,hl_monaco_test.mp4,3760,18800,376.0,7,okx,0.8042929172515869,1375.969970703125,271.0428771972656,1456.4918212890625,293.9424133300781,80.5218505859375,22.8995361328125,1843.9130859375,1920,1080,2073600,0.000889232789631933,0.4,640,5
YOLO11s,hl_monaco_test.mp4,3761,18805,376.1,7,okx,0.856860876083374,1349.0562744140625,280.21929931640625,1439.9644775390625,302.92803955078125,90.908203125,22.708740234375,2064.410888671875,1920,1080,2073600,0.0009955684654414654,0.4,640,5
YOLO11s,hl_monaco_test.mp4,3761,18805,376.1,4,hp,0.6353726387023926,946.5349731445312,220.4828338623047,966.5322875976562,240.2742462158203,19.997314453125,19.791412353515625,395.77508544921875,1920,1080,2073600,0.00019086374959442765,0.4,640,5
YOLO11s,hl_monaco_test.mp4,3762,18810,376.2,7,okx,0.827648401260376,1245.4002685546875,279.93121337890625,1343.1683349609375,304.91314697265625,97.76806640625,24.98193359375,2442.435302734375,1920,1080,2073600,0.0011778719490393996,0.4,640,5
YOLO11s,hl_monaco_test.mp4,3763,18815,376.3,7,okx,0.8482299447059631,1076.9110107421875,271.57916259765625,1178.6473388671875,300.53594970703125,101.736328125,28.956787109375,2945.957275390625,1920,1080,2073600,0.0014206969644874334,0.4,640,5
YOLO11s,hl_monaco_test.mp4,3764,18820,376.4,7,okx,0.8010263442993164,929.4794311523438,267.0849609375,1051.123291015625,298.2131652832031,121.64385986328125,31.128204345703125,3786.554931640625,1920,1080,2073600,0.0018260778160765767,0.4,640,5
YOLO11s,hl_monaco_test.mp4,3764,18820,376.4,4,hp,0.6506502032279968,1260.42578125,183.2629852294922,1285.82568359375,204.66586303710938,25.39990234375,21.402877807617188,543.6309814453125,1920,1080,2073600,0.0002621677122078836,0.4,640,5
YOLO11s,hl_monaco_test.mp4,3765,18825,376.5,7,okx,0.8330587148666382,647.45947265625,286.6129150390625,774.444580078125,321.5433349609375,126.985107421875,34.930419921875,4435.64306640625,1920,1080,2073600,0.002139102667570114,0.4,640,5
YOLO11s,hl_monaco_test.mp4,3765,18825,376.5,4,hp,0.5278819799423218,1215.8125,184.3173065185547,1237.372314453125,204.3065643310547,21.559814453125,19.9892578125,430.9646911621094,1920,1080,2073600,0.00020783404761459678,0.4,640,5
YOLO11s,hl_monaco_test.mp4,3766,18830,376.6,7,okx,0.8577215671539307,649.5390625,290.12408447265625,783.54150390625,325.5162353515625,134.00244140625,35.39215087890625,4742.634765625,1920,1080,2073600,0.0022871503606438637,0.4,640,5
YOLO11s,hl_monaco_test.mp4,3767,18835,376.7,7,okx,0.8548874855041504,696.9815673828125,332.9580078125,833.6851806640625,370.443115234375,136.70361328125,37.485107421875,5124.349609375,1920,1080,2073600,0.0024712334852665663,0.4,640,5
YOLO11s,hl_monaco_test.mp4,3767,18835,376.7,4,hp,0.6754009127616882,899.4617919921875,204.29269409179688,921.3638916015625,218.35707092285156,21.902099609375,14.064376831054688,308.03936767578125,1920,1080,2073600,0.00014855293557047844,0.4,640,5
YOLO11s,hl_monaco_test.mp4,3768,18840,376.8,7,okx,0.8042623996734619,1116.4127197265625,380.24212646484375,1251.6771240234375,418.634033203125,135.264404296875,38.39190673828125,5193.05859375,1920,1080,2073600,0.002504368545487523,0.4,640,5
YOLO11s,hl_monaco_test.mp4,3768,18840,376.8,4,hp,0.776378333568573,638.5045166015625,424.8027648925781,673.8792114257812,446.3769836425781,35.37469482421875,21.57421875,763.181396484375,1920,1080,2073600,0.0003680465742945671,0.4,640,5
YOLO11s,hl_monaco_test.mp4,3768,18840,376.8,7,okx,0.759692370891571,900.39404296875,383.4897766113281,1044.561767578125,423.4664611816406,144.167724609375,39.9766845703125,5763.34765625,1920,1080,2073600,0.0027793922927230597,0.4,640,5
YOLO11s,hl_monaco_test.mp4,3768,18840,376.8,4,hp,0.5490950345993042,702.9241943359375,217.42259216308594,724.6005859375,240.22837829589844,21.6763916015625,22.8057861328125,494.3471374511719,1920,1080,2073600,0.00023840043286327273,0.4,640,5
YOLO11s,hl_monaco_test.mp4,3769,18845,376.9,7,okx,0.8073874115943909,1225.73388671875,462.654541015625,1381.383056640625,509.20538330078125,155.649169921875,46.55084228515625,7245.60009765625,1920,1080,2073600,0.0034942131023854017,0.4,640,5
YOLO11s,hl_monaco_test.mp4,3769,18845,376.9,7,okx,0.7876521944999695,1500.03466796875,450.5327453613281,1611.333740234375,494.0459289550781,111.299072265625,43.51318359375,4842.97705078125,1920,1080,2073600,0.0023355407174676657,0.4,640,5
YOLO11s,hl_monaco_test.mp4,3769,18845,376.9,4,hp,0.7528141140937805,642.409423828125,234.1509246826172,667.4373779296875,254.9058380126953,25.0279541015625,20.754913330078125,519.4530029296875,1920,1080,2073600,0.0002505078155081719,0.4,640,5
YOLO11s,hl_monaco_test.mp4,3769,18845,376.9,4,hp,0.6602057814598083,676.0191650390625,450.01885986328125,717.030029296875,475.20648193359375,41.0108642578125,25.1876220703125,1032.9661865234375,1920,1080,2073600,0.0004981511156074703,0.4,640,5
YOLO11s,hl_monaco_test.mp4,3770,18850,377.0,4,hp,0.7490348815917969,611.62451171875,253.42510986328125,635.8017578125,275.0367736816406,24.17724609375,21.611663818359375,522.510498046875,1920,1080,2073600,0.0002519823028706014,0.4,640,5
YOLO11s,hl_monaco_test.mp4,3770,18850,377.0,4,hp,0.7465405464172363,784.1993408203125,472.2424621582031,819.6925048828125,497.8010559082031,35.4931640625,25.55859375,907.1553344726562,1920,1080,2073600,0.0004374784475658089,0.4,640,5
YOLO11s,hl_monaco_test.mp4,3770,18850,377.0,4,hp,0.4250961244106293,973.2724609375,460.8662109375,1010.552978515625,484.24420166015625,37.280517578125,23.37799072265625,871.5435791015625,1920,1080,2073600,0.0004203045682515949,0.4,640,5
YOLO11s,hl_monaco_test.mp4,3771,18855,377.1,4,hp,0.7824235558509827,656.8436279296875,262.16412353515625,682.900634765625,285.4496765136719,26.0570068359375,23.285552978515625,606.7518310546875,1920,1080,2073600,0.0002926079323515296,0.4,640,5
YOLO11s,hl_monaco_test.mp4,3771,18855,377.1,4,hp,0.6779085397720337,924.717041015625,550.3662109375,960.28271484375,582.3488159179688,35.565673828125,31.98260498046875,1137.48291015625,1920,1080,2073600,0.0005485546425916255,0.4,640,5
YOLO11s,hl_monaco_test.mp4,3771,18855,377.1,4,hp,0.6670904755592346,757.60693359375,258.78692626953125,784.5267333984375,279.7828369140625,26.9197998046875,20.99591064453125,565.2056884765625,1920,1080,2073600,0.0002725721860770136,0.4,640,5
YOLO11s,hl_monaco_test.mp4,3772,18860,377.2,4,hp,0.8018559217453003,810.8941040039062,301.0758972167969,840.6066284179688,327.1774597167969,29.7125244140625,26.1015625,775.5433349609375,1920,1080,2073600,0.000374008173821494,0.4,640,5
YOLO11s,hl_monaco_test.mp4,3772,18860,377.2,4,hp,0.7728927731513977,701.385986328125,308.0292663574219,731.5697631835938,334.9715881347656,30.18377685546875,26.94232177734375,813.2210083007812,1920,1080,2073600,0.0003921783354599029,0.4,640,5
YOLO11s,hl_monaco_test.mp4,3772,18860,377.2,4,hp,0.7603739500045776,1241.92626953125,647.5299072265625,1288.58642578125,686.6199951171875,46.66015625,39.090087890625,1823.9495849609375,1920,1080,2073600,0.0008796053007245064,0.4,640,5
YOLO11s,hl_monaco_test.mp4,3773,18865,377.3,4,hp,0.8693491220474243,939.2618408203125,347.7001953125,970.581298828125,379.0029602050781,31.3194580078125,31.302764892578125,980.3856201171875,1920,1080,2073600,0.00047279399586841464,0.4,640,5
YOLO11s,hl_monaco_test.mp4,3773,18865,377.3,4,hp,0.7272606492042542,1068.522705078125,339.4206848144531,1095.951904296875,370.365966796875,27.42919921875,30.945281982421875,848.8043212890625,1920,1080,2073600,0.00040933850686997175,0.4,640,5
YOLO11s,hl_monaco_test.mp4,3774,18870,377.4,7,okx,0.4172188341617584,1011.0313110351562,469.21160888671875,1047.105712890625,480.02215576171875,36.07440185546875,10.810546875,389.9840087890625,1920,1080,2073600,0.00018807098967954516,0.4,640,5
YOLO11s,hl_monaco_test.mp4,3775,18875,377.5,4,hp,0.4861438274383545,1294.832763671875,518.1341552734375,1310.06640625,528.5531005859375,15.233642578125,10.4189453125,158.71849060058594,1920,1080,2073600,7.654248474864289e-05,0.4,640,5
YOLO11s,hl_monaco_test.mp4,3776,18880,377.6,7,okx,0.5544534921646118,946.9444580078125,462.1447448730469,991.1434326171875,474.5387878417969,44.198974609375,12.39404296875,547.8040161132812,1920,1080,2073600,0.0002641801838763058,0.4,640,5
YOLO11s,hl_monaco_test.mp4,3777,18885,377.7,7,okx,0.45813801884651184,918.3438720703125,460.6845703125,967.8532104492188,472.78070068359375,49.50933837890625,12.09613037109375,598.8713989257812,1920,1080,2073600,0.00028880758327431977,0.4,640,5
YOLO11s,hl_monaco_test.mp4,3778,18890,377.8,7,okx,0.4521704316139221,902.982421875,457.5384521484375,950.314453125,470.6744384765625,47.33203125,13.135986328125,621.7529296875,1920,1080,2073600,0.0002998422714881599,0.4,640,5
YOLO11s,hl_monaco_test.mp4,3779,18895,377.9,7,okx,0.5124800205230713,882.9884033203125,448.16845703125,935.033203125,460.7030029296875,52.0447998046875,12.5345458984375,652.35791015625,1920,1080,2073600,0.0003146016097161919,0.4,640,5
YOLO11s,hl_monaco_test.mp4,3779,18895,377.9,4,hp,0.44883909821510315,1122.321533203125,422.1283264160156,1141.6688232421875,433.4872741699219,19.3472900390625,11.35894775390625,219.76486206054688,1920,1080,2073600,0.00010598228254821151,0.4,640,5
YOLO11s,hl_monaco_test.mp4,3779,18895,377.9,4,hp,0.40199726819992065,1113.967041015625,423.09588623046875,1136.184326171875,433.31585693359375,22.21728515625,10.219970703125,227.05999755859375,1920,1080,2073600,0.00010950038267765194,0.4,640,5
YOLO11s,hl_monaco_test.mp4,3780,18900,378.0,7,okx,0.5475040078163147,775.2967529296875,431.7649841308594,823.5380859375,447.8771667480469,48.2413330078125,16.1121826171875,777.273193359375,1920,1080,2073600,0.0003748424060177058,0.4,640,5
YOLO11s,hl_monaco_test.mp4,3780,18900,378.0,7,okx,0.46705949306488037,883.6951904296875,431.77362060546875,935.8802490234375,446.49676513671875,52.18505859375,14.72314453125,768.3281860351562,1920,1080,2073600,0.00037052863626740873,0.4,640,5
YOLO11s,hl_monaco_test.mp4,3781,18905,378.1,7,okx,0.7572614550590515,780.9891357421875,407.69195556640625,847.2848510742188,425.7197265625,66.29571533203125,18.02777099609375,1195.1639404296875,1920,1080,2073600,0.0005763715016655624,0.4,640,5
YOLO11s,hl_monaco_test.mp4,3782,18910,378.2,7,okx,0.7177616953849792,815.9505615234375,383.8591003417969,892.1751708984375,405.5981140136719,76.224609375,21.739013671875,1657.0478515625,1920,1080,2073600,0.0007991164457052946,0.4,640,5
YOLO11s,hl_monaco_test.mp4,3783,18915,378.3,7,okx,0.871557891368866,896.8939819335938,385.727294921875,983.9558715820312,410.57623291015625,87.0618896484375,24.84893798828125,2163.3955078125,1920,1080,2073600,0.0010433042189106345,0.4,640,5
YOLO11s,hl_monaco_test.mp4,3784,18920,378.4,7,okx,0.8511738181114197,1050.3372802734375,408.1142578125,1152.427978515625,436.25189208984375,102.0906982421875,28.13763427734375,2872.5908203125,1920,1080,2073600,0.0013853157870471478,0.4,640,5
YOLO11s,hl_monaco_test.mp4,3784,18920,378.4,4,hp,0.5107890963554382,687.6988525390625,467.6664733886719,709.1988525390625,482.4740295410156,21.5,14.80755615234375,318.3624572753906,1920,1080,2073600,0.0001535312767373398,0.4,640,5
YOLO11s,hl_monaco_test.mp4,3785,18925,378.5,7,okx,0.7927367091178894,1326.4383544921875,421.02166748046875,1449.916259765625,451.31463623046875,123.4779052734375,30.29296875,3740.51220703125,1920,1080,2073600,0.00180387357249856,0.4,640,5
YOLO11s,hl_monaco_test.mp4,3785,18925,378.5,4,hp,0.707598865032196,691.306396484375,464.428466796875,718.063720703125,481.3660888671875,26.75732421875,16.9376220703125,453.2054443359375,1920,1080,2073600,0.00021855972590856254,0.4,640,5
YOLO11s,hl_monaco_test.mp4,3786,18930,378.6,4,hp,0.646414041519165,642.6043701171875,267.17620849609375,666.2369384765625,288.5550537109375,23.632568359375,21.37884521484375,505.2370300292969,1920,1080,2073600,0.00024365211720578372,0.4,640,5
YOLO11s,hl_monaco_test.mp4,3786,18930,378.6,4,hp,0.4483656883239746,734.5399169921875,462.09283447265625,770.5517578125,482.40399169921875,36.0118408203125,20.3111572265625,731.442138671875,1920,1080,2073600,0.0003527402295731008,0.4,640,5
YOLO11s,hl_monaco_test.mp4,3823,19115,382.3,7,okx,0.44276052713394165,84.80904388427734,1007.8135986328125,110.775146484375,1023.2092895507812,25.966102600097656,15.39569091796875,399.7660827636719,1920,1080,2073600,0.00019278842955827713,0.4,640,5
YOLO11s,hl_monaco_test.mp4,3863,19315,386.3,8,oracle,0.7150312662124634,1240.687744140625,422.7239990234375,1537.88134765625,521.0734252929688,297.193603515625,98.34942626953125,29228.8203125,1920,1080,2073600,0.014095689170062542,0.4,640,5
YOLO11s,hl_monaco_test.mp4,3864,19320,386.4,8,oracle,0.5067616105079651,1238.135986328125,416.23956298828125,1519.946533203125,513.3865356445312,281.810546875,97.14697265625,27377.041015625,1920,1080,2073600,0.013202662579715252,0.4,640,5
YOLO11s,hl_monaco_test.mp4,3865,19325,386.5,3,capp,0.4437426030635834,1229.6884765625,107.76498413085938,1338.45068359375,130.51394653320312,108.76220703125,22.74896240234375,2474.227294921875,1920,1080,2073600,0.0011932037305086851,0.4,640,5
YOLO11s,hl_monaco_test.mp4,3867,19335,386.7,3,capp,0.4178963303565979,1211.54541015625,104.60223388671875,1336.097412109375,136.60433959960938,124.552001953125,32.002105712890625,3985.92626953125,1920,1080,2073600,0.0019222252303734422,0.4,640,5
YOLO11s,hl_monaco_test.mp4,3869,19345,386.9,3,capp,0.45612064003944397,1214.01318359375,108.12889099121094,1334.21435546875,141.81631469726562,120.201171875,33.68742370605469,4049.267822265625,1920,1080,2073600,0.001952771912328899,0.4,640,5
YOLO11s,hl_monaco_test.mp4,3871,19355,387.1,3,capp,0.6014422178268433,1199.8472900390625,127.75634765625,1330.475341796875,158.70762634277344,130.6280517578125,30.951278686523438,4043.105224609375,1920,1080,2073600,0.001949799945577979,0.4,640,5
YOLO11s,hl_monaco_test.mp4,3882,19410,388.2,8,oracle,0.5363417863845825,1629.73974609375,266.1402282714844,1883.79931640625,304.9688415527344,254.0595703125,38.82861328125,9864.78125,1920,1080,2073600,0.00475732097402215,0.4,640,5
YOLO11s,hl_monaco_test.mp4,3884,19420,388.4,8,oracle,0.587828516960144,510.5889587402344,452.722412109375,1035.2901611328125,547.2373046875,524.701171875,94.514892578125,49592.07421875,1920,1080,2073600,0.023915931582450867,0.4,640,5
YOLO11s,hl_monaco_test.mp4,3885,19425,388.5,8,oracle,0.6971103549003601,485.2320556640625,433.1963195800781,937.4456176757812,537.2176513671875,452.21356201171875,104.02133178710938,47039.85546875,1920,1080,2073600,0.022685116156935692,0.4,640,5
YOLO11s,hl_monaco_test.mp4,3885,19425,388.5,8,oracle,0.4883398413658142,1296.247802734375,396.4834899902344,1510.635986328125,444.1359558105469,214.38818359375,47.6524658203125,10216.1259765625,1920,1080,2073600,0.004926758352667093,0.4,640,5
YOLO11s,hl_monaco_test.mp4,3888,19440,388.8,8,oracle,0.829097330570221,657.38525390625,346.64239501953125,830.779541015625,467.4384765625,173.394287109375,120.79608154296875,20945.349609375,1920,1080,2073600,0.010100959800183773,0.4,640,5
YOLO11s,hl_monaco_test.mp4,3889,19445,388.9,8,oracle,0.8710059523582458,730.2540283203125,341.6802062988281,856.846923828125,446.8271484375,126.5928955078125,105.14694213867188,13310.85546875,1920,1080,2073600,0.006419200915843248,0.4,640,5
YOLO11s,hl_monaco_test.mp4,3929,19645,392.9,4,hp,0.7099665999412537,71.03474426269531,0.0,141.5829315185547,37.94977569580078,70.54818725585938,37.94977569580078,2677.287841796875,1920,1080,2073600,0.0012911303201690316,0.4,640,5
YOLO11s,hl_monaco_test.mp4,3935,19675,393.5,4,hp,0.4517861604690552,79.1180419921875,0.0,140.8743438720703,38.63694763183594,61.75630187988281,38.63694763183594,2386.074951171875,1920,1080,2073600,0.0011506919981911778,0.4,640,5
YOLO11s,hl_monaco_test.mp4,3936,19680,393.6,4,hp,0.44287553429603577,73.87982177734375,0.0,135.49166870117188,38.36873245239258,61.611846923828125,38.36873245239258,2363.968505859375,1920,1080,2073600,0.0011400311486795545,0.4,640,5
YOLO11s,hl_monaco_test.mp4,3969,19845,396.9,6,moneygram,0.6019941568374634,455.09674072265625,31.582592010498047,488.56365966796875,59.35017013549805,33.4669189453125,27.767578125,929.2952880859375,1920,1080,2073600,0.0004481555079109967,0.4,640,5
YOLO11s,hl_monaco_test.mp4,4077,20385,407.7,8,oracle,0.7210589647293091,1848.1322021484375,0.0,1920.0,52.745567321777344,71.8677978515625,52.745567321777344,3790.707763671875,1920,1080,2073600,0.0018280805088579655,0.4,640,5
YOLO11s,hl_monaco_test.mp4,4078,20390,407.8,8,oracle,0.4609423577785492,1846.15283203125,0.0,1920.0,40.451377868652344,73.84716796875,40.451377868652344,2987.2197265625,1920,1080,2073600,0.0014405959518626332,0.4,640,5
YOLO11s,hl_monaco_test.mp4,4105,20525,410.5,7,okx,0.5937873125076294,1146.93408203125,463.5835876464844,1209.669677734375,480.2694396972656,62.735595703125,16.68585205078125,1046.796875,1920,1080,2073600,0.0005048210150562227,0.4,640,5
YOLO11s,hl_monaco_test.mp4,4106,20530,410.6,7,okx,0.6030361652374268,1111.879638671875,467.7629699707031,1181.427490234375,484.1957702636719,69.5478515625,16.43280029296875,1142.865966796875,1920,1080,2073600,0.0005511506460607052,0.4,640,5
YOLO11s,hl_monaco_test.mp4,4107,20535,410.7,7,okx,0.638729453086853,1088.560791015625,466.46356201171875,1155.63232421875,483.9591064453125,67.071533203125,17.49554443359375,1173.4530029296875,1920,1080,2073600,0.0005659013404510915,0.4,640,5
YOLO11s,hl_monaco_test.mp4,4108,20540,410.8,7,okx,0.6264572143554688,1078.089599609375,455.93524169921875,1149.55859375,478.27685546875,71.468994140625,22.34161376953125,1596.732666015625,1920,1080,2073600,0.0007700292626395822,0.4,640,5
YOLO11s,hl_monaco_test.mp4,4109,20545,410.9,7,okx,0.7768524885177612,1078.742431640625,449.56732177734375,1153.9017333984375,468.85528564453125,75.1593017578125,19.2879638671875,1449.669921875,1920,1080,2073600,0.0006991077680140734,0.4,640,5
YOLO11s,hl_monaco_test.mp4,4110,20550,411.0,7,okx,0.7605697512626648,1072.2337646484375,440.40216064453125,1153.883056640625,462.2369384765625,81.6492919921875,21.83477783203125,1782.794189453125,1920,1080,2073600,0.0008597580017521977,0.4,640,5
YOLO11s,hl_monaco_test.mp4,4111,20555,411.1,7,okx,0.8395401835441589,1066.2979736328125,427.3561706542969,1154.0177001953125,449.9513854980469,87.7197265625,22.59521484375,1982.0460205078125,1920,1080,2073600,0.0009558477904647589,0.4,640,5
YOLO11s,hl_monaco_test.mp4,4112,20560,411.2,7,okx,0.8492754697799683,1034.217529296875,415.1380920410156,1130.5390625,439.9933776855469,96.321533203125,24.85528564453125,2394.09912109375,1920,1080,2073600,0.0011545616434887052,0.4,640,5
YOLO11s,hl_monaco_test.mp4,4113,20565,411.3,7,okx,0.7819719314575195,992.2835083007812,380.29339599609375,1095.029052734375,406.2071228027344,102.74554443359375,25.913726806640625,2662.52001953125,1920,1080,2073600,0.001284008496440947,0.4,640,5
YOLO11s,hl_monaco_test.mp4,4114,20570,411.4,7,okx,0.7612064480781555,912.3733520507812,352.3968200683594,1030.13134765625,378.5036315917969,117.75799560546875,26.1068115234375,3074.285888671875,1920,1080,2073600,0.0014825838152319193,0.4,640,5
YOLO11s,hl_monaco_test.mp4,4115,20575,411.5,7,okx,0.6543362736701965,855.580078125,336.41790771484375,939.8014526367188,362.3121643066406,84.22137451171875,25.894256591796875,2180.849853515625,1920,1080,2073600,0.001051721628755331,0.4,640,5
YOLO11s,hl_monaco_test.mp4,4116,20580,411.6,7,okx,0.519548237323761,602.3728637695312,312.1907043457031,688.87255859375,337.5088806152344,86.49969482421875,25.31817626953125,2190.014404296875,1920,1080,2073600,0.0010561412200331688,0.4,640,5
YOLO11s,hl_monaco_test.mp4,4116,20580,411.6,7,okx,0.4842907786369324,794.9020385742188,308.45794677734375,874.0365600585938,334.25616455078125,79.134521484375,25.7982177734375,2041.5296630859375,1920,1080,2073600,0.0009845340391620994,0.4,640,5
YOLO11s,hl_monaco_test.mp4,4117,20585,411.7,7,okx,0.8376378417015076,545.0914306640625,287.45635986328125,655.1241455078125,317.0521545410156,110.03271484375,29.595794677734375,3256.505615234375,1920,1080,2073600,0.001570459920912981,0.4,640,5
YOLO11s,hl_monaco_test.mp4,4118,20590,411.8,7,okx,0.8464517593383789,487.4667663574219,267.477294921875,598.2215576171875,297.0813293457031,110.75479125976562,29.604034423828125,3278.78857421875,1920,1080,2073600,0.00158120587002486,0.4,640,5
YOLO11s,hl_monaco_test.mp4,4119,20595,411.9,7,okx,0.801183819770813,443.9593505859375,260.23883056640625,547.6783447265625,289.16070556640625,103.718994140625,28.921875,2999.747802734375,1920,1080,2073600,0.0014466376742348075,0.4,640,5
YOLO11s,hl_monaco_test.mp4,4120,20600,412.0,7,okx,0.8207142949104309,408.441650390625,239.32081604003906,508.48297119140625,266.995849609375,100.04132080078125,27.675033569335938,2768.64697265625,1920,1080,2073600,0.0013351885136216879,0.4,640,5
YOLO11s,hl_monaco_test.mp4,4121,20605,412.1,7,okx,0.7244249582290649,353.5432434082031,241.30467224121094,450.076171875,269.2205810546875,96.53292846679688,27.915908813476562,2694.804443359375,1920,1080,2073600,0.0012995777651667595,0.4,640,5
YOLO11s,hl_monaco_test.mp4,4121,20605,412.1,7,okx,0.5210035443305969,519.3865966796875,240.61692810058594,589.36767578125,265.51348876953125,69.9810791015625,24.896560668945312,1742.2882080078125,1920,1080,2073600,0.0008402238599956036,0.4,640,5
YOLO11s,hl_monaco_test.mp4,4122,20610,412.2,7,okx,0.7537705302238464,481.75946044921875,476.0743103027344,565.72998046875,579.378662109375,83.97052001953125,103.30435180664062,8674.5205078125,1920,1080,2073600,0.004183314274996519,0.4,640,5
YOLO11s,hl_monaco_test.mp4,4123,20615,412.3,7,okx,0.7494632601737976,499.5311279296875,587.2396240234375,649.452392578125,725.4186401367188,149.9212646484375,138.17901611328125,20715.97265625,1920,1080,2073600,0.00999034196138382,0.4,640,5
YOLO11s,hl_monaco_test.mp4,4124,20620,412.4,7,okx,0.6226928234100342,1137.6617431640625,574.9132690429688,1315.727783203125,729.827880859375,178.0660400390625,154.91461181640625,27585.03125,1920,1080,2073600,0.013302966021001339,0.4,640,5
YOLO11s,hl_monaco_test.mp4,4124,20620,412.4,7,okx,0.5912662744522095,1399.432861328125,537.1317138671875,1521.1597900390625,614.4322509765625,121.7269287109375,77.300537109375,9409.556640625,1920,1080,2073600,0.00453778775408864,0.4,640,5
YOLO11s,hl_monaco_test.mp4,4125,20625,412.5,7,okx,0.6032575368881226,1330.7203369140625,404.86065673828125,1409.0992431640625,504.80218505859375,78.37890625,99.9415283203125,7833.3076171875,1920,1080,2073600,0.003777636680752039,0.4,640,5
YOLO11s,hl_monaco_test.mp4,4132,20660,413.2,7,okx,0.6446162462234497,938.5925903320312,496.0804443359375,999.9644165039062,512.6968383789062,61.371826171875,16.61639404296875,1019.7784423828125,1920,1080,2073600,0.0004917912883684039,0.4,640,5
YOLO11s,hl_monaco_test.mp4,4133,20665,413.3,7,okx,0.7859759330749512,943.42822265625,493.8901062011719,1004.893798828125,510.0530090332031,61.465576171875,16.16290283203125,993.462158203125,1920,1080,2073600,0.00047910018474794924,0.4,640,5
YOLO11s,hl_monaco_test.mp4,4134,20670,413.4,7,okx,0.8284591436386108,949.89794921875,491.39385986328125,1016.374755859375,508.73992919921875,66.476806640625,17.3460693359375,1153.111328125,1920,1080,2073600,0.000556091486942023,0.4,640,5
YOLO11s,hl_monaco_test.mp4,4135,20675,413.5,7,okx,0.7425982356071472,962.3380737304688,486.5115051269531,1027.2587890625,504.8293762207031,64.92071533203125,18.31787109375,1189.2093505859375,1920,1080,2073600,0.0005734998849220574,0.4,640,5
YOLO11s,hl_monaco_test.mp4,4137,20685,413.7,7,okx,0.5530025362968445,994.491943359375,488.81982421875,1070.253662109375,505.98431396484375,75.76171875,17.16448974609375,1300.4112548828125,1920,1080,2073600,0.0006271273596212268,0.4,640,5
YOLO11s,hl_monaco_test.mp4,4138,20690,413.8,7,okx,0.6825452446937561,1007.60546875,491.8785400390625,1058.170654296875,509.9576416015625,50.565185546875,18.0791015625,914.173095703125,1920,1080,2073600,0.00044086278649047017,0.4,640,5
YOLO11s,hl_monaco_test.mp4,4140,20700,414.0,7,okx,0.7628805041313171,1136.905517578125,502.2314758300781,1202.7169189453125,519.1060180664062,65.8114013671875,16.874542236328125,1110.5372314453125,1920,1080,2073600,0.0005355600151233375,0.4,640,5
YOLO11s,hl_monaco_test.mp4,4141,20705,414.1,7,okx,0.5278998017311096,1170.04736328125,503.60400390625,1231.878173828125,520.239013671875,61.830810546875,16.635009765625,1028.55615234375,1920,1080,2073600,0.0004960243823006749,0.4,640,5
YOLO11s,hl_monaco_test.mp4,4142,20710,414.2,7,okx,0.5939257740974426,1202.4345703125,502.179931640625,1270.4102783203125,518.947265625,67.9757080078125,16.767333984375,1139.7713623046875,1920,1080,2073600,0.0005496582598425448,0.4,640,5
YOLO11s,hl_monaco_test.mp4,4143,20715,414.3,7,okx,0.6922121644020081,1249.7830810546875,511.985107421875,1302.5782470703125,528.23388671875,52.795166015625,16.248779296875,857.8569946289062,1920,1080,2073600,0.00041370419785380363,0.4,640,5
YOLO11s,hl_monaco_test.mp4,4143,20715,414.3,7,okx,0.5734414458274841,1175.9462890625,603.1148071289062,1209.015625,659.20458984375,33.0693359375,56.08978271484375,1854.851806640625,1920,1080,2073600,0.0008945080335251987,0.4,640,5
YOLO11s,hl_monaco_test.mp4,4144,20720,414.4,7,okx,0.7547314167022705,1156.5098876953125,612.0230712890625,1195.912353515625,665.6112670898438,39.4024658203125,53.58819580078125,2111.507080078125,1920,1080,2073600,0.0010182808618992567,0.4,640,5
YOLO11s,hl_monaco_test.mp4,4144,20720,414.4,7,okx,0.6982623338699341,1285.44140625,519.0277099609375,1341.919677734375,534.1126098632812,56.478271484375,15.08489990234375,851.9690551757812,1920,1080,2073600,0.00041086471173912287,0.4,640,5
YOLO11s,hl_monaco_test.mp4,4145,20725,414.5,7,okx,0.6399312019348145,1331.46142578125,527.7244873046875,1380.28662109375,542.3795166015625,48.8251953125,14.655029296875,715.53466796875,1920,1080,2073600,0.0003450688091106713,0.4,640,5
YOLO11s,hl_monaco_test.mp4,4145,20725,414.5,7,okx,0.5090259909629822,1139.401123046875,620.6016845703125,1182.206298828125,670.104248046875,42.80517578125,49.5025634765625,2118.9658203125,1920,1080,2073600,0.0010218778625130653,0.4,640,5
YOLO11s,hl_monaco_test.mp4,4147,20735,414.7,7,okx,0.774212121963501,1078.55078125,637.479248046875,1134.744384765625,685.353271484375,56.193603515625,47.8740234375,2690.2138671875,1920,1080,2073600,0.0012973638949915767,0.4,640,5
YOLO11s,hl_monaco_test.mp4,4148,20740,414.8,7,okx,0.6637791991233826,1045.88916015625,639.6981201171875,1103.339111328125,688.8131713867188,57.449951171875,49.11505126953125,2821.6572265625,1920,1080,2073600,0.0013607528526335955,0.4,640,5
YOLO11s,hl_monaco_test.mp4,4150,20750,415.0,7,okx,0.5651018619537354,975.2845458984375,634.1499633789062,1025.618408203125,684.203857421875,50.3338623046875,50.05389404296875,2519.40576171875,1920,1080,2073600,0.0012149912072345614,0.4,640,5
YOLO11s,hl_monaco_test.mp4,4151,20755,415.1,7,okx,0.6283437013626099,944.9095458984375,626.634033203125,990.4090576171875,675.250244140625,45.49951171875,48.6162109375,2212.013916015625,1920,1080,2073600,0.0010667504975572228,0.4,640,5
YOLO11s,hl_monaco_test.mp4,4163,20815,416.3,7,okx,0.4386945366859436,1096.361328125,506.7159118652344,1135.3089599609375,528.2066650390625,38.9476318359375,21.490753173828125,837.013916015625,1920,1080,2073600,0.0004036525497213006,0.4,640,5
YOLO11s,hl_monaco_test.mp4,4164,20820,416.4,7,okx,0.4715587794780731,1139.04296875,519.10205078125,1182.943603515625,529.3734130859375,43.900634765625,10.2713623046875,450.9193115234375,1920,1080,2073600,0.00021745722915511578,0.4,640,5
YOLO11s,hl_monaco_test.mp4,4165,20825,416.5,7,okx,0.6024248600006104,1177.0745849609375,523.567626953125,1226.0909423828125,536.9251708984375,49.016357421875,13.3575439453125,654.7381591796875,1920,1080,2073600,0.0003157494938932359,0.4,640,5
YOLO11s,hl_monaco_test.mp4,4166,20830,416.6,7,okx,0.6423535943031311,1217.69091796875,527.9385986328125,1262.8143310546875,542.4432983398438,45.1234130859375,14.50469970703125,654.5015869140625,1920,1080,2073600,0.0003156354068778455,0.4,640,5
YOLO11s,hl_monaco_test.mp4,4167,20835,416.7,7,okx,0.6878237128257751,1249.13037109375,527.9349365234375,1288.810546875,542.671630859375,39.68017578125,14.7366943359375,584.754638671875,1920,1080,2073600,0.00028199973166920245,0.4,640,5
YOLO11s,hl_monaco_test.mp4,4168,20840,416.8,7,okx,0.822216808795929,1276.514892578125,527.15380859375,1338.859619140625,542.1547241210938,62.3447265625,15.00091552734375,935.2279663085938,1920,1080,2073600,0.0004510165599640459,0.4,640,5
YOLO11s,hl_monaco_test.mp4,4169,20845,416.9,7,okx,0.7251405119895935,1294.423583984375,524.0671997070312,1359.93359375,540.988525390625,65.510009765625,16.92132568359375,1108.5162353515625,1920,1080,2073600,0.0005345853860490024,0.4,640,5
YOLO11s,hl_monaco_test.mp4,4170,20850,417.0,7,okx,0.5460730195045471,1310.691162109375,523.7432861328125,1385.660400390625,537.70263671875,74.96923828125,13.9593505859375,1046.5218505859375,1920,1080,2073600,0.0005046884180046618,0.4,640,5
YOLO11s,hl_monaco_test.mp4,4172,20860,417.2,7,okx,0.40238112211227417,1329.53515625,500.92315673828125,1405.4873046875,518.460693359375,75.9521484375,17.53753662109375,1332.0135498046875,1920,1080,2073600,0.0006423676386475563,0.4,640,5
YOLO11s,hl_monaco_test.mp4,4173,20865,417.3,7,okx,0.44240641593933105,1337.271484375,498.0218811035156,1421.88720703125,515.3040771484375,84.61572265625,17.282196044921875,1462.345458984375,1920,1080,2073600,0.0007052206201478839,0.4,640,5
YOLO11s,hl_monaco_test.mp4,4176,20880,417.6,7,okx,0.6589145064353943,1482.24365234375,438.69384765625,1553.622802734375,456.40771484375,71.379150390625,17.7138671875,1264.4007568359375,1920,1080,2073600,0.0006097611621953547,0.4,640,5
YOLO11s,hl_monaco_test.mp4,4177,20885,417.7,7,okx,0.5329462289810181,1515.8177490234375,435.93255615234375,1587.0673828125,456.11407470703125,71.2496337890625,20.1815185546875,1437.92578125,1920,1080,2073600,0.000693444162607193,0.4,640,5
YOLO11s,hl_monaco_test.mp4,4178,20890,417.8,7,okx,0.620403528213501,1563.6328125,438.0114440917969,1632.943359375,457.3433532714844,69.310546875,19.3319091796875,1339.9051513671875,1920,1080,2073600,0.0006461733719334006,0.4,640,5
YOLO11s,hl_monaco_test.mp4,4179,20895,417.9,7,okx,0.8119453191757202,1556.9443359375,592.857421875,1615.962890625,665.6530151367188,59.0185546875,72.79559326171875,4296.29052734375,1920,1080,2073600,0.002071899361908436,0.4,640,5
YOLO11s,hl_monaco_test.mp4,4179,20895,417.9,7,okx,0.7185679078102112,1644.9283447265625,448.8620910644531,1716.8177490234375,470.3597717285156,71.889404296875,21.4976806640625,1545.4554443359375,1920,1080,2073600,0.0007453006692230701,0.4,640,5
YOLO11s,hl_monaco_test.mp4,4179,20895,417.9,7,okx,0.7086475491523743,1535.6094970703125,443.9953308105469,1587.320068359375,462.7176818847656,51.7105712890625,18.72235107421875,968.1434936523438,1920,1080,2073600,0.00046689019654877484,0.4,640,5
YOLO11s,hl_monaco_test.mp4,4180,20900,418.0,7,okx,0.8135108351707458,1561.227783203125,632.8086547851562,1633.7763671875,709.4452514648438,72.548583984375,76.6365966796875,5559.87646484375,1920,1080,2073600,0.0026812676806002855,0.4,640,5
YOLO11s,hl_monaco_test.mp4,4181,20905,418.1,7,okx,0.8634663224220276,1493.38134765625,664.026123046875,1594.90673828125,758.6912841796875,101.525390625,94.6651611328125,9610.9169921875,1920,1080,2073600,0.00463489443063736,0.4,640,5
YOLO11s,hl_monaco_test.mp4,4182,20910,418.2,7,okx,0.5784900188446045,1137.2220458984375,677.6024780273438,1272.7960205078125,724.515625,135.573974609375,46.91314697265625,6360.20166015625,1920,1080,2073600,0.0030672268476337194,0.4,640,5
YOLO11s,hl_monaco_test.mp4,4183,20915,418.3,7,okx,0.7892954349517822,1033.0794677734375,671.5252685546875,1171.5863037109375,779.5216064453125,138.5068359375,107.996337890625,14958.2314453125,1920,1080,2073600,0.007213653065264225,0.4,640,5
YOLO11s,hl_monaco_test.mp4,4184,20920,418.4,7,okx,0.863183856010437,887.665771484375,596.5755615234375,977.77099609375,684.30615234375,90.105224609375,87.7305908203125,7904.984375,1920,1080,2073600,0.0038122031837701797,0.4,640,5
YOLO11s,hl_monaco_test.mp4,4185,20925,418.5,7,okx,0.7611465454101562,878.1966552734375,522.566650390625,926.178466796875,602.8067626953125,47.9818115234375,80.2401123046875,3850.06591796875,1920,1080,2073600,0.001856706221587956,0.4,640,5
YOLO11s,hl_monaco_test.mp4,4186,20930,418.6,7,okx,0.7924984693527222,907.5924682617188,486.5622253417969,943.6510620117188,557.5325927734375,36.05859375,70.97036743164062,2559.091552734375,1920,1080,2073600,0.0012341297697275877,0.4,640,5
YOLO11s,hl_monaco_test.mp4,4246,21230,424.6,7,okx,0.5046137571334839,1341.1396484375,595.636962890625,1392.294677734375,609.11572265625,51.155029296875,13.478759765625,689.50634765625,1920,1080,2073600,0.0003325165598653257,0.4,640,5
YOLO11s,hl_monaco_test.mp4,4247,21235,424.7,7,okx,0.5614745020866394,1372.882080078125,599.9408569335938,1415.33544921875,616.7448120117188,42.453369140625,16.803955078125,713.384521484375,1920,1080,2073600,0.0003440318978391588,0.4,640,5
YOLO11s,hl_monaco_test.mp4,4248,21240,424.8,7,okx,0.4780167043209076,1459.96923828125,616.6724853515625,1522.9676513671875,634.9736938476562,62.9984130859375,18.30120849609375,1152.9471435546875,1920,1080,2073600,0.0005560123245231807,0.4,640,5
YOLO11s,hl_monaco_test.mp4,4248,21240,424.8,7,okx,0.4142301678657532,1373.779296875,619.0951538085938,1413.051513671875,635.9459228515625,39.272216796875,16.85076904296875,661.7670288085938,1920,1080,2073600,0.00031913918792270124,0.4,640,5
YOLO11s,hl_monaco_test.mp4,4249,21245,424.9,7,okx,0.7165724039077759,1425.2724609375,643.8010864257812,1496.78466796875,662.6403198242188,71.51220703125,18.8392333984375,1347.235107421875,1920,1080,2073600,0.0006497082649730146,0.4,640,5
YOLO11s,hl_monaco_test.mp4,4250,21250,425.0,7,okx,0.8274136781692505,1298.556640625,685.37841796875,1384.635986328125,706.3185424804688,86.079345703125,20.94012451171875,1802.51220703125,1920,1080,2073600,0.0008692670962773263,0.4,640,5
YOLO11s,hl_monaco_test.mp4,4251,21255,425.1,7,okx,0.6864825487136841,988.697265625,756.3539428710938,1102.7730712890625,785.8507690429688,114.0758056640625,29.496826171875,3364.874267578125,1920,1080,2073600,0.0016227209707722068,0.4,640,5
YOLO11s,hl_monaco_test.mp4,4277,21385,427.7,4,hp,0.5239222645759583,1069.6697998046875,662.829833984375,1093.642333984375,678.5635986328125,23.9725341796875,15.7337646484375,377.17822265625,1920,1080,2073600,0.00018189536058343947,0.4,640,5
YOLO11s,hl_monaco_test.mp4,4278,21390,427.8,4,hp,0.4607376456260681,966.07763671875,682.8004150390625,990.1492309570312,698.5103759765625,24.07159423828125,15.7099609375,378.163818359375,1920,1080,2073600,0.00018237066979054362,0.4,640,5
YOLO11s,hl_monaco_test.mp4,4279,21395,427.9,4,hp,0.6308193206787109,889.7451782226562,541.0637817382812,914.6281127929688,559.2716064453125,24.8829345703125,18.20782470703125,453.0641174316406,1920,1080,2073600,0.00021849156473763287,0.4,640,5
YOLO11s,hl_monaco_test.mp4,4279,21395,427.9,4,hp,0.47055745124816895,673.8515625,717.7619018554688,703.7129516601562,734.5662231445312,29.86138916015625,16.8043212890625,501.8003845214844,1920,1080,2073600,0.0002419947850285098,0.4,640,5
YOLO11s,hl_monaco_test.mp4,4279,21395,427.9,4,hp,0.44802504777908325,825.30126953125,710.5625,849.0799560546875,730.1983032226562,23.7786865234375,19.63580322265625,466.9136047363281,1920,1080,2073600,0.00022517053002957255,0.4,640,5
YOLO11s,hl_monaco_test.mp4,4280,21400,428.0,4,hp,0.5773622393608093,447.421875,755.2538452148438,470.51055908203125,771.1776123046875,23.08868408203125,15.92376708984375,367.6588134765625,1920,1080,2073600,0.00017730459512677044,0.4,640,5
YOLO11s,hl_monaco_test.mp4,4281,21405,428.1,4,hp,0.47745612263679504,515.79345703125,546.0939331054688,547.604736328125,572.8456420898438,31.811279296875,26.751708984375,851.006103515625,1920,1080,2073600,0.0004104003310203552,0.4,640,5
YOLO11s,hl_monaco_test.mp4,4282,21410,428.2,7,okx,0.6772687435150146,1349.305419921875,398.1036071777344,1412.92431640625,414.0295715332031,63.618896484375,15.92596435546875,1013.1922607421875,1920,1080,2073600,0.0004886150709353387,0.4,640,5
YOLO11s,hl_monaco_test.mp4,4283,21415,428.3,7,okx,0.7372725605964661,1315.012451171875,395.5547790527344,1388.1007080078125,414.9465637207031,73.0882568359375,19.39178466796875,1417.311767578125,1920,1080,2073600,0.0006835029926151037,0.4,640,5
YOLO11s,hl_monaco_test.mp4,4284,21420,428.4,7,okx,0.8141465783119202,1297.71435546875,395.0895080566406,1364.8857421875,413.6803894042969,67.17138671875,18.59088134765625,1248.7752685546875,1920,1080,2073600,0.000602225714828819,0.4,640,5
YOLO11s,hl_monaco_test.mp4,4285,21425,428.5,7,okx,0.7863842248916626,1271.737060546875,400.76177978515625,1344.197021484375,420.50054931640625,72.4599609375,19.73876953125,1430.2705078125,1920,1080,2073600,0.0006897523417137563,0.4,640,5
YOLO11s,hl_monaco_test.mp4,4286,21430,428.6,7,okx,0.795745849609375,1291.162109375,403.16265869140625,1368.761962890625,424.19793701171875,77.599853515625,21.0352783203125,1632.33447265625,1920,1080,2073600,0.0007871983107179403,0.4,640,5
YOLO11s,hl_monaco_test.mp4,4287,21435,428.7,7,okx,0.7628095746040344,1410.562744140625,397.7281494140625,1487.998046875,420.38140869140625,77.435302734375,22.65325927734375,1754.1619873046875,1920,1080,2073600,0.0008459500386379659,0.4,640,5
YOLO11s,hl_monaco_test.mp4,4289,21445,428.9,7,okx,0.5651370286941528,1790.53466796875,540.2589111328125,1882.91552734375,585.030029296875,92.380859375,44.7711181640625,4135.994140625,1920,1080,2073600,0.0019945958629250526,0.4,640,5
YOLO11s,hl_monaco_test.mp4,4290,21450,429.0,7,okx,0.6616312861442566,1635.3427734375,665.603271484375,1722.095947265625,772.2510986328125,86.753173828125,106.6478271484375,9252.037109375,1920,1080,2073600,0.004461823496967554,0.4,640,5
YOLO11s,hl_monaco_test.mp4,4350,21750,435.0,7,okx,0.4921473264694214,1170.845947265625,882.4121704101562,1195.086181640625,900.265869140625,24.240234375,17.85369873046875,432.77783203125,1920,1080,2073600,0.0002087084430968389,0.4,640,5
YOLO11s,hl_monaco_test.mp4,4352,21760,435.2,7,okx,0.4005867540836334,1042.68310546875,872.454833984375,1068.1036376953125,891.9951171875,25.4205322265625,19.540283203125,496.7243957519531,1920,1080,2073600,0.00023954687640070915,0.4,640,5
YOLO11s,hl_monaco_test.mp4,4353,21765,435.3,7,okx,0.6026440858840942,986.11474609375,860.1157836914062,1009.6998291015625,880.0083618164062,23.5850830078125,19.892578125,469.1681213378906,1920,1080,2073600,0.00022625777637585998,0.4,640,5
YOLO11s,hl_monaco_test.mp4,4354,21770,435.4,7,okx,0.5160057544708252,935.93115234375,848.682861328125,955.5618896484375,864.9849243164062,19.6307373046875,16.30206298828125,320.0215148925781,1920,1080,2073600,0.00015433137014042586,0.4,640,5
YOLO11s,hl_monaco_test.mp4,4355,21775,435.5,7,okx,0.42970648407936096,886.4888305664062,829.3145141601562,909.5147094726562,847.3236694335938,23.02587890625,18.0091552734375,414.6766357421875,1920,1080,2073600,0.00019997908384539187,0.4,640,5
YOLO11s,hl_monaco_test.mp4,4369,21845,436.9,7,okx,0.41053399443626404,1256.068603515625,460.480224609375,1275.9951171875,480.11572265625,19.926513671875,19.635498046875,391.26702880859375,1920,1080,2073600,0.00018868973711505532,0.4,640,5
YOLO11s,hl_monaco_test.mp4,4371,21855,437.1,7,okx,0.4041079878807068,1117.1632080078125,431.8532409667969,1157.809814453125,449.2019348144531,40.6466064453125,17.34869384765625,705.16552734375,1920,1080,2073600,0.0003400682471692562,0.4,640,5
YOLO11s,hl_monaco_test.mp4,4372,21860,437.2,7,okx,0.5073761343955994,1071.877197265625,430.88690185546875,1102.84326171875,444.6881103515625,30.966064453125,13.80120849609375,427.3691101074219,1920,1080,2073600,0.00020610007049981505,0.4,640,5
YOLO11s,hl_monaco_test.mp4,4374,21870,437.4,7,okx,0.5217443704605103,1003.2620849609375,417.8930969238281,1024.0032958984375,433.1113586425781,20.7412109375,15.21826171875,315.6451721191406,1920,1080,2073600,0.00015222086221911013,0.4,640,5
YOLO11s,hl_monaco_test.mp4,4398,21990,439.8,7,okx,0.5705496072769165,1083.2996826171875,465.49603271484375,1141.405029296875,480.0502624511719,58.1053466796875,14.554229736328125,845.6785888671875,1920,1080,2073600,0.0004078311030752957,0.4,640,5
YOLO11s,hl_monaco_test.mp4,4416,22080,441.6,7,okx,0.5498663187026978,792.3861083984375,354.5197448730469,850.6474609375,373.157958984375,58.2613525390625,18.638214111328125,1085.8875732421875,1920,1080,2073600,0.0005236726137809455,0.4,640,5
YOLO11s,hl_monaco_test.mp4,4416,22080,441.6,7,okx,0.5405392646789551,886.389892578125,351.8609619140625,942.359130859375,369.7921142578125,55.96923828125,17.93115234375,1003.5929565429688,1920,1080,2073600,0.0004839857865590602,0.4,640,5
YOLO11s,hl_monaco_test.mp4,4417,22085,441.7,7,okx,0.7326469421386719,813.0565185546875,350.4515075683594,874.1483154296875,369.0868835449219,61.091796875,18.6353759765625,1138.4686279296875,1920,1080,2073600,0.0005490300245583057,0.4,640,5
YOLO11s,hl_monaco_test.mp4,4418,22090,441.8,7,okx,0.7040655612945557,837.5487670898438,349.4909362792969,899.4717407226562,366.7174987792969,61.9229736328125,17.2265625,1066.719970703125,1920,1080,2073600,0.0005144290043972433,0.4,640,5
YOLO11s,hl_monaco_test.mp4,4419,22095,441.9,7,okx,0.8093804121017456,852.381591796875,345.99163818359375,919.4957885742188,366.24053955078125,67.11419677734375,20.2489013671875,1358.98876953125,1920,1080,2073600,0.000655376526992768,0.4,640,5
YOLO11s,hl_monaco_test.mp4,4420,22100,442.0,7,okx,0.8150157332420349,869.4832763671875,344.2164611816406,935.3455810546875,365.55487060546875,65.8623046875,21.338409423828125,1405.3968505859375,1920,1080,2073600,0.0006777569651603699,0.4,640,5
YOLO11s,hl_monaco_test.mp4,4421,22105,442.1,7,okx,0.7432284355163574,880.6129760742188,335.889404296875,947.2523803710938,358.05828857421875,66.639404296875,22.16888427734375,1477.3212890625,1920,1080,2073600,0.0007124427356757224,0.4,640,5
YOLO11s,hl_monaco_test.mp4,4421,22105,442.1,7,okx,0.4092761278152466,977.8773193359375,335.0735778808594,1035.6240234375,356.0246887207031,57.7467041015625,20.95111083984375,1209.8575439453125,1920,1080,2073600,0.0005834575276821852,0.4,640,5
YOLO11s,hl_monaco_test.mp4,4422,22110,442.2,7,okx,0.8033811450004578,892.7213745117188,335.3609619140625,962.6779174804688,356.1352844238281,69.95654296875,20.774322509765625,1453.2998046875,1920,1080,2073600,0.000700858305208385,0.4,640,5
YOLO11s,hl_monaco_test.mp4,4422,22110,442.2,7,okx,0.4174041450023651,992.9132080078125,334.81195068359375,1064.033203125,354.79205322265625,71.1199951171875,19.9801025390625,1420.9847412109375,1920,1080,2073600,0.0006852742517367005,0.4,640,5
YOLO11s,hl_monaco_test.mp4,4423,22115,442.3,7,okx,0.7065866589546204,904.9140625,328.90081787109375,974.9888916015625,350.29632568359375,70.0748291015625,21.3955078125,1499.2864990234375,1920,1080,2073600,0.0007230355404317379,0.4,640,5
YOLO11s,hl_monaco_test.mp4,4424,22120,442.4,7,okx,0.8040123581886292,917.2190551757812,328.8089599609375,989.7119750976562,350.5106201171875,72.492919921875,21.70166015625,1573.2166748046875,1920,1080,2073600,0.0007586886058561504,0.4,640,5
YOLO11s,hl_monaco_test.mp4,4424,22120,442.4,7,okx,0.4581853151321411,45.41254425048828,205.83856201171875,82.21558380126953,258.8337707519531,36.80303955078125,52.995208740234375,1950.384765625,1920,1080,2073600,0.0009405790478922427,0.4,640,5
YOLO11s,hl_monaco_test.mp4,4425,22125,442.5,7,okx,0.7804919481277466,930.558349609375,328.4918518066406,1008.0462646484375,350.9176025390625,77.4879150390625,22.425750732421875,1737.724609375,1920,1080,2073600,0.0008380230283364654,0.4,640,5
YOLO11s,hl_monaco_test.mp4,4425,22125,442.5,7,okx,0.5339200496673584,72.53266906738281,95.83628845214844,118.9195556640625,113.91401672363281,46.38688659667969,18.077728271484375,838.5695190429688,1920,1080,2073600,0.00040440273005515337,0.4,640,5
YOLO11s,hl_monaco_test.mp4,4426,22130,442.6,7,okx,0.7976492047309875,941.7434692382812,325.1926574707031,1023.4140014648438,349.6053771972656,81.6705322265625,24.4127197265625,1993.7998046875,1920,1080,2073600,0.0009615161106921732,0.4,640,5
YOLO11s,hl_monaco_test.mp4,4426,22130,442.6,7,okx,0.594795823097229,18.048980712890625,71.9751205444336,82.25180053710938,90.99803924560547,64.20281982421875,19.022918701171875,1221.3250732421875,1920,1080,2073600,0.0005889877793379128,0.4,640,5
YOLO11s,hl_monaco_test.mp4,4426,22130,442.6,7,okx,0.49834585189819336,121.73957061767578,169.58106994628906,155.8504638671875,221.6813507080078,34.11089324951172,52.10028076171875,1777.1871337890625,1920,1080,2073600,0.0008570539648644626,0.4,640,5
YOLO11s,hl_monaco_test.mp4,4427,22135,442.7,7,okx,0.7743954658508301,948.75439453125,324.65850830078125,1034.05517578125,346.3797607421875,85.30078125,21.72125244140625,1852.83984375,1920,1080,2073600,0.0008935377118177712,0.4,640,5
YOLO11s,hl_monaco_test.mp4,4427,22135,442.7,7,okx,0.736422061920166,51.27011489868164,47.964134216308594,118.0334243774414,67.36736297607422,66.7633056640625,19.403228759765625,1295.4237060546875,1920,1080,2073600,0.0006247221026569605,0.4,640,5
YOLO11s,hl_monaco_test.mp4,4428,22140,442.8,7,okx,0.7875419855117798,950.9822387695312,315.2364196777344,1034.971923828125,340.0101623535156,83.98968505859375,24.77374267578125,2080.73876953125,1920,1080,2073600,0.0010034426813945174,0.4,640,5
YOLO11s,hl_monaco_test.mp4,4428,22140,442.8,7,okx,0.6421805024147034,150.32693481445312,132.9866943359375,185.4678497314453,182.7956085205078,35.14091491699219,49.80891418457031,1750.330810546875,1920,1080,2073600,0.0008441024110652506,0.4,640,5
YOLO11s,hl_monaco_test.mp4,4428,22140,442.8,7,okx,0.6281818151473999,77.02102661132812,29.7996826171875,140.14199829101562,48.046566009521484,63.1209716796875,18.246883392333984,1151.760986328125,1920,1080,2073600,0.0005554403178393841,0.4,640,5
YOLO11s,hl_monaco_test.mp4,4428,22140,442.8,7,okx,0.4171365201473236,179.51882934570312,27.34566307067871,230.57322692871094,48.05155944824219,51.05439758300781,20.705896377563477,1057.1270751953125,1920,1080,2073600,0.0005098027759231627,0.4,640,5
YOLO11s,hl_monaco_test.mp4,4429,22145,442.9,7,okx,0.8308100700378418,944.0476684570312,293.61077880859375,1030.299072265625,320.16485595703125,86.25140380859375,26.5540771484375,2290.326416015625,1920,1080,2073600,0.0011045170249417424,0.4,640,5
YOLO11s,hl_monaco_test.mp4,4429,22145,442.9,7,okx,0.7045934796333313,89.20233917236328,8.136059761047363,153.0307159423828,25.60192108154297,63.82837677001953,17.465862274169922,1114.817626953125,1920,1080,2073600,0.0005376242334023118,0.4,640,5
YOLO11s,hl_monaco_test.mp4,4429,22145,442.9,7,okx,0.6354694366455078,188.04623413085938,7.080370903015137,249.98121643066406,24.819488525390625,61.93498229980469,17.739116668701172,1098.671875,1920,1080,2073600,0.0005298379110172391,0.4,640,5
YOLO11s,hl_monaco_test.mp4,4430,22150,443.0,7,okx,0.7755991220474243,937.141845703125,273.3968505859375,1022.68505859375,297.7235107421875,85.543212890625,24.32666015625,2080.980712890625,1920,1080,2073600,0.001003559329546988,0.4,640,5
YOLO11s,hl_monaco_test.mp4,4431,22155,443.1,7,okx,0.7805414795875549,938.9199829101562,260.9042663574219,1022.7368774414062,285.7066345214844,83.81689453125,24.8023681640625,2078.857421875,1920,1080,2073600,0.0010025354567915201,0.4,640,5
YOLO11s,hl_monaco_test.mp4,4432,22160,443.2,7,okx,0.7813267111778259,947.14599609375,257.986572265625,1033.8306884765625,282.27032470703125,86.6846923828125,24.28375244140625,2105.029541015625,1920,1080,2073600,0.0010151569731533527,0.4,640,5
YOLO11s,hl_monaco_test.mp4,4433,22165,443.3,7,okx,0.8289715051651001,970.104736328125,258.7868957519531,1059.1627197265625,282.87506103515625,89.0579833984375,24.088165283203125,2145.243408203125,1920,1080,2073600,0.0010345502523705363,0.4,640,5
YOLO11s,hl_monaco_test.mp4,4433,22165,443.3,7,okx,0.5637349486351013,171.63473510742188,0.0,234.80799865722656,20.282398223876953,63.17326354980469,20.282398223876953,1281.3052978515625,1920,1080,2073600,0.0006179134361445904,0.4,640,5
YOLO11s,hl_monaco_test.mp4,4433,22165,443.3,7,okx,0.5252399444580078,263.45623779296875,0.0,322.6229248046875,17.887441635131836,59.16668701171875,17.887441635131836,1058.3406982421875,1920,1080,2073600,0.0005103880539536476,0.4,640,5
YOLO11s,hl_monaco_test.mp4,4434,22170,443.4,7,okx,0.7944790720939636,988.67919921875,263.08953857421875,1077.9676513671875,288.22125244140625,89.2884521484375,25.1317138671875,2243.971923828125,1920,1080,2073600,0.0010821623727679253,0.4,640,5
YOLO11s,hl_monaco_test.mp4,4434,22170,443.4,7,okx,0.6194105744361877,217.2655792236328,22.7783203125,277.45556640625,39.558998107910156,60.18998718261719,16.780677795410156,1010.02880859375,1920,1080,2073600,0.00048708950635045767,0.4,640,5
YOLO11s,hl_monaco_test.mp4,4435,22175,443.5,7,okx,0.8140665888786316,1008.9343872070312,269.23760986328125,1100.11572265625,294.86431884765625,91.18133544921875,25.626708984375,2336.677490234375,1920,1080,2073600,0.0011268699308857322,0.4,640,5
YOLO11s,hl_monaco_test.mp4,4435,22175,443.5,7,okx,0.7630913853645325,279.1485595703125,46.02888107299805,337.9514465332031,63.0501823425293,58.802886962890625,17.02130126953125,1000.9016723632812,1920,1080,2073600,0.00048268793034367263,0.4,640,5
YOLO11s,hl_monaco_test.mp4,4436,22180,443.6,7,okx,0.8035907745361328,1035.70361328125,276.390380859375,1126.25048828125,301.5641784667969,90.546875,25.173797607421875,2279.40869140625,1920,1080,2073600,0.0010992519091814756,0.4,640,5
YOLO11s,hl_monaco_test.mp4,4436,22180,443.6,7,okx,0.7195072174072266,353.2364501953125,71.64363098144531,412.9085693359375,90.49630737304688,59.672119140625,18.852676391601562,1124.9791259765625,1920,1080,2073600,0.0005425246781669557,0.4,640,5
YOLO11s,hl_monaco_test.mp4,4436,22180,443.6,7,okx,0.41022178530693054,435.54693603515625,71.8904800415039,480.77252197265625,90.32949829101562,45.2255859375,18.43901824951172,833.9154052734375,1920,1080,2073600,0.0004021582717541605,0.4,640,5
YOLO11s,hl_monaco_test.mp4,4437,22185,443.7,7,okx,0.8565476536750793,1078.530517578125,283.03631591796875,1168.16259765625,309.4720153808594,89.632080078125,26.435699462890625,2369.48681640625,1920,1080,2073600,0.0011426922865211964,0.4,640,5
YOLO11s,hl_monaco_test.mp4,4437,22185,443.7,7,okx,0.5810665488243103,445.04241943359375,102.88027954101562,507.0262756347656,120.10606384277344,61.983856201171875,17.225784301757812,1067.7205810546875,1920,1080,2073600,0.0005149115459062159,0.4,640,5
YOLO11s,hl_monaco_test.mp4,4437,22185,443.7,7,okx,0.4735892117023468,528.5026245117188,103.85855102539062,574.2198486328125,120.68455505371094,45.71722412109375,16.826004028320312,769.2382202148438,1920,1080,2073600,0.0003709674929268658,0.4,640,5
YOLO11s,hl_monaco_test.mp4,4438,22190,443.8,7,okx,0.8485016226768494,1119.617431640625,292.34759521484375,1214.8824462890625,320.23065185546875,95.2650146484375,27.883056640625,2656.27978515625,1920,1080,2073600,0.0012809991603717208,0.4,640,5
YOLO11s,hl_monaco_test.mp4,4438,22190,443.8,7,okx,0.7019152641296387,553.51513671875,133.36550903320312,613.775634765625,149.03057861328125,60.260498046875,15.665069580078125,943.9849243164062,1920,1080,2073600,0.00045523964217863977,0.4,640,5
YOLO11s,hl_monaco_test.mp4,4439,22195,443.9,7,okx,0.7678945660591125,1156.869140625,304.165771484375,1247.4697265625,330.40789794921875,90.6005859375,26.24212646484375,2377.552001953125,1920,1080,2073600,0.001146581838838756,0.4,640,5
YOLO11s,hl_monaco_test.mp4,4439,22195,443.9,7,okx,0.6970598101615906,661.2620849609375,161.46885681152344,723.384765625,177.5309600830078,62.1226806640625,16.062103271484375,997.8209228515625,1920,1080,2073600,0.00048120220890268683,0.4,640,5
YOLO11s,hl_monaco_test.mp4,4440,22200,444.0,7,okx,0.7861101627349854,1192.10400390625,314.48162841796875,1281.914306640625,341.64202880859375,89.810302734375,27.160400390625,2439.28369140625,1920,1080,2073600,0.001176352147012949,0.4,640,5
YOLO11s,hl_monaco_test.mp4,4440,22200,444.0,7,okx,0.6833125948905945,775.6702880859375,180.81509399414062,841.3271484375,196.3440399169922,65.6568603515625,15.528945922851562,1019.5818481445312,1920,1080,2073600,0.0004916964680887759,0.4,640,5
YOLO11s,hl_monaco_test.mp4,4441,22205,444.1,7,okx,0.7848615646362305,901.9234619140625,191.5028076171875,965.0245361328125,208.15435791015625,63.10107421875,16.65155029296875,1050.730712890625,1920,1080,2073600,0.0005067181191407144,0.4,640,5
YOLO11s,hl_monaco_test.mp4,4441,22205,444.1,7,okx,0.7380450367927551,1227.3743896484375,319.992431640625,1304.7811279296875,345.64520263671875,77.40673828125,25.65277099609375,1985.6973876953125,1920,1080,2073600,0.0009576086886227131,0.4,640,5
YOLO11s,hl_monaco_test.mp4,4441,22205,444.1,7,okx,0.657298743724823,1392.9151611328125,316.505615234375,1467.70458984375,338.1095886230469,74.7894287109375,21.603973388671875,1615.748779296875,1920,1080,2073600,0.000779199821408838,0.4,640,5
YOLO11s,hl_monaco_test.mp4,4442,22210,444.2,7,okx,0.6552351713180542,1045.0926513671875,200.84568786621094,1104.4598388671875,217.4593963623047,59.3671875,16.61370849609375,986.3091430664062,1920,1080,2073600,0.0004756506241392344,0.4,640,5
YOLO11s,hl_monaco_test.mp4,4443,22215,444.3,7,okx,0.7790343761444092,1460.384765625,323.12158203125,1568.12255859375,349.636474609375,107.73779296875,26.514892578125,2856.656005859375,1920,1080,2073600,0.0013776312116533518,0.4,640,5
YOLO11s,hl_monaco_test.mp4,4443,22215,444.3,7,okx,0.5616186857223511,1189.86279296875,209.78416442871094,1253.3409423828125,225.9630889892578,63.4781494140625,16.178924560546875,1027.0081787109375,1920,1080,2073600,0.0004952778690494597,0.4,640,5
YOLO11s,hl_monaco_test.mp4,4444,22220,444.4,7,okx,0.6043177247047424,1341.7122802734375,206.89173889160156,1412.443359375,222.4673309326172,70.7310791015625,15.575592041015625,1101.678466796875,1920,1080,2073600,0.0005312878638505936,0.4,640,5
YOLO11s,hl_monaco_test.mp4,4455,22275,445.5,7,okx,0.592851459980011,1511.630126953125,581.3836669921875,1655.865234375,684.908447265625,144.235107421875,103.5247802734375,14931.908203125,1920,1080,2073600,0.007200958672910929,0.4,640,5
YOLO11s,hl_monaco_test.mp4,4456,22280,445.6,7,okx,0.7560160756111145,1482.332275390625,595.036865234375,1631.8699951171875,694.5037841796875,149.5377197265625,99.4669189453125,14874.056640625,1920,1080,2073600,0.00717305950820446,0.4,640,5
YOLO11s,hl_monaco_test.mp4,4457,22285,445.7,7,okx,0.8417725563049316,1397.559326171875,598.1484375,1542.078125,694.2013549804688,144.518798828125,96.05291748046875,13881.4521484375,1920,1080,2073600,0.006694373209029436,0.4,640,5
YOLO11s,hl_monaco_test.mp4,4458,22290,445.8,7,okx,0.7078865170478821,1294.873779296875,587.4381103515625,1534.53125,697.226318359375,239.657470703125,109.7882080078125,26311.564453125,1920,1080,2073600,0.0126888332888484,0.4,640,5
YOLO11s,hl_monaco_test.mp4,4459,22295,445.9,7,okx,0.808262825012207,1179.705810546875,598.771728515625,1294.58447265625,696.908935546875,114.878662109375,98.13720703125,11273.87109375,1920,1080,2073600,0.005436859093606472,0.4,640,5
YOLO11s,hl_monaco_test.mp4,4460,22300,446.0,7,okx,0.7920156121253967,1063.528076171875,594.4385375976562,1163.9190673828125,694.6007080078125,100.3909912109375,100.16217041015625,10055.3798828125,1920,1080,2073600,0.004849237855523825,0.4,640,5
YOLO11s,hl_monaco_test.mp4,4461,22305,446.1,7,okx,0.8613983988761902,960.04150390625,599.723876953125,1037.8563232421875,688.760498046875,77.8148193359375,89.03662109375,6928.36865234375,1920,1080,2073600,0.0033412270713597536,0.4,640,5
YOLO11s,hl_monaco_test.mp4,4462,22310,446.2,7,okx,0.7290155291557312,869.7687377929688,598.1123046875,935.5662231445312,682.2189331054688,65.7974853515625,84.10662841796875,5534.0048828125,1920,1080,2073600,0.0026687909848988056,0.4,640,5
YOLO11s,hl_monaco_test.mp4,4463,22315,446.3,7,okx,0.7532002925872803,787.6717529296875,595.485107421875,842.672607421875,671.2032470703125,55.0008544921875,75.7181396484375,4164.5625,1920,1080,2073600,0.002008373150601983,0.4,640,5
YOLO11s,hl_monaco_test.mp4,4464,22320,446.4,7,okx,0.7174764275550842,724.4075927734375,598.6182861328125,764.7621459960938,675.503662109375,40.35455322265625,76.8853759765625,3102.675048828125,1920,1080,2073600,0.0014962746063247323,0.4,640,5
YOLO11s,hl_monaco_test.mp4,4467,22335,446.7,0,aramco,0.42254185676574707,59.94171142578125,273.782470703125,242.17816162109375,359.09002685546875,182.2364501953125,85.30755615234375,15546.146484375,1920,1080,2073600,0.007497176993638277,0.4,640,5
YOLO11s,hl_monaco_test.mp4,4472,22360,447.2,7,okx,0.5682459473609924,1338.6546630859375,950.1000366210938,1456.73388671875,1080.0,118.0792236328125,129.89996337890625,15338.4873046875,1920,1080,2073600,0.007397032808512449,0.4,640,5
YOLO11s,hl_monaco_test.mp4,4473,22365,447.3,7,okx,0.6966714262962341,928.0145874023438,916.5194091796875,1015.6177368164062,1039.3106689453125,87.6031494140625,122.791259765625,10756.9013671875,1920,1080,2073600,0.0051875486969947815,0.4,640,5
YOLO11s,hl_monaco_test.mp4,4481,22405,448.1,7,okx,0.7240825891494751,742.9847412109375,307.78094482421875,950.517822265625,393.48236083984375,207.5330810546875,85.701416015625,17785.87890625,1920,1080,2073600,0.008577294647693634,0.4,640,5
YOLO11s,hl_monaco_test.mp4,4482,22410,448.2,7,okx,0.7759896516799927,740.5560302734375,298.5819396972656,945.0042114257812,382.6533508300781,204.44818115234375,84.0714111328125,17188.248046875,1920,1080,2073600,0.008289085701107979,0.4,640,5
YOLO11s,hl_monaco_test.mp4,4484,22420,448.4,7,okx,0.8502859473228455,760.3236083984375,293.6934814453125,957.909423828125,366.5340576171875,197.5858154296875,72.840576171875,14392.2646484375,1920,1080,2073600,0.006940714083611965,0.4,640,5
YOLO11s,hl_monaco_test.mp4,4485,22425,448.5,7,okx,0.8267307877540588,766.6426391601562,294.07928466796875,967.1779174804688,368.6681213378906,200.5352783203125,74.58883666992188,14957.693359375,1920,1080,2073600,0.007213393691927195,0.4,640,5
YOLO11s,hl_monaco_test.mp4,4486,22430,448.6,7,okx,0.8796547055244446,778.8305053710938,319.0940856933594,991.6950073242188,399.96148681640625,212.864501953125,80.86740112304688,17213.798828125,1920,1080,2073600,0.008301408030092716,0.4,640,5
YOLO11s,hl_monaco_test.mp4,4488,22440,448.8,7,okx,0.8522170782089233,773.6390991210938,312.69482421875,987.0759887695312,389.41961669921875,213.4368896484375,76.72479248046875,16375.9013671875,1920,1080,2073600,0.007897328585386276,0.4,640,5
YOLO11s,hl_monaco_test.mp4,4489,22445,448.9,7,okx,0.8817553520202637,761.1004638671875,303.72821044921875,961.38037109375,380.62664794921875,200.2799072265625,76.8984375,15401.2119140625,1920,1080,2073600,0.00742728216573596,0.4,640,5
YOLO11s,hl_monaco_test.mp4,4490,22450,449.0,7,okx,0.8807774186134338,761.2132568359375,308.0669860839844,964.6741333007812,383.3763427734375,203.46087646484375,75.30935668945312,15322.5078125,1920,1080,2073600,0.0073893265798687935,0.4,640,5
YOLO11s,hl_monaco_test.mp4,4491,22455,449.1,7,okx,0.8470746874809265,766.5146484375,299.2304992675781,980.274169921875,371.15570068359375,213.759521484375,71.92520141601562,15374.6962890625,1920,1080,2073600,0.007414494641125202,0.4,640,5
YOLO11s,hl_monaco_test.mp4,4492,22460,449.2,7,okx,0.8541526794433594,776.3876953125,299.119873046875,980.980224609375,363.2958984375,204.592529296875,64.176025390625,13129.935546875,1920,1080,2073600,0.0063319518230855465,0.4,640,5
YOLO11s,hl_monaco_test.mp4,4493,22465,449.3,7,okx,0.7953394055366516,770.0313720703125,290.43719482421875,982.7171630859375,361.5880126953125,212.685791015625,71.15081787109375,15132.767578125,1920,1080,2073600,0.007297823671251535,0.4,640,5
YOLO11s,hl_monaco_test.mp4,4494,22470,449.4,7,okx,0.6895898580551147,820.9824829101562,294.71337890625,969.5564575195312,356.1527099609375,148.573974609375,61.4393310546875,9128.28515625,1920,1080,2073600,0.004402143880724907,0.4,640,5
YOLO11s,hl_monaco_test.mp4,4495,22475,449.5,7,okx,0.6925331354141235,748.5433349609375,292.98284912109375,952.439453125,361.24871826171875,203.8961181640625,68.265869140625,13919.1455078125,1920,1080,2073600,0.006712550763040781,0.4,640,5
YOLO11s,hl_monaco_test.mp4,4496,22480,449.6,7,okx,0.4945523738861084,822.4825439453125,304.75079345703125,949.8751220703125,366.549072265625,127.392578125,61.79827880859375,7872.64208984375,1920,1080,2073600,0.003796605858951807,0.4,640,5
YOLO11s,hl_monaco_test.mp4,4497,22485,449.7,7,okx,0.49949029088020325,839.8375854492188,304.705322265625,999.5747680664062,369.7812194824219,159.7371826171875,65.07589721679688,10395.0400390625,1920,1080,2073600,0.005013040266931057,0.4,640,5
YOLO11s,hl_monaco_test.mp4,4498,22490,449.8,7,okx,0.8727073669433594,862.2235107421875,298.06591796875,1082.2686767578125,369.5933837890625,220.045166015625,71.5274658203125,15739.2734375,1920,1080,2073600,0.007590312976390123,0.4,640,5
YOLO11s,hl_monaco_test.mp4,4499,22495,449.9,7,okx,0.8978879451751709,909.391845703125,296.61920166015625,1128.1380615234375,378.455322265625,218.7462158203125,81.83612060546875,17901.341796875,1920,1080,2073600,0.008632977493107319,0.4,640,5
YOLO11s,hl_monaco_test.mp4,4500,22500,450.0,7,okx,0.8024040460586548,897.5304565429688,292.87066650390625,1121.8232421875,372.4442138671875,224.29278564453125,79.57354736328125,17847.7734375,1920,1080,2073600,0.00860714353621006,0.4,640,5
YOLO11s,hl_monaco_test.mp4,4507,22535,450.7,7,okx,0.8787583708763123,973.8381958007812,283.1838684082031,1172.34716796875,351.9203796386719,198.50897216796875,68.73651123046875,13644.814453125,1920,1080,2073600,0.006580254063010216,0.4,640,5
YOLO11s,hl_monaco_test.mp4,4508,22540,450.8,7,okx,0.8780379891395569,917.5478515625,284.2843017578125,1116.9901123046875,346.9134826660156,199.4422607421875,62.629180908203125,12490.9052734375,1920,1080,2073600,0.006023777648806572,0.4,640,5
YOLO11s,hl_monaco_test.mp4,4509,22545,450.9,7,okx,0.871243953704834,876.3277587890625,283.2602844238281,1081.0484619140625,344.0778503417969,204.720703125,60.81756591796875,12450.615234375,1920,1080,2073600,0.006004347465932369,0.4,640,5
YOLO11s,hl_monaco_test.mp4,4510,22550,451.0,7,okx,0.888821542263031,861.919189453125,286.8725280761719,1072.1253662109375,352.2776184082031,210.2061767578125,65.40509033203125,13748.5537109375,1920,1080,2073600,0.006630282383412123,0.4,640,5
YOLO11s,hl_monaco_test.mp4,4511,22555,451.1,7,okx,0.882315456867218,848.0321044921875,294.2818603515625,1058.444091796875,354.63092041015625,210.4119873046875,60.34906005859375,12698.166015625,1920,1080,2073600,0.006123729981482029,0.4,640,5
YOLO11s,hl_monaco_test.mp4,4512,22560,451.2,7,okx,0.8729621767997742,821.6193237304688,297.89276123046875,1027.44482421875,359.454833984375,205.82550048828125,61.56207275390625,12671.044921875,1920,1080,2073600,0.006110650487244129,0.4,640,5
YOLO11s,hl_monaco_test.mp4,4513,22565,451.3,7,okx,0.8502880930900574,787.5509033203125,296.53607177734375,1000.3201904296875,362.44146728515625,212.769287109375,65.9053955078125,14022.6435546875,1920,1080,2073600,0.006762463133782148,0.4,640,5
YOLO11s,hl_monaco_test.mp4,4514,22570,451.4,7,okx,0.8536399602890015,784.4287719726562,289.44775390625,984.6040649414062,354.9115905761719,200.17529296875,65.46383666992188,13104.2431640625,1920,1080,2073600,0.006319561507552862,0.4,640,5
YOLO11s,hl_monaco_test.mp4,4515,22575,451.5,7,okx,0.858928918838501,787.9691162109375,296.24395751953125,998.923828125,363.6846923828125,210.9547119140625,67.44073486328125,14226.9404296875,1920,1080,2073600,0.006860985886305571,0.4,640,5
YOLO11s,hl_monaco_test.mp4,4516,22580,451.6,7,okx,0.8498488068580627,788.2296752929688,296.9544677734375,990.5436401367188,366.99896240234375,202.31396484375,70.04449462890625,14170.9794921875,1920,1080,2073600,0.006833998486399651,0.4,640,5
YOLO11s,hl_monaco_test.mp4,4517,22585,451.7,7,okx,0.7912882566452026,780.0551147460938,296.3936767578125,980.5958862304688,363.5807189941406,200.540771484375,67.18704223632812,13473.7412109375,1920,1080,2073600,0.006497753318399191,0.4,640,5
YOLO11s,hl_monaco_test.mp4,4518,22590,451.8,7,okx,0.759633481502533,788.260498046875,282.7323303222656,989.29345703125,353.02178955078125,201.032958984375,70.28945922851562,14130.498046875,1920,1080,2073600,0.006814476102590561,0.4,640,5
YOLO11s,hl_monaco_test.mp4,4519,22595,451.9,7,okx,0.7946566939353943,798.6756591796875,285.4221496582031,1000.2947387695312,352.6044616699219,201.61907958984375,67.18231201171875,13545.236328125,1920,1080,2073600,0.0065322318114340305,0.4,640,5
YOLO11s,hl_monaco_test.mp4,4520,22600,452.0,7,okx,0.8822565078735352,804.04541015625,292.46502685546875,1013.9776611328125,358.0187072753906,209.9322509765625,65.55368041992188,13761.83203125,1920,1080,2073600,0.006636686157435179,0.4,640,5
YOLO11s,hl_monaco_test.mp4,4521,22605,452.1,7,okx,0.8497983813285828,804.8270874023438,285.61279296875,1014.9094848632812,352.52227783203125,210.0823974609375,66.90948486328125,14056.5048828125,1920,1080,2073600,0.006778792943805456,0.4,640,5
YOLO11s,hl_monaco_test.mp4,4522,22610,452.2,7,okx,0.8162634968757629,805.9260864257812,307.16766357421875,1010.7454833984375,379.0894775390625,204.81939697265625,71.92181396484375,14730.982421875,1920,1080,2073600,0.007104061543941498,0.4,640,5
YOLO11s,hl_monaco_test.mp4,4523,22615,452.3,7,okx,0.8168359398841858,783.0492553710938,308.5500183105469,986.3926391601562,380.2235412597656,203.3433837890625,71.67352294921875,14574.3369140625,1920,1080,2073600,0.0070285191759467125,0.4,640,5
YOLO11s,hl_monaco_test.mp4,4524,22620,452.4,7,okx,0.7395032048225403,744.495849609375,318.40472412109375,955.9833984375,405.86346435546875,211.487548828125,87.458740234375,18496.435546875,1920,1080,2073600,0.00891996268182993,0.4,640,5
YOLO11s,hl_monaco_test.mp4,4525,22625,452.5,7,okx,0.7859043478965759,744.9042358398438,313.7867431640625,954.369140625,402.5719299316406,209.46490478515625,88.78518676757812,18597.380859375,1920,1080,2073600,0.00896864477545023,0.4,640,5
YOLO11s,hl_monaco_test.mp4,4526,22630,452.6,7,okx,0.8261561989784241,759.2259521484375,306.55517578125,971.247802734375,383.19964599609375,212.0218505859375,76.64447021484375,16250.302734375,1920,1080,2073600,0.007836759090423584,0.4,640,5
YOLO11s,hl_monaco_test.mp4,4527,22635,452.7,7,okx,0.8176138997077942,758.47265625,307.9637451171875,967.1405639648438,383.68206787109375,208.66790771484375,75.71832275390625,15799.984375,1920,1080,2073600,0.0076195914298295975,0.4,640,5
YOLO11s,hl_monaco_test.mp4,4528,22640,452.8,7,okx,0.8019932508468628,761.1060791015625,312.1533203125,962.6687622070312,387.8074035644531,201.56268310546875,75.65408325195312,15249.0400390625,1920,1080,2073600,0.007353896740823984,0.4,640,5
YOLO11s,hl_monaco_test.mp4,4529,22645,452.9,7,okx,0.7961284518241882,742.3653564453125,320.8079833984375,949.6514892578125,408.7021179199219,207.2861328125,87.89413452148438,18219.234375,1920,1080,2073600,0.008786281570792198,0.4,640,5
YOLO11s,hl_monaco_test.mp4,4530,22650,453.0,7,okx,0.7870671153068542,735.31494140625,314.2989807128906,949.774658203125,400.49267578125,214.459716796875,86.19369506835938,18485.076171875,1920,1080,2073600,0.008914484642446041,0.4,640,5
YOLO11s,hl_monaco_test.mp4,4531,22655,453.1,7,okx,0.8193914294242859,761.3505249023438,312.54315185546875,963.5108642578125,387.94891357421875,202.16033935546875,75.40576171875,15244.0546875,1920,1080,2073600,0.007351492531597614,0.4,640,5
YOLO11s,hl_monaco_test.mp4,4532,22660,453.2,7,okx,0.8300752639770508,759.9490966796875,310.357421875,965.890625,385.70147705078125,205.9415283203125,75.34405517578125,15516.4697265625,1920,1080,2073600,0.007482865359634161,0.4,640,5
YOLO11s,hl_monaco_test.mp4,4533,22665,453.3,7,okx,0.812341034412384,747.7968139648438,311.401611328125,955.4644775390625,386.9945068359375,207.66766357421875,75.5928955078125,15698.2001953125,1920,1080,2073600,0.007570505607873201,0.4,640,5
YOLO11s,hl_monaco_test.mp4,4534,22670,453.4,7,okx,0.813022792339325,745.1295776367188,315.4000244140625,953.7551879882812,396.02191162109375,208.6256103515625,80.62188720703125,16819.791015625,1920,1080,2073600,0.008111395873129368,0.4,640,5
YOLO11s,hl_monaco_test.mp4,4535,22675,453.5,7,okx,0.7939196825027466,741.421875,308.7290954589844,947.3939208984375,385.3688049316406,205.9720458984375,76.63970947265625,15785.6376953125,1920,1080,2073600,0.007612672634422779,0.4,640,5
YOLO11s,hl_monaco_test.mp4,4536,22680,453.6,7,okx,0.851392388343811,739.9155883789062,316.846435546875,944.555419921875,395.3535461425781,204.63983154296875,78.50711059570312,16065.681640625,1920,1080,2073600,0.007747724652290344,0.4,640,5
YOLO11s,hl_monaco_test.mp4,4537,22685,453.7,7,okx,0.7492201924324036,744.458984375,297.9546203613281,955.0772705078125,379.80718994140625,210.6182861328125,81.85256958007812,17239.6484375,1920,1080,2073600,0.008313873782753944,0.4,640,5
YOLO11s,hl_monaco_test.mp4,4538,22690,453.8,7,okx,0.8182048797607422,747.8187866210938,322.50128173828125,957.0552978515625,404.1895751953125,209.23651123046875,81.68829345703125,17092.173828125,1920,1080,2073600,0.008242753334343433,0.4,640,5
YOLO11s,hl_monaco_test.mp4,4539,22695,453.9,7,okx,0.8642416596412659,733.3753662109375,320.1241149902344,947.2007446289062,408.1863098144531,213.82537841796875,88.06219482421875,18829.931640625,1920,1080,2073600,0.009080792777240276,0.4,640,5
YOLO11s,hl_monaco_test.mp4,4540,22700,454.0,7,okx,0.8831217885017395,754.3775634765625,317.878173828125,966.0155029296875,398.0538330078125,211.637939453125,80.1756591796875,16968.2109375,1920,1080,2073600,0.008182971738278866,0.4,640,5
YOLO11s,hl_monaco_test.mp4,4541,22705,454.1,7,okx,0.8736253976821899,778.6175537109375,320.4235534667969,984.9113159179688,395.72955322265625,206.29376220703125,75.30599975585938,15535.158203125,1920,1080,2073600,0.007491877768188715,0.4,640,5
YOLO11s,hl_monaco_test.mp4,4542,22710,454.2,7,okx,0.8783144354820251,767.8688354492188,334.66351318359375,983.97802734375,408.86883544921875,216.10919189453125,74.205322265625,16036.4521484375,1920,1080,2073600,0.007733628619462252,0.4,640,5
YOLO11s,hl_monaco_test.mp4,4543,22715,454.3,7,okx,0.8731440901756287,750.6649780273438,340.161376953125,969.30908203125,426.6824951171875,218.64410400390625,86.5211181640625,18917.33203125,1920,1080,2073600,0.009122941642999649,0.4,640,5
YOLO11s,hl_monaco_test.mp4,4544,22720,454.4,7,okx,0.8108310699462891,739.9052734375,327.7344970703125,949.6360473632812,407.646728515625,209.73077392578125,79.9122314453125,16760.0546875,1920,1080,2073600,0.008082588203251362,0.4,640,5
YOLO11s,hl_monaco_test.mp4,4545,22725,454.5,7,okx,0.8287041783332825,738.6495361328125,318.1300964355469,955.6961669921875,397.6467590332031,217.046630859375,79.51666259765625,17258.82421875,1920,1080,2073600,0.008323120884597301,0.4,640,5
YOLO11s,hl_monaco_test.mp4,4546,22730,454.6,7,okx,0.8581894636154175,760.54052734375,298.381103515625,974.03125,382.4312744140625,213.49072265625,84.0501708984375,17943.931640625,1920,1080,2073600,0.008653516881167889,0.4,640,5
YOLO11s,hl_monaco_test.mp4,4547,22735,454.7,7,okx,0.8986048102378845,774.9343872070312,310.515625,991.2691040039062,384.7832336425781,216.334716796875,74.26760864257812,16066.662109375,1920,1080,2073600,0.007748197298496962,0.4,640,5
YOLO11s,hl_monaco_test.mp4,4548,22740,454.8,7,okx,0.8996388912200928,774.4568481445312,312.3901672363281,991.2952880859375,387.7034912109375,216.83843994140625,75.31332397460938,16330.8232421875,1920,1080,2073600,0.007875589653849602,0.4,640,5
YOLO11s,hl_monaco_test.mp4,4549,22745,454.9,7,okx,0.8916626572608948,782.9785766601562,314.239990234375,997.7356567382812,388.1402893066406,214.757080078125,73.90029907226562,15870.6123046875,1920,1080,2073600,0.007653651759028435,0.4,640,5
YOLO11s,hl_monaco_test.mp4,4550,22750,455.0,7,okx,0.8579957485198975,784.8436889648438,312.4525146484375,1002.5755004882812,386.347900390625,217.7318115234375,73.8953857421875,16089.3759765625,1920,1080,2073600,0.0077591510489583015,0.4,640,5
YOLO11s,hl_monaco_test.mp4,4551,22755,455.1,7,okx,0.8738160729408264,800.5493774414062,315.2628173828125,1012.9678344726562,384.1152648925781,212.41845703125,68.85244750976562,14625.5302734375,1920,1080,2073600,0.007053207140415907,0.4,640,5
YOLO11s,hl_monaco_test.mp4,4552,22760,455.2,7,okx,0.8308683633804321,788.8467407226562,319.69287109375,1003.1907348632812,400.35614013671875,214.343994140625,80.66326904296875,17289.6875,1920,1080,2073600,0.008338005281984806,0.4,640,5
YOLO11s,hl_monaco_test.mp4,4553,22765,455.3,7,okx,0.8082247376441956,789.6260986328125,329.2939453125,1004.041748046875,406.0491027832031,214.4156494140625,76.75515747070312,16457.5078125,1920,1080,2073600,0.007936683483421803,0.4,640,5
YOLO11s,hl_monaco_test.mp4,4554,22770,455.4,7,okx,0.7018428444862366,801.8457641601562,323.22149658203125,1022.0399780273438,404.2037658691406,220.1942138671875,80.98226928710938,17831.826171875,1920,1080,2073600,0.00859945360571146,0.4,640,5
YOLO11s,hl_monaco_test.mp4,4555,22775,455.5,7,okx,0.8439481258392334,833.7731323242188,333.685302734375,1045.64306640625,405.9530029296875,211.86993408203125,72.2677001953125,15311.3525390625,1920,1080,2073600,0.007383946795016527,0.4,640,5
YOLO11s,hl_monaco_test.mp4,4556,22780,455.6,7,okx,0.881151556968689,875.7456665039062,322.34295654296875,1095.299072265625,387.68853759765625,219.55340576171875,65.3455810546875,14346.8447265625,1920,1080,2073600,0.006918810307979584,0.4,640,5
YOLO11s,hl_monaco_test.mp4,4557,22785,455.7,7,okx,0.9063268899917603,972.7944946289062,315.72259521484375,1173.1336669921875,384.18115234375,200.33917236328125,68.45855712890625,13714.9306640625,1920,1080,2073600,0.00661406759172678,0.4,640,5
YOLO11s,hl_monaco_test.mp4,4558,22790,455.8,7,okx,0.8867771625518799,1020.4392700195312,318.2117919921875,1213.1671142578125,387.8659973144531,192.72784423828125,69.65420532226562,13424.3046875,1920,1080,2073600,0.006473912391811609,0.4,640,5
YOLO11s,hl_monaco_test.mp4,4559,22795,455.9,7,okx,0.8595117926597595,1021.5690307617188,312.4031677246094,1217.157958984375,385.91455078125,195.58892822265625,73.51138305664062,14378.0126953125,1920,1080,2073600,0.006933840923011303,0.4,640,5
YOLO11s,hl_monaco_test.mp4,4560,22800,456.0,7,okx,0.8809131383895874,978.5921630859375,310.67657470703125,1184.0372314453125,383.03277587890625,205.445068359375,72.356201171875,14865.224609375,1920,1080,2073600,0.0071688005700707436,0.4,640,5
YOLO11s,hl_monaco_test.mp4,4561,22805,456.1,7,okx,0.9047111868858337,901.5213623046875,305.60162353515625,1108.80419921875,366.2295227050781,207.2828369140625,60.627899169921875,12567.123046875,1920,1080,2073600,0.006060533691197634,0.4,640,5
YOLO11s,hl_monaco_test.mp4,4562,22810,456.2,7,okx,0.8690750598907471,851.2666625976562,303.31488037109375,1059.37451171875,374.9676513671875,208.10784912109375,71.65277099609375,14911.50390625,1920,1080,2073600,0.007191118784248829,0.4,640,5
YOLO11s,hl_monaco_test.mp4,4563,22815,456.3,7,okx,0.8497245907783508,819.1893310546875,312.066162109375,1035.7705078125,387.0290222167969,216.5811767578125,74.96286010742188,16235.544921875,1920,1080,2073600,0.007829641923308372,0.4,640,5
YOLO11s,hl_monaco_test.mp4,4564,22820,456.4,7,okx,0.859139084815979,815.3622436523438,309.9861145019531,1023.7816772460938,384.2579345703125,208.41943359375,74.27182006835938,15479.6904296875,1920,1080,2073600,0.007465128321200609,0.4,640,5
YOLO11s,hl_monaco_test.mp4,4565,22825,456.5,7,okx,0.8202933669090271,828.3283081054688,312.2391357421875,1030.010009765625,381.88970947265625,201.68170166015625,69.65057373046875,14047.24609375,1920,1080,2073600,0.006774327717721462,0.4,640,5
YOLO11s,hl_monaco_test.mp4,4566,22830,456.6,7,okx,0.7311328649520874,834.363525390625,312.18597412109375,1034.4447021484375,383.3681945800781,200.0811767578125,71.18222045898438,14242.22265625,1920,1080,2073600,0.00686835590749979,0.4,640,5
YOLO11s,hl_monaco_test.mp4,4567,22835,456.7,7,okx,0.8214821815490723,834.2171630859375,312.76422119140625,1029.658447265625,384.3529052734375,195.4412841796875,71.58868408203125,13991.384765625,1920,1080,2073600,0.006747388280928135,0.4,640,5
YOLO11s,hl_monaco_test.mp4,4568,22840,456.8,7,okx,0.74824059009552,829.2744140625,318.9943542480469,1031.5751953125,390.9744873046875,202.30078125,71.98013305664062,14561.63671875,1920,1080,2073600,0.007022394333034754,0.4,640,5
YOLO11s,hl_monaco_test.mp4,4569,22845,456.9,7,okx,0.8173561692237854,825.6421508789062,319.9068603515625,1028.209228515625,393.0934753417969,202.56707763671875,73.18661499023438,14825.1982421875,1920,1080,2073600,0.007149497512727976,0.4,640,5
YOLO11s,hl_monaco_test.mp4,4570,22850,457.0,7,okx,0.8673710227012634,810.0928344726562,313.282470703125,1024.243408203125,390.6239318847656,214.15057373046875,77.34146118164062,16562.71875,1920,1080,2073600,0.007987421937286854,0.4,640,5
YOLO11s,hl_monaco_test.mp4,4571,22855,457.1,7,okx,0.8515175580978394,804.3876342773438,312.12744140625,1017.3015747070312,386.6473388671875,212.9139404296875,74.5198974609375,15866.3251953125,1920,1080,2073600,0.007651584222912788,0.4,640,5
YOLO11s,hl_monaco_test.mp4,4572,22860,457.2,7,okx,0.853877067565918,803.454833984375,313.7142333984375,1008.9219970703125,384.4148254394531,205.4671630859375,70.70059204101562,14526.650390625,1920,1080,2073600,0.0070055220276117325,0.4,640,5
YOLO11s,hl_monaco_test.mp4,4573,22865,457.3,7,okx,0.8703563809394836,824.43603515625,311.1551513671875,1030.193115234375,380.60174560546875,205.757080078125,69.44659423828125,14289.12890625,1920,1080,2073600,0.006890976335853338,0.4,640,5
YOLO11s,hl_monaco_test.mp4,4574,22870,457.4,7,okx,0.8778485059738159,845.5511474609375,312.34332275390625,1054.8209228515625,380.99560546875,209.269775390625,68.65228271484375,14366.84765625,1920,1080,2073600,0.0069284564815461636,0.4,640,5
YOLO11s,hl_monaco_test.mp4,4575,22875,457.5,7,okx,0.8884571194648743,849.19482421875,317.493896484375,1062.872314453125,383.93243408203125,213.677490234375,66.43853759765625,14196.419921875,1920,1080,2073600,0.006846267264336348,0.4,640,5
YOLO11s,hl_monaco_test.mp4,4576,22880,457.6,7,okx,0.8764486312866211,844.8869018554688,307.72943115234375,1053.445068359375,371.94793701171875,208.55816650390625,64.218505859375,13393.2939453125,1920,1080,2073600,0.006458957213908434,0.4,640,5
YOLO11s,hl_monaco_test.mp4,4577,22885,457.7,7,okx,0.8477667570114136,829.1347045898438,297.4490966796875,1046.03955078125,363.653076171875,216.90484619140625,66.2039794921875,14359.9638671875,1920,1080,2073600,0.006925136782228947,0.4,640,5
YOLO11s,hl_monaco_test.mp4,4578,22890,457.8,7,okx,0.8728997111320496,826.9041748046875,295.9266357421875,1032.1513671875,356.3183898925781,205.2471923828125,60.391754150390625,12395.23828125,1920,1080,2073600,0.00597764179110527,0.4,640,5
YOLO11s,hl_monaco_test.mp4,4579,22895,457.9,7,okx,0.8518058061599731,799.1207885742188,295.43212890625,1013.4640502929688,357.8936462402344,214.34326171875,62.461517333984375,13388.205078125,1920,1080,2073600,0.006456503178924322,0.4,640,5
YOLO11s,hl_monaco_test.mp4,4580,22900,458.0,7,okx,0.8610870242118835,817.3575439453125,296.94207763671875,1027.1568603515625,358.77642822265625,209.79931640625,61.8343505859375,12972.8046875,1920,1080,2073600,0.006256175227463245,0.4,640,5
YOLO11s,hl_monaco_test.mp4,4581,22905,458.1,7,okx,0.8712484240531921,848.7275390625,294.0444030761719,1056.1065673828125,356.30322265625,207.3790283203125,62.258819580078125,12911.173828125,1920,1080,2073600,0.006226453464478254,0.4,640,5
