frame_id,time_sec,brand,class_id,confidence,x1,y1,x2,y2,bbox_width,bbox_height,bbox_area,share_of_screen
6,0.12,okx,7,0.5408293604850769,918.709228515625,675.03466796875,939.6680297851562,690.5686645507812,20.95880126953125,15.53399658203125,325.5739440917969,0.0001570090389577672
12,0.24,petronas,9,0.45219939947128296,1038.405029296875,632.5845336914062,1074.722900390625,638.1498413085938,36.31787109375,5.5653076171875,202.1201171875,9.7473050118424e-05
18,0.36,okx,7,0.48148593306541443,769.0457153320312,684.4536743164062,790.3604736328125,691.6019287109375,21.31475830078125,7.14825439453125,152.36331176757812,7.347767677856609e-05
24,0.48,petronas,9,0.4904855191707611,1043.89404296875,636.55126953125,1104.6026611328125,642.236572265625,60.7086181640625,5.685302734375,345.1468811035156,0.00016644815332256258
30,0.6,okx,7,0.5302491188049316,815.2115478515625,689.108642578125,842.290771484375,698.1638793945312,27.0792236328125,9.05523681640625,245.2087860107422,0.0001182526902994141
30,0.6,petronas,9,0.4089832603931427,1045.8162841796875,638.2276611328125,1113.1512451171875,643.5939331054688,67.3349609375,5.36627197265625,361.33770751953125,0.0001742562308209017
36,0.72,okx,7,0.5036692023277283,770.0502319335938,690.381591796875,798.6918334960938,698.3324584960938,28.6416015625,7.95086669921875,227.72555541992188,0.00010982135427184403
42,0.84,okx,7,0.44793376326560974,816.6284790039062,691.7305297851562,838.9000244140625,699.9767456054688,22.27154541015625,8.2462158203125,183.65597534179688,8.856866043061018e-05
42,0.84,okx,7,0.4317936897277832,773.6829223632812,691.150390625,801.1539916992188,699.39404296875,27.4710693359375,8.24365234375,226.46194458007812,0.00010921197099378332
48,0.96,okx,7,0.5493404269218445,816.2921752929688,691.6527709960938,839.2644653320312,699.0960083007812,22.9722900390625,7.4432373046875,170.9882049560547,8.245959179475904e-05
48,0.96,okx,7,0.47446921467781067,771.409423828125,693.303955078125,799.8291015625,700.9774780273438,28.419677734375,7.67352294921875,218.0790557861328,0.00010516929614823312
54,1.08,okx,7,0.49664145708084106,769.9845581054688,696.282470703125,798.7515258789062,704.10693359375,28.7669677734375,7.824462890625,225.08607482910156,0.0001085484545910731
54,1.08,okx,7,0.46750006079673767,815.333740234375,694.2252807617188,838.6149291992188,701.962890625,23.28118896484375,7.73760986328125,180.14076232910156,8.687343506608158e-05
60,1.2,okx,7,0.4566003680229187,766.8587646484375,699.4757080078125,795.62109375,707.8434448242188,28.7623291015625,8.36773681640625,240.67559814453125,0.00011606654879869893
60,1.2,okx,7,0.4007676839828491,833.4534301757812,706.373291015625,862.1954956054688,715.6222534179688,28.7420654296875,9.24896240234375,265.83428955078125,0.00012819940457120538
66,1.32,okx,7,0.5186368823051453,762.2720947265625,702.3973999023438,789.7247314453125,710.9097290039062,27.45263671875,8.5123291015625,233.68588256835938,0.00011269573587924242
72,1.44,okx,7,0.44525131583213806,768.09375,703.2921142578125,792.2623901367188,711.8101196289062,24.16864013671875,8.51800537109375,205.8686065673828,9.928076906362548e-05
72,1.44,okx,7,0.4119092524051666,867.564453125,690.2685546875,890.8640747070312,697.5889282226562,23.29962158203125,7.32037353515625,170.5619354248047,8.22540168883279e-05
78,1.56,okx,7,0.4790290892124176,756.89599609375,709.1791381835938,786.2039794921875,718.4559326171875,29.3079833984375,9.27679443359375,271.8841247558594,0.00013111696171108633
84,1.68,okx,7,0.5408976674079895,757.4407348632812,711.4238891601562,787.5789794921875,719.8909912109375,30.13824462890625,8.46710205078125,255.18359375,0.00012306307326070964
90,1.8,okx,7,0.5261464715003967,756.9080200195312,713.7713012695312,786.6454467773438,722.9466552734375,29.7374267578125,9.17535400390625,272.8514099121094,0.00013158343790564686
90,1.8,okx,7,0.412540078163147,858.2850341796875,697.9761962890625,883.7614135742188,705.505126953125,25.47637939453125,7.5289306640625,191.8098907470703,9.250091534340754e-05
96,1.92,okx,7,0.4402243494987488,757.85400390625,715.9905395507812,788.874267578125,725.5346069335938,31.020263671875,9.5440673828125,296.0594787597656,0.00014277559239417315
96,1.92,okx,7,0.42446041107177734,787.526123046875,715.5681762695312,815.876220703125,724.0872192382812,28.35009765625,8.51904296875,241.5157012939453,0.00011647169594652951
102,2.04,okx,7,0.5246610641479492,790.6676635742188,716.4562377929688,816.0667724609375,724.1253662109375,25.39910888671875,7.66912841796875,194.78903198242188,9.393761138198897e-05
102,2.04,okx,7,0.43976062536239624,755.7510375976562,718.950439453125,783.3051147460938,728.1972045898438,27.5540771484375,9.24676513671875,254.7860870361328,0.00012287138088140637
108,2.16,okx,7,0.4787900149822235,789.4081420898438,718.4056396484375,815.65673828125,726.5985107421875,26.24859619140625,8.19287109375,215.05136108398438,0.00010370918607804924
108,2.16,petronas,9,0.44462186098098755,1041.40283203125,668.318359375,1117.666015625,674.4754638671875,76.26318359375,6.1571044921875,469.5603942871094,0.00022644695127382874
108,2.16,okx,7,0.4420904517173767,752.6639404296875,721.9618530273438,782.449951171875,731.271484375,29.7860107421875,9.30963134765625,277.2967834472656,0.00013372722605708987
114,2.28,okx,7,0.4488884210586548,761.9224853515625,725.31884765625,791.4230346679688,735.8268432617188,29.50054931640625,10.50799560546875,309.99163818359375,0.00014949442993383855
114,2.28,petronas,9,0.40736711025238037,1030.5611572265625,670.0593872070312,1076.7335205078125,675.6705322265625,46.17236328125,5.61114501953125,259.079833984375,0.00012494204565882683
120,2.4,okx,7,0.4587114155292511,790.2815551757812,725.515380859375,814.8173217773438,732.7018432617188,24.5357666015625,7.18646240234375,176.3253631591797,8.50334472488612e-05
120,2.4,petronas,9,0.4215061366558075,1030.2529296875,672.1432495117188,1072.948486328125,677.292724609375,42.695556640625,5.14947509765625,219.85971069335938,0.00010602802649373189
120,2.4,okx,7,0.4145803153514862,755.5015869140625,727.0153198242188,783.0505981445312,735.8789672851562,27.54901123046875,8.8636474609375,244.18472290039062,0.0001177588346763514
126,2.52,okx,7,0.44893205165863037,790.661865234375,727.717529296875,814.627197265625,734.6093139648438,23.96533203125,6.89178466796875,165.16390991210938,7.965080294525251e-05
126,2.52,petronas,9,0.4379192590713501,1034.3851318359375,673.335693359375,1085.0643310546875,678.6173706054688,50.67919921875,5.28167724609375,267.6711730957031,0.0001290852524107322
132,2.64,okx,7,0.4415968060493469,748.3151245117188,730.4461059570312,778.3062133789062,738.3173828125,29.9910888671875,7.87127685546875,236.0681610107422,0.00011384460231056437
132,2.64,okx,7,0.41592976450920105,788.6193237304688,728.3865356445312,813.9337768554688,735.7869873046875,25.314453125,7.40045166015625,187.33839416503906,9.034451795741916e-05
138,2.76,okx,7,0.4272708296775818,790.3380126953125,731.4153442382812,815.8321533203125,739.1648559570312,25.494140625,7.74951171875,197.567138671875,9.527736256131902e-05
138,2.76,okx,7,0.4196245074272156,755.8245239257812,732.1470947265625,787.6921997070312,740.6964721679688,31.86767578125,8.54937744140625,272.44879150390625,0.00013138927170075476
144,2.88,okx,7,0.4318859875202179,791.1283569335938,731.3555297851562,817.8052368164062,739.64501953125,26.6768798828125,8.28948974609375,221.13772583007812,0.00010664435103535652
150,3.0,okx,7,0.49624261260032654,795.9583129882812,734.1008911132812,821.4810791015625,741.8031005859375,25.52276611328125,7.70220947265625,196.58169555664062,9.480212611379102e-05
156,3.12,okx,7,0.4391419589519501,851.7425537109375,725.8049926757812,876.5342407226562,732.2676391601562,24.79168701171875,6.462646484375,160.21990966796875,7.726654439466074e-05
156,3.12,okx,7,0.4378618896007538,802.0656127929688,735.8463134765625,828.3878784179688,743.0110473632812,26.322265625,7.16473388671875,188.59202575683594,9.094908455153927e-05
156,3.12,petronas,9,0.4255805015563965,1026.6915283203125,682.6646728515625,1073.234619140625,688.7667236328125,46.5430908203125,6.10205078125,284.00830078125,0.00013696387759409845
162,3.24,okx,7,0.4414500594139099,779.552734375,741.8421020507812,813.6566162109375,750.5317993164062,34.1038818359375,8.689697265625,296.3524169921875,0.00014291686238721013
162,3.24,okx,7,0.4028477668762207,848.688232421875,726.1993408203125,873.9122924804688,733.6317138671875,25.22406005859375,7.432373046875,187.47462463378906,9.041021985467523e-05
168,3.36,okx,7,0.4421699643135071,785.30322265625,743.5732421875,816.0401611328125,752.159423828125,30.7369384765625,8.586181640625,263.9129333496094,0.00012727282592095435
168,3.36,okx,7,0.4262091815471649,853.0711669921875,729.1666870117188,879.9742431640625,736.6200561523438,26.903076171875,7.453369140625,200.5185546875,9.67006926657632e-05
174,3.48,petronas,9,0.48923859000205994,1033.1068115234375,691.3493041992188,1081.03857421875,697.5736694335938,47.9317626953125,6.224365234375,298.34478759765625,0.00014387769624590874
180,3.6,petronas,9,0.4948514997959137,1034.666259765625,690.5582885742188,1083.32958984375,696.5052490234375,48.663330078125,5.94696044921875,289.3988952636719,0.00013956350449007004
186,3.72,petronas,9,0.5552212595939636,1029.3731689453125,686.7593994140625,1077.2303466796875,692.8576049804688,47.857177734375,6.09820556640625,291.8428955078125,0.00014074213686399162
186,3.72,okx,7,0.45165562629699707,849.21728515625,729.5478515625,875.7941284179688,737.0579833984375,26.57684326171875,7.5101318359375,199.59559631347656,9.625559323467314e-05
192,3.84,petronas,9,0.6278705596923828,1032.53466796875,680.5895385742188,1083.639892578125,686.2962036132812,51.105224609375,5.7066650390625,291.6404113769531,0.00014064449351280928
192,3.84,okx,7,0.46464109420776367,843.7101440429688,724.3953857421875,870.738525390625,731.7693481445312,27.02838134765625,7.37396240234375,199.3062744140625,9.611606947146356e-05
198,3.96,okx,7,0.5154829621315002,774.2042236328125,729.8381958007812,802.8247680664062,738.0694580078125,28.62054443359375,8.23126220703125,235.5832061767578,0.00011361073120497167
198,3.96,okx,7,0.46447232365608215,839.828857421875,715.4367065429688,867.8883666992188,723.6367797851562,28.05950927734375,8.2000732421875,230.09002685546875,0.00011096162779722363
204,4.08,petronas,9,0.5629475712776184,1040.4180908203125,666.390380859375,1082.8465576171875,672.4277954101562,42.428466796875,6.03741455078125,256.1582336425781,0.0001235331001225859
210,4.2,petronas,9,0.6461566686630249,1039.655517578125,660.4929809570312,1085.7303466796875,666.421875,46.0748291015625,5.92889404296875,273.17279052734375,0.00013173841580282897
210,4.2,okx,7,0.49368879199028015,705.5191040039062,723.8910522460938,734.6749877929688,733.8230590820312,29.1558837890625,9.9320068359375,289.5764465332031,0.00013964912795927376
216,4.32,okx,7,0.536978542804718,834.2078857421875,697.9214477539062,861.6443481445312,706.965576171875,27.43646240234375,9.04412841796875,248.13888549804688,0.00011966574675170705
216,4.32,okx,7,0.4487309157848358,699.6129150390625,719.0714111328125,728.793212890625,729.2749633789062,29.1802978515625,10.20355224609375,297.7427062988281,0.00014358734188135713
222,4.44,okx,7,0.5649020671844482,694.5286865234375,710.7913818359375,724.9111938476562,721.28173828125,30.38250732421875,10.4903564453125,318.72332763671875,0.00015370530309155583
222,4.44,petronas,9,0.4065552055835724,1042.310302734375,644.201416015625,1083.64794921875,650.1509399414062,41.337646484375,5.94952392578125,245.93931579589844,0.00011860499216709286
228,4.56,okx,7,0.5445649027824402,689.5443725585938,700.6657104492188,720.317626953125,710.7745971679688,30.77325439453125,10.10888671875,311.0833435058594,0.00015002090367488563
228,4.56,petronas,9,0.4746854901313782,1058.9447021484375,632.6209106445312,1101.74853515625,639.0628662109375,42.8038330078125,6.44195556640625,275.7403869628906,0.00013297665282152593
228,4.56,bwt,2,0.40967828035354614,1469.07080078125,735.691162109375,1524.5098876953125,749.616455078125,55.4390869140625,13.92529296875,772.0055541992188,0.00037230204907245934
234,4.68,okx,7,0.6230266094207764,754.6800537109375,685.1679077148438,788.613037109375,695.6009521484375,33.9329833984375,10.43304443359375,354.0243225097656,0.0001707293267827481
234,4.68,petronas,9,0.47709453105926514,1063.9488525390625,620.2459716796875,1110.354248046875,626.2807006835938,46.4053955078125,6.03472900390625,280.0439758300781,0.00013505207607522607
240,4.8,okx,7,0.6253373622894287,830.7948608398438,656.8148803710938,862.7252807617188,668.2915649414062,31.930419921875,11.4766845703125,366.4553527832031,0.00017672422109171748
240,4.8,petronas,9,0.4033591151237488,1084.65185546875,609.500732421875,1123.1739501953125,615.6489868164062,38.5220947265625,6.14825439453125,236.84364318847656,0.00011421857925597578
246,4.92,okx,7,0.6521233320236206,738.7772216796875,666.4221801757812,781.137451171875,675.6066284179688,42.3602294921875,9.1844482421875,389.0553283691406,0.00018762313993647695
246,4.92,petronas,9,0.565290629863739,1096.9598388671875,597.0496215820312,1146.4820556640625,602.976806640625,49.522216796875,5.92718505859375,293.52734375,0.00014155446842778474
252,5.04,okx,7,0.5398911833763123,739.0260620117188,657.8226318359375,782.5682373046875,667.7256469726562,43.54217529296875,9.90301513671875,431.1988220214844,0.00020794695592485368
252,5.04,petronas,9,0.4218669831752777,1113.096923828125,583.9213256835938,1159.4815673828125,589.62939453125,46.3846435546875,5.70806884765625,264.7667236328125,0.000127684572362341
258,5.16,okx,7,0.6521267890930176,740.1541748046875,650.6774291992188,783.1469116210938,661.6104125976562,42.99273681640625,10.9329833984375,470.03887939453125,0.00022667770099360496
258,5.16,petronas,9,0.4554964303970337,1138.5296630859375,574.4072875976562,1190.0152587890625,580.123779296875,51.485595703125,5.71649169921875,294.3169860839844,0.00014193527749739587
264,5.28,okx,7,0.7608296275138855,724.8436889648438,643.4160766601562,776.8031005859375,655.5498657226562,51.95941162109375,12.1337890625,630.4645385742188,0.0003040434676222503
270,5.4,okx,7,0.7188074588775635,716.662841796875,637.7606201171875,766.4490966796875,648.7972412109375,49.7862548828125,11.03662109375,549.4720458984375,0.0002649845846462995
270,5.4,petronas,9,0.4168713092803955,1191.712890625,552.94189453125,1238.734619140625,558.7130126953125,47.021728515625,5.7711181640625,271.3679504394531,0.0001308680366491899
276,5.52,okx,7,0.7725298404693604,705.6455078125,627.2164916992188,763.18603515625,641.2101440429688,57.54052734375,13.99365234375,805.2021484375,0.0003883112221956253
276,5.52,hp,4,0.4490135610103607,1529.7462158203125,686.6897583007812,1558.4287109375,698.2498779296875,28.6824951171875,11.56011962890625,331.5730895996094,0.0001599021488800645
282,5.64,okx,7,0.7789521813392639,694.8494262695312,616.930419921875,754.3447265625,630.882080078125,59.49530029296875,13.95166015625,830.0582275390625,0.00040029812953434885
282,5.64,okx,7,0.6846082210540771,899.2173461914062,586.4146728515625,941.6626586914062,596.7323608398438,42.4453125,10.31768798828125,437.9375,0.0002111967041855678
288,5.76,okx,7,0.7645721435546875,683.43701171875,606.4006958007812,741.9968872070312,619.4166870117188,58.55987548828125,13.0159912109375,762.21484375,0.00036758044734597206
288,5.76,okx,7,0.6473819017410278,923.1079711914062,571.977783203125,963.70458984375,580.8589477539062,40.59661865234375,8.88116455078125,360.5452575683594,0.00017387406842317432
294,5.88,okx,7,0.7872006297111511,647.1580200195312,596.683349609375,719.27685546875,611.1306762695312,72.11883544921875,14.44732666015625,1041.92431640625,0.0005024712299928069
294,5.88,aramco,0,0.5345242619514465,1604.8018798828125,508.6578063964844,1697.09716796875,518.0570068359375,92.2952880859375,9.399200439453125,867.5018920898438,0.000418355455622077
294,5.88,okx,7,0.5239265561103821,925.4019775390625,558.8857421875,971.515380859375,569.4169311523438,46.1134033203125,10.53118896484375,485.62896728515625,0.00023419606441166252
294,5.88,hp,4,0.5215359926223755,1437.8494873046875,671.7806396484375,1465.600830078125,687.2598876953125,27.7513427734375,15.479248046875,429.5699157714844,0.00020716141443699598
300,6.0,okx,7,0.7905387878417969,618.7645874023438,591.3461303710938,689.9093017578125,607.9790649414062,71.14471435546875,16.6329345703125,1183.3453369140625,0.0005706719239242375
300,6.0,okx,7,0.6746049523353577,948.6012573242188,547.51513671875,993.4837036132812,558.3875122070312,44.8824462890625,10.87237548828125,487.97882080078125,0.0002353292948100716
300,6.0,hp,4,0.5186578631401062,1543.5579833984375,673.6480102539062,1575.39013671875,688.6593017578125,31.8321533203125,15.01129150390625,477.84173583984375,0.00023044065164867789
306,6.12,okx,7,0.7862880825996399,575.4407348632812,588.4801635742188,652.4942626953125,606.25537109375,77.05352783203125,17.77520751953125,1369.6424560546875,0.0006605142843909562
306,6.12,okx,7,0.7609266638755798,964.8348999023438,535.4005737304688,1013.9526977539062,545.8982543945312,49.1177978515625,10.4976806640625,515.6229858398438,0.00024866077001206577
306,6.12,hp,4,0.6407641172409058,1545.5811767578125,675.7401733398438,1576.2283935546875,690.8919067382812,30.647216796875,15.1517333984375,464.35845947265625,0.0002239383029518649
306,6.12,hp,4,0.5540951490402222,1414.87451171875,678.022705078125,1440.5283203125,694.3432006835938,25.65380859375,16.32049560546875,418.682861328125,0.00020191109797451645
312,6.24,okx,7,0.8078523278236389,510.0711364746094,587.5271606445312,591.34521484375,607.5479736328125,81.27407836914062,20.02081298828125,1627.173095703125,0.0007847092347219586
312,6.24,okx,7,0.6887582540512085,968.3926391601562,524.21484375,1021.468994140625,534.2864379882812,53.07635498046875,10.07159423828125,534.5635375976562,0.00025779491988942027
318,6.36,okx,7,0.7670360207557678,989.9803466796875,515.528076171875,1042.06787109375,527.4525756835938,52.0875244140625,11.92449951171875,621.11767578125,0.0002995359245687723
318,6.36,okx,7,0.7266831398010254,434.40386962890625,587.1256103515625,511.6080017089844,607.2855834960938,77.20413208007812,20.15997314453125,1556.4332275390625,0.0007505947141908109
318,6.36,hp,4,0.71877121925354,1479.4476318359375,688.0203857421875,1514.709228515625,706.776123046875,35.2615966796875,18.7557373046875,661.3572387695312,0.0003189415729139
318,6.36,hp,4,0.5653044581413269,1345.4891357421875,690.5694580078125,1374.497802734375,707.9263305664062,29.0086669921875,17.35687255859375,503.4997253417969,0.0002428142906865105
324,6.48,okx,7,0.7996926307678223,322.33099365234375,595.0612182617188,402.6534729003906,616.8031616210938,80.32247924804688,21.741943359375,1746.3668212890625,0.0008421908132731915
324,6.48,okx,7,0.7682450413703918,1015.078369140625,507.8165283203125,1067.4847412109375,518.6293334960938,52.4063720703125,10.81280517578125,566.659912109375,0.0002732735010795295
324,6.48,hp,4,0.6546343564987183,1432.1185302734375,700.7536010742188,1463.43212890625,720.4467163085938,31.3135986328125,19.693115234375,616.6622924804688,0.0002973873051814735
324,6.48,hp,4,0.6396262645721436,1292.921875,703.4021606445312,1321.6209716796875,722.0054321289062,28.6990966796875,18.603271484375,533.8970947265625,0.00025747352628968656
324,6.48,okx,7,0.5916298031806946,320.385986328125,708.0903930664062,368.9001159667969,776.1591796875,48.514129638671875,68.06878662109375,3302.2978515625,0.0015925433253869414
330,6.6,okx,7,0.7907218933105469,1023.1490478515625,496.05609130859375,1085.1966552734375,508.1858825683594,62.047607421875,12.129791259765625,752.62451171875,0.0003629554994404316
330,6.6,hp,4,0.7706112861633301,1358.938720703125,719.5277709960938,1398.1666259765625,743.6884155273438,39.2279052734375,24.16064453125,947.771484375,0.00045706573291681707
330,6.6,hp,4,0.5037809014320374,1191.346923828125,725.2308349609375,1228.120849609375,746.2149047851562,36.77392578125,20.98406982421875,771.6666259765625,0.0003721386019606143
330,6.6,okx,7,0.48610493540763855,166.1309814453125,600.9556274414062,257.94696044921875,624.2191772460938,91.81597900390625,23.2635498046875,2135.965576171875,0.00103007594589144
336,6.72,okx,7,0.7544527649879456,1036.0537109375,489.92767333984375,1095.470947265625,502.4571228027344,59.417236328125,12.529449462890625,744.4652709960938,0.0003590206615626812
336,6.72,petronas,9,0.5516777038574219,1614.825439453125,454.8065185546875,1670.0220947265625,468.11700439453125,55.1966552734375,13.31048583984375,734.6942749023438,0.00035430857678875327
336,6.72,hp,4,0.48228374123573303,1063.108154296875,753.239013671875,1106.4560546875,778.2198486328125,43.347900390625,24.9808349609375,1082.86669921875,0.0005222157924436033
342,6.84,okx,7,0.6847866177558899,1020.8223876953125,485.8945617675781,1092.0682373046875,500.0774230957031,71.245849609375,14.182861328125,1010.4700317382812,0.00048730228445492685
342,6.84,hp,4,0.5776200890541077,1049.409423828125,803.7515258789062,1100.2041015625,833.941650390625,50.794677734375,30.19012451171875,1533.4976806640625,0.000739533978048712
348,6.96,hp,4,0.7830156683921814,460.3844299316406,705.0590209960938,510.017333984375,737.6857299804688,49.632904052734375,32.626708984375,1619.3582763671875,0.0007809405215084553
348,6.96,okx,7,0.7682197690010071,993.3441772460938,480.6730041503906,1072.171142578125,496.752197265625,78.82696533203125,16.079193115234375,1267.4739990234375,0.0006112432456575334
348,6.96,hp,4,0.7360299229621887,727.6024780273438,898.8196411132812,777.9112548828125,935.7545776367188,50.30877685546875,36.9349365234375,1858.1514892578125,0.0008960993145592511
354,7.08,okx,7,0.8077276349067688,931.6631469726562,484.094970703125,1027.3421630859375,500.2350158691406,95.67901611328125,16.140045166015625,1544.263671875,0.0007447259267792106
360,7.2,okx,7,0.7207571268081665,877.0986328125,490.0632019042969,960.6821899414062,505.6313781738281,83.58355712890625,15.56817626953125,1301.2435302734375,0.0006275287014432251
366,7.32,okx,7,0.5607100129127502,810.6737060546875,500.4106140136719,876.3153076171875,514.8623657226562,65.6416015625,14.451751708984375,948.6361083984375,0.0004574827034957707
372,7.44,okx,7,0.7413148283958435,705.0477294921875,514.43603515625,795.2694091796875,531.8530883789062,90.2216796875,17.41705322265625,1571.395751953125,0.0007578104268759489
372,7.44,okx,7,0.7166547179222107,555.7103271484375,614.2796630859375,618.9487915039062,645.30908203125,63.23846435546875,31.0294189453125,1962.2528076171875,0.0009463024907745421
372,7.44,okx,7,0.579434335231781,645.17626953125,619.0308837890625,686.3267822265625,677.041259765625,41.1505126953125,58.0103759765625,2387.15673828125,0.0011512136552482843
372,7.44,petronas,9,0.4221600890159607,1660.609375,408.0855407714844,1734.35986328125,420.4720458984375,73.75048828125,12.386505126953125,913.5108032226562,0.000440543401055038
378,7.56,oracle,8,0.921028196811676,1520.5548095703125,562.7844848632812,1621.862548828125,604.1414794921875,101.3077392578125,41.35699462890625,4189.78369140625,0.0020205362234264612
378,7.56,okx,7,0.8425683379173279,360.7475280761719,644.654541015625,453.81585693359375,683.800048828125,93.06832885742188,39.1455078125,3643.20703125,0.0017569478368386626
378,7.56,okx,7,0.6898963451385498,474.4559020996094,650.410400390625,536.7250366210938,718.5497436523438,62.269134521484375,68.13934326171875,4242.97802734375,0.002046189270913601
378,7.56,aramco,0,0.4836660325527191,1787.352783203125,406.9559020996094,1852.68212890625,417.5212097167969,65.329345703125,10.5653076171875,690.224609375,0.00033286295365542173
378,7.56,aramco,0,0.41709086298942566,1731.04541015625,492.5538635253906,1803.1944580078125,508.353759765625,72.1490478515625,15.799896240234375,1139.947509765625,0.0005497431848198175
384,7.68,oracle,8,0.9364088773727417,1600.3896484375,601.980712890625,1756.578369140625,652.6385498046875,156.188720703125,50.6578369140625,7912.1826171875,0.0038156744558364153
384,7.68,okx,7,0.5537991523742676,564.5120849609375,530.8818969726562,678.35791015625,551.1797485351562,113.8458251953125,20.2978515625,2310.82568359375,0.001114402781240642
384,7.68,okx,7,0.49245959520339966,78.26036834716797,682.004150390625,219.52984619140625,733.2422485351562,141.26947021484375,51.23809814453125,7238.37890625,0.003490730654448271
390,7.8,oracle,8,0.8957626223564148,1495.293212890625,697.6150512695312,1877.87939453125,791.0687255859375,382.586181640625,93.45367431640625,35754.0859375,0.017242519184947014
396,7.92,oracle,8,0.48418617248535156,73.52079772949219,854.5969848632812,818.303955078125,968.2091674804688,744.7831420898438,113.6121826171875,84616.4375,0.04080653935670853
402,8.04,oracle,8,0.6749975681304932,119.44680786132812,558.5050659179688,368.1833801269531,683.3936157226562,248.736572265625,124.8885498046875,31064.349609375,0.014980878680944443
402,8.04,oracle,8,0.4329986870288849,1050.44287109375,479.6646423339844,1317.0546875,551.3626098632812,266.61181640625,71.69796752929688,19115.525390625,0.009218521416187286
408,8.16,oracle,8,0.9303186535835266,869.47314453125,427.7651062011719,1098.1693115234375,464.7772521972656,228.6961669921875,37.01214599609375,8464.5361328125,0.004082048777490854
408,8.16,oracle,8,0.8275384902954102,530.1260986328125,476.3750915527344,613.7332153320312,541.96728515625,83.60711669921875,65.59219360351562,5483.97412109375,0.002644663443788886
414,8.28,oracle,8,0.811933696269989,890.7572021484375,423.2192077636719,1060.142333984375,449.1958312988281,169.3851318359375,25.97662353515625,4400.0537109375,0.002121939556673169
414,8.28,okx,7,0.7001757025718689,1428.10595703125,423.7586975097656,1500.9683837890625,439.2040100097656,72.8624267578125,15.4453125,1125.3829345703125,0.0005427193827927113
414,8.28,oracle,8,0.6064315438270569,711.9296264648438,466.0162353515625,756.467529296875,505.8636474609375,44.53790283203125,39.847412109375,1774.72021484375,0.0008558643166907132
420,8.4,oracle,8,0.8249090909957886,939.4986572265625,427.79412841796875,1079.7806396484375,443.090576171875,140.281982421875,15.29644775390625,2145.81591796875,0.0010348263895139098
420,8.4,okx,7,0.5666807889938354,1402.624267578125,461.6031494140625,1437.5447998046875,480.93939208984375,34.9205322265625,19.33624267578125,675.2318725585938,0.0003256326599512249
426,8.52,oracle,8,0.8107479810714722,949.1031494140625,433.6867980957031,1041.9195556640625,445.32904052734375,92.81640625,11.642242431640625,1080.591064453125,0.0005211184034124017
426,8.52,aramco,0,0.5052972435951233,1509.295654296875,608.55224609375,1625.8876953125,680.1444091796875,116.592041015625,71.5921630859375,8347.076171875,0.004025403410196304
432,8.64,oracle,8,0.8336803317070007,937.2916870117188,440.9827575683594,1024.511474609375,453.19476318359375,87.21978759765625,12.212005615234375,1065.1285400390625,0.0005136615363880992
438,8.76,oracle,8,0.624532163143158,918.2501220703125,447.17864990234375,1006.4398803710938,457.3401794433594,88.18975830078125,10.161529541015625,896.142822265625,0.00043216763879172504
438,8.76,capp,3,0.5225248336791992,1290.15283203125,467.6138916015625,1392.785400390625,481.35064697265625,102.632568359375,13.73675537109375,1409.8385009765625,0.0006798989488743246
444,8.88,oracle,8,0.7647370100021362,909.8729858398438,445.1954040527344,989.3934326171875,454.72454833984375,79.52044677734375,9.529144287109375,757.7618408203125,0.0003654329921118915
444,8.88,capp,3,0.5088204145431519,1231.543212890625,467.5229797363281,1304.9674072265625,476.53363037109375,73.4241943359375,9.010650634765625,661.5997924804688,0.00031905854120850563
450,9.0,capp,3,0.6202828288078308,1178.901611328125,465.0279846191406,1265.1983642578125,473.3652648925781,86.2967529296875,8.3372802734375,719.480224609375,0.0003469715593382716
456,9.12,okx,7,0.7490115761756897,775.9147338867188,621.9485473632812,849.6078491210938,637.5171508789062,73.693115234375,15.568603515625,1147.2989501953125,0.0005532884388230741
456,9.12,hp,4,0.4740349054336548,1450.4844970703125,734.5189819335938,1479.625732421875,748.58935546875,29.1412353515625,14.07037353515625,410.028076171875,0.00019773730309680104
462,9.24,okx,7,0.7597048878669739,821.4132690429688,620.657958984375,890.9800415039062,635.5196533203125,69.5667724609375,14.8616943359375,1033.880126953125,0.000498591864015907
462,9.24,hp,4,0.6327741146087646,1444.2611083984375,728.1077270507812,1470.478759765625,742.73828125,26.2176513671875,14.63055419921875,383.5787658691406,0.0001849820400821045
468,9.36,okx,7,0.7236002683639526,871.4745483398438,618.6493530273438,944.6138916015625,634.7369384765625,73.13934326171875,16.08758544921875,1176.6353759765625,0.000567436043638736
468,9.36,hp,4,0.6634266376495361,1447.93994140625,725.7064819335938,1474.552001953125,739.145263671875,26.612060546875,13.43878173828125,357.6336669921875,0.00017246993957087398
468,9.36,hp,4,0.5013517141342163,1562.3363037109375,721.2080688476562,1586.92529296875,735.330322265625,24.5889892578125,14.12225341796875,347.2519226074219,0.00016746330948080868
474,9.48,okx,7,0.7771532535552979,919.9910278320312,616.2348022460938,985.1846923828125,631.2613525390625,65.19366455078125,15.02655029296875,979.6358642578125,0.0004724324098788202
474,9.48,hp,4,0.7135702967643738,1461.305908203125,723.5716552734375,1489.2734375,737.5433959960938,27.967529296875,13.97174072265625,390.75506591796875,0.00018844283476937562
474,9.48,hp,4,0.5846084356307983,1572.127685546875,717.9701538085938,1594.9700927734375,731.7327270507812,22.8424072265625,13.7625732421875,314.37030029296875,0.00015160604380071163
474,9.48,okx,7,0.4539683163166046,227.8762969970703,539.8775024414062,283.90887451171875,550.4806518554688,56.03257751464844,10.6031494140625,594.1217651367188,0.0002865170536097139
480,9.6,okx,7,0.7683526277542114,966.46923828125,619.6835327148438,1036.818359375,633.2845458984375,70.34912109375,13.60101318359375,956.8193359375,0.00046142906649038196
480,9.6,hp,4,0.7091412544250488,1476.728271484375,724.6279296875,1501.8341064453125,737.7874145507812,25.1058349609375,13.15948486328125,330.3798522949219,0.00015932670794427395
480,9.6,hp,4,0.6488374471664429,1585.38623046875,719.3262939453125,1607.7376708984375,732.3934936523438,22.3514404296875,13.06719970703125,292.07073974609375,0.00014085201837588102
480,9.6,petronas,9,0.4482036530971527,343.8580017089844,436.674560546875,426.8321228027344,444.8446350097656,82.97412109375,8.170074462890625,677.9047241210938,0.0003269216394983232
486,9.72,okx,7,0.7035771012306213,1009.3446044921875,619.3151245117188,1069.8282470703125,630.8255615234375,60.483642578125,11.51043701171875,696.1931762695312,0.0003357413224875927
486,9.72,hp,4,0.7017822265625,1481.172607421875,722.815185546875,1510.536865234375,735.337646484375,29.3642578125,12.5224609375,367.7127685546875,0.00017733061395119876
486,9.72,hp,4,0.6375930905342102,1591.0057373046875,720.4453125,1614.5625,732.36279296875,23.5567626953125,11.91748046875,280.7372741699219,0.00013538642087951303
492,9.84,okx,7,0.7860190868377686,1042.8260498046875,620.4835815429688,1104.860107421875,632.5352172851562,62.0340576171875,12.0516357421875,747.6118774414062,0.0003605381352826953
492,9.84,hp,4,0.7596051096916199,1508.107666015625,721.797607421875,1533.4609375,733.9551391601562,25.353271484375,12.15753173828125,308.23321533203125,0.00014864641707390547
492,9.84,petronas,9,0.6340672373771667,287.72052001953125,402.1365661621094,357.8034362792969,407.759033203125,70.08291625976562,5.622467041015625,394.03887939453125,0.00019002646149601787
492,9.84,hp,4,0.4649210274219513,1608.4456787109375,718.8919677734375,1629.61865234375,729.4943237304688,21.1729736328125,10.60235595703125,224.4833984375,0.00010825780918821692
492,9.84,petronas,9,0.43852758407592773,456.6925964355469,466.72674560546875,521.9649047851562,473.89202880859375,65.27230834960938,7.165283203125,467.694580078125,0.0002255471481475979
492,9.84,okx,7,0.41188961267471313,480.2082214355469,543.6090698242188,518.0596923828125,550.1690673828125,37.851470947265625,6.55999755859375,248.30555725097656,0.00011974612425547093
498,9.96,okx,7,0.6693063378334045,1067.2996826171875,613.984619140625,1124.3935546875,625.2471923828125,57.0938720703125,11.2625732421875,643.02392578125,0.00031010026577860117
498,9.96,hp,4,0.6498624086380005,1511.550537109375,703.9263916015625,1540.04541015625,717.0829467773438,28.494873046875,13.15655517578125,374.8943786621094,0.00018079396977555007
498,9.96,petronas,9,0.5006697177886963,318.4980163574219,411.04669189453125,386.84454345703125,417.05487060546875,68.34652709960938,6.0081787109375,410.6381530761719,0.00019803151371888816
498,9.96,okx,7,0.4820757508277893,526.5916748046875,534.995849609375,577.12939453125,544.6988525390625,50.5377197265625,9.7030029296875,490.3676452636719,0.00023648131173104048
504,10.08,okx,7,0.7430979013442993,1093.3856201171875,609.9682006835938,1156.7862548828125,621.5958862304688,63.400634765625,11.627685546875,737.20263671875,0.00035551824839785695
504,10.08,hp,4,0.6111953854560852,1521.883056640625,698.629150390625,1547.408203125,710.3345947265625,25.525146484375,11.7054443359375,298.7831726074219,0.00014408910647034645
510,10.2,okx,7,0.707337498664856,1119.0565185546875,610.419189453125,1173.0245361328125,620.4308471679688,53.968017578125,10.01165771484375,540.309326171875,0.000260565837379545
510,10.2,hp,4,0.5711573958396912,1520.0845947265625,698.9303588867188,1542.343994140625,710.02001953125,22.2593994140625,11.08966064453125,246.84918212890625,0.00011904378334293142
510,10.2,petronas,9,0.4889504611492157,163.135498046875,484.6252136230469,244.72621154785156,493.2311706542969,81.59071350097656,8.60595703125,702.1661987304688,0.000338621815899387
510,10.2,hp,4,0.44838082790374756,1616.8045654296875,695.2784423828125,1637.5980224609375,705.5007934570312,20.79345703125,10.22235107421875,212.55801391601562,0.00010250676132272929
516,10.32,okx,7,0.713221549987793,1128.9876708984375,614.2993774414062,1186.2054443359375,624.5422973632812,57.2177734375,10.242919921875,586.0770874023438,0.00028263748390600085
522,10.44,okx,7,0.7816951870918274,1141.412841796875,618.0272827148438,1200.9620361328125,630.208740234375,59.5491943359375,12.18145751953125,725.39599609375,0.00034982446231879294
522,10.44,hp,4,0.5664613246917725,1507.1256103515625,703.2869262695312,1529.621826171875,714.764892578125,22.4962158203125,11.47796630859375,258.2108154296875,0.0001245229650521651
522,10.44,hp,4,0.5246537923812866,1585.87548828125,701.1594848632812,1607.3212890625,711.2421875,21.44580078125,10.08270263671875,216.23162841796875,0.00010427836969029158
528,10.56,okx,7,0.7558441758155823,1133.147705078125,624.1959228515625,1199.6507568359375,635.8660888671875,66.5030517578125,11.670166015625,776.1016845703125,0.0003742774424608797
528,10.56,okx,7,0.5558197498321533,682.4835205078125,525.139404296875,726.9390258789062,532.8350830078125,44.45550537109375,7.6956787109375,342.11529541015625,0.00016498615150339901
528,10.56,hp,4,0.431353896856308,1472.453125,709.2318115234375,1495.55810546875,721.4745483398438,23.10498046875,12.24273681640625,282.8681945800781,0.00013641406258102506
534,10.68,okx,7,0.7353564500808716,1182.6649169921875,626.58935546875,1229.3983154296875,637.55224609375,46.7333984375,10.962890625,512.3331298828125,0.00024707423290237784
534,10.68,okx,7,0.4633183181285858,757.213623046875,517.8119506835938,791.3982543945312,524.6898193359375,34.18463134765625,6.87786865234375,235.11740112304688,0.00011338609328959137
540,10.8,okx,7,0.7544910907745361,1167.2142333984375,629.3125,1217.67236328125,639.97998046875,50.4581298828125,10.66748046875,538.2611083984375,0.0002595780824776739
546,10.92,okx,7,0.6493354439735413,1138.865478515625,637.8152465820312,1197.572021484375,650.302978515625,58.70654296875,12.48773193359375,733.111572265625,0.00035354532883502543
546,10.92,hp,4,0.5113368630409241,1348.4783935546875,709.4566650390625,1369.963134765625,721.4669189453125,21.4847412109375,12.01025390625,258.0372009277344,0.00012443923333194107
552,11.04,okx,7,0.6392660737037659,1103.8817138671875,648.95703125,1163.3914794921875,662.3903198242188,59.509765625,13.43328857421875,799.411865234375,0.00038551882607862353
552,11.04,hp,4,0.47448015213012695,1375.7442626953125,721.1637573242188,1391.540771484375,731.2960815429688,15.7965087890625,10.13232421875,160.0553436279297,7.718718552496284e-05
552,11.04,hp,4,0.4507825970649719,1307.8819580078125,717.4566650390625,1322.9345703125,728.04150390625,15.0526123046875,10.5848388671875,159.32948303222656,7.683713192818686e-05
558,11.16,okx,7,0.7627559304237366,1035.160400390625,680.639892578125,1098.9827880859375,696.120361328125,63.8223876953125,15.48046875,988.00048828125,0.00047646628809161484
558,11.16,okx,7,0.5838761329650879,1112.977294921875,516.3550415039062,1156.9500732421875,524.0215454101562,43.9727783203125,7.66650390625,337.1174621582031,0.00016257593233603984
564,11.28,okx,7,0.7539404034614563,903.4591064453125,724.6445922851562,973.5690307617188,741.0263671875,70.10992431640625,16.38177490234375,1148.5250244140625,0.0005538797122426331
564,11.28,okx,7,0.43523427844047546,1178.83740234375,534.0081787109375,1211.21435546875,541.476318359375,32.376953125,7.4681396484375,241.7956085205078,0.00011660667951218784
570,11.4,okx,7,0.7119991183280945,692.9144287109375,771.6202392578125,767.9314575195312,793.9675903320312,75.01702880859375,22.34735107421875,1676.431884765625,0.0008084644796326756
570,11.4,okx,7,0.5771041512489319,1238.0408935546875,548.6268920898438,1276.4930419921875,557.484619140625,38.4521484375,8.85772705078125,340.5986328125,0.00016425474314019084
570,11.4,hp,4,0.4110320210456848,1271.2103271484375,656.7551879882812,1298.3819580078125,673.7758178710938,27.171630859375,17.0206298828125,462.478271484375,0.00022303157311398536
576,11.52,okx,7,0.6003444194793701,1243.38037109375,562.1207275390625,1283.706298828125,570.5013427734375,40.325927734375,8.380615234375,337.9560852050781,0.0001629803591640666
582,11.64,hp,4,0.726783812046051,751.3053588867188,788.1721801757812,785.6248168945312,820.9234008789062,34.3194580078125,32.751220703125,1124.004150390625,0.0005420544766820967
582,11.64,okx,7,0.6997234225273132,1206.8458251953125,578.0724487304688,1263.1839599609375,591.1983642578125,56.338134765625,13.12591552734375,739.4896240234375,0.00035662116715684533
588,11.76,hp,4,0.8174390196800232,363.1894226074219,866.2073974609375,405.3769226074219,903.3016357421875,42.1875,37.09423828125,1564.9132080078125,0.0007546842098236084
588,11.76,okx,7,0.6673596501350403,1154.6097412109375,600.769287109375,1211.8583984375,612.5814819335938,57.2486572265625,11.81219482421875,676.2322998046875,0.0003261151141487062
594,11.88,okx,7,0.6774659752845764,1070.4478759765625,641.2595825195312,1127.9896240234375,654.8114013671875,57.541748046875,13.55181884765625,779.7953491210938,0.0003760587133001536
594,11.88,aramco,0,0.4217365086078644,1431.2916259765625,574.2546997070312,1495.4876708984375,584.0958862304688,64.196044921875,9.8411865234375,631.7652587890625,0.0003046707424800843
600,12.0,okx,7,0.6780892610549927,958.7342529296875,683.4585571289062,1013.4966430664062,699.4719848632812,54.76239013671875,16.013427734375,876.93359375,0.00042290391866117716
606,12.12,oracle,8,0.8840874433517456,1181.082763671875,809.956787109375,1270.3856201171875,850.9290771484375,89.3028564453125,40.9722900390625,3658.942626953125,0.0017645363695919514
606,12.12,okx,7,0.5963824391365051,751.2154541015625,733.1303100585938,817.3639526367188,754.1342163085938,66.14849853515625,21.00390625,1389.3768310546875,0.0006700312369503081
612,12.24,okx,7,0.7121610045433044,556.8685302734375,284.83624267578125,631.7776489257812,295.0129089355469,74.90911865234375,10.176666259765625,762.3250732421875,0.0003676336200442165
618,12.36,okx,7,0.7582842707633972,680.426513671875,288.8962707519531,758.3118896484375,299.7174987792969,77.8853759765625,10.82122802734375,842.8154296875,0.00040645033004693687
618,12.36,okx,7,0.6756669878959656,1080.0606689453125,435.3669128417969,1144.6126708984375,448.73370361328125,64.552001953125,13.366790771484375,862.8530883789062,0.00041611355845816433
624,12.48,okx,7,0.7473739385604858,771.3121948242188,291.3512878417969,836.5760498046875,302.5386657714844,65.26385498046875,11.1873779296875,730.1314086914062,0.000352108123479411
624,12.48,okx,7,0.5098335146903992,1064.2320556640625,431.2298278808594,1131.0885009765625,447.43023681640625,66.8564453125,16.200408935546875,1083.101806640625,0.0005223291809670627
630,12.6,okx,7,0.7561760544776917,804.5804443359375,287.6809387207031,868.6619873046875,299.1289978027344,64.08154296875,11.44805908203125,733.6093139648438,0.0003537853481248021
630,12.6,hp,4,0.5854924321174622,1308.0289306640625,515.9486694335938,1332.4947509765625,530.593505859375,24.4658203125,14.64483642578125,358.2979431152344,0.00017279028543271124
636,12.72,okx,7,0.7985539436340332,827.7737426757812,283.92095947265625,885.0174560546875,295.7748718261719,57.24371337890625,11.853912353515625,678.5619506835938,0.0003272386093158275
636,12.72,hp,4,0.4517025947570801,1317.180419921875,510.6112365722656,1339.9354248046875,525.0364990234375,22.7550048828125,14.425262451171875,328.2469177246094,0.0001582980912644416
642,12.84,okx,7,0.797569990158081,850.5067138671875,278.869873046875,911.4200439453125,293.10235595703125,60.913330078125,14.23248291015625,866.9479370117188,0.00041808831156231463
642,12.84,hp,4,0.509374737739563,259.4577941894531,241.23812866210938,293.59161376953125,253.73805236816406,34.133819580078125,12.499923706054688,426.6701354980469,0.00020576298993546516
642,12.84,okx,7,0.47274327278137207,939.7342529296875,398.6605224609375,1004.046142578125,414.29974365234375,64.3118896484375,15.63922119140625,1005.787841796875,0.0004850442928727716
648,12.96,hp,4,0.5587448477745056,1300.62841796875,494.7629699707031,1333.0054931640625,511.367919921875,32.3770751953125,16.604949951171875,537.6196899414062,0.0002592687669675797
648,12.96,okx,7,0.5208478569984436,864.7594604492188,277.18280029296875,974.0972900390625,295.3061218261719,109.33782958984375,18.123321533203125,1981.564697265625,0.0009556157165206969
648,12.96,hp,4,0.4672471284866333,356.2035217285156,242.35557556152344,378.4048156738281,252.22720336914062,22.2012939453125,9.871627807617188,219.1629180908203,0.00010569199366727844
648,12.96,hp,4,0.407843679189682,1177.684814453125,363.51043701171875,1207.4405517578125,379.434326171875,29.7557373046875,15.92388916015625,473.8270568847656,0.00022850456298328936
654,13.08,hp,4,0.668520987033844,1303.7669677734375,496.73883056640625,1335.853271484375,515.48876953125,32.0863037109375,18.74993896484375,601.6162109375,0.00029013128369115293
654,13.08,hp,4,0.6329374313354492,464.41204833984375,243.1446533203125,487.4465637207031,254.0496063232422,23.034515380859375,10.904953002929688,251.1903076171875,0.00012113730190321803
654,13.08,okx,7,0.5239570140838623,937.4298706054688,283.55352783203125,998.3280029296875,297.9259338378906,60.89813232421875,14.372406005859375,875.252685546875,0.0004220933187752962
654,13.08,okx,7,0.5097119808197021,888.8384399414062,388.86260986328125,954.4894409179688,403.7226867675781,65.6510009765625,14.860076904296875,975.5789184570312,0.0004704759339801967
660,13.2,okx,7,0.6594339609146118,915.2244262695312,284.6842041015625,976.7166137695312,299.1932373046875,61.4921875,14.509033203125,892.1921997070312,0.00043026244384236634
660,13.2,hp,4,0.5805516839027405,1316.34619140625,507.7806091308594,1346.61328125,527.2973022460938,30.26708984375,19.516693115234375,590.7135009765625,0.0002848734147846699
660,13.2,hp,4,0.4794939160346985,553.2545166015625,245.51870727539062,584.9993286132812,259.36749267578125,31.74481201171875,13.848785400390625,439.6270751953125,0.00021201150957494974
660,13.2,okx,7,0.4313388764858246,878.9212646484375,381.05291748046875,948.7289428710938,399.225341796875,69.80767822265625,18.17242431640625,1268.57470703125,0.0006117740413174033
660,13.2,hp,4,0.43114030361175537,1258.4505615234375,352.92974853515625,1301.406005859375,366.9247741699219,42.9554443359375,13.995025634765625,601.1625366210938,0.0002899124810937792
666,13.32,hp,4,0.6125827431678772,1321.107177734375,511.81915283203125,1349.3798828125,529.6903686523438,28.272705078125,17.8712158203125,505.2676086425781,0.00024366685829591006
666,13.32,okx,7,0.5030864477157593,880.0579833984375,396.8089599609375,959.2822265625,415.5638427734375,79.2242431640625,18.7548828125,1485.8414306640625,0.000716551614459604
672,13.44,okx,7,0.7300841212272644,909.3641357421875,407.0316467285156,991.8865356445312,428.57440185546875,82.52239990234375,21.542755126953125,1777.7598876953125,0.0008573302184231579
672,13.44,okx,7,0.5783939957618713,825.77685546875,295.85418701171875,892.08154296875,308.1034240722656,66.3046875,12.249237060546875,812.1818237304688,0.0003916771966032684
672,13.44,okx,7,0.4566795229911804,783.3823852539062,295.22637939453125,888.613525390625,309.1089172363281,105.23114013671875,13.882537841796875,1460.875244140625,0.0007045115926302969
678,13.56,okx,7,0.7657824158668518,940.162353515625,435.7674560546875,1031.978759765625,457.66973876953125,91.81640625,21.90228271484375,2010.9888916015625,0.000969805580098182
678,13.56,okx,7,0.5482146143913269,746.9979858398438,311.8580017089844,871.9605712890625,326.4491882324219,124.96258544921875,14.5911865234375,1823.3524169921875,0.0008793173474259675
678,13.56,bwt,2,0.4959445297718048,630.2413940429688,106.99545288085938,736.2893676757812,120.41593933105469,106.0479736328125,13.420486450195312,1423.2154541015625,0.0006863500457257032
684,13.68,okx,7,0.7474080920219421,995.3424682617188,460.8973693847656,1082.5155029296875,483.5343322753906,87.17303466796875,22.636962890625,1973.332763671875,0.0009516458376310766
684,13.68,bwt,2,0.5207329988479614,748.2505493164062,136.66439819335938,847.7243041992188,152.5757598876953,99.4737548828125,15.911361694335938,1582.762939453125,0.0007632923079654574
684,13.68,okx,7,0.4688917100429535,724.6145629882812,320.288818359375,782.2003173828125,334.26361083984375,57.58575439453125,13.97479248046875,804.7489624023438,0.0003880926815327257
684,13.68,hp,4,0.4243839383125305,1275.0616455078125,405.27569580078125,1316.060791015625,418.2347106933594,40.9991455078125,12.959014892578125,531.3085327148438,0.0002562251756899059
690,13.8,okx,7,0.7931782007217407,1058.5404052734375,485.0902404785156,1162.8150634765625,509.7212219238281,104.274658203125,24.6309814453125,2568.38720703125,0.0012386126909404993
690,13.8,okx,7,0.5454819798469543,712.9270629882812,333.7088623046875,767.9678344726562,345.3236083984375,55.040771484375,11.61474609375,639.2846069335938,0.0003082969633396715
696,13.92,okx,7,0.732971727848053,1147.971435546875,525.3070068359375,1261.5321044921875,549.09228515625,113.5606689453125,23.7852783203125,2701.072021484375,0.001302600372582674
696,13.92,okx,7,0.564808189868927,702.6130981445312,351.63720703125,755.0873413085938,364.1605224609375,52.4742431640625,12.5233154296875,657.1514892578125,0.00031691332696937025
696,13.92,hp,4,0.4807594418525696,1201.2982177734375,461.7842102050781,1230.4658203125,479.79010009765625,29.1676025390625,18.005889892578125,525.1886596679688,0.0002532738435547799
702,14.04,okx,7,0.8059883117675781,1280.0479736328125,547.9644775390625,1403.4228515625,576.8943481445312,123.3748779296875,28.92987060546875,3569.21923828125,0.0017212670063599944
702,14.04,hp,4,0.4637894630432129,1244.14990234375,489.8251953125,1282.5965576171875,509.2384948730469,38.4466552734375,19.413299560546875,746.37646484375,0.0003599423507694155
702,14.04,okx,7,0.4171498417854309,794.598388671875,363.9988708496094,851.3831787109375,375.9971008300781,56.7847900390625,11.99822998046875,681.3169555664062,0.0003285671991761774
708,14.16,hp,4,0.7962797284126282,1315.240234375,521.8067016601562,1351.5164794921875,546.0773315429688,36.2762451171875,24.2706298828125,880.4473266601562,0.00042459843098185956
708,14.16,okx,7,0.7651357650756836,1468.215576171875,593.4607543945312,1606.968017578125,625.0523071289062,138.75244140625,31.591552734375,4383.4052734375,0.002113910624757409
708,14.16,okx,7,0.7404829263687134,699.3058471679688,384.1961669921875,763.3621826171875,398.57830810546875,64.05633544921875,14.38214111328125,921.2672729492188,0.00044428399996832013
714,14.28,hp,4,0.8400521874427795,1432.397705078125,549.5927734375,1468.9091796875,575.507568359375,36.511474609375,25.914794921875,946.1873779296875,0.00045630178647115827
714,14.28,okx,7,0.7211143374443054,709.3103637695312,403.8719482421875,783.9624633789062,421.0498962402344,74.652099609375,17.177947998046875,1282.369873046875,0.0006184268277138472
714,14.28,okx,7,0.4288904070854187,1748.27490234375,651.47314453125,1892.2335205078125,689.129150390625,143.9586181640625,37.656005859375,5420.90673828125,0.0026142490096390247
720,14.4,hp,4,0.8262877464294434,1610.5386962890625,589.6807861328125,1654.156005859375,618.8999633789062,43.6173095703125,29.21917724609375,1274.4619140625,0.0006146131781861186
720,14.4,okx,7,0.7315321564674377,738.2437744140625,424.80291748046875,809.8798828125,442.6779479980469,71.6361083984375,17.875030517578125,1280.4976806640625,0.0006175239686854184
726,14.52,okx,7,0.7666966319084167,769.178466796875,455.0306396484375,855.9404907226562,473.59466552734375,86.76202392578125,18.56402587890625,1610.6524658203125,0.0007767421193420887
726,14.52,hp,4,0.6470767259597778,1891.5078125,646.185791015625,1920.1851806640625,682.5497436523438,28.6773681640625,36.36395263671875,1042.822509765625,0.000502904353197664
732,14.64,okx,7,0.7504810690879822,831.482177734375,478.364501953125,927.3330688476562,497.5942687988281,95.85089111328125,19.229766845703125,1843.1903076171875,0.0008888842421583831
732,14.64,hp,4,0.5309361219406128,633.8837890625,448.77960205078125,652.4461059570312,459.8095397949219,18.56231689453125,11.029937744140625,204.74119567871094,9.873707313090563e-05
738,14.76,okx,7,0.8272470831871033,920.9166259765625,511.7330017089844,1018.9169311523438,531.5466918945312,98.00030517578125,19.813690185546875,1941.7476806640625,0.0009364138240925968
744,14.88,okx,7,0.7508176565170288,1050.8162841796875,535.3876953125,1158.173828125,556.8246459960938,107.3575439453125,21.43695068359375,2301.41845703125,0.0011098661925643682
744,14.88,hp,4,0.5962147116661072,574.6708984375,478.7586975097656,596.384033203125,490.7920227050781,21.713134765625,12.0333251953125,261.2812194824219,0.00012600368063431233
744,14.88,hp,4,0.5889106392860413,681.2244873046875,477.8611145019531,702.9359741210938,491.77606201171875,21.71148681640625,13.914947509765625,302.11419677734375,0.0001456955069443211
750,15.0,okx,7,0.8154796957969666,1225.5147705078125,575.856689453125,1329.731689453125,598.2421264648438,104.2169189453125,22.38543701171875,2332.941162109375,0.0011250680545344949
750,15.0,hp,4,0.5798943042755127,557.8121337890625,498.1073913574219,577.1773681640625,512.0057983398438,19.365234375,13.898406982421875,269.1459045410156,0.00012979644816368818
750,15.0,bwt,2,0.5491652488708496,275.13165283203125,229.2338409423828,346.3218994140625,245.27320861816406,71.19024658203125,16.03936767578125,1141.8465576171875,0.00055065902415663
756,15.12,okx,7,0.7998126745223999,1472.8807373046875,614.4872436523438,1597.430419921875,644.4739990234375,124.5496826171875,29.98675537109375,3734.8408203125,0.001801138510927558
756,15.12,bwt,2,0.7023287415504456,381.8505554199219,245.81503295898438,445.3799743652344,261.2336120605469,63.5294189453125,15.4185791015625,979.5333862304688,0.00047238299157470465
756,15.12,hp,4,0.6117414236068726,643.2130737304688,520.9340209960938,668.3767700195312,532.7910766601562,25.1636962890625,11.8570556640625,298.3673400878906,0.00014388856652658433
762,15.24,bwt,2,0.7873810529708862,475.0941162109375,264.5506286621094,535.9400024414062,282.8363037109375,60.84588623046875,18.285675048828125,1112.608154296875,0.0005365587421692908
762,15.24,hp,4,0.6448243260383606,638.0120849609375,541.780517578125,667.565185546875,558.08349609375,29.5531005859375,16.302978515625,481.8035583496094,0.00023235125991050154
762,15.24,hp,4,0.563655436038971,517.5157470703125,539.5208129882812,539.3883666992188,552.98095703125,21.87261962890625,13.46014404296875,294.4085998535156,0.0001419794571120292
768,15.36,hp,4,0.4722801148891449,495.36456298828125,566.0045166015625,518.2222900390625,580.6627807617188,22.85772705078125,14.65826416015625,335.0545959472656,0.000161581119755283
774,15.48,aramco,0,0.7231735587120056,867.2849731445312,631.4501953125,986.9912109375,655.5049438476562,119.70623779296875,24.05474853515625,2879.50341796875,0.0013886494562029839
774,15.48,hp,4,0.6616318225860596,600.3417358398438,594.7335205078125,627.4024047851562,611.6919555664062,27.0606689453125,16.95843505859375,458.9065856933594,0.0002213091211160645
774,15.48,hp,4,0.5686182975769043,474.5493469238281,593.1766967773438,500.7083740234375,610.6536865234375,26.159027099609375,17.47698974609375,457.1810607910156,0.00022047698439564556
774,15.48,atlasian,1,0.4047950804233551,491.9583435058594,451.3342590332031,643.9151611328125,467.6146240234375,151.95681762695312,16.280364990234375,2473.912353515625,0.0011930519249290228
780,15.6,aramco,0,0.7190207242965698,900.6581420898438,668.865234375,1052.1343994140625,697.7655029296875,151.47625732421875,28.9002685546875,4377.70458984375,0.002111161593347788
780,15.6,hp,4,0.6238250136375427,580.2156982421875,627.1156616210938,610.5465087890625,645.2603759765625,30.330810546875,18.14471435546875,550.3438720703125,0.00026540501858107746
780,15.6,hp,4,0.5137083530426025,457.457275390625,624.4461669921875,483.1849365234375,642.1152954101562,25.7276611328125,17.66912841796875,454.5853576660156,0.00021922518499195576
786,15.72,hp,4,0.5703234076499939,580.6590576171875,664.4453125,611.8858642578125,683.9293823242188,31.226806640625,19.48406982421875,608.42529296875,0.0002934149815700948
786,15.72,hp,4,0.5367384552955627,427.4225158691406,664.5030517578125,458.9899597167969,683.9945678710938,31.56744384765625,19.49151611328125,615.29736328125,0.00029672906384803355
786,15.72,aramco,0,0.46951302886009216,974.7421875,704.66748046875,1120.7510986328125,735.960205078125,146.0089111328125,31.292724609375,4569.0166015625,0.0022034223657101393
786,15.72,atlasian,1,0.40304234623908997,438.4239196777344,494.1278381347656,628.701416015625,511.00640869140625,190.27749633789062,16.878570556640625,3211.612060546875,0.0015488098142668605
792,15.84,aramco,0,0.7363361716270447,1045.03125,757.7861938476562,1222.2899169921875,793.81884765625,177.2586669921875,36.03265380859375,6387.10009765625,0.003080198774114251
792,15.84,hp,4,0.6503036618232727,597.8844604492188,708.0576171875,626.7293701171875,730.511962890625,28.84490966796875,22.454345703125,647.693603515625,0.00031235223286785185
792,15.84,hp,4,0.6102529764175415,437.859375,707.2962646484375,462.4607238769531,724.0341796875,24.601348876953125,16.7379150390625,411.7752990722656,0.00019857990264426917
798,15.96,hp,4,0.7746545672416687,452.9064025878906,549.5462646484375,488.36859130859375,571.1669921875,35.462188720703125,21.6207275390625,766.7183227539062,0.00036975229158997536
798,15.96,hp,4,0.6447411179542542,637.4943237304688,765.9234619140625,674.1314697265625,788.73046875,36.63714599609375,22.8070068359375,835.5836181640625,0.000402962788939476
798,15.96,hp,4,0.6393398642539978,557.8589477539062,546.9012451171875,599.897705078125,563.4139404296875,42.03875732421875,16.5126953125,694.1732177734375,0.00033476718817837536
798,15.96,hp,4,0.4956279993057251,441.6716003417969,765.6165161132812,475.163818359375,786.6827392578125,33.492218017578125,21.06622314453125,705.5545654296875,0.00034025587956421077
798,15.96,kick,5,0.4463276267051697,1452.1494140625,790.4059448242188,1502.9879150390625,803.1998291015625,50.8385009765625,12.79388427734375,650.421875,0.00031366795883513987
804,16.08,hp,4,0.6811553239822388,473.939697265625,586.1090698242188,515.9032592773438,610.0301513671875,41.96356201171875,23.92108154296875,1003.8137817382812,0.00048409230657853186
804,16.08,hp,4,0.5285300612449646,597.2171020507812,581.4215698242188,643.400390625,599.6637573242188,46.18328857421875,18.2421875,842.4841918945312,0.0004062906082253903
810,16.2,hp,4,0.8375926613807678,526.0594482421875,635.8416748046875,569.8603515625,665.9896240234375,43.8009033203125,30.14794921875,1320.5074462890625,0.0006368188187479973
810,16.2,kick,5,0.6014601588249207,674.3572387695312,470.2641906738281,690.4912109375,479.3062744140625,16.13397216796875,9.042083740234375,145.8847198486328,7.035335875116289e-05
810,16.2,moneygram,6,0.5455764532089233,1261.2718505859375,724.7186279296875,1285.92431640625,736.7352905273438,24.6524658203125,12.01666259765625,296.2403564453125,0.0001428628311259672
810,16.2,hp,4,0.5157449245452881,586.7164306640625,969.3920288085938,621.0347290039062,994.1303100585938,34.31829833984375,24.73828125,848.9757080078125,0.0004094211617484689
810,16.2,hp,4,0.5115699172019958,872.5048828125,953.4937744140625,929.1901245117188,988.9368896484375,56.68524169921875,35.443115234375,2009.1015625,0.000968895445112139
816,16.32,hp,4,0.842049241065979,658.268310546875,713.788330078125,707.5386962890625,749.7496948242188,49.2703857421875,35.96136474609375,1771.830322265625,0.000854470650665462
816,16.32,kick,5,0.5030110478401184,644.478271484375,481.9132080078125,661.43408203125,492.01263427734375,16.955810546875,10.09942626953125,171.24395751953125,8.258292655227706e-05
816,16.32,moneygram,6,0.4805378019809723,1419.3795166015625,784.2564697265625,1446.622802734375,801.9308471679688,27.2432861328125,17.67437744140625,481.50811767578125,0.0002322087821085006
822,16.44,moneygram,6,0.6387342810630798,1660.9251708984375,865.592041015625,1694.6541748046875,888.068115234375,33.72900390625,22.47607421875,758.0955810546875,0.00036559393629431725
822,16.44,kick,5,0.5243624448776245,620.3980712890625,497.2206115722656,634.79541015625,506.3316650390625,14.3973388671875,9.111053466796875,131.1749267578125,6.325951108010486e-05
828,16.56,kick,5,0.6432870626449585,605.2809448242188,512.06884765625,620.310546875,521.577392578125,15.02960205078125,9.508544921875,142.90965270996094,6.891861994517967e-05
834,16.68,kick,5,0.4220638573169708,594.7670288085938,529.9644775390625,609.8157958984375,540.0021362304688,15.04876708984375,10.03765869140625,151.05438232421875,7.284644379979e-05
840,16.8,kick,5,0.5018566846847534,582.177490234375,544.77783203125,600.2977294921875,555.5186157226562,18.1202392578125,10.74078369140625,194.6255645751953,9.38587763812393e-05
846,16.92,kick,5,0.5647801756858826,581.7369384765625,571.53271484375,600.4886474609375,583.5572509765625,18.751708984375,12.0245361328125,225.48060607910156,0.00010873872088268399
846,16.92,atlasian,1,0.5187162756919861,1138.9229736328125,518.8519897460938,1245.056396484375,537.4506225585938,106.1334228515625,18.5986328125,1973.9365234375,0.0009519369923509657
852,17.04,atlasian,1,0.7039704918861389,972.4706420898438,524.6220092773438,1316.840576171875,562.2114868164062,344.36993408203125,37.5894775390625,12944.685546875,0.006242614705115557
852,17.04,kick,5,0.5379263758659363,597.752197265625,598.8020629882812,616.2554931640625,610.3073120117188,18.5032958984375,11.5052490234375,212.88502502441406,0.0001026644604280591
858,17.16,atlasian,1,0.5533314943313599,1311.598388671875,565.015869140625,1449.789794921875,591.8696899414062,138.19140625,26.85382080078125,3710.96728515625,0.0017896253848448396
858,17.16,kick,5,0.5442849397659302,628.4400024414062,623.9920654296875,648.9899291992188,634.4580688476562,20.5499267578125,10.46600341796875,215.0756072998047,0.00010372087854193524
864,17.28,atlasian,1,0.6919076442718506,1466.6097412109375,608.7245483398438,1657.5692138671875,638.4969482421875,190.95947265625,29.77239990234375,5685.32177734375,0.0027417640667408705
864,17.28,kick,5,0.5598834156990051,668.1551513671875,655.20263671875,695.251708984375,672.2338256835938,27.0965576171875,17.03118896484375,461.4866027832031,0.0002225533389719203
870,17.4,petronas,9,0.6777069568634033,1001.2326049804688,465.4553527832031,1166.740966796875,480.354736328125,165.50836181640625,14.899383544921875,2465.97265625,0.001189222908578813
870,17.4,kick,5,0.5991116166114807,739.7705688476562,696.8627319335938,770.7618408203125,714.2694702148438,30.99127197265625,17.40673828125,539.4569702148438,0.00026015477487817407
876,17.52,kick,5,0.6791083812713623,843.803955078125,736.4845581054688,879.8450927734375,754.9448852539062,36.0411376953125,18.4603271484375,665.3311767578125,0.000320858001941815
882,17.64,kick,5,0.638745129108429,1012.3209228515625,813.7860717773438,1050.6890869140625,837.439453125,38.3681640625,23.65338134765625,907.5368041992188,0.0004376624128781259
918,18.36,hp,4,0.5629163980484009,1127.76220703125,1046.3016357421875,1156.146484375,1064.537109375,28.38427734375,18.2354736328125,517.6007690429688,0.00024961456074379385
966,19.32,atlasian,1,0.5177527666091919,1018.7547607421875,606.4291381835938,1064.5130615234375,613.5571899414062,45.75830078125,7.1280517578125,326.16754150390625,0.00015729530423413962
1098,21.96,oracle,8,0.5559705495834351,913.0357666015625,675.9951782226562,945.283935546875,692.7138061523438,32.2481689453125,16.7186279296875,539.1451416015625,0.0002600043953862041
1104,22.08,oracle,8,0.515558123588562,938.3970336914062,686.6438598632812,964.6135864257812,708.8218994140625,26.216552734375,22.17803955078125,581.4317626953125,0.0002803972747642547
1110,22.2,oracle,8,0.6346498131752014,969.55224609375,719.6182861328125,1005.1063232421875,738.5242309570312,35.5540771484375,18.90594482421875,672.1834106445312,0.00032416253816336393
1158,23.16,okx,7,0.5156851410865784,784.3006591796875,625.6182250976562,818.0955810546875,631.88134765625,33.794921875,6.26312255859375,211.6617431640625,0.00010207452578470111
1164,23.28,atlasian,1,0.5271183252334595,546.3485717773438,552.2703247070312,610.3838500976562,559.6810913085938,64.0352783203125,7.4107666015625,474.5505065917969,0.00022885344515088946
1182,23.64,atlasian,1,0.4837016761302948,512.9689331054688,549.9602661132812,578.6749877929688,558.2778930664062,65.7060546875,8.317626953125,546.5184326171875,0.0002635602140799165
1182,23.64,okx,7,0.44282910227775574,1090.810791015625,660.35986328125,1139.91162109375,668.8668823242188,49.100830078125,8.50701904296875,417.7016906738281,0.00020143792789895087
1188,23.76,okx,7,0.4842067062854767,1175.3753662109375,721.5294799804688,1199.7188720703125,735.785400390625,24.343505859375,14.25592041015625,347.0390930175781,0.000167360674822703
1194,23.88,okx,7,0.42720696330070496,1203.95703125,674.7230224609375,1243.01708984375,682.9661254882812,39.06005859375,8.24310302734375,321.97607421875,0.0001552739558974281
1200,24.0,okx,7,0.43161168694496155,1249.1131591796875,683.7233276367188,1281.8551025390625,692.6988525390625,32.741943359375,8.97552490234375,293.8761291503906,0.00014172267401590943
1200,24.0,petronas,9,0.41660910844802856,638.8090209960938,544.0232543945312,705.4150390625,552.5545043945312,66.60601806640625,8.53125,568.2326049804688,0.00027403191779740155
1206,24.12,petronas,9,0.6095253229141235,700.1626586914062,538.6016845703125,759.637451171875,546.6925048828125,59.47479248046875,8.0908203125,481.1998596191406,0.0002320601197425276
1212,24.24,okx,7,0.527661144733429,1300.10693359375,708.9190063476562,1350.751220703125,716.9096069335938,50.644287109375,7.9906005859375,404.67828369140625,0.0001951573503902182
1212,24.24,okx,7,0.4958130717277527,279.9881896972656,457.23260498046875,306.31024169921875,462.9464416503906,26.322052001953125,5.713836669921875,150.39990234375,7.253082003444433e-05
1224,24.48,okx,7,0.6114827394485474,1313.37548828125,741.0502319335938,1375.601806640625,751.5054931640625,62.226318359375,10.45526123046875,650.5924072265625,0.0003137502062600106
1230,24.6,okx,7,0.5854392647743225,1283.817138671875,766.0487060546875,1329.6856689453125,777.2421264648438,45.8685302734375,11.19342041015625,513.4257202148438,0.00024760112864896655
1230,24.6,okx,7,0.5238350033760071,1332.125244140625,764.848388671875,1374.0391845703125,775.181396484375,41.9139404296875,10.3330078125,433.0970764160156,0.000208862402359955
1236,24.72,okx,7,0.5526514649391174,1245.6295166015625,805.7678833007812,1323.08984375,818.565185546875,77.4603271484375,12.79730224609375,991.283203125,0.00047804939094930887
1236,24.72,petronas,9,0.46617794036865234,962.4521484375,529.1275634765625,1037.4827880859375,538.7986450195312,75.0306396484375,9.67108154296875,725.62744140625,0.0003499360755085945
1242,24.84,okx,7,0.6593566536903381,1159.096923828125,872.6431274414062,1209.854736328125,884.9490356445312,50.7578125,12.305908203125,624.6209716796875,0.0003012254019267857
1242,24.84,okx,7,0.46346914768218994,1210.2779541015625,872.9701538085938,1261.5843505859375,885.7010498046875,51.306396484375,12.73089599609375,653.1763916015625,0.00031499634496867657
1242,24.84,hp,4,0.4286905527114868,1103.946533203125,654.6531982421875,1119.209716796875,662.2561645507812,15.26318359375,7.60296630859375,116.04547119140625,5.5963286285987124e-05
1248,24.96,hp,4,0.4580152630805969,1209.7886962890625,688.5601806640625,1221.146240234375,697.7391357421875,11.3575439453125,9.178955078125,104.2503890991211,5.027507359045558e-05
1260,25.2,hp,4,0.519855797290802,1239.040771484375,810.0360717773438,1256.9610595703125,821.7680053710938,17.9202880859375,11.73193359375,210.2396240234375,0.00010138870857190341
1266,25.32,hp,4,0.6049928665161133,1098.42626953125,902.4324951171875,1119.527099609375,915.6414794921875,21.100830078125,13.208984375,278.72052001953125,0.0001344138290733099
1266,25.32,hp,4,0.5309556126594543,1103.097412109375,901.7484741210938,1120.39208984375,914.798828125,17.294677734375,13.05035400390625,225.70166015625,0.0001088453209376894
1272,25.44,hp,4,0.45116934180259705,1068.5419921875,1041.5279541015625,1094.764892578125,1058.0936279296875,26.222900390625,16.565673828125,434.4000244140625,0.0002094907540595159
1272,25.44,okx,7,0.44916021823883057,1106.728271484375,539.927001953125,1148.8370361328125,547.1209716796875,42.1087646484375,7.1939697265625,302.9291687011719,0.00014608852507080883
1272,25.44,hp,4,0.42174917459487915,1100.4215087890625,859.2525024414062,1116.856201171875,874.438720703125,16.4346923828125,15.18621826171875,249.58082580566406,0.00012036112457280979
1278,25.56,hp,4,0.5701592564582825,1033.8646240234375,885.3702392578125,1066.1712646484375,903.9072265625,32.306640625,18.5369873046875,598.8677978515625,0.00028880583704449236
1278,25.56,hp,4,0.43413081765174866,1092.6571044921875,888.07763671875,1123.0413818359375,905.05615234375,30.38427734375,16.978515625,515.8799438476562,0.00024878469412215054
1284,25.68,okx,7,0.42810824513435364,1169.432373046875,611.6401977539062,1203.629638671875,620.307373046875,34.197265625,8.66717529296875,296.3937072753906,0.00014293678395915776
1290,25.8,okx,7,0.6082205176353455,1204.6962890625,655.091796875,1239.277587890625,663.4547729492188,34.581298828125,8.36297607421875,289.20257568359375,0.0001394688297295943
1290,25.8,okx,7,0.47119462490081787,1166.802001953125,655.46728515625,1200.8087158203125,663.5686645507812,34.0067138671875,8.10137939453125,275.50128173828125,0.00013286134344525635
1296,25.92,okx,7,0.44340986013412476,1177.6370849609375,710.8492431640625,1219.826904296875,720.7625732421875,42.1898193359375,9.913330078125,418.2416076660156,0.00020169830531813204
1308,26.16,okx,7,0.4701661169528961,947.3265380859375,900.3204956054688,1014.1984252929688,912.85546875,66.87188720703125,12.53497314453125,838.2373046875,0.00040424251346848905
1326,26.52,petronas,9,0.5997302532196045,918.8167114257812,455.8282775878906,959.4393310546875,462.006103515625,40.62261962890625,6.177825927734375,250.95947265625,0.00012102597975172102
1332,26.64,oracle,8,0.6722359657287598,1137.7919921875,779.1390991210938,1174.255859375,807.8720092773438,36.4638671875,28.73291015625,1047.7130126953125,0.0005052628112025559
1332,26.64,petronas,9,0.5686489343643188,971.3171997070312,470.66082763671875,1009.4822998046875,477.4333801269531,38.16510009765625,6.772552490234375,258.47515869140625,0.00012465043982956558
1338,26.76,oracle,8,0.8143536448478699,1017.4637451171875,894.6710815429688,1081.3955078125,941.8841552734375,63.9317626953125,47.21307373046875,3018.4150390625,0.0014556399546563625
1338,26.76,petronas,9,0.5166780948638916,1010.6921997070312,490.213623046875,1053.4287109375,495.67767333984375,42.73651123046875,5.46405029296875,233.5144500732422,0.00011261306644883007
1344,26.88,petronas,9,0.665993869304657,1055.42626953125,510.6116638183594,1099.4349365234375,515.6680908203125,44.0086669921875,5.056427001953125,222.526611328125,0.00010731414658948779
1344,26.88,petronas,9,0.44380003213882446,1118.3231201171875,582.6137084960938,1190.6500244140625,591.2438354492188,72.326904296875,8.630126953125,624.1903686523438,0.0003010177460964769
1362,27.24,petronas,9,0.5470778346061707,1153.15234375,726.67138671875,1217.6290283203125,738.9832153320312,64.4766845703125,12.31182861328125,793.8258666992188,0.00038282497553154826
1368,27.36,aramco,0,0.4645306468009949,1135.7203369140625,644.2078857421875,1197.066650390625,654.183349609375,61.3463134765625,9.9754638671875,611.9579467773438,0.0002951186033897102
1368,27.36,aramco,0,0.4451943337917328,1097.157958984375,805.3444213867188,1170.3232421875,822.4515380859375,73.165283203125,17.10711669921875,1251.6470947265625,0.0006036106497049332
1374,27.48,aramco,0,0.41462960839271545,1073.565185546875,708.3865966796875,1165.7874755859375,720.6318969726562,92.2222900390625,12.24530029296875,1129.2896728515625,0.0005446034483611584
1380,27.6,aramco,0,0.5286655426025391,989.7989501953125,914.8023071289062,1038.3870849609375,957.4686279296875,48.588134765625,42.66632080078125,2073.076904296875,0.0009997477754950523
1380,27.6,aramco,0,0.4388269782066345,971.0619506835938,798.4909057617188,1074.8909912109375,812.2333374023438,103.82904052734375,13.742431640625,1426.863525390625,0.0006881093140691519
1386,27.72,hp,4,0.6635427474975586,1153.999755859375,783.3395385742188,1172.6561279296875,796.6751708984375,18.6563720703125,13.33563232421875,248.79452514648438,0.000119981930765789
1386,27.72,hp,4,0.6161007285118103,1070.6944580078125,786.3645629882812,1090.29931640625,798.0769653320312,19.6048583984375,11.71240234375,229.6199951171875,0.00011073495261371136
1392,27.84,hp,4,0.45843997597694397,1063.9365234375,900.7268676757812,1084.6802978515625,915.1405029296875,20.7437744140625,14.41363525390625,298.9931945800781,0.00014419038780033588
1392,27.84,hp,4,0.4007571339607239,971.8641967773438,898.33984375,991.3077392578125,913.863525390625,19.44354248046875,15.523681640625,301.8353576660156,0.00014556103269569576
1398,27.96,bwt,2,0.5591797232627869,1157.2264404296875,569.7962646484375,1242.9940185546875,586.9174194335938,85.767578125,17.12115478515625,1468.43994140625,0.0007081596995703876
1398,27.96,hp,4,0.4760074019432068,766.7188720703125,948.5819702148438,790.81884765625,971.5588989257812,24.0999755859375,22.9769287109375,553.743408203125,0.0002670444664545357
1404,28.08,bwt,2,0.4110160768032074,1158.0791015625,621.0719604492188,1258.546142578125,643.1273193359375,100.467041015625,22.05535888671875,2215.836669921875,0.0010685940505936742
1410,28.2,bwt,2,0.5217674970626831,1123.48876953125,690.9537353515625,1239.2322998046875,714.8414306640625,115.7435302734375,23.8876953125,2764.84619140625,0.0013333555543795228
1410,28.2,petronas,9,0.4809924364089966,944.9228515625,401.8687744140625,997.51416015625,407.88250732421875,52.59130859375,6.01373291015625,316.27008056640625,0.00015252221783157438
1416,28.32,bwt,2,0.7415177822113037,1023.334716796875,781.8090209960938,1179.7930908203125,820.2232055664062,156.4583740234375,38.4141845703125,6010.220703125,0.002898447448387742
1416,28.32,petronas,9,0.6229118704795837,1002.7340698242188,417.9295959472656,1061.099853515625,423.6029968261719,58.36578369140625,5.67340087890625,331.1324768066406,0.00015968966181389987
1428,28.56,atlasian,1,0.5579018592834473,1124.115234375,581.32470703125,1226.5980224609375,593.3922119140625,102.4827880859375,12.0675048828125,1236.7115478515625,0.0005964079755358398
1428,28.56,petronas,9,0.5328968167304993,1095.468994140625,466.1748962402344,1173.24560546875,473.1559753417969,77.776611328125,6.9810791015625,542.9646606445312,0.0002618463768158108
1458,29.16,okx,7,0.42104610800743103,1183.2427978515625,616.0845947265625,1203.6282958984375,621.1004028320312,20.385498046875,5.01580810546875,102.24974822998047,4.9310256144963205e-05
1470,29.4,okx,7,0.44970059394836426,1188.7413330078125,605.4512939453125,1227.22412109375,611.3032836914062,38.4827880859375,5.85198974609375,225.2008819580078,0.00010860381735255942
1476,29.52,okx,7,0.4453520178794861,1182.1654052734375,605.5482177734375,1213.642822265625,610.3754272460938,31.4774169921875,4.82720947265625,151.94808959960938,7.327743514906615e-05
1482,29.64,okx,7,0.4066856801509857,1154.1676025390625,608.3264770507812,1183.8702392578125,613.8893432617188,29.70263671875,5.5628662109375,165.23179626464844,7.968354475451633e-05
1488,29.76,okx,7,0.5017688274383545,1106.9390869140625,618.246826171875,1140.77392578125,625.2467651367188,33.8348388671875,6.99993896484375,236.84181213378906,0.00011421769158914685
1512,30.24,okx,7,0.4823593497276306,533.8385009765625,815.64990234375,576.53466796875,838.1114501953125,42.6961669921875,22.4615478515625,959.02197265625,0.0004624912980943918
1536,30.72,hp,4,0.4327116310596466,931.8912353515625,641.3858642578125,952.2229614257812,653.5630493164062,20.33172607421875,12.17718505859375,247.58319091796875,0.00011939775868086144
1560,31.2,hp,4,0.6083009839057922,132.34530639648438,776.6123657226562,157.63104248046875,797.705078125,25.285736083984375,21.09271240234375,533.3447875976562,0.00025720716803334653
1572,31.44,okx,7,0.46057605743408203,1176.0572509765625,593.9332275390625,1206.9625244140625,610.932861328125,30.9052734375,16.9996337890625,525.3783569335938,0.00025336534599773586
1578,31.56,okx,7,0.5572865605354309,1129.9083251953125,588.81396484375,1167.946044921875,603.0516357421875,38.0377197265625,14.2376708984375,541.5685424804688,0.0002611730888020247
1584,31.68,okx,7,0.4783070385456085,1019.3549194335938,621.3283081054688,1059.365234375,636.1582641601562,40.01031494140625,14.8299560546875,593.3511962890625,0.00028614545590244234
1590,31.8,okx,7,0.4179801046848297,732.8796997070312,703.1337280273438,777.3692626953125,722.9951171875,44.48956298828125,19.86138916015625,883.62451171875,0.0004261306603439152
1596,31.92,okx,7,0.6393325328826904,470.7882385253906,749.9276123046875,515.8380126953125,773.9830322265625,45.049774169921875,24.055419921875,1083.6912841796875,0.0005226134671829641
1608,32.16,oracle,8,0.44215449690818787,1177.28076171875,567.389404296875,1230.732666015625,583.3765869140625,53.451904296875,15.9871826171875,854.5453491210938,0.00041210712515749037
1614,32.28,oracle,8,0.7504773736000061,1051.703857421875,597.8624877929688,1120.67578125,617.2754516601562,68.971923828125,19.4129638671875,1338.949462890625,0.0006457124836742878
1620,32.4,oracle,8,0.6979418992996216,889.537109375,630.6478881835938,973.2794799804688,655.523681640625,83.74237060546875,24.87579345703125,2083.157958984375,0.001004609395749867
1632,32.64,oracle,8,0.6450110673904419,371.70587158203125,731.0291748046875,507.07928466796875,762.3016967773438,135.3734130859375,31.27252197265625,4233.46826171875,0.0020416032057255507
1644,32.88,petronas,9,0.4319430887699127,1281.5068359375,453.1354675292969,1351.8525390625,458.72119140625,70.345703125,5.585723876953125,392.9316711425781,0.0001894925080705434
1698,33.96,hp,4,0.4362963140010834,991.5134887695312,536.60107421875,1011.9093627929688,550.62158203125,20.3958740234375,14.0205078125,285.96051025390625,0.0001379053428536281
1710,34.2,hp,4,0.5981053113937378,615.1538696289062,594.7135620117188,640.9144897460938,616.690673828125,25.7606201171875,21.97711181640625,566.14404296875,0.00027302472153678536
1716,34.32,hp,4,0.6733818054199219,365.8287658691406,636.24853515625,396.17431640625,660.6318969726562,30.345550537109375,24.38336181640625,739.926513671875,0.0003568318497855216
1722,34.44,hp,4,0.7637291550636292,97.15947723388672,686.0543212890625,127.43617248535156,714.2804565429688,30.276695251464844,28.22613525390625,854.5941162109375,0.0004121306410524994
1722,34.44,moneygram,6,0.5094162821769714,915.2177124023438,499.6385803222656,937.2340698242188,515.724609375,22.016357421875,16.086029052734375,354.15576171875,0.00017079271492548287
1734,34.68,moneygram,6,0.5187446475028992,601.9581909179688,566.1458129882812,638.025390625,594.5241088867188,36.06719970703125,28.3782958984375,1023.5256958007812,0.0004935984034091234
1740,34.8,moneygram,6,0.6901873350143433,352.6162414550781,606.4236450195312,397.64068603515625,634.8099365234375,45.024444580078125,28.38629150390625,1278.0770263671875,0.0006163566140457988
1746,34.92,moneygram,6,0.5179625749588013,54.36691665649414,640.780029296875,103.82054138183594,674.6854248046875,49.4536247253418,33.9053955078125,1676.7447509765625,0.0008086153538897634
1746,34.92,atlasian,1,0.44976988434791565,1444.3446044921875,223.32644653320312,1497.5118408203125,228.34930419921875,53.167236328125,5.022857666015625,267.05145263671875,0.000128786385175772
1746,34.92,atlasian,1,0.42498451471328735,1355.7603759765625,279.5928649902344,1419.0089111328125,286.25946044921875,63.24853515625,6.666595458984375,421.65240478515625,0.00020334316650405526
1758,35.16,okx,7,0.45921775698661804,792.5933227539062,807.9730224609375,813.7276611328125,820.3282470703125,21.13433837890625,12.355224609375,261.1195068359375,0.00012592568236868829
1770,35.4,oracle,8,0.4827224612236023,901.0792236328125,834.8613891601562,934.644775390625,847.7069091796875,33.5655517578125,12.84552001953125,431.1669616699219,0.00020793160365428776
1794,35.88,okx,7,0.43421506881713867,1147.982421875,840.1412963867188,1182.2734375,848.659423828125,34.291015625,8.51812744140625,292.0952453613281,0.00014086383453104645
1812,36.24,okx,7,0.40081968903541565,1323.322265625,800.5946655273438,1350.5595703125,810.9744262695312,27.2373046875,10.3797607421875,282.7167053222656,0.00013634099741466343
1824,36.48,hp,4,0.41736844182014465,1096.78955078125,764.8485107421875,1107.8204345703125,774.4613037109375,11.0308837890625,9.61279296875,106.03760528564453,5.11369617015589e-05
1848,36.96,oracle,8,0.5035772919654846,1268.9072265625,738.7900390625,1298.0037841796875,752.8619995117188,29.0965576171875,14.07196044921875,409.44561767578125,0.00019745640747714788
1848,36.96,okx,7,0.4670048952102661,819.608642578125,739.026611328125,841.197021484375,747.857177734375,21.58837890625,8.83056640625,190.6376190185547,9.19355807127431e-05
1878,37.56,oracle,8,0.7964096069335938,747.8854370117188,683.4027099609375,776.6948852539062,697.3327026367188,28.8094482421875,13.92999267578125,401.3153991699219,0.0001935355830937624
1884,37.68,oracle,8,0.6816519498825073,783.77880859375,699.9287109375,815.8148803710938,713.773681640625,32.03607177734375,13.844970703125,443.5384826660156,0.0002138978015864268
1890,37.8,oracle,8,0.6440138220787048,826.9330444335938,719.7481079101562,860.8575439453125,731.5364990234375,33.92449951171875,11.78839111328125,399.915283203125,0.00019286037422716618
1896,37.92,oracle,8,0.7268498539924622,870.4396362304688,727.46240234375,912.6712036132812,741.1473388671875,42.2315673828125,13.6849365234375,577.9363403320312,0.0002787115809042007
1902,38.04,oracle,8,0.6376104354858398,926.0089111328125,737.486572265625,968.4642944335938,749.6337280273438,42.45538330078125,12.14715576171875,515.712158203125,0.0002487037854734808
1908,38.16,oracle,8,0.7501005530357361,988.229248046875,741.7718505859375,1031.5902099609375,752.823974609375,43.3609619140625,11.0521240234375,479.2307434082031,0.00023111050541047007
1914,38.28,oracle,8,0.7578567266464233,1038.677734375,741.6141357421875,1088.09765625,752.3381958007812,49.419921875,10.72406005859375,529.9822387695312,0.00025558556080795825
1920,38.4,oracle,8,0.6813934445381165,1085.87158203125,737.0136108398438,1141.1539306640625,748.8765258789062,55.2823486328125,11.8629150390625,655.809814453125,0.0003162663197144866
1926,38.52,oracle,8,0.6960711479187012,1140.649169921875,731.9703979492188,1199.0057373046875,744.7315673828125,58.3565673828125,12.76116943359375,744.6980590820312,0.0003591329441405833
1932,38.64,oracle,8,0.6215887665748596,1202.8056640625,724.7772216796875,1243.3570556640625,739.2579345703125,40.5513916015625,14.480712890625,587.2130737304688,0.00028318530530668795
1938,38.76,oracle,8,0.6953300833702087,1250.3553466796875,711.4337768554688,1288.5111083984375,725.0399169921875,38.15576171875,13.60614013671875,519.1526489257812,0.00025036296574398875
1944,38.88,oracle,8,0.6366751790046692,1281.0682373046875,702.9083251953125,1324.72607421875,716.6793823242188,43.6578369140625,13.77105712890625,601.2145385742188,0.0002899375685956329
1950,39.0,oracle,8,0.4869273006916046,1345.1104736328125,682.8475952148438,1372.6458740234375,697.6369018554688,27.535400390625,14.789306640625,407.2294921875,0.00019638768571894616
1956,39.12,oracle,8,0.4644709825515747,1349.6590576171875,674.9697265625,1379.921630859375,690.5247192382812,30.2625732421875,15.55499267578125,470.7341003417969,0.00022701297712046653
1980,39.6,aramco,0,0.4398684501647949,1027.848876953125,745.6663208007812,1072.5184326171875,754.9036865234375,44.6695556640625,9.23736572265625,412.6290283203125,0.00019899161998182535
1986,39.72,hp,4,0.4231785833835602,789.0845947265625,681.3811645507812,803.0493774414062,692.4694213867188,13.96478271484375,11.0882568359375,154.8450927734375,7.467452087439597e-05
1998,39.96,bwt,2,0.4878115952014923,656.6846923828125,593.7730102539062,687.2210693359375,604.8807373046875,30.536376953125,11.10772705078125,339.1897277832031,0.00016357529966626316
2010,40.2,hp,4,0.5202251076698303,1020.1140747070312,721.28759765625,1033.291259765625,732.2898559570312,13.17718505859375,11.00225830078125,144.97879028320312,6.991646660026163e-05
2028,40.56,oracle,8,0.430632621049881,1205.34375,738.9630126953125,1243.747802734375,751.34619140625,38.404052734375,12.3831787109375,475.5642395019531,0.00022934231674298644
2046,40.92,petronas,9,0.44030484557151794,852.843505859375,255.28553771972656,885.838134765625,260.5075378417969,32.99462890625,5.2220001220703125,172.29795837402344,8.309122495120391e-05
2100,42.0,petronas,9,0.5925576686859131,749.8787231445312,372.71661376953125,787.6148681640625,378.41400146484375,37.73614501953125,5.6973876953125,214.99745178222656,0.00010368318180553615
2106,42.12,petronas,9,0.4696974754333496,740.3040771484375,384.38262939453125,780.0311279296875,391.5267639160156,39.72705078125,7.144134521484375,283.8153991699219,0.0001368708472000435
2106,42.12,petronas,9,0.43307629227638245,797.0669555664062,316.9388122558594,828.5829467773438,323.7030029296875,31.5159912109375,6.764190673828125,213.18017578125,0.00010280679998686537
2112,42.24,petronas,9,0.46027112007141113,776.5274658203125,328.02880859375,813.1187744140625,333.1287536621094,36.59130859375,5.099945068359375,186.61366271972656,8.999501733342186e-05
2118,42.36,petronas,9,0.46801137924194336,710.6121826171875,409.274658203125,761.4365234375,415.9228515625,50.8243408203125,6.648193359375,337.8900451660156,0.00016294851957354695
2124,42.48,petronas,9,0.5008203983306885,705.5213012695312,417.396484375,747.4619140625,425.63385009765625,41.94061279296875,8.23736572265625,345.48016357421875,0.0001666088792262599
2130,42.6,petronas,9,0.5172905921936035,689.8773803710938,434.6803894042969,730.6642456054688,442.08929443359375,40.786865234375,7.408905029296875,302.1860046386719,0.0001457301405025646
2130,42.6,petronas,9,0.5090407133102417,737.2254028320312,356.55804443359375,770.5089721679688,361.9357604980469,33.2835693359375,5.377716064453125,178.9895782470703,8.631827950011939e-05
2136,42.72,aramco,0,0.4305613934993744,735.3762817382812,682.2297973632812,760.2019653320312,700.8628540039062,24.82568359375,18.633056640625,462.578369140625,0.00022307984181679785
2142,42.84,bwt,2,0.4614044427871704,744.013427734375,275.8618469238281,775.4434814453125,285.38446044921875,31.4300537109375,9.522613525390625,299.2962646484375,0.0001443365472368896
2148,42.96,oracle,8,0.5577859878540039,548.986572265625,671.6849365234375,579.9027099609375,695.4632568359375,30.9161376953125,23.7783203125,735.1338500976562,0.0003545205690898001
2148,42.96,bwt,2,0.4722481369972229,725.3695068359375,283.7134704589844,758.6341552734375,293.77813720703125,33.2646484375,10.064666748046875,334.797607421875,0.000161457181093283
2154,43.08,oracle,8,0.6746109127998352,585.638671875,690.5521850585938,627.1182861328125,712.2224731445312,41.4796142578125,21.6702880859375,898.8751831054688,0.0004334853438194841
2154,43.08,petronas,9,0.519031822681427,663.71240234375,474.8967590332031,705.8186645507812,481.3445129394531,42.10626220703125,6.44775390625,271.4908142089844,0.00013092727749608457
2160,43.2,oracle,8,0.8296597003936768,629.4435424804688,699.4389038085938,673.0827026367188,720.9580078125,43.63916015625,21.51910400390625,939.0756225585938,0.0004528721037786454
2160,43.2,petronas,9,0.5242551565170288,670.9817504882812,477.92340087890625,708.2320556640625,485.066162109375,37.25030517578125,7.14276123046875,266.0700378417969,0.0001283130986848846
2160,43.2,bwt,2,0.4843900203704834,796.7132568359375,191.06907653808594,832.8185424804688,199.58917236328125,36.10528564453125,8.520095825195312,307.6204833984375,0.00014835092588327825
2160,43.2,bwt,2,0.4266253113746643,689.97705078125,282.2098693847656,725.9640502929688,292.1555480957031,35.98699951171875,9.9456787109375,357.9151306152344,0.00017260567983612418
2166,43.32,oracle,8,0.840097188949585,689.3546752929688,713.2518920898438,737.6551513671875,731.5751342773438,48.30047607421875,18.3232421875,885.0213012695312,0.0004268042684998363
2166,43.32,bwt,2,0.4118993282318115,667.7193603515625,283.8450012207031,705.0469360351562,292.4380187988281,37.32757568359375,8.593017578125,320.7565002441406,0.0001546858111396432
2172,43.44,oracle,8,0.7315766215324402,754.548828125,728.9927978515625,809.9217529296875,744.4085693359375,55.3729248046875,15.415771484375,853.6163330078125,0.0004116591007914394
2172,43.44,bwt,2,0.4141094982624054,756.5822143554688,266.7555236816406,784.8826904296875,273.53558349609375,28.30047607421875,6.780059814453125,191.87892150878906,9.253420284949243e-05
2178,43.56,oracle,8,0.8149338364601135,824.076171875,733.7813720703125,886.4061889648438,750.65625,62.33001708984375,16.8748779296875,1051.8114013671875,0.0005072393105365336
2178,43.56,bwt,2,0.5047652721405029,617.0241088867188,297.1005859375,655.0170288085938,309.2949523925781,37.992919921875,12.194366455078125,463.2995910644531,0.00022342766169458628
2178,43.56,bwt,2,0.4064311981201172,743.9866333007812,200.883056640625,781.3856201171875,210.6725311279297,37.39898681640625,9.789474487304688,366.1164245605469,0.00017656077397987247
2184,43.68,oracle,8,0.745759904384613,909.7107543945312,742.3580932617188,971.1047973632812,755.2638549804688,61.39404296875,12.90576171875,792.3369140625,0.00038210692582651973
2184,43.68,bwt,2,0.45091140270233154,738.9317626953125,205.4629669189453,773.1141967773438,213.977294921875,34.18243408203125,8.514328002929688,291.04046630859375,0.00014035515778232366
2184,43.68,bwt,2,0.4203769564628601,718.8079223632812,287.28662109375,751.2673950195312,295.05511474609375,32.45947265625,7.76849365234375,252.1612091064453,0.00012160552432760596
2184,43.68,bwt,2,0.40418416261672974,593.2978515625,309.13238525390625,634.2113647460938,322.3994140625,40.91351318359375,13.26702880859375,542.80078125,0.00026176735991612077
2190,43.8,oracle,8,0.8119480609893799,995.8118896484375,742.1599731445312,1060.720703125,754.7886962890625,64.9088134765625,12.62872314453125,819.7154541015625,0.0003953103150706738
2190,43.8,bwt,2,0.5742940306663513,687.2243041992188,300.0045471191406,719.5217895507812,308.9338073730469,32.2974853515625,8.92926025390625,288.39263916015625,0.0001390782417729497
2190,43.8,bwt,2,0.5229309797286987,540.6290893554688,439.4546813964844,576.9224243164062,450.4028015136719,36.2933349609375,10.9481201171875,397.3437805175781,0.00019162026001140475
2190,43.8,bwt,2,0.40216705203056335,712.5774536132812,214.04006958007812,749.67236328125,222.63067626953125,37.09490966796875,8.590606689453125,318.66778564453125,0.00015367852756753564
2196,43.92,oracle,8,0.7973864674568176,1079.5709228515625,734.2680053710938,1145.6072998046875,748.6641235351562,66.036376953125,14.3961181640625,950.66748046875,0.00045846233842894435
2196,43.92,bwt,2,0.5716248750686646,486.1582336425781,454.88348388671875,514.7501831054688,465.89312744140625,28.591949462890625,11.0096435546875,314.78717041015625,0.00015180707850959152
2196,43.92,bwt,2,0.5320127010345459,528.9345092773438,454.81292724609375,564.0279541015625,467.721923828125,35.09344482421875,12.90899658203125,453.0211486816406,0.00021847084281034768
2196,43.92,bwt,2,0.4979234039783478,655.5979614257812,315.0876159667969,689.1411743164062,324.39593505859375,33.543212890625,9.308319091796875,312.2309265136719,0.00015057432756293565
2202,44.04,oracle,8,0.7675697207450867,1159.570556640625,718.329345703125,1226.855224609375,736.6128540039062,67.28466796875,18.28350830078125,1230.1998291015625,0.0005932676722295582
2202,44.04,bwt,2,0.4525439441204071,522.3777465820312,476.6603088378906,553.3380126953125,488.3572692871094,30.96026611328125,11.69696044921875,362.1410217285156,0.00017464363190811127
2202,44.04,bwt,2,0.42062631249427795,499.7583923339844,355.92926025390625,547.0729370117188,367.2083740234375,47.314544677734375,11.27911376953125,533.6661376953125,0.00025736214593052864
2208,44.16,oracle,8,0.7838252186775208,1238.5892333984375,699.0951538085938,1298.320068359375,719.2911376953125,59.7308349609375,20.19598388671875,1206.322998046875,0.0005817529745399952
2208,44.16,bwt,2,0.5853615999221802,466.0556945800781,499.32977294921875,500.42828369140625,511.912841796875,34.372589111328125,12.58306884765625,432.5126647949219,0.000208580560865812
2208,44.16,bwt,2,0.5536696314811707,519.0906372070312,495.2040100097656,552.3129272460938,508.8417663574219,33.2222900390625,13.63775634765625,453.0774841308594,0.00021849801123607904
2208,44.16,bwt,2,0.4949094355106354,576.6067504882812,350.9678955078125,610.3163452148438,360.89666748046875,33.7095947265625,9.92877197265625,334.69488525390625,0.00016140764637384564
2208,44.16,bwt,2,0.485420286655426,479.81890869140625,370.0030822753906,524.431884765625,381.7178955078125,44.61297607421875,11.714813232421875,522.6326904296875,0.0002520412381272763
2214,44.28,oracle,8,0.785627007484436,1311.0550537109375,675.37158203125,1362.9075927734375,696.2200317382812,51.8525390625,20.84844970703125,1081.0450439453125,0.0005213373224250972
2214,44.28,bwt,2,0.6117788553237915,517.6839599609375,515.6122436523438,553.7199096679688,531.1467895507812,36.03594970703125,15.5345458984375,559.8021240234375,0.00026996631640940905
2214,44.28,bwt,2,0.553195595741272,455.8375244140625,388.29779052734375,500.5907897949219,400.9337463378906,44.753265380859375,12.635955810546875,565.5003051757812,0.0002727142709773034
2214,44.28,bwt,2,0.4966143071651459,529.0748901367188,368.5327453613281,571.25390625,381.9878845214844,42.17901611328125,13.45513916015625,567.5245361328125,0.00027369047165848315
2214,44.28,atlasian,1,0.44360464811325073,1463.89453125,408.43853759765625,1523.9256591796875,415.36468505859375,60.0311279296875,6.9261474609375,415.7844543457031,0.00020051334286108613
2214,44.28,bwt,2,0.4038884937763214,461.25714111328125,521.0215454101562,499.4302978515625,532.634033203125,38.17315673828125,11.61248779296875,443.2853088378906,0.0002137757110176608
2220,44.4,bwt,2,0.650626003742218,496.86151123046875,389.0546875,537.3668212890625,400.7172546386719,40.50531005859375,11.662567138671875,472.3959045410156,0.00022781438019592315
2220,44.4,oracle,8,0.5825167894363403,1362.000732421875,648.9592895507812,1420.7391357421875,674.7709350585938,58.7384033203125,25.8116455078125,1516.1348876953125,0.0007311607478186488
2220,44.4,bwt,2,0.5463370680809021,435.168212890625,408.7496032714844,482.534423828125,422.3795471191406,47.3662109375,13.62994384765625,645.5988159179688,0.00031134200980886817
2220,44.4,bwt,2,0.5454232096672058,524.631591796875,272.5879211425781,567.23681640625,284.61236572265625,42.605224609375,12.024444580078125,512.3041381835938,0.0002470602630637586
2220,44.4,bwt,2,0.5203076601028442,467.8096618652344,546.0916137695312,504.03790283203125,558.040283203125,36.228240966796875,11.94866943359375,432.8792724609375,0.00020875736663583666
2226,44.52,oracle,8,0.7324525713920593,1421.474609375,622.7874755859375,1470.2086181640625,649.888427734375,48.7340087890625,27.1009521484375,1320.738037109375,0.000636929995380342
2226,44.52,bwt,2,0.6978450417518616,477.2176818847656,571.9287109375,521.7623291015625,586.6116943359375,44.544647216796875,14.6829833984375,654.04833984375,0.00031541683711111546
2226,44.52,bwt,2,0.6567255854606628,421.7785339355469,429.9927978515625,474.1841735839844,448.0010070800781,52.4056396484375,18.008209228515625,943.7317504882812,0.00045511755160987377
2226,44.52,bwt,2,0.5220785737037659,480.1861877441406,291.1777648925781,529.5479736328125,303.02716064453125,49.361785888671875,11.849395751953125,584.9073486328125,0.000282073364360258
2226,44.52,bwt,2,0.46132081747055054,538.35107421875,558.5588989257812,572.5458984375,580.947265625,34.19482421875,22.38836669921875,765.5662841796875,0.0003691966994665563
2232,44.64,bwt,2,0.7450949549674988,504.9311218261719,595.3590087890625,551.931640625,612.3897705078125,47.000518798828125,17.03076171875,800.4546508789062,0.0003860217402689159
2232,44.64,bwt,2,0.6081366539001465,447.5660095214844,316.1567077636719,490.8679504394531,327.20330810546875,43.30194091796875,11.046600341796875,478.3392333984375,0.00023068056907504797
2232,44.64,oracle,8,0.5548087358474731,1469.3531494140625,598.0242919921875,1513.70263671875,621.9857177734375,44.3494873046875,23.96142578125,1062.677001953125,0.0005124792805872858
2232,44.64,bwt,2,0.5315290093421936,567.755615234375,583.0460205078125,598.111083984375,602.5030517578125,30.35546875,19.45703125,590.6273193359375,0.00028483185451477766
2232,44.64,bwt,2,0.5287218689918518,413.2022399902344,443.8304443359375,454.137939453125,460.0599060058594,40.935699462890625,16.229461669921875,664.3643798828125,0.00032039175857789814
2232,44.64,bwt,2,0.5218154788017273,446.5769348144531,519.7116088867188,472.441650390625,541.6856689453125,25.864715576171875,21.97406005859375,568.352783203125,0.00027408989262767136
2238,44.76,bwt,2,0.7502490878105164,534.5314331054688,621.652099609375,583.3853759765625,637.4580078125,48.85394287109375,15.805908203125,772.180908203125,0.0003723866248037666
2238,44.76,bwt,2,0.6806539297103882,450.1299743652344,546.8323364257812,481.395263671875,569.7000732421875,31.265289306640625,22.86773681640625,714.9664306640625,0.0003447947674430907
2238,44.76,bwt,2,0.5544191002845764,411.9573974609375,340.1595458984375,459.36248779296875,351.5077209472656,47.40509033203125,11.348175048828125,537.9612426757812,0.0002594334655441344
2238,44.76,bwt,2,0.5090776085853577,426.9521484375,473.6455078125,475.5486755371094,498.37286376953125,48.596527099609375,24.72735595703125,1201.66357421875,0.0005795059842057526
2244,44.88,bwt,2,0.7201336622238159,580.6224975585938,646.2277221679688,629.6337890625,661.8944091796875,49.01129150390625,15.66668701171875,767.8445434570312,0.00037029539817012846
2244,44.88,bwt,2,0.6746758222579956,428.7479553222656,505.82623291015625,478.3987121582031,528.4764404296875,49.6507568359375,22.65020751953125,1124.5999755859375,0.0005423417896963656
2244,44.88,bwt,2,0.5829840302467346,465.9764709472656,581.440185546875,496.7974548339844,602.2861328125,30.82098388671875,20.845947265625,642.4926147460938,0.0003098440356552601
2250,45.0,bwt,2,0.8094863891601562,629.0668334960938,665.2318725585938,680.2767333984375,688.7064819335938,51.20989990234375,23.474609375,1202.1324462890625,0.0005797320627607405
2250,45.0,bwt,2,0.7083320617675781,376.2030944824219,539.9345703125,420.14971923828125,556.3189086914062,43.946624755859375,16.38433837890625,720.036376953125,0.0003472397511359304
2250,45.0,bwt,2,0.6613817811012268,688.6766967773438,643.292236328125,712.2924194335938,667.1364135742188,23.61572265625,23.84417724609375,563.0974731445312,0.00027155550196766853
2250,45.0,bwt,2,0.5680093765258789,497.2839660644531,599.8657836914062,535.8863525390625,625.1664428710938,38.602386474609375,25.3006591796875,976.6658325195312,0.00047100012307055295
2250,45.0,bwt,2,0.49767282605171204,351.38226318359375,392.90875244140625,402.53997802734375,407.9139099121094,51.15771484375,15.005157470703125,767.6295776367188,0.0003701917303260416
2256,45.12,bwt,2,0.8352214694023132,385.79522705078125,571.4677124023438,432.92938232421875,588.5708618164062,47.1341552734375,17.1031494140625,806.1425170898438,0.00038876471808180213
2256,45.12,bwt,2,0.7526997327804565,519.1895141601562,631.0662231445312,568.3440551757812,651.4042358398438,49.154541015625,20.3380126953125,999.7056884765625,0.0004821111506316811
2256,45.12,bwt,2,0.7145934104919434,686.5189208984375,686.3018798828125,738.3994750976562,706.2325439453125,51.88055419921875,19.9306640625,1034.013916015625,0.0004986564163118601
2256,45.12,bwt,2,0.6002263426780701,326.2549743652344,422.1164245605469,382.4080505371094,436.50823974609375,56.153076171875,14.391815185546875,808.1447143554688,0.0003897302958648652
2256,45.12,bwt,2,0.4989266097545624,344.2144470214844,489.7774353027344,370.1465759277344,509.7991027832031,25.93212890625,20.02166748046875,519.2044677734375,0.0002503879659343511
2256,45.12,bwt,2,0.46235522627830505,465.8906555175781,563.1078491210938,504.9009704589844,586.6873168945312,39.01031494140625,23.5794677734375,919.8424682617188,0.00044359685853123665
2256,45.12,bwt,2,0.44507744908332825,749.0399169921875,658.9634399414062,770.3485717773438,684.2841796875,21.30865478515625,25.32073974609375,539.5509033203125,0.0002602000895421952
2262,45.24,bwt,2,0.7400320768356323,309.35601806640625,454.17724609375,363.1937255859375,470.71575927734375,53.83770751953125,16.53851318359375,890.3956298828125,0.00042939605191349983
2262,45.24,bwt,2,0.7304059863090515,408.38763427734375,602.24853515625,459.5309143066406,621.5763549804688,51.143280029296875,19.32781982421875,988.4880981445312,0.00047670144704170525
2262,45.24,bwt,2,0.7289620637893677,758.2381591796875,703.4420776367188,810.948486328125,727.8463745117188,52.7103271484375,24.404296875,1286.3585205078125,0.0006203503580763936
2262,45.24,bwt,2,0.7259641885757446,566.0179443359375,656.2275390625,621.4915771484375,679.6546630859375,55.4736328125,23.4271240234375,1299.587646484375,0.0006267301505431533
2262,45.24,bwt,2,0.6018726229667664,338.3674621582031,521.14013671875,368.2803649902344,545.0631103515625,29.91290283203125,23.9229736328125,715.6055908203125,0.00034510300611145794
2262,45.24,bwt,2,0.46021583676338196,360.36279296875,423.8333435058594,399.000732421875,436.84283447265625,38.637939453125,13.009490966796875,502.659912109375,0.00024240929633378983
2262,45.24,bwt,2,0.42169612646102905,486.66961669921875,586.193115234375,532.96337890625,612.3633422851562,46.29376220703125,26.17022705078125,1211.518310546875,0.0005842584650963545
2268,45.36,bwt,2,0.7365913987159729,441.57672119140625,634.955078125,495.69573974609375,656.98291015625,54.1190185546875,22.02783203125,1192.1246337890625,0.0005749057745561004
2268,45.36,bwt,2,0.7167305946350098,633.3780517578125,686.1301879882812,693.631103515625,705.4984741210938,60.2530517578125,19.3682861328125,1166.998291015625,0.0005627885111607611
2268,45.36,bwt,2,0.6397772431373596,337.96905517578125,558.4548950195312,364.53228759765625,583.9910278320312,26.563232421875,25.5361328125,678.3222045898438,0.0003271229797974229
2268,45.36,bwt,2,0.52987140417099,844.1521606445312,722.0545654296875,890.125244140625,742.2883911132812,45.97308349609375,20.23382568359375,930.2113647460938,0.0004485973040573299
2268,45.36,bwt,2,0.4961310029029846,299.0749816894531,487.40185546875,352.3966064453125,509.3516540527344,53.321624755859375,21.949798583984375,1170.39892578125,0.0005644285120069981
2274,45.48,bwt,2,0.8019701838493347,706.1978759765625,712.0601806640625,768.0719604492188,728.8504638671875,61.87408447265625,16.790283203125,1038.8834228515625,0.000501004746183753
2274,45.48,bwt,2,0.7906168699264526,915.854248046875,731.5902709960938,962.6818237304688,755.8726806640625,46.82757568359375,24.28240966796875,1137.08642578125,0.0005483634304255247
2274,45.48,bwt,2,0.6531344652175903,608.3272094726562,648.24951171875,631.255615234375,681.982421875,22.92840576171875,33.73291015625,773.4418334960938,0.0003729947202373296
2274,45.48,bwt,2,0.6529391407966614,348.6554260253906,596.8223266601562,382.46807861328125,621.9881591796875,33.812652587890625,25.16583251953125,850.9235229492188,0.00041036048787645996
2274,45.48,bwt,2,0.574640691280365,485.2481994628906,664.3342895507812,536.4871826171875,685.3219604492188,51.238983154296875,20.9876708984375,1075.386962890625,0.0005186086636967957
2280,45.6,bwt,2,0.7985864877700806,763.513671875,729.6505737304688,828.0990600585938,746.1712646484375,64.58538818359375,16.52069091796875,1066.9952392578125,0.0005145617760717869
2280,45.6,bwt,2,0.7522009611129761,375.6584167480469,632.141357421875,413.85174560546875,658.2237548828125,38.193328857421875,26.0823974609375,996.173583984375,0.00048040779074653983
2280,45.6,bwt,2,0.5242945551872253,1000.5025634765625,734.84228515625,1032.4931640625,759.217529296875,31.9906005859375,24.375244140625,779.7786865234375,0.00037605068064294755
2280,45.6,bwt,2,0.4748707115650177,539.8321533203125,695.4152221679688,592.5738525390625,718.2586059570312,52.74169921875,22.8433837890625,1204.798828125,0.0005810179281979799
2280,45.6,aramco,0,0.4229710102081299,80.05899047851562,648.6624145507812,132.02549743652344,660.672119140625,51.96650695800781,12.00970458984375,624.1024169921875,0.000300975312711671
2280,45.6,oracle,8,0.40986064076423645,1340.8731689453125,388.4654235839844,1366.6253662109375,410.297607421875,25.752197265625,21.832183837890625,562.2266845703125,0.0002711355627980083
2286,45.72,bwt,2,0.8108845353126526,835.025146484375,739.1586303710938,901.80517578125,757.4531860351562,66.780029296875,18.2945556640625,1221.7109375,0.0005891738692298532
2286,45.72,bwt,2,0.7484731674194336,410.8838195800781,672.9410400390625,464.36004638671875,696.2220458984375,53.476226806640625,23.281005859375,1244.9803466796875,0.0006003956077620387
2286,45.72,bwt,2,0.5580073595046997,606.2548217773438,718.3859252929688,658.7273559570312,745.1644897460938,52.4725341796875,26.778564453125,1405.13916015625,0.0006776326918043196
2286,45.72,bwt,2,0.5340872406959534,343.1150817871094,600.6927490234375,388.18408203125,627.7439575195312,45.069000244140625,27.05120849609375,1219.1708984375,0.0005879489472135901
2286,45.72,oracle,8,0.4662383496761322,1285.6300048828125,372.4979553222656,1311.6048583984375,396.36297607421875,25.974853515625,23.865020751953125,619.8904418945312,0.0002989440690726042
2292,45.84,bwt,2,0.8076167702674866,468.9200439453125,700.9525756835938,530.30859375,719.8285522460938,61.3885498046875,18.8759765625,1158.768798828125,0.00055881985463202
2292,45.84,bwt,2,0.7910723686218262,375.88433837890625,628.6607055664062,417.44195556640625,663.384765625,41.5576171875,34.72406005859375,1443.0491943359375,0.0006959149031899869
2292,45.84,bwt,2,0.7771109342575073,912.1658325195312,737.5719604492188,967.7235107421875,758.8634643554688,55.55767822265625,21.29150390625,1182.906494140625,0.0005704602808691561
2292,45.84,oracle,8,0.4404832124710083,1224.164794921875,354.557861328125,1250.1856689453125,373.1199951171875,26.0208740234375,18.5621337890625,483.0029296875,0.00023292965488508344
2292,45.84,aramco,0,0.41199010610580444,148.5800018310547,749.699462890625,198.6749725341797,765.29345703125,50.094970703125,15.593994140625,781.1806640625,0.00037672679172828794
2298,45.96,bwt,2,0.8096376657485962,524.6346435546875,722.2078247070312,592.8589477539062,739.1588134765625,68.22430419921875,16.95098876953125,1156.4693603515625,0.0005577109404839575
2298,45.96,bwt,2,0.764959454536438,980.15478515625,734.243896484375,1041.637451171875,756.43017578125,61.482666015625,22.186279296875,1364.0716552734375,0.000657827768009156
2298,45.96,bwt,2,0.5658812522888184,127.78306579589844,494.48095703125,199.47637939453125,522.8246459960938,71.69331359863281,28.34368896484375,2032.052978515625,0.0009799638064578176
2298,45.96,bwt,2,0.5037916302680969,753.4635620117188,748.2933349609375,796.269287109375,768.3251953125,42.80572509765625,20.0318603515625,857.4783325195312,0.00041352157131768763
2298,45.96,oracle,8,0.4968037009239197,1162.5313720703125,333.6030578613281,1188.88134765625,354.9405822753906,26.3499755859375,21.3375244140625,562.2432250976562,0.00027114353724755347
2298,45.96,bwt,2,0.4746412932872772,430.55633544921875,656.4243774414062,459.7568054199219,687.8364868164062,29.200469970703125,31.412109375,917.2483520507812,0.0004423458594828844
2304,46.08,bwt,2,0.8095715641975403,589.1215209960938,740.3292236328125,650.052490234375,757.6806030273438,60.93096923828125,17.35137939453125,1057.236328125,0.0005098554538562894
2304,46.08,bwt,2,0.6960664391517639,116.7352294921875,527.6510620117188,185.9111328125,555.6642456054688,69.1759033203125,28.01318359375,1937.8372802734375,0.0009345280122943223
2304,46.08,bwt,2,0.5715912580490112,265.555908203125,697.9065551757812,314.471923828125,717.007568359375,48.916015625,19.10101318359375,934.345458984375,0.00045059097465127707
2304,46.08,bwt,2,0.5030338168144226,915.945068359375,703.5831298828125,959.8494873046875,729.6802978515625,43.9044189453125,26.09716796875,1145.781005859375,0.0005525564192794263
2304,46.08,oracle,8,0.4743739068508148,1096.150146484375,314.546630859375,1127.599609375,332.7426452636719,31.449462890625,18.196014404296875,572.2548828125,0.00027597168809734285
2304,46.08,bwt,2,0.4718002378940582,815.8020629882812,757.0524291992188,862.4151000976562,779.5701293945312,46.613037109375,22.5177001953125,1049.618408203125,0.0005061817355453968
2304,46.08,bwt,2,0.4467240869998932,1043.3614501953125,725.8343505859375,1102.6614990234375,745.6702270507812,59.300048828125,19.83587646484375,1176.2684326171875,0.0005672590923495591
2310,46.2,bwt,2,0.8141788244247437,652.9606323242188,749.250244140625,716.0862426757812,765.9292602539062,63.1256103515625,16.67901611328125,1052.873046875,0.0005077513051219285
2310,46.2,bwt,2,0.7747302055358887,1098.448974609375,708.5924072265625,1155.9990234375,733.6779174804688,57.550048828125,25.08551025390625,1443.67236328125,0.0006962154293432832
2310,46.2,bwt,2,0.4944584369659424,112.10591888427734,557.05859375,175.80130004882812,589.9738159179688,63.69538116455078,32.91522216796875,2096.547607421875,0.0010110666044056416
2310,46.2,bwt,2,0.4479139745235443,290.66827392578125,725.1646728515625,346.11029052734375,741.5325317382812,55.4420166015625,16.36785888671875,907.4671020507812,0.0004376287979539484
2310,46.2,bwt,2,0.4290073812007904,1264.2333984375,673.4874267578125,1282.98681640625,698.2022705078125,18.75341796875,24.71484375,463.48779296875,0.0002235184219898656
2310,46.2,aramco,0,0.41424494981765747,159.9970703125,799.8073120117188,222.43495178222656,816.585205078125,62.43788146972656,16.77789306640625,1047.5760498046875,0.00050519680371508
2316,46.32,bwt,2,0.7820717692375183,722.1072998046875,752.4548950195312,781.232421875,771.2881469726562,59.1251220703125,18.833251953125,1113.518310546875,0.0005369976279325783
2316,46.32,bwt,2,0.7733675241470337,1157.0377197265625,690.435302734375,1206.8604736328125,714.9659423828125,49.82275390625,24.5306396484375,1222.18408203125,0.0005894020432606339
2316,46.32,bwt,2,0.6422424912452698,110.17239379882812,585.2469482421875,173.82247924804688,621.141845703125,63.65008544921875,35.8948974609375,2284.71337890625,0.0011018101358786225
2316,46.32,bwt,2,0.4830930233001709,1287.558349609375,644.9671020507812,1307.840087890625,670.2539672851562,20.28173828125,25.286865234375,512.861572265625,0.000247329066041857
2316,46.32,bwt,2,0.47891291975975037,599.4430541992188,711.10693359375,626.0706176757812,738.27197265625,26.6275634765625,27.1650390625,723.3388061523438,0.0003488323709461838
2322,46.44,bwt,2,0.791500449180603,797.8533325195312,745.0222778320312,862.4640502929688,766.9165649414062,64.6107177734375,21.894287109375,1414.6055908203125,0.0006821979186497629
2322,46.44,bwt,2,0.6922367811203003,116.13230895996094,605.8305053710938,175.80032348632812,642.8612060546875,59.66801452636719,37.03070068359375,2209.54833984375,0.0010655615478754044
2322,46.44,bwt,2,0.5983758568763733,1204.6375732421875,663.5953369140625,1229.986328125,684.33984375,25.3487548828125,20.7445068359375,525.847412109375,0.0002535915409680456
2322,46.44,bwt,2,0.45957598090171814,662.8477172851562,713.8341674804688,696.3009643554688,741.3299560546875,33.4532470703125,27.49578857421875,919.8234252929688,0.0004435876908246428
2328,46.56,bwt,2,0.7358496785163879,871.0902709960938,733.326171875,931.0001220703125,757.63525390625,59.90985107421875,24.30908203125,1456.353515625,0.0007023309590294957
2328,46.56,bwt,2,0.668064534664154,131.9250030517578,626.4935302734375,189.2969512939453,663.509033203125,57.3719482421875,37.0155029296875,2123.651611328125,0.001024137600325048
2328,46.56,moneygram,6,0.589536726474762,261.8823547363281,662.0315551757812,294.52349853515625,687.1305541992188,32.641143798828125,25.0989990234375,819.260009765625,0.00039509066846221685
2334,46.68,bwt,2,0.8018093705177307,936.9227294921875,721.8715209960938,992.175537109375,742.5029907226562,55.2528076171875,20.6314697265625,1139.9466552734375,0.0005497427773661911
2334,46.68,bwt,2,0.4996631145477295,142.08953857421875,649.00927734375,192.356689453125,684.45947265625,50.26715087890625,35.4501953125,1781.9803466796875,0.0008593655074946582
2334,46.68,bwt,2,0.4418770372867584,1729.2012939453125,713.1839599609375,1754.2376708984375,751.6380615234375,25.036376953125,38.4541015625,962.7514038085938,0.0004642898275051266
2340,46.8,bwt,2,0.7658288478851318,997.3934326171875,697.8648071289062,1052.7752685546875,726.4435424804688,55.3818359375,28.5787353515625,1582.7427978515625,0.0007632825872860849
2340,46.8,bwt,2,0.4397090673446655,1202.76953125,528.2090454101562,1239.7298583984375,538.9054565429688,36.9603271484375,10.6964111328125,395.3428649902344,0.00019065532251261175
2346,46.92,bwt,2,0.726654052734375,1060.240966796875,674.7318115234375,1098.1639404296875,698.92578125,37.9229736328125,24.1939697265625,917.5072631835938,0.0004424707149155438
2346,46.92,bwt,2,0.44242972135543823,1720.4405517578125,720.6039428710938,1754.050537109375,762.9735107421875,33.6099853515625,42.36956787109375,1424.04052734375,0.0006867479532957077
2352,47.04,bwt,2,0.5046788454055786,1718.4666748046875,727.179931640625,1753.3123779296875,770.7435913085938,34.845703125,43.56365966796875,1518.00634765625,0.0007320632576011121
2352,47.04,bwt,2,0.4883534908294678,1206.2369384765625,600.9391479492188,1221.0567626953125,622.4078369140625,14.81982421875,21.46868896484375,318.1622009277344,0.00015343471022788435
2352,47.04,bwt,2,0.43319857120513916,1726.115234375,806.1387329101562,1756.0467529296875,870.3148803710938,29.9315185546875,64.1761474609375,1920.8895263671875,0.0009263549000024796
2358,47.16,bwt,2,0.5463512539863586,1718.3751220703125,728.107177734375,1752.423095703125,770.6971435546875,34.0479736328125,42.5899658203125,1450.10205078125,0.0006993162096478045
2358,47.16,bwt,2,0.5023403167724609,1722.676025390625,815.652587890625,1755.4385986328125,867.2463989257812,32.7625732421875,51.59381103515625,1690.3460693359375,0.0008151746005751193
2358,47.16,aramco,0,0.4647761881351471,940.8735961914062,802.2202758789062,990.5213012695312,822.2335815429688,49.647705078125,20.0133056640625,993.6146850585938,0.00047917375923134387
2358,47.16,bwt,2,0.43748611211776733,1065.59814453125,624.2633056640625,1101.5919189453125,637.7620849609375,35.9937744140625,13.498779296875,485.87200927734375,0.00023431328008882701
2364,47.28,aramco,0,0.6554391384124756,1033.083984375,772.6016845703125,1079.200927734375,800.9658203125,46.116943359375,28.3641357421875,1308.0672607421875,0.000630819471552968
2364,47.28,bwt,2,0.640238881111145,1077.7686767578125,597.5894165039062,1125.857421875,612.8720703125,48.0887451171875,15.28265380859375,734.9236450195312,0.0003544192004483193
2364,47.28,bwt,2,0.5407140254974365,1153.269775390625,595.34130859375,1177.4417724609375,614.0515747070312,24.1719970703125,18.71026611328125,452.2644958496094,0.00021810595353599638
2370,47.4,bwt,2,0.6655967831611633,1088.5966796875,568.636474609375,1143.2037353515625,583.7529296875,54.6070556640625,15.116455078125,825.465087890625,0.00039808309520594776
2370,47.4,bwt,2,0.4991614520549774,1027.279296875,424.5314025878906,1049.541259765625,441.899658203125,22.261962890625,17.368255615234375,386.6514587402344,0.0001864638616098091
2376,47.52,bwt,2,0.6173031330108643,973.1752319335938,393.04833984375,996.5294189453125,409.3410949707031,23.35418701171875,16.292755126953125,380.5040588378906,0.00018349925812799484
2382,47.64,bwt,2,0.5855397582054138,1097.0377197265625,509.7023010253906,1157.1954345703125,519.760498046875,60.15771484375,10.058197021484375,605.078125,0.000291800795821473
2388,47.76,bwt,2,0.4926832318305969,865.1651000976562,332.6393127441406,887.6259765625,350.3677673339844,22.46087646484375,17.72845458984375,398.1966247558594,0.0001920315553434193
2394,47.88,bwt,2,0.6184067130088806,1731.17041015625,774.1949462890625,1766.7982177734375,825.958984375,35.6278076171875,51.7640380859375,1844.2391357421875,0.0008893900085240602
2394,47.88,bwt,2,0.4397163689136505,808.690673828125,303.51312255859375,830.0191650390625,320.42962646484375,21.3284912109375,16.91650390625,360.8034973144531,0.00017399860371369869
2400,48.0,bwt,2,0.6444725394248962,986.1354370117188,422.7330322265625,1008.1287231445312,439.2044677734375,21.9932861328125,16.471435546875,362.260986328125,0.00017470147577114403
2400,48.0,bwt,2,0.5361133217811584,750.3666381835938,270.5867919921875,772.2196655273438,286.7572326660156,21.85302734375,16.170440673828125,353.3730773925781,0.00017041525279637426
2400,48.0,bwt,2,0.47768667340278625,1033.850341796875,430.4357604980469,1054.254638671875,444.8309326171875,20.404296875,14.395172119140625,293.7233581542969,0.0001416489976691082
2436,48.72,petronas,9,0.4721505343914032,1388.8486328125,462.5595703125,1468.7930908203125,471.6398620605469,79.9444580078125,9.080291748046875,725.9190063476562,0.000350076676113531
2442,48.84,aramco,0,0.49531105160713196,967.0470581054688,444.6856384277344,1012.474609375,452.67181396484375,45.42755126953125,7.986175537109375,362.7923889160156,0.0001749577495502308
2460,49.2,petronas,9,0.532680094242096,1273.4405517578125,443.9280090332031,1336.61279296875,452.5927429199219,63.1722412109375,8.66473388671875,547.3706665039062,0.000263971189269796
2484,49.68,petronas,9,0.41681891679763794,857.239501953125,388.69586181640625,896.7638549804688,394.5829772949219,39.52435302734375,5.887115478515625,232.68443298339844,0.00011221278691664338
2532,50.64,petronas,9,0.6322022080421448,1151.139892578125,441.1233825683594,1207.4617919921875,449.07464599609375,56.3218994140625,7.951263427734375,447.83026123046875,0.0002159675204893574
2544,50.88,petronas,9,0.6893412470817566,1215.7103271484375,442.44256591796875,1283.0596923828125,450.48828125,67.349365234375,8.04571533203125,541.8738403320312,0.00026132032508030534
2556,51.12,petronas,9,0.5154624581336975,1269.3853759765625,437.8416748046875,1346.2166748046875,448.3150329589844,76.831298828125,10.473358154296875,804.6817016601562,0.00038806023076176643
2562,51.24,petronas,9,0.49347761273384094,1275.1553955078125,434.4237365722656,1354.7694091796875,444.969970703125,79.614013671875,10.546234130859375,839.6280517578125,0.0004049132112413645
2568,51.36,petronas,9,0.5941805839538574,1293.1927490234375,428.6935729980469,1356.787353515625,438.7798767089844,63.5946044921875,10.0863037109375,641.4345092773438,0.0003093337581958622
2574,51.48,oracle,8,0.6271012425422668,355.5584411621094,661.2124633789062,587.663330078125,704.6151733398438,232.10488891601562,43.4027099609375,10073.9814453125,0.004858208820223808
2574,51.48,petronas,9,0.4382110834121704,1327.9132080078125,434.7013244628906,1399.3365478515625,448.04071044921875,71.42333984375,13.339385986328125,952.7434692382812,0.00045946348109282553
2580,51.6,bwt,2,0.4158518314361572,1127.2691650390625,412.2204895019531,1172.610595703125,419.8894958496094,45.3414306640625,7.66900634765625,347.7237243652344,0.00016769084322731942
2586,51.72,kick,5,0.4408370852470398,1440.6622314453125,534.593994140625,1455.312255859375,544.1785278320312,14.6500244140625,9.58453369140625,140.4136505126953,6.771491462131962e-05
2604,52.08,petronas,9,0.6944129467010498,762.2534790039062,601.0880126953125,890.5159912109375,624.0787963867188,128.26251220703125,22.99078369140625,2948.855712890625,0.0014220947632566094
2610,52.2,petronas,9,0.8867552280426025,505.0274353027344,618.187744140625,661.2493286132812,642.8240356445312,156.22189331054688,24.63629150390625,3848.72802734375,0.0018560609314590693
2616,52.32,petronas,9,0.6288557052612305,194.95040893554688,638.9946899414062,388.3382568359375,666.9606323242188,193.38784790039062,27.9659423828125,5408.2734375,0.002608156530186534
2640,52.8,aramco,0,0.8380197882652283,793.1821899414062,615.282958984375,958.8679809570312,686.8507080078125,165.685791015625,71.5677490234375,11857.7587890625,0.0057184407487511635
2646,52.92,aramco,0,0.7632595300674438,575.16455078125,603.5556030273438,713.6210327148438,671.8572998046875,138.45648193359375,68.30169677734375,9456.8125,0.004560577217489481
2652,53.04,aramco,0,0.7224925756454468,462.4686584472656,589.9611206054688,564.356689453125,652.9586181640625,101.88803100585938,62.99749755859375,6418.69091796875,0.003095433581620455
2670,53.4,petronas,9,0.45951762795448303,722.8701782226562,502.17352294921875,856.1612548828125,522.4232177734375,133.29107666015625,20.24969482421875,2699.103515625,0.0013016510056331754
2670,53.4,petronas,9,0.45048195123672485,1022.6963500976562,487.4845886230469,1136.5224609375,502.4514465332031,113.82611083984375,14.96685791015625,1703.6192626953125,0.0008215756388381124
2694,53.88,bwt,2,0.8684118390083313,1841.31689453125,672.4221801757812,1920.999755859375,744.1436157226562,79.682861328125,71.721435546875,5714.96923828125,0.0027560614980757236
2700,54.0,bwt,2,0.8853256106376648,1623.547607421875,652.3992309570312,1773.24365234375,730.7146606445312,149.696044921875,78.3154296875,11723.509765625,0.005653698928654194
2706,54.12,bwt,2,0.8561272621154785,1478.405029296875,639.5888061523438,1551.2841796875,708.7341918945312,72.879150390625,69.1453857421875,5039.2568359375,0.0024301970843225718
2712,54.24,bwt,2,0.5848617553710938,1403.6593017578125,594.6436767578125,1438.20947265625,656.0064697265625,34.5501708984375,61.36279296875,2120.094970703125,0.00102242233697325
2718,54.36,atlasian,1,0.4636155664920807,1564.3404541015625,511.5968933105469,1758.031005859375,530.3515625,193.6905517578125,18.754669189453125,3632.602294921875,0.0017518337117508054
2730,54.6,atlasian,1,0.6394296288490295,1478.9075927734375,463.67034912109375,1647.7132568359375,478.8897399902344,168.8056640625,15.219390869140625,2569.119384765625,0.0012389657786116004
2736,54.72,bwt,2,0.7369582653045654,1807.7232666015625,616.3766479492188,1869.720947265625,706.1218872070312,61.9976806640625,89.7452392578125,5563.99658203125,0.002683254424482584
2748,54.96,bwt,2,0.7785429358482361,1861.8062744140625,532.9004516601562,1920.1407470703125,581.3078002929688,58.33447265625,48.4073486328125,2823.817138671875,0.0013617945369333029
2754,55.08,bwt,2,0.6146775484085083,1821.9849853515625,499.82720947265625,1916.65380859375,541.0010375976562,94.6688232421875,41.173828125,3897.8779296875,0.0018797636730596423
2754,55.08,petronas,9,0.4196927845478058,1667.9852294921875,375.45379638671875,1800.0504150390625,389.0666809082031,132.065185546875,13.612884521484375,1797.7880859375,0.0008669888484291732
2766,55.32,capp,3,0.4355718195438385,1878.806884765625,336.1369323730469,1919.5902099609375,342.9914245605469,40.7833251953125,6.8544921875,279.5489807128906,0.0001348133519059047
2844,56.88,aramco,0,0.4072142541408539,792.8255004882812,466.2007751464844,861.1163940429688,549.8109130859375,68.2908935546875,83.61013793945312,5709.81103515625,0.0027535739354789257
2850,57.0,aramco,0,0.5305092334747314,796.848388671875,465.5672607421875,863.6100463867188,548.0477905273438,66.76165771484375,82.48052978515625,5506.537109375,0.002655544551089406
2934,58.68,okx,7,0.4896812438964844,1126.03564453125,614.8702392578125,1186.31884765625,626.6036376953125,60.283203125,11.7333984375,707.3268432617188,0.0003411105426494032
2940,58.8,hp,4,0.4373072683811188,1538.173828125,687.4887084960938,1559.424072265625,698.1807861328125,21.250244140625,10.69207763671875,227.20925903320312,0.00010957236372632906
2946,58.92,hp,4,0.6049067378044128,1466.4957275390625,691.6005859375,1484.3251953125,702.599609375,17.8294677734375,10.9990234375,196.1067352294922,9.457307896809652e-05
2946,58.92,okx,7,0.5817787051200867,981.1661987304688,609.3504638671875,1037.84326171875,619.2802734375,56.67706298828125,9.9298095703125,562.7924194335938,0.00027140838210470974
2952,59.04,okx,7,0.5490333437919617,919.3062133789062,602.3053588867188,976.7415771484375,612.085693359375,57.43536376953125,9.78033447265625,561.737060546875,0.00027089944342151284
2958,59.16,oracle,8,0.5469706654548645,542.7836303710938,580.4100952148438,641.8510131835938,598.54345703125,99.0673828125,18.13336181640625,1796.4246826171875,0.0008663313346914947
2958,59.16,hp,4,0.5220181345939636,1321.2255859375,692.6341552734375,1341.4315185546875,705.6336669921875,20.2059326171875,12.99951171875,262.6672668457031,0.0001266720937564969
2958,59.16,okx,7,0.4422643184661865,862.052734375,604.4487915039062,917.53564453125,614.0046997070312,55.48291015625,9.555908203125,530.1895751953125,0.0002556855615694076
2958,59.16,hp,4,0.4327387511730194,1248.1600341796875,689.074951171875,1263.505615234375,700.1416015625,15.3455810546875,11.066650390625,169.8241729736328,8.189822983695194e-05
2964,59.28,hp,4,0.6212701201438904,1260.489501953125,688.03759765625,1282.0535888671875,702.3432006835938,21.5640869140625,14.30560302734375,308.4872741699219,0.00014876894420012832
2964,59.28,okx,7,0.4172762632369995,824.1156616210938,603.6799926757812,878.6448974609375,612.6266479492188,54.52923583984375,8.9466552734375,487.8542785644531,0.0002352692245040089
2970,59.4,okx,7,0.612566351890564,796.1259155273438,603.9580078125,854.4264526367188,614.154541015625,58.300537109375,10.196533203125,594.46337890625,0.0002866818103939295
2970,59.4,hp,4,0.5713701844215393,1212.70947265625,689.552490234375,1233.5416259765625,703.7307739257812,20.8321533203125,14.17828369140625,295.3641662597656,0.00014244028716348112
2970,59.4,hp,4,0.5574659109115601,1130.49853515625,685.243896484375,1147.02587890625,696.5293579101562,16.52734375,11.28546142578125,186.51870727539062,8.994922245619819e-05
2976,59.52,okx,7,0.6362059116363525,773.516357421875,603.2481079101562,823.4026489257812,614.1858520507812,49.88629150390625,10.937744140625,545.6434936523438,0.00026313826674595475
2982,59.64,okx,7,0.6876803636550903,758.405029296875,605.978271484375,807.8822021484375,617.0316772460938,49.4771728515625,11.05340576171875,546.8912963867188,0.0002637400175444782
2982,59.64,hp,4,0.5644493699073792,1031.128173828125,686.8726196289062,1051.439453125,699.24462890625,20.311279296875,12.37200927734375,251.2913360595703,0.0001211860217154026
2988,59.76,hp,4,0.5079335570335388,1074.26806640625,689.51806640625,1091.3765869140625,701.2452392578125,17.1085205078125,11.7271728515625,200.63458251953125,9.675664477981627e-05
2988,59.76,hp,4,0.4883522391319275,997.5677490234375,685.614501953125,1013.68310546875,696.3969116210938,16.1153564453125,10.78240966796875,173.7623748779297,8.379744394915178e-05
2988,59.76,hp,4,0.4047061502933502,1108.5081787109375,601.1898803710938,1129.977294921875,612.1860961914062,21.4691162109375,10.9962158203125,236.07904052734375,0.0001138498482760042
2994,59.88,hp,4,0.5346035361289978,1026.72314453125,685.6301879882812,1045.61572265625,698.0885620117188,18.892578125,12.4583740234375,235.3708038330078,0.00011350829299772158
2994,59.88,hp,4,0.4834012985229492,1072.4560546875,598.7691650390625,1095.3133544921875,611.0453491210938,22.8572998046875,12.27618408203125,280.6004333496094,0.00013532042794395238
2994,59.88,hp,4,0.454534113407135,952.8790283203125,682.0681762695312,970.2456665039062,695.0258178710938,17.36663818359375,12.9576416015625,225.03067016601562,0.00010852173727471381
2994,59.88,okx,7,0.44592607021331787,727.5054931640625,603.0795288085938,781.5986328125,614.3727416992188,54.0931396484375,11.293212890625,610.8853149414062,0.00029460134101100266
3000,60.0,hp,4,0.6909926533699036,989.670654296875,682.4003295898438,1016.1300659179688,696.9519653320312,26.45941162109375,14.5516357421875,385.0277099609375,0.00018568080849945545
3000,60.0,okx,7,0.4218917191028595,724.30126953125,603.8651123046875,771.1166381835938,615.4150390625,46.81536865234375,11.5499267578125,540.7140502929688,0.00026076100766658783
3006,60.12,okx,7,0.6752364039421082,717.622802734375,600.4080810546875,764.992431640625,612.2583618164062,47.36962890625,11.85028076171875,561.3433837890625,0.0002707095700316131
3012,60.24,okx,7,0.6946855187416077,709.153076171875,600.48046875,754.7314453125,611.8552856445312,45.578369140625,11.37481689453125,518.4456176757812,0.00025002198526635766
3018,60.36,okx,7,0.7085071206092834,709.884765625,605.9345092773438,755.0623779296875,617.1874389648438,45.1776123046875,11.2529296875,508.3804931640625,0.0002451680484227836
3018,60.36,hp,4,0.41519638895988464,926.192626953125,590.8307495117188,948.9046630859375,602.5977172851562,22.7120361328125,11.7669677734375,267.2518005371094,0.00012888300989288837
3024,60.48,okx,7,0.7158112525939941,705.078369140625,610.454345703125,751.066162109375,623.664306640625,45.98779296875,13.2099609375,607.4969482421875,0.0002929672773461789
3030,60.6,okx,7,0.6267290711402893,705.5869140625,607.966552734375,750.1279907226562,619.3523559570312,44.54107666015625,11.38580322265625,507.13592529296875,0.00024456786923110485
3030,60.6,petronas,9,0.5380933880805969,1099.7535400390625,580.1703491210938,1138.10107421875,590.7042236328125,38.3475341796875,10.53387451171875,403.9481201171875,0.00019480522314552218
3036,60.72,okx,7,0.7378032803535461,705.97509765625,605.8439331054688,752.2874145507812,618.965576171875,46.31231689453125,13.12164306640625,607.6936645507812,0.00029306215583346784
3036,60.72,okx,7,0.5014748573303223,1335.236572265625,504.42718505859375,1423.9820556640625,528.8261108398438,88.7454833984375,24.39892578125,2165.29443359375,0.0010442199418321252
3036,60.72,okx,7,0.48241376876831055,1578.6019287109375,548.8690185546875,1634.7008056640625,560.398193359375,56.098876953125,11.5291748046875,646.7737426757812,0.0003119086322840303
3042,60.84,okx,7,0.626624584197998,698.1197509765625,603.712158203125,749.1673583984375,618.4292602539062,51.047607421875,14.71710205078125,751.2728271484375,0.0003623036318458617
3042,60.84,okx,7,0.5041410326957703,1513.2388916015625,547.3804931640625,1565.6649169921875,560.872802734375,52.426025390625,13.4923095703125,707.34814453125,0.00034112081630155444
3048,60.96,okx,7,0.7694242000579834,697.3475341796875,602.18896484375,755.814208984375,616.573486328125,58.4666748046875,14.384521484375,841.01513671875,0.00040558213368058205
3048,60.96,okx,7,0.6991575360298157,1459.654052734375,540.3143310546875,1508.1539306640625,552.8814697265625,48.4998779296875,12.567138671875,609.5046997070312,0.00029393553268164396
3048,60.96,okx,7,0.4213055372238159,596.7406005859375,599.2249755859375,639.9251098632812,612.676513671875,43.18450927734375,13.4515380859375,580.8980712890625,0.00028013988048769534
3054,61.08,okx,7,0.6477536559104919,690.2425537109375,599.5906982421875,751.4739379882812,616.6183471679688,61.23138427734375,17.02764892578125,1042.62646484375,0.0005028098239563406
3054,61.08,okx,7,0.5079367756843567,1407.40380859375,534.6700439453125,1452.88720703125,545.2650756835938,45.4833984375,10.59503173828125,481.8980407714844,0.00023239682195708156
3054,61.08,hp,4,0.4368429183959961,830.6299438476562,571.2378540039062,854.4581298828125,583.1748046875,23.82818603515625,11.93695068359375,284.4358825683594,0.0001371700782328844
3060,61.2,okx,7,0.7555485963821411,682.8766479492188,598.3775634765625,749.6386108398438,614.1586303710938,66.761962890625,15.78106689453125,1053.574951171875,0.0005080897826701403
3060,61.2,okx,7,0.6422450542449951,1423.3876953125,471.6571044921875,1488.147705078125,492.36968994140625,64.760009765625,20.71258544921875,1341.3472900390625,0.0006468688952736557
3060,61.2,okx,7,0.47654372453689575,1600.906982421875,485.34600830078125,1677.0235595703125,499.8320007324219,76.1165771484375,14.485992431640625,1102.6241455078125,0.0005317439208738506
3066,61.32,okx,7,0.8236083388328552,681.7389526367188,589.5341186523438,748.9930419921875,603.6890869140625,67.25408935546875,14.15496826171875,951.9794921875,0.00045909505570307374
3066,61.32,okx,7,0.4208965599536896,1327.9522705078125,507.1082763671875,1364.72998046875,515.5896606445312,36.7777099609375,8.48138427734375,311.9259033203125,0.00015042723680380732
3072,61.44,okx,7,0.7908234000205994,685.9352416992188,592.1019897460938,750.22216796875,608.057861328125,64.28692626953125,15.95587158203125,1025.75390625,0.0004946729750372469
3072,61.44,hp,4,0.46158239245414734,875.1240844726562,550.0911254882812,898.918212890625,560.559326171875,23.79412841796875,10.46820068359375,249.0817108154297,0.00012012042134301737
3078,61.56,okx,7,0.81778883934021,682.7940063476562,589.2929077148438,753.753662109375,604.3716430664062,70.95965576171875,15.0787353515625,1069.9818115234375,0.0005160020082257688
3078,61.56,okx,7,0.5543895363807678,1281.919189453125,492.3830871582031,1317.358154296875,500.6520690917969,35.43896484375,8.26898193359375,293.0441589355469,0.0001413214486092329
3084,61.68,okx,7,0.8443396091461182,693.5527954101562,597.841796875,765.58251953125,614.4402465820312,72.02972412109375,16.59844970703125,1195.581787109375,0.0005765730165876448
3084,61.68,okx,7,0.5212151408195496,1283.8135986328125,491.5559997558594,1319.06689453125,500.7070617675781,35.2532958984375,9.15106201171875,322.6051025390625,0.00015557730512227863
3084,61.68,okx,7,0.42871999740600586,591.6077880859375,591.974609375,636.4586791992188,607.0894775390625,44.85089111328125,15.1148681640625,677.915283203125,0.00032692673266865313
3090,61.8,okx,7,0.8200545907020569,698.6170043945312,596.2868041992188,774.2672729492188,612.6321411132812,75.6502685546875,16.3453369140625,1236.5291748046875,0.0005963200237601995
3090,61.8,hp,4,0.4308444559574127,933.065673828125,550.850341796875,956.7901000976562,561.6665649414062,23.72442626953125,10.81622314453125,256.60870361328125,0.00012375034566503018
3096,61.92,okx,7,0.8121893405914307,706.4932250976562,594.629150390625,780.7442016601562,612.1156616210938,74.2509765625,17.48651123046875,1298.3905029296875,0.0006261528469622135
3102,62.04,okx,7,0.8226662278175354,706.7797241210938,591.4703979492188,779.42041015625,607.9559326171875,72.64068603515625,16.48553466796875,1197.5205078125,0.0005775079480372369
3102,62.04,hp,4,0.42137056589126587,967.9147338867188,539.3546142578125,986.0565795898438,550.125732421875,18.141845703125,10.7711181640625,195.407958984375,9.423609299119562e-05
3108,62.16,okx,7,0.8067638874053955,707.5406494140625,593.122802734375,781.244384765625,609.7034912109375,73.7037353515625,16.5806884765625,1222.0587158203125,0.0005893415655009449
3108,62.16,hp,4,0.5643087029457092,982.0451049804688,658.4697265625,1000.68017578125,673.23291015625,18.63507080078125,14.76318359375,275.11297607421875,0.0001326740748481825
3108,62.16,okx,7,0.4190111458301544,1327.7698974609375,460.7732238769531,1353.12841796875,467.4029541015625,25.3585205078125,6.629730224609375,168.12014770507812,8.107646135613322e-05
3114,62.28,okx,7,0.8384899497032166,711.6232299804688,592.3833618164062,789.0704345703125,609.1954956054688,77.44720458984375,16.8121337890625,1302.052734375,0.000627918925601989
3114,62.28,hp,4,0.6388237476348877,995.0594482421875,655.312744140625,1018.271240234375,670.7564697265625,23.2117919921875,15.4437255859375,358.4765319824219,0.00017287641821894795
3114,62.28,okx,7,0.4063802659511566,1527.020751953125,442.1717224121094,1556.719970703125,450.3999938964844,29.69921875,8.228271484375,244.37322998046875,0.00011784974776674062
3120,62.4,okx,7,0.840694010257721,721.24462890625,589.7033081054688,803.1663208007812,607.5238037109375,81.92169189453125,17.82049560546875,1459.8851318359375,0.0007040341151878238
3120,62.4,hp,4,0.5630248785018921,1017.7268676757812,651.7957763671875,1039.2086181640625,667.8023681640625,21.48175048828125,16.006591796875,343.849609375,0.00016582253738306463
3126,62.52,okx,7,0.8471795320510864,733.4764404296875,587.1338500976562,815.6715698242188,607.1646728515625,82.19512939453125,20.03082275390625,1646.43603515625,0.0007939988863654435
3126,62.52,hp,4,0.6343255639076233,1028.0892333984375,644.2139892578125,1051.44384765625,660.293212890625,23.3546142578125,16.0792236328125,375.5240783691406,0.00018109763914253563
3132,62.64,okx,7,0.8028709888458252,787.19482421875,587.9138793945312,862.0988159179688,606.8118286132812,74.90399169921875,18.89794921875,1415.5318603515625,0.0006826446042396128
3132,62.64,hp,4,0.6750163435935974,1037.105224609375,633.8948974609375,1066.2840576171875,652.8731689453125,29.1788330078125,18.978271484375,553.7637939453125,0.0002670543035492301
3132,62.64,okx,7,0.4993434250354767,647.7557983398438,584.7575073242188,714.3507690429688,603.0430908203125,66.594970703125,18.28558349609375,1217.7279052734375,0.0005872530164197087
3138,62.76,okx,7,0.7667396068572998,718.5673828125,596.7259521484375,805.12451171875,617.5851440429688,86.55712890625,20.85919189453125,1805.51171875,0.0008707136148586869
3138,62.76,hp,4,0.5421133041381836,1024.4932861328125,632.79638671875,1051.3779296875,650.1695556640625,26.8846435546875,17.3731689453125,467.0714416503906,0.00022524665109813213
3144,62.88,okx,7,0.688515841960907,852.2899169921875,622.6909790039062,955.8737182617188,641.8142700195312,103.58380126953125,19.123291015625,1980.8631591796875,0.0009552773553878069
3144,62.88,hp,4,0.508165717124939,994.7651977539062,499.2939758300781,1070.3104248046875,514.9714965820312,75.54522705078125,15.677520751953125,1184.36181640625,0.0005711621488444507
3150,63.0,hp,4,0.6049767136573792,829.445556640625,641.8090209960938,865.1984252929688,659.2891235351562,35.75286865234375,17.4801025390625,624.9638061523438,0.00030139071168377995
3150,63.0,okx,7,0.4896900951862335,1077.3837890625,666.66552734375,1189.0792236328125,688.8204956054688,111.6954345703125,22.15496826171875,2474.60888671875,0.0011933877831324935
3156,63.12,hp,4,0.7529821395874023,814.430419921875,663.7974853515625,839.759521484375,682.666748046875,25.3291015625,18.8692626953125,477.94146728515625,0.00023048874572850764
3156,63.12,hp,4,0.6794291734695435,936.7550048828125,666.5291137695312,967.11328125,687.4534301757812,30.3582763671875,20.92431640625,635.2261962890625,0.00030633978894911706
3156,63.12,hp,4,0.5058272480964661,856.4429321289062,511.4498596191406,956.0321655273438,528.2941284179688,99.5892333984375,16.844268798828125,1677.5078125,0.0008089833427220583
3162,63.24,hp,4,0.7643494606018066,820.31640625,696.1491088867188,845.3759765625,714.2385864257812,25.0595703125,18.0894775390625,453.3145446777344,0.0002186123310821131
3162,63.24,hp,4,0.685330867767334,951.6490478515625,698.0888671875,981.3642578125,718.3735961914062,29.7152099609375,20.28472900390625,602.7649536132812,0.0002906852460000664
3162,63.24,hp,4,0.45192182064056396,816.342529296875,528.750244140625,836.9202880859375,542.6040649414062,20.5777587890625,13.85382080078125,285.0805969238281,0.0001374809944536537
3168,63.36,hp,4,0.7662882208824158,1027.3206787109375,751.5186157226562,1059.7550048828125,777.8447265625,32.434326171875,26.32611083984375,853.8696899414062,0.00041178130777552724
3168,63.36,hp,4,0.7550603747367859,882.5480346679688,748.6052856445312,913.138916015625,769.2723388671875,30.59088134765625,20.66705322265625,632.223388671875,0.00030489166965708137
3168,63.36,hp,4,0.5079816579818726,798.9544677734375,558.61376953125,824.7723388671875,575.4360961914062,25.81787109375,16.82232666015625,434.316650390625,0.00020945054711773992
3174,63.48,hp,4,0.7803571224212646,1067.943359375,823.3291625976562,1107.82763671875,850.4398193359375,39.88427734375,27.11065673828125,1081.2889404296875,0.0005214549019001424
3174,63.48,hp,4,0.6810027360916138,1228.76220703125,826.239013671875,1270.1829833984375,851.542724609375,41.4207763671875,25.3037109375,1048.099365234375,0.0005054491339251399
3174,63.48,hp,4,0.449010968208313,861.3233032226562,597.01171875,885.5325927734375,614.501708984375,24.20928955078125,17.489990234375,423.42022705078125,0.00020419570500962436
3180,63.6,hp,4,0.8150794506072998,1454.653076171875,955.9052124023438,1499.8958740234375,990.7046508789062,45.2427978515625,34.7994384765625,1574.4239501953125,0.0007592707988806069
3180,63.6,hp,4,0.7429903745651245,1028.49755859375,645.753662109375,1054.4365234375,669.874755859375,25.93896484375,24.12109375,625.6762084960938,0.0003017342824023217
3180,63.6,hp,4,0.7276847958564758,1643.274658203125,955.733154296875,1700.1171875,989.1051635742188,56.842529296875,33.37200927734375,1896.949462890625,0.0009148097597062588
3180,63.6,hp,4,0.6714746356010437,1121.216552734375,647.3316040039062,1151.5926513671875,669.39453125,30.3760986328125,22.06292724609375,670.1856689453125,0.0003231991140637547
3186,63.72,hp,4,0.8113888502120972,1388.239990234375,739.5091552734375,1422.6390380859375,767.8171997070312,34.3990478515625,28.30804443359375,973.769775390625,0.0004696034884545952
3186,63.72,hp,4,0.6345911026000977,1511.7530517578125,738.0369262695312,1542.2490234375,766.9627075195312,30.4959716796875,28.92578125,882.1198120117188,0.0004254050145391375
3186,63.72,hp,4,0.4588962495326996,1698.34814453125,786.6182250976562,1756.3995361328125,852.1441650390625,58.0513916015625,65.52593994140625,3803.8720703125,0.0018344291020184755
3210,64.2,okx,7,0.5159600377082825,960.3833618164062,499.5392761230469,987.026611328125,505.07086181640625,26.64324951171875,5.531585693359375,147.37942504882812,7.107418059604242e-05
3216,64.32,okx,7,0.4395330548286438,936.059814453125,505.8121337890625,969.678955078125,513.1513671875,33.619140625,7.3392333984375,246.7387237548828,0.00011899050878128037
3222,64.44,okx,7,0.5930106043815613,921.51171875,511.8136901855469,952.3814697265625,519.52734375,30.8697509765625,7.713653564453125,238.11856079101562,0.00011483341222628951
3228,64.56,okx,7,0.6183595657348633,888.2901000976562,523.4033813476562,921.7877807617188,530.541015625,33.4976806640625,7.13763427734375,239.0941925048828,0.00011530391202541068
3234,64.68,okx,7,0.7245330214500427,847.1776733398438,530.1954345703125,888.4208984375,539.898681640625,41.24322509765625,9.7032470703125,400.1932067871094,0.00019299441191833466
3240,64.8,okx,7,0.6909257769584656,811.0245361328125,540.5708618164062,850.8047485351562,551.8952026367188,39.78021240234375,11.3243408203125,450.48468017578125,0.0002172476233681664
3240,64.8,okx,7,0.41668909788131714,739.3178100585938,538.5697021484375,773.6293334960938,550.3207397460938,34.3115234375,11.75103759765625,403.1960144042969,0.00019444251665845513
3246,64.92,okx,7,0.7317618727684021,778.2455444335938,560.8641357421875,822.2280883789062,571.8644409179688,43.9825439453125,11.00030517578125,483.8214111328125,0.0002333243755856529
3246,64.92,okx,7,0.4060468375682831,694.721923828125,558.6405029296875,733.8859252929688,570.1484375,39.16400146484375,11.5079345703125,450.69677734375,0.00021734990878030658
3252,65.04,okx,7,0.6628515720367432,668.8502197265625,580.4127197265625,725.6615600585938,593.7549438476562,56.81134033203125,13.34222412109375,757.9896240234375,0.0003655428299680352
3258,65.16,okx,7,0.7197591066360474,689.13427734375,613.9685668945312,766.455322265625,632.3365478515625,77.321044921875,18.36798095703125,1420.2314453125,0.0006849109777249396
3264,65.28,okx,7,0.6879704594612122,804.153076171875,663.641357421875,887.0985107421875,678.053955078125,82.9454345703125,14.41259765625,1195.459228515625,0.0005765138776041567
3276,65.52,aramco,0,0.4148205816745758,1126.2618408203125,498.4121398925781,1170.6168212890625,507.46612548828125,44.35498046875,9.053985595703125,401.58935546875,0.00019366769993212074
3282,65.64,aramco,0,0.5153488516807556,1112.0611572265625,453.5583801269531,1160.678955078125,461.45867919921875,48.6177978515625,7.900299072265625,384.09515380859375,0.00018523106700740755
3282,65.64,aramco,0,0.46588945388793945,1126.9842529296875,504.29486083984375,1167.32568359375,512.7286987304688,40.3414306640625,8.433837890625,340.23309326171875,0.0001640784612391144
3288,65.76,aramco,0,0.6464192271232605,1118.6708984375,509.40191650390625,1163.01904296875,518.5806884765625,44.34814453125,9.17877197265625,407.0614929199219,0.0001963066606549546
3288,65.76,aramco,0,0.528103768825531,1056.3663330078125,508.59393310546875,1094.001220703125,516.5769653320312,37.6348876953125,7.9830322265625,300.4405212402344,0.0001448883704142645
3294,65.88,aramco,0,0.6942495107650757,1106.800048828125,519.6231689453125,1154.71044921875,529.4808349609375,47.910400390625,9.857666015625,472.28472900390625,0.00022776077094022185
3294,65.88,aramco,0,0.6473711729049683,1035.796142578125,514.8319702148438,1080.7071533203125,524.5819702148438,44.9110107421875,9.75,437.8823547363281,0.00021117011783644557
3294,65.88,aramco,0,0.5009937286376953,1081.01953125,461.9908447265625,1140.4345703125,470.2213134765625,59.4150390625,8.23046875,489.01361083984375,0.00023582832363899797
3300,66.0,aramco,0,0.45946425199508667,1084.0169677734375,528.2744750976562,1141.9078369140625,539.3719482421875,57.890869140625,11.09747314453125,642.4423828125,0.0003098198212683201
3300,66.0,aramco,0,0.44062814116477966,1070.096435546875,471.0030517578125,1131.92236328125,478.257568359375,61.825927734375,7.2545166015625,448.5172119140625,0.0002162988093914464
3306,66.12,aramco,0,0.7814204692840576,1070.0880126953125,539.746337890625,1130.78271484375,551.907470703125,60.6947021484375,12.1611328125,738.1163330078125,0.0003559588803909719
3306,66.12,aramco,0,0.6028060913085938,1040.2110595703125,473.2503662109375,1115.23828125,482.3757629394531,75.0272216796875,9.125396728515625,684.6531372070312,0.0003301760880276561
3312,66.24,aramco,0,0.7888679504394531,1009.43798828125,475.24993896484375,1097.5318603515625,486.4132080078125,88.0938720703125,11.16326904296875,983.4155883789062,0.00047425521188415587
3312,66.24,aramco,0,0.5364360213279724,1039.5048828125,553.4391479492188,1110.786865234375,567.4345092773438,71.281982421875,13.995361328125,997.6171264648438,0.00048110392526723444
3318,66.36,aramco,0,0.8588941693305969,975.6224365234375,483.156005859375,1072.6170654296875,495.3191833496094,96.99462890625,12.163177490234375,1179.762939453125,0.0005689443205483258
3318,66.36,aramco,0,0.8083510398864746,1013.6998901367188,566.1580810546875,1087.1785888671875,584.8265380859375,73.47869873046875,18.66845703125,1371.73388671875,0.0006615229067392647
3318,66.36,aramco,0,0.6421118378639221,909.7819213867188,563.3444213867188,966.9307861328125,576.4376220703125,57.14886474609375,13.09320068359375,748.2615356445312,0.00036085143801756203
3324,66.48,aramco,0,0.8355862498283386,929.6424560546875,487.0931091308594,1039.5650634765625,499.7969970703125,109.922607421875,12.703887939453125,1396.4444580078125,0.0006734396447427571
3324,66.48,aramco,0,0.7704840302467346,976.0057983398438,582.884033203125,1053.4686279296875,603.017578125,77.46282958984375,20.133544921875,1559.601318359375,0.0007521225488744676
3324,66.48,aramco,0,0.48956236243247986,855.0430908203125,579.3381958007812,917.3282470703125,593.4421997070312,62.28515625,14.10400390625,878.4700927734375,0.0004236449021846056
3330,66.6,aramco,0,0.8531065583229065,886.7960815429688,495.8515930175781,1004.9620361328125,509.6480407714844,118.16595458984375,13.79644775390625,1630.2703857421875,0.0007862029015086591
3330,66.6,aramco,0,0.8219285607337952,933.5374755859375,604.8690795898438,1018.1001586914062,626.4828491210938,84.56268310546875,21.61376953125,1827.7183837890625,0.0008814228349365294
3336,66.72,aramco,0,0.8707263469696045,819.004638671875,507.4158630371094,961.5780029296875,521.586181640625,142.5733642578125,14.170318603515625,2020.3099365234375,0.0009743007249198854
3342,66.84,aramco,0,0.8873155117034912,750.0222778320312,516.8058471679688,914.0921020507812,535.52197265625,164.06982421875,18.71612548828125,3070.75146484375,0.0014808793785050511
3348,66.96,aramco,0,0.8858924508094788,665.4598388671875,529.303955078125,845.8736572265625,550.6946411132812,180.413818359375,21.39068603515625,3859.17529296875,0.0018610991537570953
3348,66.96,aramco,0,0.8753869533538818,723.084716796875,693.9464721679688,844.3889770507812,723.716552734375,121.30426025390625,29.77008056640625,3611.237548828125,0.0017415304901078343
3348,66.96,aramco,0,0.8671877384185791,515.5469970703125,689.6610717773438,621.712158203125,711.2158813476562,106.1651611328125,21.5548095703125,2288.369873046875,0.0011035734787583351
3348,66.96,hp,4,0.5059457421302795,1042.6890869140625,553.3096923828125,1062.0643310546875,565.4984741210938,19.375244140625,12.18878173828125,236.16062927246094,0.00011388918937882408
3354,67.08,aramco,0,0.8894507884979248,564.20166015625,550.1941528320312,777.1300048828125,574.6932373046875,212.9283447265625,24.49908447265625,5216.54931640625,0.002515696920454502
3354,67.08,aramco,0,0.8726613521575928,420.841552734375,739.3859252929688,546.2150268554688,766.497314453125,125.37347412109375,27.11138916015625,3399.049072265625,0.001639201887883246
3354,67.08,aramco,0,0.8699943423271179,670.9263916015625,742.4998779296875,805.302490234375,776.3451538085938,134.3760986328125,33.84527587890625,4547.99609375,0.0021932851523160934
3360,67.2,aramco,0,0.8904790282249451,374.8008117675781,799.0179443359375,527.0742797851562,832.6183471679688,152.27346801757812,33.60040283203125,5116.44970703125,0.002467423677444458
3360,67.2,aramco,0,0.8512592911720276,669.0780639648438,803.1480102539062,823.5551147460938,841.8900146484375,154.47705078125,38.74200439453125,5984.75048828125,0.002886164467781782
3360,67.2,aramco,0,0.8237926363945007,490.0005798339844,575.4742431640625,731.6359252929688,603.3705444335938,241.63534545898438,27.89630126953125,6740.732421875,0.0032507390715181828
3360,67.2,hp,4,0.4540237784385681,965.605224609375,591.8558959960938,986.252197265625,606.2521362304688,20.64697265625,14.396240234375,297.23876953125,0.00014334431034512818
3366,67.32,aramco,0,0.9117527008056641,454.7513427734375,608.732666015625,735.3876342773438,641.7017211914062,280.63629150390625,32.96905517578125,9252.3134765625,0.004461956676095724
3366,67.32,aramco,0,0.8938611745834351,406.4454650878906,885.6029663085938,588.0448608398438,927.0665283203125,181.59939575195312,41.46356201171875,7529.7578125,0.003631248837336898
3366,67.32,aramco,0,0.8559779524803162,764.1762084960938,889.208251953125,926.0243530273438,928.6000366210938,161.84814453125,39.39178466796875,6375.4873046875,0.0030745984986424446
3372,67.44,aramco,0,0.6296875476837158,575.5833740234375,1008.7965698242188,807.9850463867188,1058.0806884765625,232.40167236328125,49.28411865234375,11453.7119140625,0.005523588042706251
3372,67.44,aramco,0,0.42941686511039734,491.8201904296875,656.2898559570312,703.4420776367188,693.72021484375,211.62188720703125,37.43035888671875,7921.0830078125,0.0038199666887521744
3378,67.56,hp,4,0.7382733821868896,632.64990234375,672.8241577148438,661.5880737304688,690.5909423828125,28.93817138671875,17.76678466796875,514.1382446289062,0.0002479447575751692
3378,67.56,aramco,0,0.7121890187263489,673.507568359375,733.4382934570312,1009.3687744140625,777.997802734375,335.8612060546875,44.55950927734375,14965.810546875,0.007217308506369591
3384,67.68,hp,4,0.766325831413269,671.100341796875,723.7073364257812,703.2599487304688,749.4347534179688,32.15960693359375,25.7274169921875,827.3836059570312,0.0003990083059761673
3384,67.68,hp,4,0.7303767800331116,521.9467163085938,718.5526123046875,552.637451171875,739.0147094726562,30.69073486328125,20.46209716796875,627.996826171875,0.0003028534119948745
3384,67.68,aramco,0,0.639305591583252,1102.637939453125,839.4851684570312,1575.8544921875,895.4946899414062,473.216552734375,56.009521484375,26504.6328125,0.012781941331923008
3384,67.68,hp,4,0.5148956775665283,713.4039916992188,545.926513671875,752.5534057617188,563.65576171875,39.1494140625,17.729248046875,694.0896606445312,0.0003347268793731928
3390,67.8,hp,4,0.7673947215080261,430.84478759765625,779.6639404296875,469.4725646972656,803.9113159179688,38.627777099609375,24.24737548828125,936.6221923828125,0.0004516889457590878
3390,67.8,hp,4,0.7292771339416504,606.6358642578125,783.2940673828125,641.650634765625,811.6919555664062,35.0147705078125,28.39788818359375,994.3455200195312,0.0004795262066181749
3390,67.8,hp,4,0.7143787145614624,626.879150390625,572.917724609375,660.9319458007812,593.0712280273438,34.05279541015625,20.15350341796875,686.2831420898438,0.000330962153384462
3402,68.04,okx,7,0.6853086352348328,1231.789306640625,474.1600646972656,1264.557861328125,482.8087463378906,32.7685546875,8.648681640625,283.40478515625,0.0001366728392895311
3408,68.16,okx,7,0.6217653155326843,1261.710693359375,482.71221923828125,1299.752685546875,492.6742858886719,38.0419921875,9.962066650390625,378.97686767578125,0.00018276277114637196
3414,68.28,okx,7,0.6962236166000366,1279.1326904296875,493.09039306640625,1329.3486328125,503.191162109375,50.2159423828125,10.10076904296875,507.2196350097656,0.00024460823624394834
3414,68.28,hp,4,0.46904104948043823,1127.778564453125,513.67822265625,1141.5982666015625,523.375732421875,13.8197021484375,9.697509765625,134.01669311523438,6.462996680056676e-05
3426,68.52,okx,7,0.7154244184494019,1257.2957763671875,508.1104431152344,1313.6292724609375,522.4881591796875,56.33349609375,14.377716064453125,809.947021484375,0.0003905994526576251
3432,68.64,okx,7,0.6087539792060852,1313.638916015625,520.8789672851562,1367.70703125,532.8681640625,54.068115234375,11.98919677734375,648.2332763671875,0.0003126125084236264
3438,68.76,okx,7,0.7017526030540466,1272.639892578125,538.1730346679688,1340.4681396484375,552.6870727539062,67.8282470703125,14.5140380859375,984.4617309570312,0.0004747596976812929
3444,68.88,okx,7,0.8233821988105774,1184.30029296875,556.838134765625,1268.158203125,573.62158203125,83.85791015625,16.783447265625,1407.4248046875,0.000678734970279038
3450,69.0,okx,7,0.7626878023147583,1040.29638671875,577.5819702148438,1113.775390625,597.6771850585938,73.47900390625,20.09521484375,1476.576416015625,0.0007120835362002254
3450,69.0,hp,4,0.578842043876648,1354.442138671875,595.5938720703125,1377.5123291015625,609.17724609375,23.0701904296875,13.5833740234375,313.37103271484375,0.00015112414257600904
3456,69.12,hp,4,0.4604862630367279,1276.6011962890625,505.48529052734375,1300.14892578125,516.7346801757812,23.5477294921875,11.2493896484375,264.8975830078125,0.00012774768401868641
3462,69.24,hp,4,0.434550940990448,1248.476806640625,511.90863037109375,1359.6058349609375,532.8659057617188,111.1290283203125,20.957275390625,2328.961669921875,0.0011231489479541779
3516,70.32,oracle,8,0.5620760321617126,869.7531127929688,123.21634674072266,943.5391235351562,130.78038024902344,73.7860107421875,7.564033508300781,558.119873046875,0.00026915501803159714
3522,70.44,oracle,8,0.4997340738773346,882.2716064453125,128.20152282714844,961.0509033203125,138.36892700195312,78.779296875,10.167404174804688,800.98095703125,0.0003862755256704986
3528,70.56,oracle,8,0.5217624306678772,886.9284057617188,140.51914978027344,964.7437744140625,148.7559051513672,77.81536865234375,8.23675537109375,640.9461669921875,0.00030909827910363674
3528,70.56,petronas,9,0.42803308367729187,511.33367919921875,146.09449768066406,631.6513671875,162.36126708984375,120.31768798828125,16.266769409179688,1957.1800537109375,0.0009438561392016709
3534,70.68,oracle,8,0.5608035326004028,873.4959716796875,131.51324462890625,958.3761596679688,141.28932189941406,84.88018798828125,9.776077270507812,829.7952880859375,0.0004001713532488793
3534,70.68,oracle,8,0.42915448546409607,458.9613037109375,148.9211883544922,591.2525024414062,165.55421447753906,132.29119873046875,16.633026123046875,2200.403076171875,0.001061151153407991
3540,70.8,oracle,8,0.678722083568573,863.4874267578125,128.76876831054688,954.9190063476562,138.80601501464844,91.43157958984375,10.037246704101562,917.7213134765625,0.00044257394620217383
3546,70.92,oracle,8,0.6113512516021729,836.338134765625,130.138671875,919.1408081054688,140.74110412597656,82.80267333984375,10.602432250976562,877.9097290039062,0.0004233746731188148
3546,70.92,oracle,8,0.42972278594970703,307.0389099121094,167.42120361328125,457.15924072265625,189.79983520507812,150.12033081054688,22.378631591796875,3359.487548828125,0.0016201232792809606
3558,71.16,petronas,9,0.6390790343284607,425.1681823730469,223.2023162841797,480.5606384277344,260.87298583984375,55.3924560546875,37.67066955566406,2086.6708984375,0.0010063034715130925
3564,71.28,petronas,9,0.7236162424087524,351.3742370605469,253.87362670898438,404.70355224609375,284.9553527832031,53.329315185546875,31.08172607421875,1657.567138671875,0.0007993668550625443
3570,71.4,oracle,8,0.8083896636962891,665.082275390625,131.15689086914062,754.2849731445312,143.05934143066406,89.20269775390625,11.902450561523438,1061.730712890625,0.0005120229325257242
3576,71.52,oracle,8,0.6818420886993408,610.0454711914062,123.17253112792969,686.8353271484375,138.77557373046875,76.78985595703125,15.603042602539062,1198.1553955078125,0.0005778141203336418
3582,71.64,oracle,8,0.8039084076881409,556.2915649414062,123.1192855834961,649.3804321289062,141.1173858642578,93.0888671875,17.99810028076172,1675.4227294921875,0.0008079778053797781
3588,71.76,oracle,8,0.7448083162307739,544.3704833984375,130.3363494873047,640.1818237304688,146.05479431152344,95.81134033203125,15.71844482421875,1506.0052490234375,0.0007262756698764861
3594,71.88,oracle,8,0.5978398323059082,548.1696166992188,125.1294937133789,644.20751953125,149.2656707763672,96.03790283203125,24.13617706298828,2317.98779296875,0.0011178568238392472
3600,72.0,oracle,8,0.7438275814056396,546.0654907226562,130.86563110351562,640.5831298828125,152.28433227539062,94.51763916015625,21.418701171875,2024.445068359375,0.0009762948611751199
3600,72.0,petronas,9,0.4999661445617676,31.04658317565918,355.97589111328125,99.46019744873047,412.4082946777344,68.41361236572266,56.432403564453125,3860.74462890625,0.0018618559697642922
3606,72.12,oracle,8,0.784913182258606,549.726318359375,128.719482421875,655.7875366210938,155.30853271484375,106.06121826171875,26.58905029296875,2820.067138671875,0.0013599860249087214
3606,72.12,petronas,9,0.5148922801017761,0.9935903549194336,365.1572570800781,86.15975189208984,430.130859375,85.1661605834961,64.97360229492188,5533.55224609375,0.0026685725897550583
3612,72.24,oracle,8,0.7066968083381653,562.2840576171875,138.88092041015625,663.134521484375,161.20912170410156,100.8504638671875,22.328201293945312,2251.8095703125,0.0010859421454370022
3612,72.24,petronas,9,0.5271826982498169,1.598907709121704,381.5350646972656,84.6329345703125,442.2665100097656,83.03402709960938,60.7314453125,5042.7763671875,0.0024318944197148085
3612,72.24,oracle,8,0.49329882860183716,360.3401794433594,206.88641357421875,425.57855224609375,226.3862762451172,65.23837280273438,19.499862670898438,1272.1392822265625,0.0006134930881671607
3618,72.36,oracle,8,0.7784190773963928,561.9117431640625,136.87698364257812,669.4119873046875,162.59645080566406,107.500244140625,25.719467163085938,2764.84912109375,0.0013333570677787066
3618,72.36,oracle,8,0.45569556951522827,353.7144775390625,213.8302001953125,422.4068298339844,232.07113647460938,68.69235229492188,18.240936279296875,1253.0128173828125,0.00060426932759583
3624,72.48,oracle,8,0.6972804069519043,558.3663940429688,138.89585876464844,672.9931640625,164.5004425048828,114.62677001953125,25.604583740234375,2934.970703125,0.001415398670360446
3624,72.48,oracle,8,0.6745494604110718,342.23858642578125,218.1102752685547,413.4524230957031,237.9141845703125,71.21383666992188,19.803909301757812,1410.3123779296875,0.0006801274721510708
3630,72.6,oracle,8,0.707879364490509,540.6658325195312,128.2067108154297,662.411376953125,161.00523376464844,121.74554443359375,32.79852294921875,3993.073974609375,0.0019256722880527377
3636,72.72,oracle,8,0.790317177772522,284.3958740234375,222.14630126953125,354.6224670410156,245.63778686523438,70.22659301757812,23.491485595703125,1649.72705078125,0.0007955859764479101
3642,72.84,okx,7,0.47495242953300476,135.94688415527344,201.349853515625,197.41490173339844,235.66539001464844,61.468017578125,34.31553649902344,2109.30810546875,0.0010172203183174133
3642,72.84,oracle,8,0.42027971148490906,501.53411865234375,119.57154083251953,623.46728515625,166.0620880126953,121.93316650390625,46.49054718017578,5668.73974609375,0.0027337672654539347
3648,72.96,oracle,8,0.45053428411483765,245.36502075195312,246.9438018798828,322.67626953125,272.67877197265625,77.31124877929688,25.734970092773438,1989.6026611328125,0.0009594919974915683
3654,73.08,oracle,8,0.6392902135848999,234.39268493652344,252.50335693359375,304.0615234375,278.9809265136719,69.66883850097656,26.477569580078125,1844.6614990234375,0.0008895936771295965
3654,73.08,oracle,8,0.44590967893600464,470.24560546875,148.2113494873047,619.7167358398438,187.57049560546875,149.47113037109375,39.35914611816406,5883.05615234375,0.0028371219523251057
3660,73.2,oracle,8,0.87797611951828,480.2640686035156,151.40333557128906,617.5429077148438,191.7934112548828,137.27883911132812,40.39007568359375,5544.70263671875,0.002673950046300888
3660,73.2,oracle,8,0.4787873923778534,224.2649383544922,254.37826538085938,300.9703674316406,284.03021240234375,76.70542907714844,29.651947021484375,2274.46533203125,0.0010968679562211037
3666,73.32,oracle,8,0.598844587802887,225.0422821044922,258.0951232910156,298.650634765625,283.39990234375,73.60835266113281,25.304779052734375,1862.64306640625,0.0008982653962448239
3678,73.56,oracle,8,0.6372700929641724,225.31729125976562,264.2090759277344,287.6810607910156,289.8896484375,62.36376953125,25.680572509765625,1601.537353515625,0.0007723463349975646
3690,73.8,oracle,8,0.6248857975006104,210.1357879638672,261.5194396972656,252.1698455810547,283.4617614746094,42.0340576171875,21.94232177734375,922.3248291015625,0.0004447939863894135
3702,74.04,oracle,8,0.4020395278930664,263.4764099121094,261.87060546875,302.76971435546875,273.71673583984375,39.293304443359375,11.84613037109375,465.4736022949219,0.00022447608353104442
3708,74.16,oracle,8,0.5173500180244446,324.2215576171875,239.64047241210938,367.9515686035156,256.4661865234375,43.730010986328125,16.825714111328125,735.7886352539062,0.0003548363456502557
3714,74.28,oracle,8,0.5009952783584595,507.6310119628906,168.007568359375,610.9386596679688,181.34780883789062,103.30764770507812,13.340240478515625,1378.1488037109375,0.0006646165275014937
3726,74.52,oracle,8,0.5578556656837463,601.8690185546875,163.68833923339844,708.5805053710938,180.34498596191406,106.71148681640625,16.656646728515625,1777.45556640625,0.0008571834187023342
3732,74.64,oracle,8,0.8096975684165955,613.8446655273438,153.00636291503906,705.2978515625,167.37535095214844,91.45318603515625,14.368988037109375,1314.0897216796875,0.0006337238010019064
3738,74.76,oracle,8,0.6530520915985107,622.5535888671875,144.12252807617188,715.2927856445312,158.2064666748047,92.73919677734375,14.083938598632812,1306.1331787109375,0.0006298867519944906
3744,74.88,oracle,8,0.4751138389110565,637.603759765625,132.1249542236328,710.9130859375,146.5740203857422,73.309326171875,14.449066162109375,1059.2513427734375,0.0005108272307552397
3750,75.0,oracle,8,0.4412144720554352,231.83523559570312,189.8390655517578,367.3655700683594,222.089111328125,135.53033447265625,32.25004577636719,4370.859375,0.0021078605204820633
3756,75.12,oracle,8,0.5948299765586853,659.7213745117188,133.80223083496094,735.3375244140625,142.45956420898438,75.61614990234375,8.657333374023438,654.6342163085938,0.0003156993770971894
3762,75.24,oracle,8,0.4390563368797302,695.2167358398438,130.65577697753906,771.07861328125,141.62152099609375,75.86187744140625,10.965744018554688,831.8819580078125,0.00040117764729075134
3768,75.36,oracle,8,0.522937536239624,421.9152526855469,156.36599731445312,540.92822265625,181.62594604492188,119.01296997070312,25.25994873046875,3006.261474609375,0.0014497789088636637
3768,75.36,oracle,8,0.43701016902923584,747.9669799804688,117.28752899169922,815.18896484375,127.02641296386719,67.22198486328125,9.738883972167969,654.6671142578125,0.00031571523868478835
3780,75.6,oracle,8,0.7062916159629822,874.4517822265625,113.76219940185547,976.0296020507812,126.56143951416016,101.57781982421875,12.799240112304688,1300.118896484375,0.0006269863224588335
3786,75.72,oracle,8,0.7032266855239868,954.0850830078125,116.61750030517578,1028.12109375,129.36598205566406,74.0360107421875,12.748481750488281,943.8467407226562,0.00045517299440689385
3792,75.84,oracle,8,0.6893591284751892,1018.355224609375,119.10426330566406,1100.2501220703125,131.0902862548828,81.8948974609375,11.98602294921875,981.5941162109375,0.00047337680007331073
3798,75.96,oracle,8,0.6997638940811157,1101.0218505859375,119.78340148925781,1180.0205078125,131.29971313476562,78.9986572265625,11.516311645507812,909.7731323242188,0.0004387409135233611
3804,76.08,oracle,8,0.7607855200767517,1165.8309326171875,124.60198974609375,1257.8782958984375,138.82948303222656,92.04736328125,14.227493286132812,1309.603271484375,0.0006315602222457528
3804,76.08,oracle,8,0.42362838983535767,692.3110961914062,135.9980010986328,828.3665771484375,152.0684051513672,136.05548095703125,16.070404052734375,2186.466552734375,0.0010544302640482783
3810,76.2,oracle,8,0.5664775371551514,1226.262939453125,133.25827026367188,1302.5931396484375,146.72323608398438,76.3302001953125,13.4649658203125,1027.7835693359375,0.0004956517950631678
3816,76.32,oracle,8,0.7241300940513611,1272.4932861328125,138.65701293945312,1353.2783203125,155.1697235107422,80.7850341796875,16.512710571289062,1333.9798583984375,0.0006433158996514976
3822,76.44,oracle,8,0.7188925743103027,1305.6339111328125,141.7916717529297,1399.6143798828125,159.43731689453125,93.98046875,17.645645141601562,1658.345947265625,0.000799742469098419
3828,76.56,petronas,9,0.7615038752555847,864.635498046875,133.4231719970703,1038.8138427734375,154.3330078125,174.1783447265625,20.909835815429688,3642.04052734375,0.0017563853180035949
3834,76.68,oracle,8,0.7134692668914795,1332.36376953125,147.0189666748047,1442.10546875,171.99142456054688,109.74169921875,24.972457885742188,2740.52001953125,0.0013216242659837008
3834,76.68,petronas,9,0.5649720430374146,893.6734619140625,136.35704040527344,1073.7064208984375,156.9505157470703,180.032958984375,20.593475341796875,3707.50439453125,0.0017879554070532322
3840,76.8,petronas,9,0.8254182934761047,912.0323486328125,142.15443420410156,1111.191162109375,165.17062377929688,199.1588134765625,23.016189575195312,4583.876953125,0.0022105888929218054
3840,76.8,oracle,8,0.5903363227844238,1331.8323974609375,149.46339416503906,1427.6339111328125,167.57455444335938,95.801513671875,18.111160278320312,1735.0765380859375,0.0008367460104636848
3846,76.92,petronas,9,0.8077157735824585,935.2681274414062,149.8117218017578,1135.1435546875,172.4681854248047,199.87542724609375,22.656463623046875,4528.47021484375,0.0021838687825948
3846,76.92,oracle,8,0.7191994786262512,1335.484375,152.5853271484375,1431.0787353515625,171.9189910888672,95.5943603515625,19.333663940429688,1848.189208984375,0.0008912949706427753
3852,77.04,oracle,8,0.796841561794281,1345.1522216796875,150.24436950683594,1419.4776611328125,170.7883758544922,74.325439453125,20.54400634765625,1526.9422607421875,0.0007363726035691798
3852,77.04,petronas,9,0.7756139636039734,965.1180419921875,152.11317443847656,1169.000732421875,177.7085418701172,203.8826904296875,25.595367431640625,5218.4521484375,0.0025166147388517857
3858,77.16,petronas,9,0.558774471282959,1011.5460205078125,144.21978759765625,1229.5338134765625,172.56024169921875,217.98779296875,28.3404541015625,6177.873046875,0.0029792983550578356
3900,78.0,petronas,9,0.5726342797279358,1168.3128662109375,151.608642578125,1351.96728515625,175.67987060546875,183.6544189453125,24.07122802734375,4420.78759765625,0.0021319384686648846
3906,78.12,petronas,9,0.41960322856903076,1166.4471435546875,153.99008178710938,1331.7664794921875,172.12863159179688,165.3193359375,18.1385498046875,2998.653076171875,0.0014461097307503223
3912,78.24,atlasian,1,0.5119746923446655,1146.01611328125,153.02389526367188,1297.7039794921875,169.41468811035156,151.6878662109375,16.390792846679688,2486.284423828125,0.001199018326587975
3918,78.36,petronas,9,0.5222806930541992,1089.255126953125,150.72450256347656,1236.8807373046875,165.9585418701172,147.6256103515625,15.234039306640625,2248.934326171875,0.0010845555225387216
3924,78.48,petronas,9,0.5898026823997498,1047.8548583984375,149.8158721923828,1188.5411376953125,164.0567626953125,140.686279296875,14.240890502929688,2003.4979248046875,0.0009661930380389094
3942,78.84,petronas,9,0.6103208661079407,1008.8130493164062,127.58255004882812,1115.85302734375,136.8559112548828,107.03997802734375,9.273361206054688,992.620361328125,0.0004786942445207387
4290,85.8,petronas,9,0.4148794114589691,933.0570068359375,490.5475769042969,1031.2091064453125,500.75946044921875,98.152099609375,10.211883544921875,1002.3178100585938,0.0004833708517253399
4296,85.92,atlasian,1,0.8510643839836121,1154.899169921875,552.8441162109375,1312.4127197265625,572.3900756835938,157.5135498046875,19.54595947265625,3078.75341796875,0.0014847383135929704
4296,85.92,kick,5,0.5009323358535767,1032.5426025390625,610.5662231445312,1053.677734375,620.5031127929688,21.1351318359375,9.9368896484375,210.01747131347656,0.00010128157737199217
4302,86.04,petronas,9,0.6481913328170776,1304.0838623046875,583.467041015625,1473.31298828125,606.8265991210938,169.2291259765625,23.35955810546875,3953.11767578125,0.0019064032239839435
4302,86.04,petronas,9,0.6325497627258301,801.4635009765625,486.4489440917969,903.5289916992188,500.9765319824219,102.06549072265625,14.527587890625,1482.765380859375,0.0007150681922212243
4302,86.04,kick,5,0.5616288185119629,1042.1787109375,630.98486328125,1068.6513671875,644.781982421875,26.47265625,13.797119140625,365.24639892578125,0.00017614119860809296
4302,86.04,atlasian,1,0.42765405774116516,1304.0838623046875,583.467041015625,1473.31298828125,606.8265991210938,169.2291259765625,23.35955810546875,3953.11767578125,0.0019064032239839435
4308,86.16,petronas,9,0.7618215084075928,695.0953979492188,480.367431640625,831.957275390625,497.72344970703125,136.86187744140625,17.35601806640625,2375.377197265625,0.0011455329367890954
4308,86.16,kick,5,0.5188197493553162,1061.821533203125,657.5796508789062,1089.163330078125,674.042236328125,27.341796875,16.46258544921875,450.1166687011719,0.00021707014821004122
4314,86.28,petronas,9,0.6310614943504333,587.0313720703125,476.28570556640625,747.3596801757812,497.2703552246094,160.32830810546875,20.984649658203125,3364.433349609375,0.0016225083963945508
4314,86.28,kick,5,0.5046824216842651,1197.0181884765625,704.8654174804688,1229.58056640625,719.6854858398438,32.5623779296875,14.820068359375,482.57666015625,0.0002327240799786523
4320,86.4,aramco,0,0.6466609239578247,677.85693359375,604.61083984375,785.1732177734375,673.5087280273438,107.3162841796875,68.89788818359375,7393.865234375,0.003565714228898287
4320,86.4,kick,5,0.5970947742462158,1443.2628173828125,751.4049682617188,1500.0250244140625,776.7960205078125,56.76220703125,25.39105224609375,1441.252197265625,0.0006950483075343072
4326,86.52,aramco,0,0.558151364326477,648.8681030273438,686.7793579101562,818.2846069335938,765.0100708007812,169.41650390625,78.230712890625,13253.57421875,0.006391576956957579
4332,86.64,aramco,0,0.804867684841156,766.6820678710938,762.6091918945312,935.8490600585938,843.0260009765625,169.1669921875,80.41680908203125,13603.8701171875,0.006560508161783218
4338,86.76,aramco,0,0.6001997590065002,985.4647216796875,739.8570556640625,1089.38916015625,814.8728637695312,103.9244384765625,75.01580810546875,7795.9755859375,0.003759633284062147
4350,87.0,aramco,0,0.45857951045036316,1191.373291015625,645.532470703125,1224.65869140625,674.9698486328125,33.285400390625,29.4373779296875,979.8348999023438,0.0004725283943116665
4362,87.24,capp,3,0.5476505160331726,1140.487548828125,580.2998657226562,1239.104248046875,588.2830200195312,98.61669921875,7.983154296875,787.2723388671875,0.0003796645032707602
4368,87.36,capp,3,0.5104177594184875,1278.61962890625,570.5366821289062,1354.693603515625,580.8397216796875,76.073974609375,10.30303955078125,783.7931518554688,0.0003779866674449295
4404,88.08,petronas,9,0.5626947283744812,978.1522827148438,591.438232421875,1062.1920166015625,601.7340698242188,84.03973388671875,10.29583740234375,865.2594604492188,0.00041727404459379613
4404,88.08,atlasian,1,0.4023665487766266,978.1522827148438,591.438232421875,1062.1920166015625,601.7340698242188,84.03973388671875,10.29583740234375,865.2594604492188,0.00041727404459379613
4410,88.2,atlasian,1,0.7409522533416748,990.7374267578125,591.6654052734375,1093.990234375,603.4078369140625,103.2528076171875,11.742431640625,1212.4390869140625,0.0005847024731338024
4416,88.32,atlasian,1,0.806855320930481,995.84326171875,599.6565551757812,1107.7510986328125,613.8426513671875,111.9078369140625,14.18609619140625,1587.5352783203125,0.000765593780670315
4422,88.44,atlasian,1,0.5826583504676819,975.1597900390625,620.9361572265625,1105.510986328125,638.635498046875,130.3511962890625,17.6993408203125,2307.13037109375,0.0011126206954941154
4428,88.56,petronas,9,0.6074270009994507,930.8602905273438,667.5700073242188,1048.6390380859375,687.5596313476562,117.77874755859375,19.9896240234375,2354.352783203125,0.0011353938607499003
4434,88.68,atlasian,1,0.7264279723167419,626.2503662109375,700.5629272460938,833.9360961914062,726.6195678710938,207.68572998046875,26.056640625,5411.59228515625,0.0026097570080310106
4434,88.68,petronas,9,0.4104706346988678,626.2503662109375,700.5629272460938,833.9360961914062,726.6195678710938,207.68572998046875,26.056640625,5411.59228515625,0.0026097570080310106
4452,89.04,petronas,9,0.5403603911399841,1050.4459228515625,541.1461791992188,1121.07666015625,547.831298828125,70.6307373046875,6.68511962890625,472.1749267578125,0.00022770781652070582
4476,89.52,atlasian,1,0.7364861965179443,971.37109375,514.3009643554688,1055.920654296875,523.6134033203125,84.549560546875,9.31243896484375,787.3626098632812,0.00037970804260112345
4482,89.64,atlasian,1,0.49691659212112427,981.8309936523438,504.2087707519531,1070.726806640625,513.4423828125,88.89581298828125,9.233612060546875,820.8294677734375,0.00039584754267707467
4500,90.0,atlasian,1,0.6340164542198181,918.1449584960938,499.3800048828125,1049.719482421875,517.5032958984375,131.57452392578125,18.123291015625,2384.5634765625,0.0011499631218612194
4506,90.12,atlasian,1,0.7662781476974487,734.97119140625,496.9049377441406,899.3338012695312,523.1015014648438,164.36260986328125,26.196563720703125,4305.7353515625,0.0020764542277902365
4512,90.24,kick,5,0.5810805559158325,911.0098266601562,556.6076049804688,941.4712524414062,576.5599975585938,30.46142578125,19.952392578125,607.7783203125,0.0002931029594037682
4518,90.36,kick,5,0.670970618724823,722.1453857421875,598.4931640625,771.532470703125,618.5775756835938,49.3870849609375,20.08441162109375,991.9105224609375,0.0004783519252669066
4554,91.08,petronas,9,0.454365074634552,1107.767822265625,515.0517578125,1246.375244140625,527.1830444335938,138.607421875,12.13128662109375,1681.486328125,0.000810901983641088
4566,91.32,petronas,9,0.6012147665023804,906.23193359375,527.5232543945312,1023.0303955078125,537.9439086914062,116.7984619140625,10.420654296875,1217.1163330078125,0.0005869581364095211
4590,91.8,capp,3,0.5265360474586487,779.4271240234375,534.6259155273438,912.0692749023438,548.912353515625,132.64215087890625,14.28643798828125,1894.98388671875,0.000913861847948283
4602,92.04,petronas,9,0.6425487995147705,1096.6646728515625,713.2674560546875,1349.0870361328125,734.6976318359375,252.42236328125,21.43017578125,5409.45556640625,0.0026087267324328423
4608,92.16,petronas,9,0.5436110496520996,928.8546142578125,674.3107299804688,1141.4671630859375,694.153076171875,212.612548828125,19.84234619140625,4218.73193359375,0.0020344965159893036
4614,92.28,petronas,9,0.6640753149986267,841.83544921875,650.281494140625,1029.1611328125,667.6861572265625,187.32568359375,17.4046630859375,3260.34033203125,0.001572309178300202
4620,92.4,petronas,9,0.5739342570304871,775.455322265625,629.8837280273438,951.5967407226562,647.17236328125,176.14141845703125,17.28863525390625,3045.24462890625,0.0014685785863548517
4620,92.4,atlasian,1,0.4138055145740509,775.455322265625,629.8837280273438,951.5967407226562,647.17236328125,176.14141845703125,17.28863525390625,3045.24462890625,0.0014685785863548517
4626,92.52,petronas,9,0.4949359595775604,1232.8951416015625,743.7965087890625,1511.243408203125,771.2000122070312,278.3482666015625,27.40350341796875,7627.7177734375,0.0036784904077649117
4650,93.0,petronas,9,0.7044193744659424,591.4313354492188,520.284423828125,737.4659423828125,537.2056274414062,146.03460693359375,16.92120361328125,2471.081298828125,0.0011916866060346365
4656,93.12,atlasian,1,0.7773555517196655,617.0806884765625,532.9300537109375,800.4470825195312,553.2491455078125,183.36639404296875,20.319091796875,3725.838623046875,0.001796797150745988
4662,93.24,atlasian,1,0.7706292867660522,701.5205078125,550.763427734375,838.1561889648438,576.5732421875,136.63568115234375,25.809814453125,3526.54150390625,0.0017006854759529233
4668,93.36,atlasian,1,0.8733932971954346,906.0631713867188,586.3480224609375,1128.3170166015625,614.9623413085938,222.25384521484375,28.61431884765625,6359.642578125,0.0030669572297483683
4674,93.48,atlasian,1,0.7408966422080994,1351.267578125,630.5347900390625,1698.881103515625,669.1859130859375,347.613525390625,38.651123046875,13435.6533203125,0.006479385308921337
4674,93.48,petronas,9,0.5044947862625122,961.0115356445312,425.440185546875,1020.0333251953125,434.7198486328125,59.02178955078125,9.2796630859375,547.7023315429688,0.0002641311439219862
4680,93.6,petronas,9,0.4241333603858948,877.630126953125,416.37261962890625,944.4440307617188,425.8618469238281,66.81390380859375,9.489227294921875,634.0123291015625,0.0003057543945033103
4710,94.2,atlasian,1,0.8171551823616028,513.74560546875,397.8667297363281,657.43603515625,410.73095703125,143.6904296875,12.864227294921875,1848.46630859375,0.0008914285572245717
4716,94.32,atlasian,1,0.76861971616745,473.40301513671875,401.6979675292969,624.1963500976562,416.6494140625,150.7933349609375,14.951446533203125,2254.578369140625,0.0010872774291783571
4716,94.32,petronas,9,0.628095805644989,1343.0909423828125,336.23486328125,1419.01708984375,345.56787109375,75.9261474609375,9.3330078125,708.6193237304688,0.0003417338593862951
4722,94.44,atlasian,1,0.900036633014679,428.6806335449219,398.0161437988281,595.3146362304688,414.4261779785156,166.63400268554688,16.4100341796875,2734.4697265625,0.0013187064323574305
4722,94.44,petronas,9,0.4290882349014282,1216.4814453125,328.4111022949219,1285.16015625,337.8279724121094,68.6787109375,9.4168701171875,646.738525390625,0.0003118916356470436
4728,94.56,atlasian,1,0.8735731840133667,398.8224182128906,384.8485412597656,568.9639282226562,401.41107177734375,170.14151000976562,16.562530517578125,2817.973876953125,0.00135897658765316
4734,94.68,petronas,9,0.6934614777565002,970.285400390625,306.0026550292969,1029.281005859375,314.06591796875,58.99560546875,8.063262939453125,475.69708251953125,0.00022940638882573694
4734,94.68,atlasian,1,0.6914480328559875,463.8514099121094,399.4714660644531,572.403076171875,419.16998291015625,108.55166625976562,19.698516845703125,2138.306884765625,0.0010312050580978394
4734,94.68,petronas,9,0.5256080627441406,1283.382080078125,293.5989074707031,1349.9322509765625,301.2463684082031,66.5501708984375,7.6474609375,508.9398193359375,0.0002454378118272871
4740,94.8,petronas,9,0.6418341994285583,902.5185546875,310.3896484375,949.5897216796875,317.210693359375,47.0711669921875,6.821044921875,321.0745544433594,0.00015483918832615018
4746,94.92,atlasian,1,0.9470755457878113,859.4100341796875,460.9977722167969,1096.17431640625,490.9930725097656,236.7642822265625,29.99530029296875,7101.81591796875,0.0034248726442456245
4746,94.92,kick,5,0.4706816077232361,752.9789428710938,519.2310180664062,778.7973022460938,527.8997192382812,25.818359375,8.668701171875,223.8116455078125,0.00010793385445140302
4752,95.04,kick,5,0.6579644680023193,909.172119140625,565.66845703125,948.067138671875,583.0215454101562,38.89501953125,17.35308837890625,674.94873046875,0.00032549610477872193
4758,95.16,kick,5,0.6315179467201233,1196.050048828125,666.2045288085938,1238.02978515625,686.565185546875,41.979736328125,20.36065673828125,854.7349853515625,0.0004121985984966159
4764,95.28,bwt,2,0.5436696410179138,776.1931762695312,492.4971618652344,933.0139770507812,514.112060546875,156.82080078125,21.614898681640625,3389.665771484375,0.001634676824323833
4764,95.28,bwt,2,0.5241699814796448,841.1183471679688,589.70556640625,885.2782592773438,600.4771118164062,44.159912109375,10.77154541015625,475.6705017089844,0.00022939356858842075
4770,95.4,bwt,2,0.4306831955909729,785.4130859375,496.9932556152344,848.5072021484375,513.4030151367188,63.0941162109375,16.409759521484375,1035.3592529296875,0.0004993051989004016
4776,95.52,bwt,2,0.6637098789215088,808.2408447265625,500.3783264160156,874.658447265625,518.724365234375,66.4176025390625,18.346038818359375,1218.4998779296875,0.0005876253126189113
4782,95.64,bwt,2,0.5218785405158997,823.2810668945312,502.9988708496094,895.5482788085938,519.0927124023438,72.2672119140625,16.093841552734375,1163.0570068359375,0.0005608878564089537
4788,95.76,bwt,2,0.7283069491386414,823.4864501953125,503.0339660644531,894.22900390625,519.30810546875,70.7425537109375,16.274139404296875,1151.274169921875,0.0005552055081352592
4794,95.88,bwt,2,0.5822455883026123,813.3355102539062,502.8980407714844,885.9014282226562,516.8521728515625,72.56591796875,13.954132080078125,1012.5944213867188,0.0004883267683908343
4800,96.0,bwt,2,0.8056546449661255,795.776611328125,500.4372253417969,863.5046997070312,518.1002197265625,67.72808837890625,17.662994384765625,1196.2808837890625,0.0005769101553596556
4806,96.12,bwt,2,0.7825719714164734,781.4322509765625,499.1262512207031,852.5493774414062,516.5269775390625,71.11712646484375,17.400726318359375,1237.4896240234375,0.000596783182118088
4812,96.24,bwt,2,0.8110160827636719,766.8731079101562,500.1064147949219,845.420654296875,516.8703002929688,78.54754638671875,16.763885498046875,1316.7620849609375,0.0006350125768221915
4818,96.36,bwt,2,0.7291250228881836,762.0721435546875,500.3310241699219,840.3629150390625,515.236572265625,78.290771484375,14.905548095703125,1166.9669189453125,0.0005627733771689236
4824,96.48,bwt,2,0.7498452067375183,767.9161376953125,499.8462219238281,847.0306396484375,516.5079956054688,79.114501953125,16.661773681640625,1318.1878662109375,0.0006357001839205623
4830,96.6,bwt,2,0.5345826148986816,776.2926025390625,501.0703430175781,848.5355834960938,513.2360229492188,72.24298095703125,12.165679931640625,878.885009765625,0.0004238450201228261
4860,97.2,bwt,2,0.7901920676231384,837.5550537109375,579.7261352539062,896.8507080078125,619.458984375,59.295654296875,39.73284912109375,2355.9853515625,0.001136181177571416
4866,97.32,bwt,2,0.8880673050880432,860.2744750976562,596.9755859375,949.7783813476562,642.21630859375,89.50390625,45.24072265625,4049.221435546875,0.0019527495605871081
4872,97.44,bwt,2,0.9195151329040527,889.40966796875,620.0475463867188,1013.9332275390625,668.42626953125,124.5235595703125,48.37872314453125,6024.291015625,0.0029052328318357468
4878,97.56,bwt,2,0.9133092164993286,922.8050537109375,643.0197143554688,1096.3421630859375,691.6405639648438,173.537109375,48.620849609375,8437.521484375,0.004069020971655846
4884,97.68,bwt,2,0.9161889553070068,1032.0216064453125,640.0704345703125,1189.80126953125,688.0811157226562,157.7796630859375,48.01068115234375,7575.10888671875,0.0036531195510178804
4890,97.8,bwt,2,0.8983970284461975,1123.5452880859375,612.475830078125,1254.0384521484375,661.3961181640625,130.4931640625,48.9202880859375,6383.76318359375,0.0030785894487053156
4896,97.92,bwt,2,0.8804460167884827,1194.723876953125,583.5411376953125,1292.093505859375,626.3301391601562,97.36962890625,42.78900146484375,4166.34912109375,0.0020092346239835024
4902,98.04,bwt,2,0.8484569191932678,1229.7667236328125,562.1456909179688,1306.673583984375,601.2703247070312,76.9068603515625,39.1246337890625,3008.95263671875,0.0014510767068713903
4908,98.16,bwt,2,0.8439332842826843,1245.0159912109375,553.7540283203125,1291.19091796875,578.6652221679688,46.1749267578125,24.91119384765625,1150.2725830078125,0.0005547225009649992
4914,98.28,bwt,2,0.7004072666168213,1226.919189453125,545.2919311523438,1255.200927734375,564.454345703125,28.28173828125,19.16241455078125,541.9464111328125,0.0002613553369883448
4920,98.4,bwt,2,0.4083995819091797,1202.7318115234375,534.0169677734375,1221.9398193359375,552.461181640625,19.2080078125,18.4442138671875,354.276611328125,0.00017085099534597248
4956,99.12,bwt,2,0.7226608395576477,489.6664123535156,398.3155822753906,612.1220703125,421.1234436035156,122.45565795898438,22.807861328125,2792.95166015625,0.0013469095574691892
4956,99.12,bwt,2,0.48638057708740234,420.8296813964844,596.4259033203125,563.858642578125,617.7839965820312,143.02896118164062,21.35809326171875,3054.825927734375,0.0014731992268934846
4956,99.12,bwt,2,0.426242858171463,418.32000732421875,644.4725341796875,539.694091796875,678.9151611328125,121.37408447265625,34.442626953125,4180.4423828125,0.0020160311833024025
4962,99.24,bwt,2,0.670671284198761,526.1026611328125,403.2345886230469,635.07373046875,429.86474609375,108.9710693359375,26.630157470703125,2901.916748046875,0.0013994582695886493
4962,99.24,bwt,2,0.6694796681404114,471.2077331542969,596.4424438476562,608.5484008789062,621.0486450195312,137.34066772460938,24.606201171875,3379.43212890625,0.0016297416295856237
4962,99.24,bwt,2,0.5710734128952026,488.2923889160156,466.5813903808594,630.29443359375,488.4393615722656,142.00204467773438,21.85797119140625,3103.876708984375,0.0014968541217967868
4962,99.24,bwt,2,0.4362628161907196,471.8606872558594,529.669189453125,604.8699951171875,544.0844116210938,133.00930786132812,14.41522216796875,1917.3587646484375,0.0009246522095054388
4968,99.36,bwt,2,0.7915922999382019,569.5946044921875,397.8610534667969,680.0164794921875,423.120849609375,110.421875,25.259796142578125,2789.234130859375,0.0013451167615130544
4968,99.36,bwt,2,0.6648984551429749,535.60302734375,637.5452270507812,648.887939453125,676.8033447265625,113.284912109375,39.25811767578125,4447.3525390625,0.0021447495091706514
4968,99.36,bwt,2,0.5733473896980286,533.2650756835938,595.43359375,665.4441528320312,612.3104248046875,132.1790771484375,16.8768310546875,2230.763916015625,0.0010757928248494864
4974,99.48,bwt,2,0.8575745224952698,607.0960693359375,439.0463562011719,755.5720825195312,462.06182861328125,148.47601318359375,23.015472412109375,3417.24560546875,0.0016479772748425603
4974,99.48,bwt,2,0.8424322009086609,617.2103881835938,620.5531616210938,729.3651123046875,649.0841674804688,112.15472412109375,28.531005859375,3199.88720703125,0.0015431555220857263
4974,99.48,bwt,2,0.8274409770965576,629.0256958007812,381.1551208496094,741.3507080078125,405.9172058105469,112.32501220703125,24.7620849609375,2781.401611328125,0.0013413395499810576
4980,99.6,bwt,2,0.7572367787361145,717.6529541015625,599.1708374023438,827.5462036132812,636.9531860351562,109.89324951171875,37.7823486328125,4152.02490234375,0.0020023267716169357
4980,99.6,bwt,2,0.5600146055221558,710.0873413085938,367.83636474609375,814.0303955078125,388.4688720703125,103.94305419921875,20.63250732421875,2144.605712890625,0.0010342426830902696
4980,99.6,bwt,2,0.49496403336524963,693.0348510742188,488.06866455078125,828.982666015625,501.3707275390625,135.94781494140625,13.30206298828125,1808.3863525390625,0.0008720998885110021
4980,99.6,bwt,2,0.46723049879074097,695.0489501953125,426.2463684082031,834.6824340820312,447.1248779296875,139.63348388671875,20.878509521484375,2915.339111328125,0.0014059313107281923
4980,99.6,bwt,2,0.4431023895740509,702.0994873046875,558.2234497070312,836.1924438476562,579.3846435546875,134.09295654296875,21.16119384765625,2837.567138671875,0.001368425553664565
4986,99.72,bwt,2,0.7402797937393188,792.7608642578125,416.4308776855469,933.77392578125,444.63018798828125,141.0130615234375,28.199310302734375,3976.47119140625,0.0019176654750481248
4986,99.72,bwt,2,0.7121137976646423,804.32177734375,368.781494140625,923.256103515625,394.8668518066406,118.934326171875,26.085357666015625,3102.4443359375,0.0014961633132770658
4986,99.72,bwt,2,0.45900458097457886,829.6708984375,598.47509765625,936.5358276367188,627.450439453125,106.86492919921875,28.975341796875,3096.44775390625,0.0014932714402675629
4986,99.72,bwt,2,0.4210495054721832,800.7488403320312,490.2299499511719,937.3927612304688,502.8355407714844,136.6439208984375,12.6055908203125,1722.477294921875,0.0008306700037792325
4992,99.84,bwt,2,0.8021727800369263,883.50732421875,427.550048828125,1025.2445068359375,450.57635498046875,141.7371826171875,23.02630615234375,3263.683837890625,0.0015739216469228268
4992,99.84,bwt,2,0.7702037692070007,930.8878173828125,601.4449462890625,1036.1787109375,638.1574096679688,105.2908935546875,36.71246337890625,3865.488037109375,0.0018641435308381915
4992,99.84,bwt,2,0.4738827645778656,898.8553466796875,373.8206481933594,1006.476318359375,396.8520812988281,107.6209716796875,23.03143310546875,2478.665283203125,0.0011953440262004733
4998,99.96,bwt,2,0.8213165998458862,945.814208984375,440.4302673339844,1093.56689453125,464.0629577636719,147.752685546875,23.6326904296875,3491.79345703125,0.001683928188867867
4998,99.96,bwt,2,0.7547026872634888,990.7672119140625,619.1288452148438,1096.8216552734375,643.9675903320312,106.054443359375,24.8387451171875,2634.25927734375,0.001270379638299346
4998,99.96,bwt,2,0.4528796374797821,966.0,566.7689208984375,1108.32177734375,592.0062255859375,142.32177734375,25.2373046875,3591.818115234375,0.0017321653431281447
4998,99.96,bwt,2,0.41441136598587036,956.912109375,509.51080322265625,1100.4508056640625,525.6590576171875,143.5386962890625,16.14825439453125,2317.8994140625,0.0011178140994161367
5004,100.08,bwt,2,0.8117075562477112,1015.8126220703125,632.4990844726562,1120.1982421875,663.8406372070312,104.3856201171875,31.341552734375,3271.607421875,0.0015777427470311522
5004,100.08,bwt,2,0.7541158199310303,995.556884765625,590.7025756835938,1125.7974853515625,610.88671875,130.2406005859375,20.18414306640625,2628.794921875,0.0012677444610744715
5004,100.08,bwt,2,0.7364451885223389,963.7130126953125,455.1031494140625,1107.00927734375,478.6956787109375,143.2962646484375,23.592529296875,3380.721435546875,0.0016303634038195014
5004,100.08,bwt,2,0.7269337177276611,972.0606689453125,398.59283447265625,1079.439697265625,423.47943115234375,107.3790283203125,24.8865966796875,2672.298583984375,0.0012887242482975125
5010,100.2,bwt,2,0.7594959139823914,1007.1611938476562,637.3436889648438,1110.064208984375,672.8991088867188,102.90301513671875,35.555419921875,3658.760009765625,0.0017644483596086502
5010,100.2,bwt,2,0.5700252056121826,960.29150390625,401.94085693359375,1068.507080078125,424.88385009765625,108.215576171875,22.9429931640625,2482.789306640625,0.0011973327491432428
5010,100.2,bwt,2,0.5501317381858826,948.135498046875,459.4909362792969,1095.605224609375,485.08416748046875,147.4697265625,25.593231201171875,3774.226806640625,0.0018201324855908751
5010,100.2,bwt,2,0.4269481897354126,1008.5570678710938,596.7520751953125,1113.263916015625,614.2898559570312,104.70684814453125,17.53778076171875,1836.3258056640625,0.0008855737978592515
5016,100.32,bwt,2,0.8158770799636841,930.4140625,455.8158874511719,1074.873779296875,478.6819763183594,144.459716796875,22.8660888671875,3303.228759765625,0.001592992222867906
5016,100.32,bwt,2,0.806738555431366,942.2437744140625,398.7478942871094,1046.725341796875,419.9038391113281,104.4815673828125,21.15594482421875,2210.40625,0.0010659752879291773
5016,100.32,bwt,2,0.7420133352279663,970.1259765625,636.8756103515625,1083.53076171875,674.1732177734375,113.40478515625,37.297607421875,4229.72705078125,0.002039799001067877
5016,100.32,bwt,2,0.525315523147583,958.1140747070312,592.3466186523438,1088.322021484375,614.4625854492188,130.20794677734375,22.115966796875,2879.674560546875,0.0013887319946661592
5022,100.44,bwt,2,0.7731766700744629,897.82080078125,448.6711730957031,1045.72998046875,474.02447509765625,147.9091796875,25.353302001953125,3749.986083984375,0.0018084424082189798
5022,100.44,bwt,2,0.5966027975082397,944.3814697265625,596.291748046875,1057.07275390625,616.29345703125,112.6912841796875,20.001708984375,2254.018310546875,0.0010870072292163968
5022,100.44,bwt,2,0.5844761729240417,940.9141235351562,644.2962646484375,1045.1412353515625,676.6793823242188,104.22711181640625,32.38311767578125,3375.19873046875,0.0016277000540867448
5022,100.44,bwt,2,0.5757432579994202,913.0364379882812,392.360107421875,1021.52001953125,419.0177917480469,108.48358154296875,26.657684326171875,2891.921142578125,0.0013946378603577614
5028,100.56,bwt,2,0.9004622101783752,873.8117065429688,435.9666442871094,1019.3744506835938,458.7199401855469,145.562744140625,22.7532958984375,3312.0322265625,0.0015972377732396126
5028,100.56,bwt,2,0.8288236856460571,906.9273681640625,628.081787109375,1017.8327026367188,658.778076171875,110.90533447265625,30.6962890625,3404.38232421875,0.0016417738515883684
5028,100.56,bwt,2,0.7962907552719116,889.0037231445312,579.4520263671875,1025.9534912109375,601.169189453125,136.94976806640625,21.7171630859375,2974.160400390625,0.0014342979993671179
5028,100.56,bwt,2,0.48206788301467896,890.9119262695312,376.3376159667969,1001.264404296875,402.8767395019531,110.35247802734375,26.53912353515625,2928.657958984375,0.0014123542932793498
5034,100.68,bwt,2,0.865608274936676,839.7493286132812,438.3207702636719,985.8050537109375,468.0263977050781,146.05572509765625,29.70562744140625,4338.6767578125,0.00209234026260674
5034,100.68,bwt,2,0.8115321397781372,853.2476196289062,635.7728881835938,971.248291015625,669.3773803710938,118.00067138671875,33.6044921875,3965.3525390625,0.001912303501740098
5034,100.68,bwt,2,0.7809663414955139,838.569580078125,589.6024780273438,977.6104125976562,610.9829711914062,139.04083251953125,21.3804931640625,2972.761474609375,0.0014336233725771308
5034,100.68,bwt,2,0.6943467855453491,856.3980102539062,378.3097229003906,971.1411743164062,408.8912353515625,114.7431640625,30.581512451171875,3509.01953125,0.0016922354698181152
5040,100.8,bwt,2,0.7672280669212341,806.4322509765625,462.68096923828125,955.0731201171875,490.80340576171875,148.640869140625,28.1224365234375,4180.1435546875,0.0020158870611339808
5040,100.8,bwt,2,0.6932206153869629,809.0418090820312,663.9827880859375,917.8212890625,692.9842529296875,108.77947998046875,29.00146484375,3154.76416015625,0.0015213947044685483
5040,100.8,bwt,2,0.606330931186676,829.3292236328125,400.3905334472656,945.5403442382812,429.71875,116.21112060546875,29.328216552734375,3408.264892578125,0.0016436462756246328
5040,100.8,bwt,2,0.48169025778770447,798.335205078125,618.2965698242188,939.1431884765625,638.0494384765625,140.8079833984375,19.75286865234375,2781.361572265625,0.0013413202250376344
5046,100.92,bwt,2,0.8811384439468384,762.8421020507812,477.7621765136719,906.7610473632812,502.4454345703125,143.9189453125,24.683258056640625,3552.388427734375,0.0017131502972915769
5046,100.92,bwt,2,0.8501124382019043,789.6295166015625,412.5340881347656,906.1011962890625,445.74554443359375,116.4716796875,33.211456298828125,3868.194091796875,0.0018654485465958714
5046,100.92,bwt,2,0.5586745738983154,756.2179565429688,677.8565063476562,867.3267211914062,708.39697265625,111.1087646484375,30.54046630859375,3393.3134765625,0.001636435859836638
5052,101.04,bwt,2,0.8417462110519409,764.148193359375,398.85479736328125,868.1688232421875,427.237060546875,104.0206298828125,28.38226318359375,2952.3408203125,0.001423775451257825
5052,101.04,bwt,2,0.813823938369751,729.620361328125,462.9950256347656,868.1091918945312,486.40362548828125,138.48883056640625,23.408599853515625,3241.82958984375,0.0015633823350071907
5052,101.04,bwt,2,0.5312270522117615,711.9535522460938,604.3450927734375,845.1014404296875,627.24267578125,133.14788818359375,22.8975830078125,3048.764892578125,0.001470276270993054
5058,101.16,bwt,2,0.8110766410827637,764.3807373046875,363.0404052734375,867.8624877929688,388.7215270996094,103.48175048828125,25.681121826171875,2657.52734375,0.0012816007947549224
5058,101.16,bwt,2,0.7829820513725281,700.3082275390625,621.0700073242188,804.207763671875,648.9526977539062,103.8995361328125,27.8826904296875,2896.99853515625,0.0013970865402370691
5058,101.16,bwt,2,0.7584120631217957,726.1266479492188,427.89569091796875,862.566650390625,448.25250244140625,136.44000244140625,20.3568115234375,2777.4833984375,0.0013394498964771628
5058,101.16,bwt,2,0.410429447889328,704.0214233398438,568.183349609375,833.293212890625,592.3549194335938,129.27178955078125,24.17156982421875,3124.7021484375,0.0015068972716107965
5064,101.28,bwt,2,0.8574427962303162,709.90185546875,372.6883544921875,850.7647705078125,400.85760498046875,140.8629150390625,28.16925048828125,3968.002685546875,0.001913581509143114
5064,101.28,bwt,2,0.7738880515098572,755.5885009765625,314.7626953125,861.7689208984375,345.42724609375,106.180419921875,30.66455078125,3255.974853515625,0.0015702039236202836
5064,101.28,bwt,2,0.5746344327926636,669.3102416992188,509.850341796875,798.9008178710938,544.9602661132812,129.590576171875,35.10992431640625,4549.91552734375,0.0021942108869552612
5064,101.28,bwt,2,0.565109372138977,669.3946533203125,569.4258422851562,784.5487670898438,607.7412109375,115.15411376953125,38.31536865234375,4412.17236328125,0.002127783838659525
5064,101.28,bwt,2,0.41713258624076843,674.7825927734375,480.73419189453125,754.699462890625,496.4825134277344,79.9168701171875,15.748321533203125,1258.5565185546875,0.0006069427472539246
5070,101.4,bwt,2,0.9009713530540466,681.7189331054688,335.6636657714844,821.6190795898438,361.9604187011719,139.900146484375,26.2967529296875,3678.919677734375,0.0017741703195497394
5070,101.4,bwt,2,0.8467401266098022,725.4368896484375,270.6247253417969,840.7920532226562,305.8662109375,115.35516357421875,35.241485595703125,4065.287353515625,0.001960497349500656
5070,101.4,bwt,2,0.6626896858215332,622.1631469726562,489.3049621582031,758.1133422851562,511.42315673828125,135.9501953125,22.118194580078125,3006.972900390625,0.0014501219848170877
5076,101.52,bwt,2,0.8583279252052307,623.8564453125,324.0541076660156,777.669189453125,355.4333801269531,153.812744140625,31.3792724609375,4826.5322265625,0.0023276100400835276
5076,101.52,bwt,2,0.4334666132926941,531.6500244140625,545.7817993164062,653.0498046875,575.73095703125,121.3997802734375,29.94915771484375,3635.821044921875,0.001753385877236724
5082,101.64,bwt,2,0.7981933951377869,555.2948608398438,305.4992980957031,718.2088012695312,343.4132080078125,162.9139404296875,37.913909912109375,6176.70458984375,0.002978734904900193
5082,101.64,bwt,2,0.7076143026351929,631.861083984375,231.33592224121094,762.6594848632812,279.90789794921875,130.79840087890625,48.57197570800781,6353.13671875,0.0030638198368251324
5082,101.64,bwt,2,0.5897611379623413,445.08477783203125,497.6940002441406,591.8138427734375,526.08984375,146.72906494140625,28.395843505859375,4166.49560546875,0.002009305404499173
5082,101.64,bwt,2,0.45521408319473267,691.6065673828125,194.1925506591797,769.5119018554688,221.2141571044922,77.90533447265625,27.0216064453125,2105.127197265625,0.0010152041213586926
5088,101.76,bwt,2,0.8807325959205627,445.9224853515625,334.7559814453125,620.670654296875,375.3576965332031,174.7481689453125,40.601715087890625,7095.0751953125,0.003421621862798929
5088,101.76,bwt,2,0.5867037177085876,574.9647827148438,252.87762451171875,689.8951416015625,303.7059631347656,114.93035888671875,50.828338623046875,5841.71923828125,0.002817187225446105
5094,101.88,bwt,2,0.8464784026145935,352.91497802734375,367.1681823730469,549.7025756835938,437.724609375,196.78759765625,70.55642700195312,13884.6298828125,0.006695905700325966
5094,101.88,bwt,2,0.6759653687477112,514.2766723632812,290.2171325683594,655.8223266601562,341.4507751464844,141.545654296875,51.233642578125,7251.8994140625,0.0034972508437931538
5124,102.48,bwt,2,0.7958893179893494,652.2373046875,307.08953857421875,1107.6209716796875,568.5248413085938,455.3836669921875,261.435302734375,119053.3671875,0.05741385370492935
5130,102.6,bwt,2,0.9388270974159241,785.1813354492188,252.41213989257812,1012.3438720703125,414.32647705078125,227.16253662109375,161.91433715820312,36780.87109375,0.01773768849670887
5136,102.72,bwt,2,0.889798104763031,818.4036254882812,262.3421630859375,938.588134765625,373.3260803222656,120.18450927734375,110.98391723632812,13338.5478515625,0.006432556081563234
5154,103.08,bwt,2,0.48912766575813293,1184.224853515625,527.0462646484375,1242.373046875,534.71044921875,58.148193359375,7.6641845703125,445.6584777832031,0.00021492017549462616
5154,103.08,bwt,2,0.45972612500190735,1100.2938232421875,409.3537902832031,1314.7236328125,435.9159240722656,214.4298095703125,26.5621337890625,5695.71337890625,0.0027467752806842327
5154,103.08,moneygram,6,0.42547711730003357,833.066162109375,487.2215270996094,851.0586547851562,496.0579528808594,17.99249267578125,8.83642578125,158.98931884765625,7.667308818781748e-05
5160,103.2,bwt,2,0.7118168473243713,832.6744384765625,491.34112548828125,942.7623901367188,511.08258056640625,110.08795166015625,19.741455078125,2173.29638671875,0.0010480788769200444
5160,103.2,bwt,2,0.5976990461349487,1200.51123046875,544.139892578125,1264.308349609375,551.589111328125,63.797119140625,7.44921875,475.23870849609375,0.00022918533068150282
5160,103.2,bwt,2,0.5322917103767395,1123.07470703125,409.07861328125,1335.6885986328125,438.10601806640625,212.6138916015625,29.02740478515625,6171.62939453125,0.0029762873891741037
5166,103.32,bwt,2,0.593176543712616,1218.451416015625,546.66357421875,1274.738037109375,553.149658203125,56.28662109375,6.486083984375,365.0797424316406,0.0001760608283802867
5172,103.44,bwt,2,0.515093982219696,1231.85986328125,547.2575073242188,1290.720947265625,554.8457641601562,58.861083984375,7.5882568359375,446.65301513671875,0.0002153997920686379
5178,103.56,bwt,2,0.6923304200172424,1257.644287109375,552.044921875,1322.6201171875,559.698486328125,64.975830078125,7.653564453125,497.29669189453125,0.00023982286802493036
5184,103.68,bwt,2,0.5581943392753601,1282.9117431640625,554.7561645507812,1334.4962158203125,561.5739135742188,51.58447265625,6.8177490234375,351.69000244140625,0.00016960359062068164
5190,103.8,bwt,2,0.6743443608283997,1289.06201171875,559.629150390625,1340.0390625,566.9165649414062,50.97705078125,7.28741455078125,371.49090576171875,0.0001791526301531121
5196,103.92,bwt,2,0.5012236833572388,1301.316162109375,563.2030029296875,1354.81201171875,572.3167724609375,53.495849609375,9.11376953125,487.5488586425781,0.0002351219445699826
5196,103.92,bwt,2,0.42327818274497986,1231.7685546875,433.16949462890625,1442.8115234375,456.22174072265625,211.04296875,23.05224609375,4865.0146484375,0.0023461682721972466
5202,104.04,bwt,2,0.6540765166282654,1236.534912109375,439.0697937011719,1443.4029541015625,463.1509704589844,206.8680419921875,24.0811767578125,4981.6259765625,0.0024024045560508966
5202,104.04,bwt,2,0.6460837125778198,1293.6915283203125,581.210205078125,1351.23876953125,588.9012451171875,57.5472412109375,7.6910400390625,442.59814453125,0.0002134443202521652
5208,104.16,bwt,2,0.6348742246627808,1289.910400390625,584.140869140625,1340.995849609375,590.859619140625,51.08544921875,6.71875,343.2303466796875,0.00016552388842683285
5208,104.16,bwt,2,0.49080464243888855,1240.0272216796875,449.3364562988281,1442.458984375,472.0662536621094,202.4317626953125,22.72979736328125,4601.23291015625,0.0022189586888998747
5214,104.28,bwt,2,0.8068124055862427,1240.8487548828125,460.5533142089844,1436.9970703125,483.931640625,196.1483154296875,23.378326416015625,4585.619140625,0.0022114289458841085
5214,104.28,bwt,2,0.5432317852973938,1283.8321533203125,588.2078857421875,1333.1204833984375,594.97705078125,49.288330078125,6.7691650390625,333.6408386230469,0.00016089931887108833
5220,104.4,bwt,2,0.5875589847564697,1278.0904541015625,592.2825927734375,1326.351318359375,600.7114868164062,48.2608642578125,8.42889404296875,406.78570556640625,0.00019617365614976734
5220,104.4,bwt,2,0.4705106317996979,1240.838623046875,468.8956298828125,1433.0096435546875,492.76727294921875,192.1710205078125,23.87164306640625,4587.43798828125,0.0022123060189187527
5226,104.52,bwt,2,0.48467233777046204,1260.839111328125,606.93017578125,1310.9666748046875,614.5962524414062,50.1275634765625,7.66607666015625,384.28173828125,0.00018532105605117977
5226,104.52,bwt,2,0.46401700377464294,1238.877197265625,481.0380554199219,1409.8546142578125,502.2454833984375,170.9774169921875,21.207427978515625,3625.9912109375,0.0017486454453319311
5232,104.64,bwt,2,0.6433743238449097,1223.5279541015625,491.408203125,1399.0537109375,511.8083801269531,175.5257568359375,20.400177001953125,3580.756591796875,0.001726830960251391
5232,104.64,bwt,2,0.5253393650054932,1226.5899658203125,619.8104858398438,1276.0794677734375,625.8749389648438,49.489501953125,6.064453125,300.12677001953125,0.00014473705959971994
5238,104.76,bwt,2,0.4411250948905945,1185.8619384765625,627.1223754882812,1233.4515380859375,635.1926879882812,47.589599609375,8.0703125,384.06292724609375,0.00018521552556194365
5244,104.88,bwt,2,0.4205247759819031,1133.326171875,626.6536254882812,1183.5625,635.7711181640625,50.236328125,9.11749267578125,458.02935791015625,0.0002208860678365454
5250,105.0,bwt,2,0.5460279583930969,1186.47314453125,508.2276306152344,1325.2645263671875,536.0610961914062,138.7913818359375,27.833465576171875,3863.045166015625,0.001862965407781303
5250,105.0,bwt,2,0.4820156991481781,1051.759765625,649.3009643554688,1094.9676513671875,657.344482421875,43.2078857421875,8.04351806640625,347.54339599609375,0.0001676038809819147
5256,105.12,bwt,2,0.6719577312469482,959.2523803710938,658.5133056640625,1017.079345703125,666.5473022460938,57.82696533203125,8.03399658203125,464.5816345214844,0.0002240459289168939
5256,105.12,bwt,2,0.5240755677223206,1153.9169921875,505.3612976074219,1312.49365234375,536.93798828125,158.57666015625,31.576690673828125,5007.326171875,0.0024147985968738794
5262,105.24,bwt,2,0.7334854006767273,1137.323974609375,493.96099853515625,1301.48291015625,523.092529296875,164.158935546875,29.13153076171875,4782.201171875,0.0023062312975525856
5262,105.24,bwt,2,0.6078155040740967,846.85205078125,665.1002807617188,900.0035400390625,674.3364868164062,53.1514892578125,9.2362060546875,490.9181213378906,0.00023674678232055157
5268,105.36,bwt,2,0.4859555661678314,1149.0296630859375,622.5171508789062,1243.966552734375,687.8329467773438,94.9368896484375,65.3157958984375,6200.87841796875,0.0029903927352279425
5268,105.36,bwt,2,0.4654102325439453,734.2503662109375,673.3651123046875,785.6195678710938,683.1012573242188,51.36920166015625,9.73614501953125,500.13800048828125,0.0002411930909147486
5268,105.36,bwt,2,0.4191621243953705,1174.8199462890625,484.7673034667969,1343.9874267578125,513.371337890625,169.16748046875,28.604034423828125,4838.87255859375,0.0023335611913353205
5268,105.36,bwt,2,0.4084595739841461,783.6790771484375,641.396484375,844.3492431640625,655.5723266601562,60.670166015625,14.17584228515625,860.0507202148438,0.0004147621220909059
5274,105.48,bwt,2,0.797670304775238,1187.5762939453125,635.3721923828125,1282.5635986328125,696.749755859375,94.9873046875,61.3775634765625,5830.08935546875,0.002811578568071127
5280,105.6,bwt,2,0.9245030879974365,1109.3302001953125,644.4849853515625,1276.3258056640625,732.7456665039062,166.99560546875,88.26068115234375,14739.1455078125,0.007107998244464397
5280,105.6,bwt,2,0.7064436674118042,1258.322021484375,556.2109985351562,1359.093994140625,620.1911010742188,100.77197265625,63.9801025390625,6447.4013671875,0.0031092793215066195
5286,105.72,bwt,2,0.9417170286178589,932.4591674804688,672.8392333984375,1185.7528076171875,764.6199951171875,253.29364013671875,91.78076171875,23247.482421875,0.011211169883608818
5292,105.84,bwt,2,0.9545698165893555,771.8088989257812,664.5383911132812,1053.32568359375,756.0103149414062,281.51678466796875,91.471923828125,25750.8828125,0.012418442405760288
5298,105.96,bwt,2,0.9334914684295654,754.8362426757812,593.9959106445312,965.4628295898438,685.9537963867188,210.6265869140625,91.9578857421875,19368.775390625,0.009340651333332062
5304,106.08,bwt,2,0.8534862995147705,785.500732421875,553.3545532226562,905.21875,618.1464233398438,119.718017578125,64.7918701171875,7756.75439453125,0.0037407188210636377
5310,106.2,bwt,2,0.7297568321228027,801.51806640625,518.6218872070312,871.8097534179688,575.0609741210938,70.29168701171875,56.4390869140625,3967.19873046875,0.0019131938461214304
5316,106.32,bwt,2,0.795724093914032,817.548583984375,516.7062377929688,871.409423828125,559.0580444335938,53.86083984375,42.351806640625,2281.103759765625,0.0011000693775713444
5322,106.44,bwt,2,0.43144169449806213,833.9619140625,519.3884887695312,863.2099609375,543.43701171875,29.248046875,24.04852294921875,703.372314453125,0.0003392034559510648
5370,107.4,petronas,9,0.4219709038734436,886.35546875,524.802734375,951.8320922851562,532.9781494140625,65.47662353515625,8.1754150390625,535.298583984375,0.0002581494045443833
5388,107.76,petronas,9,0.40738242864608765,920.0555419921875,548.31689453125,967.8162841796875,554.01513671875,47.7607421875,5.6982421875,272.15228271484375,0.00013124628458172083
5436,108.72,petronas,9,0.541409432888031,1271.318603515625,520.0084838867188,1306.42431640625,526.3433227539062,35.105712890625,6.3348388671875,222.3890380859375,0.00010724779713200405
5436,108.72,oracle,8,0.5371949076652527,836.554443359375,583.622314453125,880.8496704101562,590.81689453125,44.29522705078125,7.194580078125,318.685546875,0.00015368708409368992
5442,108.84,petronas,9,0.506099283695221,1281.731201171875,521.4714965820312,1318.926025390625,527.7619018554688,37.19482421875,6.2904052734375,233.97052001953125,0.0001128330040955916
5448,108.96,petronas,9,0.47916939854621887,1292.15283203125,521.8602905273438,1340.226318359375,528.3779296875,48.073486328125,6.51763916015625,313.32562255859375,0.00015110224194359034
5454,109.08,petronas,9,0.4935234785079956,1301.5447998046875,522.6597900390625,1348.5255126953125,530.8745727539062,46.980712890625,8.21478271484375,385.93634033203125,0.00018611899577081203
5460,109.2,bwt,2,0.4758881628513336,1091.034912109375,555.6392822265625,1134.1553955078125,564.8060302734375,43.1204833984375,9.166748046875,395.27459716796875,0.00019062239152844995
5460,109.2,petronas,9,0.44237324595451355,1349.8895263671875,438.33648681640625,1487.73046875,462.44482421875,137.8409423828125,24.10833740234375,3323.115966796875,0.0016025829827412963
5466,109.32,bwt,2,0.6818014979362488,1254.1219482421875,421.001708984375,1429.298095703125,447.6965026855469,175.1761474609375,26.694793701171875,4676.291015625,0.0022551557049155235
5484,109.68,bwt,2,0.45209258794784546,977.559814453125,512.6770629882812,1033.6884765625,521.4464111328125,56.128662109375,8.76934814453125,492.2117919921875,0.00023737065203022212
5490,109.8,bwt,2,0.5999063849449158,979.1951904296875,493.6231994628906,1036.9163818359375,503.09234619140625,57.72119140625,9.469146728515625,546.5704345703125,0.0002635852724779397
5496,109.92,bwt,2,0.6652105450630188,985.8992309570312,490.6409606933594,1050.8048095703125,501.9686279296875,64.90557861328125,11.327667236328125,735.2288208007812,0.000354566378518939
5502,110.04,bwt,2,0.6738088130950928,1009.669677734375,484.82489013671875,1074.5576171875,495.6072998046875,64.887939453125,10.78240966796875,699.6483154296875,0.00033740754588507116
5508,110.16,bwt,2,0.689468264579773,1031.4873046875,482.6495056152344,1099.35107421875,491.26904296875,67.86376953125,8.619537353515625,584.9542846679688,0.0002820960071403533
5508,110.16,petronas,9,0.5472402572631836,1029.8470458984375,314.9549560546875,1313.64794921875,350.0517578125,283.8009033203125,35.0968017578125,9960.50390625,0.0048034838400781155
5514,110.28,bwt,2,0.682497501373291,1042.1168212890625,480.8609313964844,1115.6492919921875,489.3761291503906,73.532470703125,8.51519775390625,626.1435546875,0.00030195966246537864
5520,110.4,bwt,2,0.7300952076911926,1043.993896484375,485.49365234375,1120.2371826171875,495.41766357421875,76.2432861328125,9.92401123046875,756.6392211914062,0.00036489160265773535
5520,110.4,petronas,9,0.7126591801643372,992.6544799804688,296.23907470703125,1287.4073486328125,332.3791809082031,294.75286865234375,36.140106201171875,10652.400390625,0.005137152969837189
5526,110.52,bwt,2,0.6733543276786804,1039.700439453125,480.3399353027344,1117.8580322265625,489.8453674316406,78.1575927734375,9.50543212890625,742.9216918945312,0.0003582762728910893
5526,110.52,petronas,9,0.5289466381072998,952.7218627929688,281.2559814453125,1264.2176513671875,316.8278503417969,311.49578857421875,35.571868896484375,11080.4873046875,0.005343599244952202
5526,110.52,bwt,2,0.5088096261024475,952.7218627929688,281.2559814453125,1264.2176513671875,316.8278503417969,311.49578857421875,35.571868896484375,11080.4873046875,0.005343599244952202
5532,110.64,petronas,9,0.8091814517974854,928.7872924804688,261.5367736816406,1261.9515380859375,300.0199890136719,333.16424560546875,38.48321533203125,12821.2314453125,0.0061830785125494
5532,110.64,bwt,2,0.7074680924415588,1035.0804443359375,470.8104248046875,1117.041015625,482.8727111816406,81.9605712890625,12.062286376953125,988.6318969726562,0.0004767707723658532
5538,110.76,petronas,9,0.7821925282478333,909.8076782226562,238.11026000976562,1246.8746337890625,272.88299560546875,337.06695556640625,34.772735595703125,11720.740234375,0.005652362946420908
5538,110.76,bwt,2,0.5248321890830994,1031.11181640625,458.7113037109375,1118.3070068359375,470.7906494140625,87.1951904296875,12.079345703125,1053.2608642578125,0.0005079383263364434
5538,110.76,bwt,2,0.4587983191013336,1042.566162109375,423.6948547363281,1114.5726318359375,431.83294677734375,72.0064697265625,8.138092041015625,585.9953002929688,0.000282598048215732
5538,110.76,bwt,2,0.4050009846687317,1033.078369140625,513.8900756835938,1109.168701171875,524.59228515625,76.09033203125,10.70220947265625,814.3346557617188,0.000392715388443321
5544,110.88,petronas,9,0.5832768082618713,856.67529296875,212.1824493408203,1223.9951171875,247.69097900390625,367.31982421875,35.50852966308594,13042.9873046875,0.006290020886808634
5544,110.88,bwt,2,0.5766456723213196,1030.258544921875,445.6298522949219,1122.7332763671875,458.23699951171875,92.4747314453125,12.607147216796875,1165.842529296875,0.0005622311728075147
5550,111.0,bwt,2,0.5112085342407227,1028.1851806640625,435.79083251953125,1123.361572265625,446.66241455078125,95.1763916015625,10.87158203125,1034.7178955078125,0.0004989958833903074
5550,111.0,bwt,2,0.49151766300201416,1040.8603515625,398.1103820800781,1122.64599609375,408.9517517089844,81.78564453125,10.84136962890625,886.6683959960938,0.0004275985702406615
5550,111.0,bwt,2,0.46014317870140076,1055.3604736328125,526.4971923828125,1130.2275390625,535.162353515625,74.8670654296875,8.6651611328125,648.7351684570312,0.0003128545358777046
5556,111.12,bwt,2,0.5746486186981201,1028.7835693359375,427.722900390625,1127.135498046875,442.8739318847656,98.3519287109375,15.151031494140625,1490.1331787109375,0.0007186213042587042
5556,111.12,bwt,2,0.45459651947021484,1053.269287109375,520.3197021484375,1135.58935546875,531.8460083007812,82.320068359375,11.52630615234375,948.8463134765625,0.0004575840721372515
5562,111.24,bwt,2,0.7356248497962952,1011.5121459960938,419.2525329589844,1114.6422119140625,436.69287109375,103.13006591796875,17.440338134765625,1798.6231689453125,0.0008673915872350335
5562,111.24,bwt,2,0.5844029784202576,1044.1231689453125,516.5234985351562,1125.6885986328125,527.4398803710938,81.5654296875,10.9163818359375,890.3993530273438,0.0004293978272471577
5568,111.36,bwt,2,0.6529125571250916,982.6177368164062,409.3907165527344,1088.4525146484375,427.0307312011719,105.83477783203125,17.6400146484375,1866.927001953125,0.0009003313025459647
5568,111.36,bwt,2,0.541624903678894,1017.8819580078125,509.6607666015625,1103.62353515625,520.7826538085938,85.7415771484375,11.12188720703125,953.608154296875,0.0004598804807756096
5568,111.36,bwt,2,0.4828983545303345,991.887451171875,369.8386535644531,1071.5582275390625,387.40643310546875,79.6707763671875,17.567779541015625,1399.638671875,0.0006749800522811711
5574,111.48,bwt,2,0.7006422281265259,963.2673950195312,395.6749267578125,1072.966552734375,415.3190002441406,109.69915771484375,19.644073486328125,2154.938232421875,0.0010392256081104279
5574,111.48,bwt,2,0.42120280861854553,1009.257080078125,499.99169921875,1089.992431640625,513.664794921875,80.7353515625,13.673095703125,1103.9022216796875,0.0005323602817952633
5574,111.48,bwt,2,0.4084654748439789,1023.70263671875,527.0335083007812,1091.27490234375,550.8084716796875,67.572265625,23.77496337890625,1606.5281982421875,0.0007747531635686755
5580,111.6,bwt,2,0.7096070647239685,1038.4886474609375,515.4357299804688,1114.4508056640625,533.7822875976562,75.962158203125,18.3465576171875,1393.6441650390625,0.0006720892270095646
5580,111.6,bwt,2,0.6634225845336914,976.557861328125,373.56451416015625,1087.5882568359375,395.6970520019531,111.0303955078125,22.132537841796875,2457.384521484375,0.001185081317089498
5580,111.6,bwt,2,0.5055570602416992,1028.81494140625,477.40826416015625,1112.6383056640625,492.6146240234375,83.8233642578125,15.20635986328125,1274.648193359375,0.000614703050814569
5580,111.6,bwt,2,0.4917561113834381,976.32568359375,334.83734130859375,1056.764404296875,348.7613525390625,80.438720703125,13.92401123046875,1120.0296630859375,0.0005401377566158772
5580,111.6,bwt,2,0.40887123346328735,594.16455078125,99.31149291992188,765.5535278320312,140.1984100341797,171.38897705078125,40.88691711425781,7007.56689453125,0.003379420842975378
5586,111.72,bwt,2,0.7302048206329346,1012.9849853515625,364.5133056640625,1118.042236328125,380.44647216796875,105.0572509765625,15.93316650390625,1673.8946533203125,0.0008072408381849527
5586,111.72,bwt,2,0.6840784549713135,572.2264404296875,75.57785034179688,837.7796020507812,144.89276123046875,265.55316162109375,69.31491088867188,18406.79296875,0.008876732550561428
5586,111.72,bwt,2,0.5759989023208618,1076.0640869140625,502.9140930175781,1155.873291015625,524.6246948242188,79.8092041015625,21.710601806640625,1732.705810546875,0.0008356027537956834
5586,111.72,bwt,2,0.5187985301017761,1061.3946533203125,465.4112243652344,1149.5810546875,483.6378479003906,88.1864013671875,18.22662353515625,1607.34033203125,0.0007751448429189622
5592,111.84,bwt,2,0.7599907517433167,1124.196533203125,498.8396301269531,1202.912353515625,521.1660766601562,78.7158203125,22.326446533203125,1757.444580078125,0.0008475330541841686
5592,111.84,bwt,2,0.7581143379211426,1043.5416259765625,351.92755126953125,1149.00830078125,374.50445556640625,105.4666748046875,22.576904296875,2381.111083984375,0.0011482981499284506
5598,111.96,bwt,2,0.839402437210083,1137.0452880859375,492.4150085449219,1215.4390869140625,516.84130859375,78.393798828125,24.426300048828125,1914.8704833984375,0.0009234522003680468
5598,111.96,bwt,2,0.7545686364173889,1040.858642578125,339.2147216796875,1152.4866943359375,364.4933776855469,111.6280517578125,25.278656005859375,2821.80712890625,0.00136082514654845
5598,111.96,bwt,2,0.4467882812023163,491.5342712402344,41.70588684082031,816.389892578125,111.93557739257812,324.8556213378906,70.22969055175781,22814.509765625,0.011002367362380028
5604,112.08,bwt,2,0.8316261768341064,1132.024169921875,495.53851318359375,1210.8675537109375,517.2142333984375,78.8433837890625,21.67572021484375,1708.9871826171875,0.0008241643663495779
5604,112.08,bwt,2,0.8069688081741333,1024.4569091796875,339.3119201660156,1135.9393310546875,360.83837890625,111.482421875,21.526458740234375,2399.82177734375,0.0011573215015232563
5604,112.08,bwt,2,0.5161212682723999,412.5763854980469,31.261188507080078,749.9417114257812,77.72648620605469,337.3653259277344,46.46529769897461,15675.7802734375,0.007559693418443203
5610,112.2,bwt,2,0.8393309116363525,1095.829833984375,502.072021484375,1181.7618408203125,528.895751953125,85.9320068359375,26.82373046875,2305.01708984375,0.0011116015957668424
5610,112.2,bwt,2,0.7930117249488831,971.246826171875,344.56854248046875,1091.4818115234375,368.1266784667969,120.2349853515625,23.558135986328125,2832.51220703125,0.0013659877004101872
5610,112.2,bwt,2,0.4300919473171234,1068.2130126953125,463.3594970703125,1163.6661376953125,477.95806884765625,95.453125,14.59857177734375,1393.479248046875,0.0006720096571370959
5616,112.32,bwt,2,0.8582371473312378,1099.5023193359375,499.4028625488281,1180.24609375,526.0614624023438,80.7437744140625,26.658599853515625,2152.515869140625,0.0010380573803558946
5616,112.32,bwt,2,0.7191396355628967,1056.854248046875,463.0576477050781,1156.8746337890625,478.6715087890625,100.0203857421875,15.613861083984375,1561.7044677734375,0.0007531368173658848
5616,112.32,bwt,2,0.6523857712745667,931.79443359375,340.7221374511719,1068.0963134765625,364.2820129394531,136.3018798828125,23.55987548828125,3211.25537109375,0.001548637868836522
5616,112.32,bwt,2,0.4142278730869293,909.4284057617188,296.1385498046875,989.2947998046875,316.34722900390625,79.86639404296875,20.20867919921875,1613.994384765625,0.0007783537730574608
5622,112.44,bwt,2,0.8716354966163635,1122.1131591796875,500.76751708984375,1205.236572265625,527.20947265625,83.1234130859375,26.44195556640625,2197.945556640625,0.0010599660454317927
5622,112.44,bwt,2,0.6537761092185974,955.3809814453125,344.44744873046875,1072.8448486328125,363.5818786621094,117.4638671875,19.134429931640625,2247.604248046875,0.0010839140741154552
5622,112.44,bwt,2,0.6506794691085815,902.1383666992188,293.8404846191406,991.8690185546875,316.23583984375,89.73065185546875,22.395355224609375,2009.5498046875,0.0009691115701571107
5628,112.56,bwt,2,0.7918242812156677,1139.581787109375,505.9051818847656,1218.283935546875,528.2601928710938,78.7021484375,22.355010986328125,1759.387451171875,0.0008484700229018927
5628,112.56,bwt,2,0.5940032601356506,1108.5225830078125,469.84088134765625,1194.4801025390625,481.9596862792969,85.95751953125,12.118804931640625,1041.702392578125,0.000502364186104387
5628,112.56,bwt,2,0.5196929574012756,879.5928344726562,294.939208984375,977.9954833984375,321.39141845703125,98.40264892578125,26.45220947265625,2602.967529296875,0.0012552890693768859
5634,112.68,bwt,2,0.7391056418418884,992.333251953125,366.67498779296875,1094.501220703125,387.3031921386719,102.16796875,20.628204345703125,2107.541748046875,0.0010163685074076056
5634,112.68,bwt,2,0.4007183313369751,919.9165649414062,324.9972229003906,1003.50048828125,342.1612548828125,83.58392333984375,17.164031982421875,1434.6370849609375,0.0006918581784702837
5640,112.8,bwt,2,0.7146928906440735,1048.102783203125,394.89276123046875,1155.189697265625,412.4607238769531,107.0869140625,17.567962646484375,1881.2989501953125,0.0009072622051462531
5646,112.92,bwt,2,0.8467786908149719,1113.7557373046875,428.3099670410156,1232.5247802734375,448.4985656738281,118.76904296875,20.1885986328125,2397.780517578125,0.0011563370935618877
5652,113.04,bwt,2,0.7989515066146851,1234.077392578125,460.8308410644531,1325.82373046875,479.388671875,91.746337890625,18.557830810546875,1702.613037109375,0.0008210904197767377
5664,113.28,bwt,2,0.8580901026725769,334.57696533203125,469.1153564453125,638.096435546875,612.6098022460938,303.51947021484375,143.49444580078125,43553.359375,0.021003741770982742
5670,113.4,bwt,2,0.5104074478149414,331.4894714355469,515.8820190429688,782.3565673828125,665.2352294921875,450.8670959472656,149.35321044921875,67338.4453125,0.03247417137026787
5688,113.76,kick,5,0.505508303642273,1063.1474609375,497.5469055175781,1175.340087890625,552.4459838867188,112.192626953125,54.899078369140625,6159.27197265625,0.0029703278560191393
5736,114.72,bwt,2,0.8098767399787903,916.0169067382812,631.8206787109375,1035.757568359375,666.4246826171875,119.74066162109375,34.60400390625,4143.50634765625,0.001998218707740307
5736,114.72,bwt,2,0.8060872554779053,1147.2255859375,634.4606323242188,1265.5726318359375,667.3230590820312,118.3470458984375,32.8624267578125,3889.171142578125,0.0018755648052319884
5736,114.72,bwt,2,0.5590514540672302,1118.1370849609375,530.2723999023438,1200.375244140625,554.8010864257812,82.2381591796875,24.5286865234375,2017.1939697265625,0.0009727980359457433
5742,114.84,bwt,2,0.8328369855880737,1111.1136474609375,529.5965576171875,1203.857666015625,556.7388916015625,92.7440185546875,27.142333984375,2517.2890625,0.0012139704776927829
5742,114.84,bwt,2,0.8303977251052856,1140.343017578125,633.70654296875,1269.6051025390625,671.4603881835938,129.2620849609375,37.75384521484375,4880.140625,0.0023534628562629223
5742,114.84,bwt,2,0.8121216893196106,913.5557861328125,631.8829345703125,1039.423828125,667.4254760742188,125.8680419921875,35.54254150390625,4473.669921875,0.002157441107556224
5742,114.84,oracle,8,0.6050223112106323,987.0203247070312,143.13833618164062,1110.804443359375,158.39378356933594,123.78411865234375,15.255447387695312,1888.382080078125,0.000910678063519299
5748,114.96,bwt,2,0.8524107336997986,1114.5472412109375,530.22412109375,1203.6412353515625,556.5621948242188,89.093994140625,26.33807373046875,2346.564208984375,0.0011316378368064761
5748,114.96,bwt,2,0.8514621257781982,1140.6309814453125,633.89404296875,1271.97509765625,669.4889526367188,131.3441162109375,35.59490966796875,4675.18212890625,0.0022546211257576942
5748,114.96,bwt,2,0.8463108539581299,914.2304077148438,632.0599975585938,1040.59814453125,666.8861694335938,126.36773681640625,34.826171875,4400.904296875,0.0021223495714366436
5754,115.08,bwt,2,0.8477367162704468,1114.20263671875,529.9490356445312,1203.9364013671875,556.460205078125,89.7337646484375,26.51116943359375,2378.947021484375,0.0011472544865682721
5754,115.08,bwt,2,0.8410151600837708,1140.2769775390625,633.98388671875,1272.5145263671875,670.09716796875,132.237548828125,36.11328125,4775.53173828125,0.002303014975041151
5754,115.08,bwt,2,0.8289669156074524,913.6701049804688,632.419189453125,1038.916259765625,667.4306640625,125.24615478515625,35.011474609375,4385.052734375,0.0021147052757441998
5760,115.2,bwt,2,0.8214017152786255,1115.3638916015625,529.8871459960938,1203.7633056640625,556.1069946289062,88.3994140625,26.2198486328125,2317.8193359375,0.001117775565944612
5760,115.2,bwt,2,0.8118081092834473,1140.1331787109375,633.8594360351562,1272.286865234375,670.0671997070312,132.1536865234375,36.207763671875,4784.9892578125,0.0023075758945196867
5760,115.2,bwt,2,0.8063035011291504,914.13720703125,632.449462890625,1038.9444580078125,667.2401123046875,124.8072509765625,34.7906494140625,4342.12548828125,0.0020940033718943596
5766,115.32,bwt,2,0.820004940032959,1140.396240234375,634.1016845703125,1272.4786376953125,669.9567260742188,132.0823974609375,35.85504150390625,4735.81982421875,0.0022838637232780457
5766,115.32,bwt,2,0.8074667453765869,914.6781005859375,632.882080078125,1039.2152099609375,666.6353149414062,124.537109375,33.75323486328125,4203.5302734375,0.002027165377512574
5766,115.32,bwt,2,0.7778293490409851,1113.44970703125,529.9830322265625,1203.27392578125,556.3018188476562,89.82421875,26.31878662109375,2364.064453125,0.0011400773655623198
5772,115.44,bwt,2,0.8608452081680298,1139.8182373046875,633.8436279296875,1272.668212890625,668.7620239257812,132.8499755859375,34.91839599609375,4638.908203125,0.002237127861008048
5772,115.44,bwt,2,0.8479940295219421,913.98876953125,632.5241088867188,1040.585693359375,666.434814453125,126.596923828125,33.91070556640625,4292.9912109375,0.0020703081972897053
5772,115.44,bwt,2,0.7603002786636353,1114.77490234375,530.2422485351562,1203.886474609375,556.2296752929688,89.111572265625,25.9874267578125,2315.780517578125,0.0011167923221364617
5778,115.56,bwt,2,0.9072492718696594,1139.0435791015625,633.6072387695312,1270.926513671875,669.7293701171875,131.8829345703125,36.12213134765625,4763.892578125,0.0022974018938839436
5778,115.56,bwt,2,0.8913904428482056,914.15478515625,632.6522216796875,1038.931640625,666.4356689453125,124.77685546875,33.783447265625,4215.39208984375,0.002032885793596506
5778,115.56,bwt,2,0.7847480177879333,1115.0927734375,530.0028076171875,1203.2584228515625,556.9232177734375,88.1656494140625,26.92041015625,2373.455322265625,0.0011446061544120312
5784,115.68,bwt,2,0.8992348909378052,1138.4267578125,634.0374145507812,1272.3814697265625,670.2479858398438,133.9547119140625,36.2105712890625,4850.57666015625,0.0023392054717987776
5784,115.68,bwt,2,0.8515985012054443,914.291748046875,632.7777099609375,1038.927001953125,665.9830322265625,124.63525390625,33.205322265625,4138.5537109375,0.0019958303309977055
5784,115.68,bwt,2,0.8438467383384705,1114.2901611328125,529.8938598632812,1203.3863525390625,557.1474609375,89.09619140625,27.25360107421875,2428.192138671875,0.001171003095805645
5784,115.68,oracle,8,0.5315474271774292,968.9427490234375,138.70733642578125,1091.3489990234375,154.5973663330078,122.40625,15.890029907226562,1945.0389404296875,0.0009380010305903852
5790,115.8,bwt,2,0.8916099667549133,1138.3681640625,633.5261840820312,1271.4998779296875,669.71875,133.1317138671875,36.19256591796875,4818.37841796875,0.0023236777633428574
5790,115.8,bwt,2,0.8470595479011536,915.1353759765625,632.3851318359375,1039.2738037109375,666.0064086914062,124.138427734375,33.62127685546875,4173.6923828125,0.0020127759780734777
5790,115.8,bwt,2,0.8317922353744507,1115.0545654296875,529.4605102539062,1202.2952880859375,556.6990966796875,87.24072265625,27.23858642578125,2376.31396484375,0.0011459847446531057
5796,115.92,bwt,2,0.9070758819580078,1136.9796142578125,633.3339233398438,1271.4295654296875,669.7921142578125,134.449951171875,36.45819091796875,4901.8017578125,0.002363909035921097
5796,115.92,bwt,2,0.8740755319595337,913.86279296875,632.6699829101562,1038.7647705078125,665.9735107421875,124.9019775390625,33.30352783203125,4159.67626953125,0.0020060166716575623
5796,115.92,bwt,2,0.8586718440055847,1112.7706298828125,529.6150512695312,1202.223388671875,556.5074462890625,89.4527587890625,26.89239501953125,2405.598876953125,0.0011601074365898967
5796,115.92,oracle,8,0.6082687973976135,932.5594482421875,139.6968536376953,1052.6226806640625,154.45079040527344,120.063232421875,14.753936767578125,1771.4053955078125,0.0008542657014913857
5802,116.04,bwt,2,0.9059500098228455,1137.863525390625,633.052001953125,1271.03515625,669.9618530273438,133.171630859375,36.90985107421875,4915.34521484375,0.002370440401136875
5802,116.04,bwt,2,0.8827318549156189,914.0352172851562,633.328369140625,1039.5372314453125,666.7167358398438,125.50201416015625,33.38836669921875,4190.30712890625,0.002020788611844182
5802,116.04,bwt,2,0.8675341010093689,1115.8436279296875,529.52490234375,1200.857177734375,556.294921875,85.0135498046875,26.77001953125,2275.814453125,0.0010975186014547944
5802,116.04,oracle,8,0.6376016736030579,912.7869873046875,134.1712188720703,1039.2039794921875,148.68649291992188,126.4169921875,14.515274047851562,1834.977294921875,0.0008849234436638653
5808,116.16,bwt,2,0.900427520275116,1137.5592041015625,633.8201293945312,1268.312744140625,669.3624267578125,130.7535400390625,35.54229736328125,4647.28125,0.0022411656100302935
5808,116.16,bwt,2,0.875646710395813,913.77880859375,633.05224609375,1039.176025390625,666.315673828125,125.397216796875,33.263427734375,4171.14111328125,0.0020115457009524107
5808,116.16,bwt,2,0.8715956807136536,1114.7568359375,529.462158203125,1202.1109619140625,556.1469116210938,87.3541259765625,26.68475341796875,2331.023193359375,0.0011241431348025799
5814,116.28,bwt,2,0.869807243347168,913.1610717773438,632.8939819335938,1039.1702880859375,666.77392578125,126.00921630859375,33.87994384765625,4269.18505859375,0.0020588277839124203
5814,116.28,bwt,2,0.8639122843742371,1118.5869140625,529.912841796875,1199.307861328125,555.2310791015625,80.720947265625,25.3182373046875,2043.712158203125,0.0009855865500867367
5814,116.28,bwt,2,0.8555966019630432,1132.553955078125,632.8876342773438,1255.018310546875,666.2003784179688,122.46435546875,33.312744140625,4079.623779296875,0.001967411255463958
5820,116.4,bwt,2,0.8659353852272034,1113.630126953125,530.1932373046875,1199.76953125,555.4447021484375,86.139404296875,25.25146484375,2175.146240234375,0.0010489709675312042
5820,116.4,bwt,2,0.8237679600715637,912.6693115234375,632.3568725585938,1040.248046875,666.8318481445312,127.5787353515625,34.4749755859375,4398.27392578125,0.0021210811100900173
5820,116.4,oracle,8,0.6876534223556519,892.710205078125,135.9671630859375,1007.2459106445312,147.35812377929688,114.53570556640625,11.390960693359375,1304.6717529296875,0.0006291819736361504
5826,116.52,bwt,2,0.877954363822937,1102.044921875,530.0142822265625,1201.4071044921875,555.567138671875,99.3621826171875,25.5528564453125,2538.987548828125,0.0012244345853105187
5826,116.52,oracle,8,0.554173469543457,878.3010864257812,140.34011840820312,988.1566162109375,152.62167358398438,109.85552978515625,12.28155517578125,1349.19677734375,0.0006506543140858412
5832,116.64,bwt,2,0.8000779747962952,1103.2454833984375,529.5648193359375,1201.4417724609375,556.26171875,98.1962890625,26.6968994140625,2621.536376953125,0.0012642439687624574
5832,116.64,oracle,8,0.600590705871582,888.099853515625,134.85086059570312,1001.9307861328125,145.9452667236328,113.8309326171875,11.094406127929688,1262.8865966796875,0.0006090309470891953
5832,116.64,bwt,2,0.5042392015457153,913.183349609375,632.8515625,1037.7255859375,667.1353759765625,124.542236328125,34.2838134765625,4269.78271484375,0.00205911579541862
5838,116.76,bwt,2,0.7486726641654968,1112.4993896484375,530.1710205078125,1200.6678466796875,555.30224609375,88.16845703125,25.1312255859375,2215.781494140625,0.0010685675079002976
5838,116.76,oracle,8,0.5268971920013428,897.3504638671875,140.7852020263672,1008.268310546875,153.57174682617188,110.9178466796875,12.786544799804688,1418.2559814453125,0.0006839583511464298
5838,116.76,bwt,2,0.5142195224761963,913.0586547851562,632.4248657226562,1038.5130615234375,666.8677368164062,125.45440673828125,34.44287109375,4321.009765625,0.002083820290863514
5844,116.88,bwt,2,0.7638006806373596,1102.47705078125,529.0419921875,1202.2359619140625,556.45458984375,99.7589111328125,27.41259765625,2734.65087890625,0.0013187938602641225
5844,116.88,oracle,8,0.5666057467460632,906.7210693359375,131.81297302246094,1020.0835571289062,143.74508666992188,113.36248779296875,11.932113647460938,1352.654052734375,0.0006523216143250465
5844,116.88,bwt,2,0.4634888172149658,912.3865966796875,631.824462890625,1038.047607421875,666.8814697265625,125.6610107421875,35.0570068359375,4405.298828125,0.0021244690287858248
5850,117.0,bwt,2,0.8203881978988647,1109.18896484375,529.484375,1202.7545166015625,556.6725463867188,93.5655517578125,27.18817138671875,2543.876220703125,0.001226792111992836
5850,117.0,oracle,8,0.7777566313743591,919.351806640625,138.36318969726562,1041.8128662109375,152.33953857421875,122.4610595703125,13.976348876953125,1711.5584716796875,0.0008254043641500175
5850,117.0,bwt,2,0.5713398456573486,913.0760498046875,632.2236938476562,1039.1339111328125,666.8307495117188,126.057861328125,34.6070556640625,4362.4912109375,0.0021038248669356108
5850,117.0,bwt,2,0.4665864109992981,1075.398193359375,783.8450927734375,1213.188720703125,855.754150390625,137.79052734375,71.9090576171875,9908.38671875,0.0047783502377569675
5850,117.0,bwt,2,0.43782418966293335,1133.51806640625,632.5437622070312,1269.265380859375,670.8109130859375,135.747314453125,38.26715087890625,5194.6630859375,0.002505142241716385
5856,117.12,bwt,2,0.843889057636261,1110.394775390625,529.6903686523438,1203.0706787109375,556.4889526367188,92.6759033203125,26.798583984375,2483.5830078125,0.0011977155227214098
5856,117.12,oracle,8,0.7260305881500244,932.2062377929688,133.5800018310547,1042.6485595703125,147.03131103515625,110.44232177734375,13.451309204101562,1485.5938720703125,0.0007164322305470705
5856,117.12,bwt,2,0.64410400390625,1135.2584228515625,632.2670288085938,1270.9951171875,671.5988159179688,135.7366943359375,39.331787109375,5338.7666015625,0.0025746366009116173
5856,117.12,bwt,2,0.6293404698371887,913.9832153320312,631.838623046875,1040.674560546875,667.0493774414062,126.69134521484375,35.21075439453125,4460.89794921875,0.0021512818057090044
5856,117.12,bwt,2,0.6284878253936768,1077.8990478515625,776.3524780273438,1217.54443359375,865.4482421875,139.6453857421875,89.09576416015625,12441.8125,0.006000102497637272
5862,117.24,bwt,2,0.8365829586982727,1114.8800048828125,529.9788818359375,1203.22314453125,556.770751953125,88.3431396484375,26.7918701171875,2366.8779296875,0.0011414341861382127
5862,117.24,bwt,2,0.6954004764556885,913.4779052734375,631.6224975585938,1039.9630126953125,667.6326293945312,126.485107421875,36.0101318359375,4554.74560546875,0.0021965401247143745
5862,117.24,bwt,2,0.6291331052780151,1135.328857421875,632.68212890625,1269.8763427734375,671.6011962890625,134.5474853515625,38.9190673828125,5236.462890625,0.0025253004860132933
5868,117.36,bwt,2,0.8554897308349609,1113.1632080078125,530.12451171875,1203.344482421875,556.3046264648438,90.1812744140625,26.18011474609375,2360.9560546875,0.0011385784018784761
5868,117.36,bwt,2,0.7441914677619934,913.2210693359375,632.2383422851562,1039.10302734375,667.7919311523438,125.8819580078125,35.5535888671875,4475.55517578125,0.0021583503112196922
5868,117.36,bwt,2,0.6041348576545715,1134.5174560546875,633.0187377929688,1270.4677734375,671.3138427734375,135.9503173828125,38.29510498046875,5206.2314453125,0.0025107210967689753
5874,117.48,bwt,2,0.8654736876487732,1115.7589111328125,530.3297119140625,1203.6824951171875,556.2156372070312,87.923583984375,25.88592529296875,2275.9833984375,0.0010975999757647514
5874,117.48,bwt,2,0.7626782655715942,913.6776733398438,631.5265502929688,1039.94970703125,667.2070922851562,126.27203369140625,35.6805419921875,4505.45458984375,0.0021727692801505327
5874,117.48,bwt,2,0.7246620059013367,1136.12451171875,632.95458984375,1270.6710205078125,671.3714599609375,134.5465087890625,38.4168701171875,5168.85595703125,0.0024926967453211546
5880,117.6,bwt,2,0.8593665957450867,1112.717041015625,529.5601196289062,1203.1287841796875,555.4353637695312,90.4117431640625,25.875244140625,2339.426025390625,0.0011281954357400537
5880,117.6,bwt,2,0.785270631313324,1135.0076904296875,632.9244995117188,1270.937255859375,670.5556640625,135.9295654296875,37.63116455078125,5115.18798828125,0.0024668152909725904
5880,117.6,bwt,2,0.7672160267829895,914.1768798828125,632.4214477539062,1039.2178955078125,667.1774291992188,125.041015625,34.7559814453125,4345.92333984375,0.0020958350505679846
5886,117.72,bwt,2,0.8607956767082214,1112.84130859375,530.4656982421875,1203.4300537109375,555.654541015625,90.5887451171875,25.1888427734375,2281.82568359375,0.001100417459383607
5886,117.72,bwt,2,0.7873329520225525,1134.89599609375,633.0384521484375,1270.295166015625,669.170654296875,135.399169921875,36.1322021484375,4892.27001953125,0.0023593122605234385
5886,117.72,bwt,2,0.7643568515777588,914.364013671875,632.8596801757812,1039.0914306640625,666.66943359375,124.7274169921875,33.80975341796875,4217.00341796875,0.0020336629822850227
5892,117.84,bwt,2,0.8231304287910461,1112.6832275390625,529.5387573242188,1204.0557861328125,556.1181030273438,91.37255859375,26.579345703125,2428.622802734375,0.001171210897155106
5892,117.84,bwt,2,0.7836923599243164,1134.2835693359375,631.7968139648438,1270.6749267578125,669.6736450195312,136.391357421875,37.8768310546875,5166.072265625,0.0024913542438298464
5892,117.84,bwt,2,0.7583169937133789,913.8092041015625,632.4232177734375,1040.2296142578125,667.0493774414062,126.42041015625,34.62615966796875,4377.453125,0.002111040288582444
5892,117.84,oracle,8,0.41798341274261475,929.5244140625,140.13650512695312,1043.2852783203125,150.87977600097656,113.7608642578125,10.743270874023438,1222.163818359375,0.0005893922643736005
5898,117.96,bwt,2,0.8473984003067017,1111.358642578125,529.9871826171875,1203.9129638671875,555.6107177734375,92.5543212890625,25.62353515625,2371.56884765625,0.0011436963686719537
5898,117.96,bwt,2,0.7514767050743103,1135.7435302734375,632.5828247070312,1270.1534423828125,669.9891967773438,134.409912109375,37.4063720703125,5027.787109375,0.0024246659595519304
5898,117.96,bwt,2,0.7015839219093323,914.29833984375,632.6590576171875,1039.2845458984375,666.9110107421875,124.9862060546875,34.251953125,4281.021484375,0.0020645358599722385
5904,118.08,bwt,2,0.8175820112228394,1113.1463623046875,530.206298828125,1202.748291015625,556.1486206054688,89.6019287109375,25.94232177734375,2324.482177734375,0.0011209887452423573
5904,118.08,bwt,2,0.6674607992172241,914.4219970703125,632.699462890625,1039.2716064453125,666.7979736328125,124.849609375,34.0985107421875,4257.185546875,0.0020530407782644033
5904,118.08,oracle,8,0.6296296119689941,912.6983642578125,142.44346618652344,1033.9405517578125,155.4623260498047,121.2421875,13.01885986328125,1578.43505859375,0.0007612051558680832
5904,118.08,bwt,2,0.603002667427063,1134.6397705078125,632.68017578125,1270.4599609375,669.0621337890625,135.8201904296875,36.3819580078125,4941.404296875,0.0023830074351280928
5910,118.2,bwt,2,0.8332586288452148,1111.0167236328125,529.4544067382812,1203.2728271484375,555.6752319335938,92.256103515625,26.2208251953125,2419.03125,0.0011665852507576346
5910,118.2,bwt,2,0.754367470741272,1135.4476318359375,632.2941284179688,1270.314453125,669.0421142578125,134.8668212890625,36.74798583984375,4956.083984375,0.0023900868836790323
5910,118.2,bwt,2,0.6917144656181335,914.6439819335938,632.3241577148438,1039.088134765625,666.3726196289062,124.44415283203125,34.0484619140625,4237.1318359375,0.002043369924649596
5910,118.2,oracle,8,0.5217288732528687,900.14404296875,134.15435791015625,1022.9487915039062,146.21658325195312,122.80474853515625,12.062225341796875,1481.298583984375,0.0007143607945181429
5916,118.32,bwt,2,0.6727602481842041,1111.8314208984375,529.692138671875,1204.623779296875,554.867919921875,92.7923583984375,25.17578125,2336.1201171875,0.0011266011279076338
5916,118.32,bwt,2,0.6235654950141907,914.2931518554688,630.9053344726562,1044.2550048828125,665.9790649414062,129.96185302734375,35.07373046875,4558.2470703125,0.0021982286125421524
5916,118.32,bwt,2,0.5516819953918457,1133.934326171875,632.7147216796875,1268.6688232421875,667.0282592773438,134.7344970703125,34.31353759765625,4623.21728515625,0.0022295608650892973
5934,118.68,bwt,2,0.7789778113365173,1106.1240234375,534.006103515625,1195.5618896484375,554.822265625,89.4378662109375,20.816162109375,1861.753173828125,0.0008978362311609089
5940,118.8,bwt,2,0.8218445777893066,1089.4127197265625,531.969970703125,1200.9246826171875,555.1064453125,111.511962890625,23.136474609375,2579.99365234375,0.0012442099396139383
5946,118.92,bwt,2,0.799073338508606,1091.2401123046875,529.3011474609375,1201.4783935546875,554.4930419921875,110.23828125,25.19189453125,2777.111083984375,0.0013392703840509057
5952,119.04,bwt,2,0.7235366106033325,1090.188720703125,529.0682373046875,1202.3673095703125,554.9810791015625,112.1785888671875,25.912841796875,2906.865966796875,0.001401845132932067
5952,119.04,bwt,2,0.5805802345275879,916.9100341796875,632.9059448242188,1042.9005126953125,667.942626953125,125.990478515625,35.03668212890625,4414.28857421875,0.00212880433537066
5958,119.16,bwt,2,0.7756066918373108,914.968505859375,631.9503784179688,1043.970947265625,665.5431518554688,129.00244140625,33.5927734375,4333.5498046875,0.0020898678340017796
5958,119.16,bwt,2,0.6873557567596436,1135.23095703125,632.5941162109375,1267.6507568359375,669.0805053710938,132.4197998046875,36.48638916015625,4831.5205078125,0.0023300156462937593
5964,119.28,bwt,2,0.808908998966217,913.7131958007812,631.8990478515625,1040.7303466796875,665.093994140625,127.01715087890625,33.1949462890625,4216.32763671875,0.0020333370193839073
5964,119.28,bwt,2,0.7322189807891846,1134.280517578125,632.4186401367188,1267.5904541015625,668.1934814453125,133.3099365234375,35.77484130859375,4769.1416015625,0.0022999332286417484
5970,119.4,bwt,2,0.8252245187759399,913.7470703125,631.9588012695312,1040.8115234375,665.1099853515625,127.064453125,33.15118408203125,4212.3369140625,0.0020314124412834644
5970,119.4,bwt,2,0.7507790327072144,1135.9473876953125,632.9494018554688,1266.3524169921875,668.8072509765625,130.405029296875,35.85784912109375,4676.0439453125,0.0022550367284566164
5976,119.52,bwt,2,0.8192342519760132,913.6077270507812,632.0453491210938,1041.012451171875,665.0415649414062,127.40472412109375,32.9962158203125,4203.87353515625,0.002027330920100212
5976,119.52,bwt,2,0.7648130655288696,1136.7772216796875,633.495361328125,1268.739990234375,670.0059204101562,131.9627685546875,36.51055908203125,4818.03466796875,0.002323511987924576
5982,119.64,bwt,2,0.8257516026496887,912.700927734375,631.9542236328125,1042.1524658203125,664.9480590820312,129.4515380859375,32.99383544921875,4271.1025390625,0.00205975235439837
5982,119.64,bwt,2,0.7304038405418396,1136.438720703125,632.9161376953125,1266.2406005859375,669.1555786132812,129.8018798828125,36.23944091796875,4703.94775390625,0.0022684934083372355
5982,119.64,oracle,8,0.4356031119823456,745.9486083984375,138.55674743652344,907.5789184570312,153.12571716308594,161.63031005859375,14.5689697265625,2354.787109375,0.0011356034083291888
5988,119.76,bwt,2,0.8412309885025024,913.2899780273438,632.1155395507812,1043.259765625,664.9556884765625,129.96978759765625,32.84014892578125,4268.22705078125,0.0020583656150847673
5988,119.76,bwt,2,0.7708699107170105,1136.2508544921875,632.5869750976562,1270.633056640625,669.3800659179688,134.3822021484375,36.7930908203125,4944.33642578125,0.0023844214156270027
5988,119.76,oracle,8,0.42888280749320984,672.9647216796875,143.62477111816406,848.0325317382812,158.90899658203125,175.06781005859375,15.284225463867188,2675.77587890625,0.0012904012110084295
5994,119.88,oracle,8,0.8552375435829163,657.1715087890625,143.26544189453125,848.2423095703125,163.7726287841797,191.07080078125,20.507186889648438,3918.32470703125,0.0018896241672337055
5994,119.88,bwt,2,0.8165652751922607,913.0750732421875,632.205810546875,1041.7730712890625,665.2408447265625,128.697998046875,33.0350341796875,4251.54296875,0.0020503196865320206
5994,119.88,bwt,2,0.7307119369506836,1134.4825439453125,632.64501953125,1268.2896728515625,669.27197265625,133.80712890625,36.626953125,4900.947265625,0.0023634969256818295
6000,120.0,bwt,2,0.8097410798072815,914.3530883789062,632.2510986328125,1042.69921875,665.4894409179688,128.34613037109375,33.23834228515625,4266.0126953125,0.0020572978537529707
6000,120.0,bwt,2,0.6958493590354919,1135.78125,632.7150268554688,1270.8377685546875,669.0590209960938,135.0565185546875,36.343994140625,4908.4931640625,0.0023671360686421394
6000,120.0,oracle,8,0.6648898720741272,702.3338012695312,150.6667938232422,860.4959716796875,172.7326202392578,158.16217041015625,22.065826416015625,3489.97900390625,0.001683053094893694
6006,120.12,bwt,2,0.8298675417900085,914.70703125,632.4131469726562,1042.80126953125,665.52197265625,128.09423828125,33.10882568359375,4241.0498046875,0.0020452593453228474
6006,120.12,bwt,2,0.765155017375946,1135.853515625,633.0344848632812,1271.9168701171875,669.17529296875,136.0633544921875,36.14080810546875,4917.439453125,0.0023714504204690456
6012,120.24,bwt,2,0.8010659217834473,911.6959228515625,632.1768798828125,1040.46484375,665.4315795898438,128.7689208984375,33.25469970703125,4282.171875,0.0020650906953960657
6012,120.24,bwt,2,0.692933201789856,1133.9874267578125,632.83740234375,1267.19873046875,669.0614013671875,133.2113037109375,36.2239990234375,4825.4462890625,0.00232708640396595
6012,120.24,oracle,8,0.4427163898944855,564.2884521484375,154.64971923828125,810.495849609375,185.151611328125,246.2073974609375,30.50189208984375,7509.79150390625,0.003621620126068592
6018,120.36,bwt,2,0.7974779009819031,912.0007934570312,632.1322631835938,1042.8990478515625,665.1390380859375,130.89825439453125,33.00677490234375,4320.529296875,0.0020835886243730783
6018,120.36,bwt,2,0.6507062911987305,1135.8538818359375,632.708251953125,1270.31103515625,669.0153198242188,134.4571533203125,36.30706787109375,4881.7451171875,0.002354236552491784
6018,120.36,oracle,8,0.44751182198524475,448.596923828125,156.61334228515625,743.0711669921875,198.0382080078125,294.4742431640625,41.42486572265625,12198.5556640625,0.005882791243493557
6024,120.48,oracle,8,0.9352042078971863,345.85595703125,167.3717041015625,669.1737670898438,227.21697998046875,323.31781005859375,59.84527587890625,19349.04296875,0.009331136010587215
6024,120.48,bwt,2,0.8054236173629761,913.9420166015625,632.5759887695312,1043.6278076171875,665.475341796875,129.685791015625,32.89935302734375,4266.57861328125,0.002057570731267333
6024,120.48,bwt,2,0.6628344655036926,1135.7088623046875,632.7863159179688,1271.321044921875,669.9212646484375,135.6121826171875,37.13494873046875,5035.95166015625,0.0024286031257361174
6030,120.6,oracle,8,0.9145231246948242,185.72764587402344,179.9701385498047,552.1954345703125,250.0125732421875,366.4677734375,70.04243469238281,25668.294921875,0.012378614395856857
6030,120.6,bwt,2,0.8161273002624512,911.795654296875,632.2200927734375,1040.6710205078125,665.504150390625,128.8753662109375,33.2840576171875,4289.4951171875,0.0020686222705990076
6030,120.6,bwt,2,0.679862916469574,1131.9188232421875,632.5734252929688,1267.9044189453125,669.3554077148438,135.985595703125,36.781982421875,5001.81982421875,0.002412143163383007
6036,120.72,bwt,2,0.7989308834075928,912.8438110351562,631.8046264648438,1043.9979248046875,665.7603759765625,131.15411376953125,33.95574951171875,4453.43603515625,0.00214768317528069
6036,120.72,bwt,2,0.6875678300857544,1137.1204833984375,632.4782104492188,1271.677490234375,669.8050537109375,134.5570068359375,37.32684326171875,5022.58837890625,0.0024221588391810656
6042,120.84,bwt,2,0.8132585287094116,915.0128784179688,631.589599609375,1043.8638916015625,665.4154663085938,128.85101318359375,33.82586669921875,4358.4970703125,0.0021018986590206623
6042,120.84,bwt,2,0.7855403423309326,1137.0166015625,630.9296264648438,1273.8876953125,668.9331665039062,136.87109375,38.0035400390625,5201.5859375,0.0025084808003157377
6048,120.96,bwt,2,0.740965723991394,910.7172241210938,632.6843872070312,1042.608642578125,666.3677368164062,131.89141845703125,33.683349609375,4442.544921875,0.002142430981621146
6048,120.96,bwt,2,0.6772854328155518,1134.2154541015625,633.9515380859375,1268.7587890625,670.7908935546875,134.5433349609375,36.83935546875,4956.48974609375,0.0023902824614197016
6054,121.08,bwt,2,0.7846217155456543,912.19482421875,632.744140625,1042.74072265625,665.7064819335938,130.5458984375,32.96234130859375,4303.0986328125,0.002075182506814599
6054,121.08,bwt,2,0.7226470708847046,1134.9632568359375,633.4691162109375,1268.8717041015625,669.7659301757812,133.908447265625,36.29681396484375,4860.4501953125,0.002343967091292143
6060,121.2,bwt,2,0.7506253719329834,911.3892211914062,632.1959838867188,1040.75537109375,666.353759765625,129.36614990234375,34.15777587890625,4418.85986328125,0.0021310087759047747
6060,121.2,bwt,2,0.6761409640312195,1135.832763671875,633.18408203125,1268.1641845703125,669.3707275390625,132.3314208984375,36.1866455078125,4788.63037109375,0.0023093316704034805
6066,121.32,bwt,2,0.7269887328147888,911.0845336914062,632.122802734375,1041.15966796875,666.6292114257812,130.07513427734375,34.50640869140625,4488.42578125,0.002164557110518217
6066,121.32,bwt,2,0.6199056506156921,1135.153076171875,633.2805786132812,1268.907958984375,669.6353759765625,133.7548828125,36.35479736328125,4862.6318359375,0.0023450192529708147
6072,121.44,bwt,2,0.6695369482040405,912.4247436523438,632.4974975585938,1040.5631103515625,666.5983276367188,128.13836669921875,34.100830078125,4369.62451171875,0.0021072649396955967
6072,121.44,bwt,2,0.5500202178955078,1135.84033203125,633.8564453125,1268.11083984375,670.6560668945312,132.2705078125,36.79962158203125,4867.50439453125,0.0023473689798265696
6078,121.56,bwt,2,0.7026535272598267,910.1646118164062,631.915283203125,1041.2318115234375,666.6375732421875,131.06719970703125,34.7222900390625,4550.953125,0.0021947112400084734
6078,121.56,bwt,2,0.4733319878578186,1133.5732421875,633.0540771484375,1268.394287109375,670.2208862304688,134.821044921875,37.16680908203125,5010.8681640625,0.0024165066424757242
6084,121.68,bwt,2,0.7466567754745483,912.1109008789062,632.3529052734375,1041.913818359375,666.4716186523438,129.80291748046875,34.11871337890625,4428.70849609375,0.00213575828820467
6084,121.68,bwt,2,0.6177884936332703,1135.6365966796875,634.11474609375,1268.393310546875,670.2224731445312,132.7567138671875,36.10772705078125,4793.54296875,0.0023117009550333023
6090,121.8,bwt,2,0.8131344318389893,912.7171630859375,631.8547973632812,1042.0738525390625,665.883056640625,129.356689453125,34.02825927734375,4401.783203125,0.0021227735560387373
6090,121.8,bwt,2,0.727750301361084,1134.70263671875,633.8772583007812,1269.5113525390625,669.8958740234375,134.8087158203125,36.01861572265625,4855.62353515625,0.002341639483347535
6096,121.92,bwt,2,0.627078115940094,920.0568237304688,630.2933349609375,1043.816650390625,666.2025146484375,123.75982666015625,35.9091796875,4444.11376953125,0.0021431876812130213
6096,121.92,bwt,2,0.6040381193161011,1135.56982421875,634.3413696289062,1268.5926513671875,670.6324462890625,133.0228271484375,36.29107666015625,4827.54150390625,0.002328096888959408
6102,122.04,bwt,2,0.7853023409843445,911.182861328125,631.7518920898438,1041.677001953125,665.7472534179688,130.494140625,33.995361328125,4436.1953125,0.0021393687929958105
6102,122.04,bwt,2,0.6043211817741394,1133.3741455078125,633.6758422851562,1266.4609375,669.225341796875,133.0867919921875,35.54949951171875,4731.1689453125,0.002281620865687728
6108,122.16,bwt,2,0.7790085673332214,911.5504150390625,631.6925659179688,1041.872314453125,665.51025390625,130.3218994140625,33.81768798828125,4407.185546875,0.002125378930941224
6108,122.16,bwt,2,0.6268545985221863,1134.5155029296875,633.5081176757812,1267.2886962890625,669.1325073242188,132.773193359375,35.6243896484375,4729.9638671875,0.002281039720401168
6114,122.28,bwt,2,0.7519443035125732,911.7868041992188,631.7383422851562,1041.6416015625,665.7484130859375,129.85479736328125,34.01007080078125,4416.37109375,0.002129808533936739
6114,122.28,bwt,2,0.632850706577301,1132.98095703125,634.0628662109375,1268.7679443359375,670.2120361328125,135.7869873046875,36.149169921875,4908.5869140625,0.0023671812377870083
6120,122.4,bwt,2,0.7537183165550232,911.1799926757812,632.0511474609375,1041.23876953125,665.8203735351562,130.05877685546875,33.76922607421875,4391.984375,0.0021180480252951384
6120,122.4,bwt,2,0.6950296759605408,1130.84130859375,633.7213134765625,1268.121826171875,669.8603515625,137.280517578125,36.1390380859375,4961.18603515625,0.0023925472050905228
6126,122.52,bwt,2,0.8287602066993713,912.6061401367188,631.93359375,1041.309814453125,666.3658447265625,128.70367431640625,34.4322509765625,4431.55712890625,0.002137131989002228
6126,122.52,bwt,2,0.7826297879219055,1131.8726806640625,633.6756591796875,1268.29931640625,669.9534912109375,136.4266357421875,36.27783203125,4949.2626953125,0.002386797219514847
6132,122.64,bwt,2,0.820153534412384,912.4412231445312,632.1058959960938,1041.8123779296875,665.9899291992188,129.37115478515625,33.884033203125,4383.61669921875,0.0021140126045793295
6132,122.64,bwt,2,0.7427113652229309,1132.441650390625,633.6234741210938,1268.1395263671875,669.6314086914062,135.6978759765625,36.0079345703125,4886.2001953125,0.002356385113671422
6138,122.76,bwt,2,0.845305860042572,911.30078125,632.0355224609375,1039.3197021484375,666.2273559570312,128.0189208984375,34.19183349609375,4377.20166015625,0.0021109189838171005
6138,122.76,bwt,2,0.8051077723503113,1129.7825927734375,633.3417358398438,1266.56005859375,669.6453857421875,136.7774658203125,36.30364990234375,4965.52099609375,0.002394637791439891
6144,122.88,bwt,2,0.8376224040985107,910.9522705078125,631.9143676757812,1040.2725830078125,665.8173217773438,129.3203125,33.9029541015625,4384.3408203125,0.0021143618505448103
6144,122.88,bwt,2,0.788676381111145,1131.9886474609375,633.158447265625,1267.8978271484375,669.7384033203125,135.9091796875,36.5799560546875,4971.5517578125,0.0023975460790097713
6150,123.0,bwt,2,0.8493521809577942,913.6156616210938,631.9481201171875,1042.4383544921875,665.734130859375,128.82269287109375,33.7860107421875,4352.40478515625,0.002098960569128394
6150,123.0,bwt,2,0.7839395403862,1134.1546630859375,633.61279296875,1269.83740234375,669.6646118164062,135.6827392578125,36.05181884765625,4891.609375,0.00235899374820292
6156,123.12,bwt,2,0.8429650068283081,912.1856079101562,631.724609375,1040.6485595703125,665.689453125,128.46295166015625,33.96484375,4363.22412109375,0.0021041783038526773
6156,123.12,bwt,2,0.7570365071296692,1134.1759033203125,633.0907592773438,1267.855224609375,668.8856811523438,133.6793212890625,35.794921875,4785.041015625,0.0023076008073985577
6162,123.24,bwt,2,0.8544884324073792,912.3643798828125,632.06298828125,1039.9315185546875,666.1675415039062,127.567138671875,34.10455322265625,4350.6201171875,0.0020981000270694494
6162,123.24,bwt,2,0.8000577092170715,1133.7193603515625,633.3536987304688,1267.0926513671875,669.6254272460938,133.373291015625,36.271728515625,4837.6796875,0.0023329858668148518
6168,123.36,bwt,2,0.8411239981651306,912.608154296875,631.9849243164062,1040.8065185546875,665.7847290039062,128.1983642578125,33.7998046875,4333.07958984375,0.0020896410569548607
6168,123.36,bwt,2,0.786381185054779,1134.3331298828125,633.3978271484375,1267.5758056640625,669.5050659179688,133.24267578125,36.10723876953125,4811.02490234375,0.0023201315198093653
6174,123.48,bwt,2,0.8665830492973328,912.396728515625,631.8867797851562,1040.5616455078125,665.8816528320312,128.1649169921875,33.994873046875,4356.9501953125,0.0021011526696383953
6174,123.48,bwt,2,0.8337844014167786,1134.3125,633.5339965820312,1267.5826416015625,669.6076049804688,133.2701416015625,36.0736083984375,4807.53466796875,0.0023184483870863914
6180,123.6,bwt,2,0.8399282097816467,912.324951171875,631.9010009765625,1041.40625,666.2368774414062,129.081298828125,34.33587646484375,4432.11962890625,0.002137403469532728
6180,123.6,bwt,2,0.7484237551689148,1133.5064697265625,633.4636840820312,1268.3994140625,669.8831176757812,134.8929443359375,36.41943359375,4912.724609375,0.002369176596403122
6186,123.72,bwt,2,0.8470607995986938,912.1882934570312,631.8164672851562,1040.4278564453125,666.3070068359375,128.23956298828125,34.49053955078125,4423.0517578125,0.002133030444383621
6186,123.72,bwt,2,0.77920001745224,1133.1724853515625,633.1301879882812,1268.1317138671875,669.7213745117188,134.959228515625,36.5911865234375,4938.318359375,0.0023815191816538572
6192,123.84,bwt,2,0.8379693627357483,912.0387573242188,631.9091186523438,1040.810302734375,666.5767822265625,128.77154541015625,34.66766357421875,4464.20849609375,0.002152878325432539
6192,123.84,bwt,2,0.7813706994056702,1133.818359375,633.2709350585938,1270.28759765625,670.0923461914062,136.46923828125,36.8214111328125,5024.98974609375,0.0024233167059719563
6198,123.96,bwt,2,0.8513667583465576,911.4802856445312,632.1425170898438,1040.8919677734375,666.4024658203125,129.41168212890625,34.25994873046875,4433.6376953125,0.002138135489076376
6198,123.96,bwt,2,0.7766057252883911,1134.625732421875,633.2772827148438,1268.9385986328125,669.9122314453125,134.3128662109375,36.63494873046875,4920.544921875,0.0023729479871690273
6204,124.08,bwt,2,0.8244459629058838,911.104248046875,632.006103515625,1040.2174072265625,665.9175415039062,129.1131591796875,33.91143798828125,4378.4130859375,0.002111503155902028
6204,124.08,bwt,2,0.7398899793624878,1133.5203857421875,633.3148803710938,1268.9710693359375,669.6224365234375,135.45068359375,36.30755615234375,4917.88330078125,0.0023716643918305635
6210,124.2,bwt,2,0.7954782843589783,913.1092529296875,631.719970703125,1041.30810546875,666.1913452148438,128.1988525390625,34.47137451171875,4419.1904296875,0.0021311682648956776
6210,124.2,bwt,2,0.6962307691574097,1134.4249267578125,633.367431640625,1269.489013671875,669.3190307617188,135.0640869140625,35.95159912109375,4855.77001953125,0.0023417100310325623
6216,124.32,bwt,2,0.7321937084197998,912.8261108398438,633.2467651367188,1041.4718017578125,666.5066528320312,128.64569091796875,33.2598876953125,4278.7412109375,0.0020634362008422613
6222,124.44,bwt,2,0.7238733172416687,912.3811645507812,632.2850341796875,1039.6207275390625,665.8663940429688,127.23956298828125,33.58135986328125,4272.87744140625,0.0020606082398444414
6222,124.44,bwt,2,0.46204397082328796,1136.0216064453125,633.938720703125,1268.7176513671875,669.7736206054688,132.696044921875,35.83489990234375,4755.1494140625,0.0022931855637580156
6228,124.56,bwt,2,0.7627377510070801,913.6478271484375,632.1292724609375,1041.2254638671875,666.487060546875,127.57763671875,34.3577880859375,4383.28564453125,0.0021138531155884266
6228,124.56,bwt,2,0.5552362203598022,1136.2698974609375,633.9569091796875,1269.3367919921875,669.7921142578125,133.06689453125,35.835205078125,4768.4794921875,0.002299614017829299
6228,124.56,bwt,2,0.4152514636516571,324.3818664550781,221.65170288085938,406.7410888671875,281.0453796386719,82.35922241210938,59.3936767578125,4891.6171875,0.0023589974734932184
6234,124.68,bwt,2,0.7910827994346619,913.1444091796875,632.0140380859375,1043.821533203125,665.9415283203125,130.6771240234375,33.927490234375,4433.546875,0.002138091716915369
6234,124.68,bwt,2,0.6206924915313721,1135.9471435546875,634.2023315429688,1270.6810302734375,669.5130004882812,134.73388671875,35.3106689453125,4757.54345703125,0.0022943399380892515
6240,124.8,bwt,2,0.8128303289413452,913.0850219726562,632.1223754882812,1042.8287353515625,665.97021484375,129.74371337890625,33.84783935546875,4391.54443359375,0.0021178359165787697
6240,124.8,bwt,2,0.6877208948135376,1136.643798828125,633.7910766601562,1270.3306884765625,669.8114013671875,133.6868896484375,36.02032470703125,4815.4453125,0.00232226331718266
6246,124.92,bwt,2,0.7696627378463745,913.0072631835938,632.09130859375,1042.344482421875,665.4541625976562,129.33721923828125,33.36285400390625,4315.05859375,0.0020809504203498363
6246,124.92,bwt,2,0.6292545795440674,1137.0367431640625,634.003662109375,1270.618896484375,669.8220825195312,133.5821533203125,35.81842041015625,4784.70166015625,0.002307437127456069
6252,125.04,bwt,2,0.8105401992797852,912.7000122070312,631.9119262695312,1040.3134765625,665.7494506835938,127.61346435546875,33.8375244140625,4318.12353515625,0.002082428429275751
6252,125.04,bwt,2,0.7041243314743042,1135.9822998046875,633.556396484375,1268.7200927734375,669.8837890625,132.73779296875,36.327392578125,4822.01806640625,0.002325433073565364
6258,125.16,bwt,2,0.7927438616752625,913.0970458984375,631.9244995117188,1040.6568603515625,665.7639770507812,127.559814453125,33.8394775390625,4316.5576171875,0.002081673126667738
6258,125.16,bwt,2,0.668707013130188,1135.153076171875,633.6021728515625,1268.992919921875,670.184814453125,133.83984375,36.5826416015625,4896.21484375,0.0023612147197127342
6264,125.28,bwt,2,0.7867410778999329,912.404296875,631.9353637695312,1041.4725341796875,665.4664916992188,129.0682373046875,33.5311279296875,4327.8037109375,0.002087096683681011
6264,125.28,bwt,2,0.6899338364601135,1134.8900146484375,633.6901245117188,1269.822509765625,670.6450805664062,134.9324951171875,36.9549560546875,4986.42431640625,0.002404718426987529
6270,125.4,bwt,2,0.8054962754249573,912.8707275390625,631.697265625,1041.504638671875,665.713623046875,128.6339111328125,34.016357421875,4375.6572265625,0.002110174158588052
6270,125.4,bwt,2,0.6317263245582581,1134.49560546875,633.5367431640625,1269.217529296875,669.837890625,134.721923828125,36.3011474609375,4890.560546875,0.00235848780721426
6270,125.4,capp,3,0.4775259792804718,950.3251953125,110.66595458984375,1009.7142944335938,117.34194946289062,59.38909912109375,6.675994873046875,396.4813232421875,0.00019120433717034757
6276,125.52,bwt,2,0.83469158411026,912.6827392578125,631.683837890625,1040.0926513671875,665.4679565429688,127.409912109375,33.78411865234375,4304.431640625,0.0020758253522217274
6276,125.52,bwt,2,0.7565304636955261,1133.472900390625,633.6701049804688,1267.3387451171875,669.7984008789062,133.8658447265625,36.1282958984375,4836.3447265625,0.002332342090085149
6282,125.64,bwt,2,0.826524019241333,912.4754028320312,631.4256591796875,1040.8865966796875,665.3511352539062,128.41119384765625,33.92547607421875,4356.41064453125,0.0021008923649787903
6282,125.64,bwt,2,0.7402032613754272,1133.6446533203125,633.411865234375,1269.0943603515625,669.5474243164062,135.44970703125,36.13555908203125,4894.55078125,0.0023604121524840593
6288,125.76,bwt,2,0.8318473100662231,912.5944213867188,631.6943359375,1040.1444091796875,665.390380859375,127.54998779296875,33.696044921875,4297.93017578125,0.0020726900547742844
6288,125.76,bwt,2,0.7717702984809875,1133.17431640625,633.48388671875,1268.0537109375,669.7300415039062,134.87939453125,36.24615478515625,4888.859375,0.0023576675448566675
6294,125.88,bwt,2,0.8305641412734985,912.1904296875,631.5831909179688,1041.162353515625,665.7379760742188,128.971923828125,34.15478515625,4405.00830078125,0.002124328864738345
6294,125.88,bwt,2,0.7723046541213989,1133.6142578125,633.5047607421875,1268.8431396484375,669.7664794921875,135.2288818359375,36.26171875,4903.6318359375,0.0023647916968911886
6300,126.0,bwt,2,0.8281413316726685,911.9939575195312,631.684814453125,1041.077392578125,665.73193359375,129.08343505859375,34.047119140625,4394.9189453125,0.0021194631699472666
6300,126.0,bwt,2,0.7531569004058838,1132.62744140625,633.3513793945312,1269.2861328125,670.0956420898438,136.65869140625,36.7442626953125,5021.4228515625,0.0024215965531766415
6306,126.12,bwt,2,0.8204094767570496,912.874755859375,631.8369140625,1040.9459228515625,665.767822265625,128.0711669921875,33.930908203125,4345.57080078125,0.0020956648513674736
6306,126.12,bwt,2,0.7149168848991394,1132.9658203125,633.4708251953125,1269.507080078125,670.2694091796875,136.541259765625,36.798583984375,5024.52490234375,0.0024230927228927612
6312,126.24,bwt,2,0.8318578004837036,912.1195678710938,631.7908935546875,1040.3450927734375,665.8624877929688,128.22552490234375,34.07159423828125,4368.84814453125,0.0021068905480206013
6312,126.24,bwt,2,0.7342159152030945,1132.3634033203125,633.3326416015625,1267.3438720703125,670.1409912109375,134.98046875,36.808349609375,4968.408203125,0.002396030118688941
6318,126.36,bwt,2,0.8249132633209229,912.3856811523438,631.7258911132812,1040.7625732421875,665.7141723632812,128.37689208984375,33.98828125,4363.31005859375,0.0021042197477072477
6318,126.36,bwt,2,0.7213230133056641,1133.6842041015625,633.3160400390625,1268.2093505859375,670.2728271484375,134.525146484375,36.956787109375,4971.6171875,0.0023975777439773083
6324,126.48,bwt,2,0.8197639584541321,912.7109375,631.8932495117188,1041.0390625,665.8549194335938,128.328125,33.961669921875,4358.2373046875,0.0021017733961343765
6324,126.48,bwt,2,0.7024518251419067,1133.353515625,633.7144165039062,1267.9188232421875,670.697265625,134.5653076171875,36.98284912109375,4976.6083984375,0.002399984747171402
6330,126.6,bwt,2,0.8188817501068115,912.4254760742188,631.8400268554688,1040.988525390625,665.95654296875,128.56304931640625,34.11651611328125,4386.12353515625,0.002115221694111824
6330,126.6,bwt,2,0.7340257167816162,1134.884521484375,633.5765991210938,1267.6959228515625,670.08447265625,132.8114013671875,36.50787353515625,4848.66162109375,0.0023382820654660463
6336,126.72,bwt,2,0.8100022077560425,911.7324829101562,631.8587646484375,1040.0623779296875,665.94140625,128.32989501953125,34.0826416015625,4373.82177734375,0.00210928893648088
6336,126.72,bwt,2,0.7338167428970337,1132.8564453125,633.2258911132812,1267.3287353515625,669.8828735351562,134.4722900390625,36.656982421875,4929.34814453125,0.002377193421125412
6342,126.84,bwt,2,0.8136836886405945,912.5142211914062,631.858642578125,1041.4971923828125,665.9115600585938,128.98297119140625,34.05291748046875,4392.24658203125,0.0021181744523346424
6342,126.84,bwt,2,0.7109123468399048,1134.5731201171875,633.5663452148438,1268.758056640625,670.5301513671875,134.1849365234375,36.96380615234375,4959.98583984375,0.0023919683881103992
6348,126.96,bwt,2,0.8244578242301941,912.6461181640625,632.01513671875,1040.5054931640625,665.64599609375,127.859375,33.630859375,4300.0205078125,0.0020736982114613056
6348,126.96,bwt,2,0.7338339686393738,1134.1568603515625,633.3021240234375,1268.1639404296875,670.5416259765625,134.007080078125,37.239501953125,4990.35693359375,0.0024066150654107332
6354,127.08,bwt,2,0.835452139377594,913.281005859375,632.5635986328125,1042.4669189453125,666.6180419921875,129.1859130859375,34.054443359375,4399.3544921875,0.0021216021850705147
6354,127.08,bwt,2,0.6015018224716187,1134.4140625,632.744384765625,1266.61474609375,670.38623046875,132.20068359375,37.641845703125,4976.27783203125,0.002399825258180499
6498,129.96,atlasian,1,0.5319088101387024,569.9664916992188,371.2523193359375,617.42236328125,376.6501159667969,47.45587158203125,5.397796630859375,256.1571350097656,0.00012353256170172244
6528,130.56,bwt,2,0.447597861289978,1645.172119140625,804.359619140625,1698.033447265625,836.9054565429688,52.861328125,32.54583740234375,1720.4161376953125,0.0008296759915538132
6552,131.04,petronas,9,0.46375420689582825,754.3551635742188,539.4188842773438,809.6607666015625,551.1769409179688,55.30560302734375,11.758056640625,650.2864379882812,0.00031360264983959496
6558,131.16,bwt,2,0.43532615900039673,1184.453857421875,797.4869384765625,1238.433837890625,817.8511962890625,53.97998046875,20.3642578125,1099.26220703125,0.0005301226046867669
6564,131.28,bwt,2,0.4207061529159546,1096.2314453125,799.565673828125,1149.899169921875,822.1326293945312,53.667724609375,22.56695556640625,1211.1171875,0.0005840649828314781
6570,131.4,bwt,2,0.41163021326065063,994.4842529296875,792.4266967773438,1040.386962890625,812.3514404296875,45.9027099609375,19.92474365234375,914.5997314453125,0.0004410685505717993
6582,131.64,atlasian,1,0.6294306516647339,749.9029541015625,584.8450927734375,823.970947265625,593.4462280273438,74.0679931640625,8.60113525390625,637.06884765625,0.0003072284162044525
6654,133.08,petronas,9,0.41611248254776,1000.921875,394.54364013671875,1058.7261962890625,401.26397705078125,57.8043212890625,6.7203369140625,388.4645080566406,0.00018733821343630552
6690,133.8,atlasian,1,0.4326673448085785,1146.356689453125,512.760986328125,1196.9970703125,524.2888793945312,50.640380859375,11.52789306640625,583.7769165039062,0.0002815282205119729
6720,134.4,atlasian,1,0.4160604774951935,775.3968505859375,482.7537536621094,838.246337890625,489.4314880371094,62.8494873046875,6.677734375,419.6921691894531,0.0002023978449869901
6786,135.72,bwt,2,0.47910866141319275,863.5492553710938,441.272216796875,892.4638671875,467.1771545410156,28.91461181640625,25.904937744140625,749.0311889648438,0.00036122259916737676
6804,136.08,bwt,2,0.5108606815338135,808.0767822265625,458.22406005859375,853.3519897460938,492.29766845703125,45.27520751953125,34.0736083984375,1542.689697265625,0.000743966840673238
6936,138.72,okx,7,0.6369224190711975,518.132080078125,314.88641357421875,566.5729370117188,337.5927734375,48.44085693359375,22.70635986328125,1099.91552734375,0.0005304376827552915
6948,138.96,okx,7,0.6456896662712097,642.4990234375,280.0815124511719,686.9414672851562,290.453369140625,44.44244384765625,10.371856689453125,460.9506530761719,0.0002222948824055493
6954,139.08,okx,7,0.4290038049221039,732.1498413085938,284.68621826171875,778.0389404296875,295.7437744140625,45.88909912109375,11.05755615234375,507.4212951660156,0.0002447054721415043
6960,139.2,okx,7,0.6285403966903687,801.8709106445312,288.9320068359375,845.8568725585938,299.4699401855469,43.9859619140625,10.537933349609375,463.5211486816406,0.00022353450185619295
6966,139.32,okx,7,0.5528804659843445,863.3592529296875,293.2378234863281,909.6444702148438,303.20013427734375,46.28521728515625,9.962310791015625,461.10772705078125,0.00022237062512431294
6972,139.44,oracle,8,0.5614617466926575,439.04595947265625,311.3003234863281,512.3009643554688,327.57489013671875,73.2550048828125,16.274566650390625,1192.1934814453125,0.000574939011130482
6972,139.44,okx,7,0.44583696126937866,894.7794189453125,299.7594909667969,944.5557250976562,308.6842346191406,49.77630615234375,8.92474365234375,444.24078369140625,0.0002142364828614518
6978,139.56,oracle,8,0.6540921926498413,525.3276977539062,317.66632080078125,592.9246215820312,332.8561706542969,67.596923828125,15.189849853515625,1026.787109375,0.0004951712326146662
6984,139.68,okx,7,0.5083510279655457,1017.4676513671875,306.7777099609375,1047.8043212890625,316.16619873046875,30.336669921875,9.38848876953125,284.81549072265625,0.0001373531558783725
6990,139.8,okx,7,0.6944918036460876,994.0484619140625,310.7900390625,1042.0037841796875,320.754638671875,47.955322265625,9.964599609375,477.8555908203125,0.0002304473309777677
6996,139.92,okx,7,0.6300434470176697,960.280029296875,314.3775329589844,1014.6635131835938,324.7663879394531,54.38348388671875,10.38885498046875,564.9821166992188,0.0002724643563851714
7002,140.04,okx,7,0.668671727180481,910.3643188476562,315.4207458496094,961.53076171875,326.3299560546875,51.16644287109375,10.909210205078125,558.1854858398438,0.00026918668299913406
7008,140.16,okx,7,0.675484299659729,804.6245727539062,320.21441650390625,880.088623046875,333.941650390625,75.46405029296875,13.72723388671875,1035.9127197265625,0.0004995720810256898
7014,140.28,okx,7,0.607078492641449,747.1477661132812,329.4782409667969,799.0635986328125,341.9740295410156,51.91583251953125,12.49578857421875,648.729248046875,0.00031285168370231986
7020,140.4,okx,7,0.5836243033409119,633.2249755859375,333.81768798828125,684.1531372070312,345.2135925292969,50.92816162109375,11.395904541015625,580.3724975585938,0.00027988641522824764
7020,140.4,petronas,9,0.48387834429740906,890.980224609375,310.7927551269531,970.050537109375,323.5346984863281,79.0703125,12.741943359375,1007.5094604492188,0.00048587453784421086
7026,140.52,okx,7,0.7190822958946228,526.8023681640625,340.3021545410156,589.1885986328125,353.00970458984375,62.38623046875,12.707550048828125,792.776123046875,0.00038231874350458384
7032,140.64,oracle,8,0.7813949584960938,774.2164916992188,377.1363220214844,837.03955078125,401.3897705078125,62.82305908203125,24.253448486328125,1523.67578125,0.0007347973296418786
7032,140.64,okx,7,0.6494045257568359,441.5582275390625,349.2618408203125,504.22955322265625,362.2138366699219,62.67132568359375,12.951995849609375,811.71875,0.00039145388291217387
7038,140.76,okx,7,0.7501181960105896,347.1812744140625,358.0751037597656,416.9805603027344,372.1221923828125,69.79928588867188,14.047088623046875,980.4767456054688,0.0004728379426524043
7044,140.88,okx,7,0.6207278370857239,335.0201721191406,372.7066345214844,376.4912109375,385.0276794433594,41.471038818359375,12.321044921875,510.9665222167969,0.0002464151766616851
7086,141.72,okx,7,0.6413282155990601,400.6925048828125,544.5475463867188,511.324951171875,562.3827514648438,110.6324462890625,17.835205078125,1973.15234375,0.0009515588171780109
7092,141.84,okx,7,0.8671726584434509,607.4241333007812,781.6952514648438,673.0238037109375,898.0712280273438,65.59967041015625,116.3759765625,7634.2255859375,0.003681628964841366
7092,141.84,okx,7,0.5957311391830444,571.4453125,574.927001953125,703.3668823242188,590.7266845703125,131.92156982421875,15.7996826171875,2084.31884765625,0.0010051692370325327
7092,141.84,okx,7,0.4280353784561157,734.1566772460938,562.9102172851562,822.6507568359375,584.711181640625,88.49407958984375,21.80096435546875,1929.2562255859375,0.0009303897968493402
7098,141.96,okx,7,0.9215221405029297,929.8785400390625,893.5453491210938,1023.2108764648438,1029.3193359375,93.33233642578125,135.77398681640625,12672.103515625,0.0061111608520150185
7098,141.96,okx,7,0.7868227362632751,821.03857421875,631.3719482421875,947.6561279296875,658.1763916015625,126.6175537109375,26.804443359375,3393.9130859375,0.001636725035496056
7098,141.96,okx,7,0.7414934635162354,571.1781005859375,601.3190307617188,695.152099609375,658.6815795898438,123.9739990234375,57.362548828125,7111.46435546875,0.0034295255318284035
7104,142.08,petronas,9,0.8333909511566162,776.4768676757812,504.8478088378906,1058.7236328125,540.4827880859375,282.24676513671875,35.634979248046875,10057.857421875,0.004850432742387056
7104,142.08,okx,7,0.7772942781448364,901.9821166992188,679.8788452148438,1080.6756591796875,750.5728759765625,178.69354248046875,70.69403076171875,12632.56640625,0.006092094350606203
7104,142.08,okx,7,0.7090446949005127,1263.3443603515625,743.4925537109375,1410.7760009765625,777.1098022460938,147.431640625,33.61724853515625,4956.24609375,0.0023901648819446564
7110,142.2,oracle,8,0.6215783953666687,1417.62744140625,807.43701171875,1686.2498779296875,900.2625122070312,268.6224365234375,92.82550048828125,24935.01171875,0.012024986557662487
7170,143.4,okx,7,0.6749147176742554,1125.8934326171875,624.7048950195312,1181.135498046875,635.8673095703125,55.2420654296875,11.16241455078125,616.6348266601562,0.0002973740338347852
7176,143.52,okx,7,0.694130539894104,1145.8682861328125,627.6599731445312,1196.074462890625,637.767822265625,50.2061767578125,10.10784912109375,507.4764709472656,0.0002447321021463722
7182,143.64,okx,7,0.7406525015830994,1167.0277099609375,623.0027465820312,1216.7044677734375,635.2250366210938,49.6767578125,12.2222900390625,607.1637573242188,0.00029280659509822726
7182,143.64,aramco,0,0.7370001673698425,640.8876953125,549.2113037109375,694.0992431640625,561.6712646484375,53.2115478515625,12.4599609375,663.0137939453125,0.0003197404439561069
7188,143.76,okx,7,0.7594913840293884,1186.814208984375,628.6036376953125,1236.209228515625,639.9848022460938,49.39501953125,11.38116455078125,562.1728515625,0.0002711096021812409
7188,143.76,aramco,0,0.6003803610801697,731.958740234375,555.2069702148438,789.5921020507812,569.326416015625,57.63336181640625,14.11944580078125,813.7510986328125,0.00039243398350663483
7194,143.88,okx,7,0.5741440057754517,1228.63720703125,630.9806518554688,1276.0274658203125,643.2394409179688,47.3902587890625,12.2587890625,580.9472045898438,0.0002801635710056871
7194,143.88,aramco,0,0.4258194863796234,826.464599609375,552.2197875976562,891.1416015625,565.9236450195312,64.677001953125,13.703857421875,886.3244018554688,0.0004274326784070581
7200,144.0,okx,7,0.6473226547241211,1250.5748291015625,632.72216796875,1294.0699462890625,643.8627319335938,43.4951171875,11.14056396484375,484.5601501464844,0.00023368062102235854
7200,144.0,okx,7,0.5421870350837708,1336.7139892578125,633.5662231445312,1372.8125,647.2781982421875,36.0985107421875,13.71197509765625,494.98187255859375,0.00023870653240010142
7200,144.0,aramco,0,0.4016594886779785,929.7973022460938,549.6084594726562,990.8826904296875,562.302001953125,61.08538818359375,12.69354248046875,775.3899536132812,0.00037393419188447297
7206,144.12,okx,7,0.6544698476791382,1265.2034912109375,627.2792358398438,1309.3944091796875,637.9327392578125,44.19091796875,10.65350341796875,470.7880859375,0.00022703901049681008
7206,144.12,aramco,0,0.4451150596141815,1018.7059936523438,540.7975463867188,1077.492919921875,553.6085205078125,58.78692626953125,12.81097412109375,753.1177978515625,0.00036319339415058494
7212,144.24,okx,7,0.5237910151481628,1272.552490234375,614.2095947265625,1311.7969970703125,626.2138671875,39.2445068359375,12.0042724609375,471.10174560546875,0.00022719027765560895
7218,144.36,okx,7,0.6697419881820679,1264.0428466796875,607.2719116210938,1304.4696044921875,619.8079223632812,40.4267578125,12.5360107421875,506.790283203125,0.00024440119159407914
7218,144.36,okx,7,0.42832350730895996,1346.0379638671875,609.0786743164062,1393.8209228515625,622.2483520507812,47.782958984375,13.169677734375,629.2861938476562,0.0003034752153325826
7224,144.48,okx,7,0.6906957626342773,1343.33642578125,622.832763671875,1393.208251953125,634.6782836914062,49.871826171875,11.84552001953125,590.7576904296875,0.0002848947187885642
7230,144.6,okx,7,0.7316343188285828,1299.3441162109375,624.3568115234375,1355.63671875,636.3515625,56.2926025390625,11.9947509765625,675.2157592773438,0.000325624889228493
7236,144.72,okx,7,0.7438625693321228,1252.8206787109375,624.1094360351562,1314.38232421875,636.438720703125,61.5616455078125,12.32928466796875,759.0110473632812,0.00036603541229851544
7242,144.84,okx,7,0.7106474041938782,1213.337646484375,608.75634765625,1278.7779541015625,623.2402954101562,65.4403076171875,14.48394775390625,947.833984375,0.0004570958553813398
7248,144.96,okx,7,0.722034215927124,1194.5303955078125,591.0349731445312,1262.1553955078125,604.0635986328125,67.625,13.02862548828125,881.060791015625,0.00042489427141845226
7254,145.08,okx,7,0.7427497506141663,1186.77734375,572.1489868164062,1249.0531005859375,587.0234985351562,62.2757568359375,14.87451171875,926.3214721679688,0.00044672138756141067
7260,145.2,okx,7,0.7138242125511169,1170.331298828125,563.8568725585938,1233.2685546875,580.3527221679688,62.937255859375,16.495849609375,1038.2034912109375,0.0005006768624298275
7266,145.32,okx,7,0.8144463896751404,1132.4986572265625,573.9988403320312,1207.723876953125,589.1716918945312,75.2252197265625,15.1728515625,1141.381103515625,0.0005504345754161477
7272,145.44,okx,7,0.7330933213233948,1109.9842529296875,580.307373046875,1180.0650634765625,596.31884765625,70.080810546875,16.011474609375,1122.09716796875,0.0005411347956396639
7278,145.56,okx,7,0.7999484539031982,1108.8023681640625,582.3699340820312,1174.6123046875,600.4431762695312,65.8099365234375,18.0732421875,1189.39892578125,0.0005735913291573524
7284,145.68,okx,7,0.5590789318084717,1136.740478515625,588.5404052734375,1193.58740234375,603.9022827148438,56.846923828125,15.36187744140625,873.2754516601562,0.00042113978997804224
7290,145.8,okx,7,0.7156937122344971,1009.77197265625,589.9542846679688,1074.862060546875,606.863525390625,65.090087890625,16.90924072265625,1100.6240234375,0.0005307793035171926
7296,145.92,okx,7,0.6376610398292542,1023.57470703125,600.6454467773438,1096.27783203125,618.5323486328125,72.703125,17.88690185546875,1300.4337158203125,0.0006271381862461567
7302,146.04,okx,7,0.663786768913269,1085.3990478515625,607.158203125,1172.2236328125,624.6143188476562,86.8245849609375,17.45611572265625,1515.6199951171875,0.000730912433937192
7308,146.16,okx,7,0.6918973922729492,1239.8875732421875,626.8040771484375,1324.3017578125,642.2552490234375,84.4141845703125,15.451171875,1304.298095703125,0.0006290017627179623
7332,146.64,oracle,8,0.7981420159339905,770.0015258789062,629.822021484375,874.6222534179688,675.7018432617188,104.6207275390625,45.87982177734375,4799.98046875,0.0023148052860051394
7338,146.76,oracle,8,0.9130731821060181,734.598876953125,644.4754638671875,897.01708984375,697.4659423828125,162.418212890625,52.990478515625,8606.619140625,0.0041505685076117516
7344,146.88,oracle,8,0.9421555399894714,603.8052978515625,679.4088134765625,858.1016845703125,739.1678466796875,254.29638671875,59.759033203125,15196.505859375,0.007328561972826719
7350,147.0,oracle,8,0.9522924423217773,524.640625,738.7579956054688,895.9103393554688,800.3493041992188,371.26971435546875,61.59130859375,22866.98828125,0.011027676053345203
7356,147.12,oracle,8,0.9209381341934204,674.1785888671875,752.3350830078125,998.8665161132812,852.0507202148438,324.68792724609375,99.71563720703125,32376.462890625,0.015613649040460587
7362,147.24,oracle,8,0.9451770782470703,911.4995727539062,720.411865234375,1079.90380859375,797.2783813476562,168.40423583984375,76.86651611328125,12944.646484375,0.006242595613002777
7368,147.36,oracle,8,0.8896453976631165,1031.1126708984375,683.4827880859375,1119.5006103515625,736.6276245117188,88.387939453125,53.14483642578125,4697.36279296875,0.0022653175983577967
7374,147.48,oracle,8,0.5505071878433228,1103.751220703125,662.0372314453125,1159.2413330078125,698.3710327148438,55.4901123046875,36.33380126953125,2016.166748046875,0.0009723026305437088
7374,147.48,oracle,8,0.5229884386062622,825.2720336914062,628.4205932617188,1059.0716552734375,647.8009643554688,233.79962158203125,19.38037109375,4531.12353515625,0.0021851484198123217
7380,147.6,oracle,8,0.8099748492240906,946.607177734375,612.2799072265625,1102.046142578125,626.4271240234375,155.43896484375,14.147216796875,2199.02880859375,0.0010604884009808302
7386,147.72,oracle,8,0.784222424030304,1042.8880615234375,607.6152954101562,1174.3955078125,619.8217163085938,131.5074462890625,12.2064208984375,1605.2352294921875,0.0007741296431049705
7440,148.8,okx,7,0.44070032238960266,796.2847290039062,551.8253173828125,817.1985473632812,557.7977294921875,20.913818359375,5.972412109375,124.90594482421875,6.02362779318355e-05
7482,149.64,oracle,8,0.8516054749488831,588.575439453125,553.5081176757812,654.9572143554688,574.2280883789062,66.38177490234375,20.719970703125,1375.428466796875,0.000663304643239826
7488,149.76,oracle,8,0.8455743789672852,738.740234375,654.076416015625,945.3317260742188,686.244873046875,206.59149169921875,32.16845703125,6645.7294921875,0.003204923588782549
7494,149.88,oracle,8,0.9303317666053772,1238.90576171875,589.3169555664062,1332.382080078125,630.8267211914062,93.476318359375,41.509765625,3880.18017578125,0.0018712289165705442
7506,150.12,oracle,8,0.5199262499809265,922.0146484375,505.16949462890625,970.1008911132812,512.81494140625,48.08624267578125,7.64544677734375,367.64080810546875,0.0001772959076333791
7554,151.08,okx,7,0.6771547198295593,1134.25830078125,532.5864868164062,1171.3350830078125,541.15185546875,37.0767822265625,8.56536865234375,317.5762939453125,0.00015315214113797992
7560,151.2,okx,7,0.7179133296012878,1163.3604736328125,538.4118041992188,1206.9718017578125,549.3717041015625,43.611328125,10.95989990234375,477.9757995605469,0.00023050530580803752
7566,151.32,okx,7,0.6739169955253601,1180.36376953125,545.609130859375,1232.648681640625,557.9664306640625,52.284912109375,12.3572998046875,646.100341796875,0.0003115838917437941
7572,151.44,okx,7,0.7695742845535278,1177.87255859375,548.5281372070312,1237.084228515625,562.8485717773438,59.211669921875,14.3204345703125,847.9368286132812,0.0004089201393071562
7578,151.56,okx,7,0.7743011713027954,1180.417236328125,542.2623901367188,1238.5579833984375,558.2354125976562,58.1407470703125,15.9730224609375,928.6834716796875,0.00044786048238165677
7584,151.68,okx,7,0.7480477094650269,1282.566162109375,525.5,1345.9884033203125,540.637451171875,63.4222412109375,15.137451171875,960.0510864257812,0.0004629876057151705
7590,151.8,okx,7,0.6676406264305115,1257.863037109375,507.1695556640625,1325.9434814453125,525.5625,68.0804443359375,18.3929443359375,1252.1998291015625,0.0006038772407919168
7590,151.8,okx,7,0.6275612115859985,1126.173095703125,504.8304138183594,1184.755859375,522.296142578125,58.582763671875,17.465728759765625,1023.190673828125,0.0004934368771500885
7596,151.92,okx,7,0.8031840324401855,1198.966552734375,497.42010498046875,1291.9599609375,518.4474487304688,92.993408203125,21.02734375,1955.4044189453125,0.000942999788094312
7602,152.04,okx,7,0.8049069046974182,1110.90185546875,488.6822509765625,1197.7974853515625,510.19049072265625,86.8956298828125,21.50823974609375,1868.9720458984375,0.0009013175149448216
7608,152.16,okx,7,0.8070464730262756,978.2341918945312,490.9286193847656,1070.8212890625,514.5416259765625,92.58709716796875,23.613006591796875,2186.259765625,0.0010543304961174726
7614,152.28,okx,7,0.7300707697868347,724.630126953125,672.8651123046875,786.5383911132812,757.1984252929688,61.90826416015625,84.33331298828125,5220.92919921875,0.00251780916005373
7614,152.28,okx,7,0.5696039199829102,750.3970947265625,501.33721923828125,856.283203125,525.9046020507812,105.8861083984375,24.5673828125,2601.344482421875,0.0012545064091682434
7614,152.28,okx,7,0.5171474814414978,641.405029296875,659.4779663085938,714.802734375,701.9567260742188,73.397705078125,42.478759765625,3117.843505859375,0.0015035896794870496
7644,152.88,oracle,8,0.861496090888977,1454.6962890625,531.1513061523438,1564.489013671875,564.8430786132812,109.792724609375,33.6917724609375,3699.111572265625,0.0017839079955592752
7650,153.0,oracle,8,0.9219610095024109,1479.5123291015625,560.83251953125,1638.0709228515625,600.9067993164062,158.55859375,40.07427978515625,6354.12158203125,0.0030642948113381863
7656,153.12,oracle,8,0.9546416401863098,1379.0458984375,602.0604858398438,1632.7183837890625,649.8416137695312,253.6724853515625,47.7811279296875,12120.7578125,0.005845272913575172
7656,153.12,atlasian,1,0.4068208932876587,1784.2930908203125,474.0130615234375,1917.87451171875,500.0174255371094,133.5814208984375,26.004364013671875,3473.699951171875,0.0016752025112509727
7662,153.24,oracle,8,0.9535824060440063,1065.338134765625,646.1150512695312,1423.759765625,698.9340209960938,358.421630859375,52.8189697265625,18931.4609375,0.009129755198955536
7668,153.36,oracle,8,0.8785291910171509,749.7598876953125,612.7471923828125,1068.28271484375,687.8200073242188,318.5228271484375,75.07281494140625,23912.404296875,0.01153183076530695
7674,153.48,oracle,8,0.812270998954773,663.0694580078125,560.7734375,825.0404663085938,626.6683349609375,161.97100830078125,65.8948974609375,10673.0625,0.005147117190063
7680,153.6,oracle,8,0.9183874726295471,995.8751831054688,477.6200256347656,1185.156494140625,510.1879577636719,189.28131103515625,32.56793212890625,6164.5009765625,0.0029728496447205544
7680,153.6,oracle,8,0.6876578330993652,697.8558959960938,532.6123046875,779.2684936523438,578.9015502929688,81.41259765625,46.28924560546875,3768.52783203125,0.0018173841526731849
7686,153.72,oracle,8,0.7757136225700378,941.107177734375,477.63287353515625,1099.295166015625,502.5283203125,158.18798828125,24.89544677734375,3938.16064453125,0.0018991901306435466
7692,153.84,oracle,8,0.588870108127594,951.470703125,487.99456787109375,1074.216552734375,507.8744201660156,122.745849609375,19.879852294921875,2440.16943359375,0.001176779274828732
7704,154.08,oracle,8,0.4068993628025055,1032.1754150390625,512.0143432617188,1131.6966552734375,521.281005859375,99.521240234375,9.26666259765625,922.229736328125,0.0004447481478564441
7710,154.2,oracle,8,0.5960700511932373,1081.6151123046875,532.7515869140625,1151.9974365234375,547.1056518554688,70.38232421875,14.35406494140625,1010.2724609375,0.0004872069985140115
7722,154.44,oracle,8,0.46783140301704407,1113.2669677734375,544.924560546875,1164.0244140625,556.1241455078125,50.7574462890625,11.1995849609375,568.4623413085938,0.00027414271607995033
7728,154.56,oracle,8,0.409259170293808,995.6273803710938,550.445556640625,1023.5292358398438,560.144775390625,27.90185546875,9.69921875,270.6261901855469,0.00013051032146904618
7734,154.68,okx,7,0.4202757477760315,584.1297607421875,557.2337036132812,605.8863525390625,567.2346801757812,21.756591796875,10.0009765625,217.587158203125,0.0001049320781021379
7740,154.8,okx,7,0.5304318070411682,1080.047607421875,477.4965515136719,1121.0419921875,484.9136657714844,40.994384765625,7.4171142578125,304.0600280761719,0.00014663388719782233
7746,154.92,okx,7,0.7085261344909668,988.6304931640625,479.67852783203125,1032.477783203125,487.6374206542969,43.8472900390625,7.958892822265625,348.97589111328125,0.00016829470405355096
7752,155.04,okx,7,0.6575856804847717,909.2902221679688,478.1305847167969,953.0407104492188,485.1265869140625,43.75048828125,6.996002197265625,306.0785217285156,0.00014760730846319348
7758,155.16,okx,7,0.6938079595565796,843.2155151367188,471.34033203125,890.5521850585938,479.0674743652344,47.336669921875,7.727142333984375,365.7771911621094,0.00017639718134887516
7764,155.28,okx,7,0.6580729484558105,799.091064453125,468.7509765625,846.0779418945312,476.3215026855469,46.98687744140625,7.570526123046875,355.71539306640625,0.00017154484521597624
7818,156.36,oracle,8,0.8547998070716858,737.7734375,482.85418701171875,968.6961669921875,572.2750854492188,230.9227294921875,89.4208984375,20649.318359375,0.009958197362720966
7824,156.48,oracle,8,0.8781412839889526,737.970458984375,484.19598388671875,969.9948120117188,573.9255981445312,232.02435302734375,89.7296142578125,20819.455078125,0.01004024688154459
7830,156.6,oracle,8,0.7492563128471375,737.4405517578125,484.31488037109375,970.1670532226562,573.4275512695312,232.72650146484375,89.1126708984375,20738.880859375,0.010001389309763908
7836,156.72,oracle,8,0.7117727398872375,736.6484375,484.1082763671875,971.1004028320312,573.8610229492188,234.45196533203125,89.75274658203125,21042.70703125,0.010147910565137863
7842,156.84,oracle,8,0.7213646769523621,735.6884765625,483.55914306640625,973.0040283203125,573.9049072265625,237.3155517578125,90.34576416015625,21440.455078125,0.010339725762605667
7848,156.96,oracle,8,0.5116440653800964,736.1414794921875,486.5780334472656,973.4239501953125,575.9703979492188,237.282470703125,89.39236450195312,21211.240234375,0.010229186154901981
7872,157.44,oracle,8,0.7802650332450867,735.7716674804688,483.77099609375,971.7161254882812,577.8287963867188,235.9444580078125,94.05780029296875,22192.416015625,0.010702361352741718
7878,157.56,oracle,8,0.8923830986022949,736.6409301757812,483.6548767089844,971.57568359375,576.8304443359375,234.93475341796875,93.17556762695312,21890.1796875,0.010556606575846672
7884,157.68,oracle,8,0.9265895485877991,736.488525390625,484.3619689941406,970.1751708984375,575.9691772460938,233.6866455078125,91.60720825195312,21407.380859375,0.010323775932192802
7890,157.8,oracle,8,0.9347238540649414,736.0519409179688,484.8406677246094,968.8160400390625,575.3646240234375,232.76409912109375,90.52395629882812,21070.7265625,0.01016142312437296
7896,157.92,oracle,8,0.9380700588226318,734.0384521484375,483.7704162597656,968.5159912109375,575.02001953125,234.4775390625,91.24960327148438,21395.982421875,0.010318278335034847
7902,158.04,oracle,8,0.9294384717941284,733.990234375,483.40869140625,970.1047973632812,575.0680541992188,236.11456298828125,91.65936279296875,21642.111328125,0.01043697539716959
7908,158.16,oracle,8,0.8801279664039612,733.68359375,483.82928466796875,968.690185546875,576.0068969726562,235.006591796875,92.1776123046875,21662.345703125,0.010446732863783836
7944,158.88,oracle,8,0.8508935570716858,735.5910034179688,484.589599609375,968.6429443359375,572.7871704101562,233.05194091796875,88.19757080078125,20554.615234375,0.009912526234984398
7950,159.0,oracle,8,0.7832406759262085,737.4390869140625,483.4206848144531,970.755615234375,573.8489379882812,233.3165283203125,90.42825317382812,21098.40625,0.010174771770834923
7956,159.12,oracle,8,0.7510883212089539,734.6016235351562,483.6269836425781,967.9077758789062,573.8214111328125,233.30615234375,90.19442749023438,21042.9140625,0.010148010216653347
7962,159.24,oracle,8,0.8570941090583801,735.4326171875,483.45318603515625,966.5942993164062,574.28662109375,231.16168212890625,90.83343505859375,20997.208984375,0.010125968605279922
7968,159.36,oracle,8,0.8730922937393188,736.450439453125,484.0664367675781,968.9276733398438,573.9326782226562,232.47723388671875,89.86624145507812,20891.85546875,0.010075162164866924
7974,159.48,oracle,8,0.9134818315505981,734.9971313476562,483.74365234375,967.6215209960938,573.7392578125,232.6243896484375,89.99560546875,20935.171875,0.010096050798892975
7980,159.6,oracle,8,0.9311816692352295,734.5128784179688,484.59503173828125,968.8109130859375,573.572021484375,234.29803466796875,88.97698974609375,20847.134765625,0.010053595528006554
7986,159.72,oracle,8,0.9398689866065979,734.7261352539062,484.36572265625,966.8909301757812,573.8095703125,232.164794921875,89.44384765625,20765.712890625,0.010014329105615616
7992,159.84,oracle,8,0.948125958442688,736.7310180664062,485.9044494628906,970.217041015625,573.8440551757812,233.48602294921875,87.93960571289062,20532.66796875,0.009901942685246468
7998,159.96,oracle,8,0.9382144212722778,736.6448364257812,485.0920104980469,969.7348022460938,574.4526977539062,233.0899658203125,89.36068725585938,20829.080078125,0.010044888593256474
8004,160.08,oracle,8,0.9447299838066101,736.475341796875,485.32666015625,969.6246948242188,574.3267211914062,233.14935302734375,89.00006103515625,20750.306640625,0.010006899014115334
8010,160.2,oracle,8,0.941964328289032,736.517578125,485.666015625,969.4037475585938,574.592529296875,232.88616943359375,88.926513671875,20709.755859375,0.009987344034016132
8016,160.32,oracle,8,0.9347973465919495,737.5419921875,484.33941650390625,969.6527709960938,574.037109375,232.11077880859375,89.69769287109375,20819.80078125,0.010040413588285446
8016,160.32,petronas,9,0.5014402866363525,282.8866271972656,363.0763244628906,426.894775390625,405.5000915527344,144.00814819335938,42.42376708984375,6109.3681640625,0.0029462615493685007
8022,160.44,oracle,8,0.9355332851409912,736.18603515625,483.95458984375,970.9762573242188,574.5991821289062,234.79022216796875,90.64459228515625,21282.46484375,0.010263534262776375
8028,160.56,oracle,8,0.9271095991134644,737.4561767578125,484.5647277832031,969.8565673828125,574.8988647460938,232.400390625,90.33413696289062,20993.689453125,0.010124271735548973
8034,160.68,oracle,8,0.9346359372138977,738.3975219726562,484.0940246582031,969.2928466796875,574.6326904296875,230.89532470703125,90.53866577148438,20904.955078125,0.010081479325890541
8040,160.8,oracle,8,0.9061470031738281,735.70361328125,484.03399658203125,965.6897583007812,574.6627197265625,229.98614501953125,90.62872314453125,20843.3515625,0.010051771067082882
8046,160.92,oracle,8,0.9289294481277466,738.3203735351562,484.1656188964844,969.6622314453125,574.1206665039062,231.34185791015625,89.95504760742188,20810.3671875,0.01003586407750845
8052,161.04,oracle,8,0.896104097366333,736.9332275390625,484.30926513671875,968.0201416015625,573.90869140625,231.0869140625,89.59942626953125,20705.255859375,0.009985173121094704
8058,161.16,oracle,8,0.912549614906311,735.7694702148438,484.2138366699219,970.7031860351562,574.5438842773438,234.9337158203125,90.33004760742188,21221.57421875,0.010234169661998749
8064,161.28,oracle,8,0.913022518157959,738.3026123046875,484.0126647949219,970.3768310546875,574.6226196289062,232.07421875,90.60995483398438,21028.234375,0.010140931233763695
8070,161.4,oracle,8,0.8742551803588867,739.1105346679688,483.9786376953125,970.398681640625,574.7950439453125,231.28814697265625,90.81640625,21004.7578125,0.010129609145224094
8070,161.4,okx,7,0.4697169363498688,1289.6923828125,290.17755126953125,1319.787109375,319.1375732421875,30.0947265625,28.96002197265625,871.5439453125,0.0004203047719784081
8076,161.52,oracle,8,0.8903397917747498,737.423583984375,484.31854248046875,971.869140625,574.0997924804688,234.445556640625,89.78125,21048.814453125,0.010150855407118797
8082,161.64,oracle,8,0.893567681312561,736.413818359375,484.5647277832031,972.5621948242188,574.2837524414062,236.14837646484375,89.71902465820312,21187.001953125,0.010217497125267982
8088,161.76,oracle,8,0.8892389535903931,737.6475219726562,483.9158935546875,966.6696166992188,574.65771484375,229.0220947265625,90.7418212890625,20781.8828125,0.010022127069532871
8094,161.88,oracle,8,0.9051206111907959,735.8088989257812,484.0092468261719,970.4763793945312,573.8265380859375,234.66748046875,89.81729125976562,21077.197265625,0.010164543054997921
8100,162.0,oracle,8,0.9134382009506226,736.4664916992188,483.4591979980469,971.2489624023438,573.481201171875,234.782470703125,90.02200317382812,21135.587890625,0.010192702524363995
8106,162.12,oracle,8,0.9157395362854004,734.2698974609375,482.2062683105469,967.1016235351562,573.2361450195312,232.83172607421875,91.02987670898438,21194.642578125,0.010221181437373161
8112,162.24,oracle,8,0.9218690991401672,735.8584594726562,483.0055236816406,966.7963256835938,573.8976440429688,230.9378662109375,90.89212036132812,20990.431640625,0.010122700594365597
8118,162.36,oracle,8,0.9131523370742798,735.6260986328125,484.6122131347656,969.8367919921875,573.7440185546875,234.210693359375,89.13180541992188,20875.62109375,0.010067332535982132
8118,162.36,okx,7,0.6742233037948608,1181.265869140625,220.45156860351562,1235.135986328125,258.50018310546875,53.8701171875,38.048614501953125,2049.683349609375,0.000988466083072126
8124,162.48,oracle,8,0.9173653721809387,734.1013793945312,484.4187927246094,969.5194091796875,573.75830078125,235.41802978515625,89.33950805664062,21032.130859375,0.010142809711396694
8130,162.6,oracle,8,0.9278106689453125,738.8359375,484.37249755859375,970.1067504882812,572.610107421875,231.27081298828125,88.23760986328125,20406.783203125,0.009841234423220158
8136,162.72,oracle,8,0.9240794777870178,739.3125610351562,484.13702392578125,970.1864013671875,572.5787963867188,230.87384033203125,88.4417724609375,20418.892578125,0.009847073815762997
8142,162.84,oracle,8,0.9286542534828186,735.171875,483.1917419433594,967.2725830078125,573.8710327148438,232.1007080078125,90.67929077148438,21046.728515625,0.010149849578738213
8148,162.96,oracle,8,0.9232005476951599,737.4166870117188,484.2391052246094,969.2664184570312,574.4115600585938,231.8497314453125,90.17245483398438,20906.458984375,0.010082204826176167
8154,163.08,oracle,8,0.9070137143135071,735.4719848632812,484.2701110839844,969.5842895507812,573.1710205078125,234.1123046875,88.90090942382812,20812.796875,0.010037035681307316
8160,163.2,oracle,8,0.9042887091636658,737.609375,484.4598693847656,969.2478637695312,573.3095092773438,231.63848876953125,88.84963989257812,20580.99609375,0.00992524903267622
8166,163.32,oracle,8,0.9194338321685791,738.20751953125,483.4208068847656,969.04345703125,573.7554321289062,230.8359375,90.33462524414062,20852.478515625,0.010056172497570515
8172,163.44,oracle,8,0.9280909895896912,734.9200439453125,483.4370422363281,969.1985473632812,573.5405883789062,234.27850341796875,90.10354614257812,21109.32421875,0.010180036537349224
8178,163.56,oracle,8,0.9378156065940857,738.4868774414062,483.76812744140625,966.5211791992188,574.0830078125,228.0343017578125,90.31488037109375,20594.890625,0.009931949898600578
8184,163.68,oracle,8,0.9346048831939697,734.6507568359375,483.877197265625,969.9222412109375,573.9508666992188,235.271484375,90.07366943359375,21191.765625,0.010219794698059559
8190,163.8,oracle,8,0.9258866310119629,736.0030517578125,484.8453369140625,969.7764892578125,573.1773681640625,233.7734375,88.33203125,20649.681640625,0.009958372451364994
8196,163.92,oracle,8,0.9108676314353943,736.53076171875,483.00390625,965.0941162109375,574.5082397460938,228.5633544921875,91.50433349609375,20914.537109375,0.010086099617183208
8202,164.04,oracle,8,0.9232205152511597,734.427734375,484.3619079589844,970.5678100585938,573.55908203125,236.14007568359375,89.19717407226562,21063.02734375,0.010157709941267967
8208,164.16,oracle,8,0.8808180093765259,739.0531616210938,484.363525390625,970.543701171875,573.85498046875,231.49053955078125,89.491455078125,20716.42578125,0.00999055989086628
8214,164.28,oracle,8,0.9048028588294983,736.6163940429688,482.6392517089844,971.1687622070312,573.867431640625,234.5523681640625,91.22817993164062,21397.78515625,0.010319148190319538
8220,164.4,oracle,8,0.8996599316596985,737.8452758789062,484.4892272949219,970.5615234375,573.5612182617188,232.71624755859375,89.07199096679688,20728.5,0.00999638345092535
8226,164.52,oracle,8,0.9051766395568848,738.2332153320312,484.3071594238281,970.728271484375,573.8794555664062,232.49505615234375,89.57229614257812,20825.115234375,0.010042975656688213
8232,164.64,oracle,8,0.8657503128051758,738.3670654296875,484.6046142578125,972.542724609375,573.54638671875,234.1756591796875,88.9417724609375,20827.998046875,0.010044366121292114
8238,164.76,oracle,8,0.871027946472168,737.1115112304688,484.2904052734375,975.576416015625,572.2742309570312,238.46490478515625,87.98382568359375,20981.0546875,0.010118178091943264
8244,164.88,oracle,8,0.8358585834503174,739.1986083984375,486.2193603515625,970.6980590820312,573.63818359375,231.49945068359375,87.4188232421875,20237.41015625,0.009759553708136082
8316,166.32,oracle,8,0.8239262104034424,737.8967895507812,482.8098449707031,970.9610595703125,577.693359375,233.06427001953125,94.88351440429688,22113.95703125,0.01066452357918024
8322,166.44,oracle,8,0.9273556470870972,739.76025390625,484.3913879394531,973.2943725585938,577.3424072265625,233.53411865234375,92.95101928710938,21707.234375,0.010468380525708199
8328,166.56,oracle,8,0.9393993616104126,739.5452880859375,483.66845703125,971.3353881835938,577.2593994140625,231.79010009765625,93.5909423828125,21693.453125,0.010461734607815742
8334,166.68,oracle,8,0.9367117881774902,735.196044921875,483.7295227050781,971.2852783203125,576.3607177734375,236.0892333984375,92.63119506835938,21869.228515625,0.010546502657234669
8340,166.8,oracle,8,0.9443830251693726,737.50439453125,484.26690673828125,970.8983154296875,576.0509643554688,233.3939208984375,91.7840576171875,21421.841796875,0.010330749675631523
8346,166.92,oracle,8,0.940321683883667,734.2396240234375,483.5020446777344,969.29248046875,575.8300170898438,235.0528564453125,92.32797241210938,21701.953125,0.0104658342897892
8352,167.04,oracle,8,0.9475051760673523,735.1395874023438,484.55352783203125,969.1726684570312,574.8201904296875,234.0330810546875,90.26666259765625,21125.384765625,0.010187782347202301
8358,167.16,oracle,8,0.9455649852752686,738.0005493164062,484.5059814453125,967.6472778320312,576.0634765625,229.646728515625,91.5574951171875,21025.87890625,0.010139795020222664
8364,167.28,oracle,8,0.9445282816886902,734.7192993164062,484.7655944824219,968.2716674804688,575.297119140625,233.5523681640625,90.53152465820312,21143.8515625,0.010196687653660774
8370,167.4,oracle,8,0.9476578831672668,738.85986328125,485.2166748046875,967.9297485351562,575.7059326171875,229.06988525390625,90.4892578125,20728.36328125,0.009996317327022552
8376,167.52,oracle,8,0.9473974108695984,736.2308349609375,485.20880126953125,970.8123779296875,573.801513671875,234.58154296875,88.59271240234375,20782.21484375,0.010022287257015705
8382,167.64,oracle,8,0.9502905607223511,736.20703125,484.28851318359375,968.7720336914062,574.6908569335938,232.56500244140625,90.40234375,21024.421875,0.010139092803001404
8388,167.76,oracle,8,0.9486807584762573,735.0225219726562,484.65838623046875,968.6444091796875,572.8157958984375,233.62188720703125,88.15740966796875,20595.5,0.009932243265211582
8394,167.88,oracle,8,0.9500680565834045,738.60595703125,485.5910339355469,968.5536499023438,575.0800170898438,229.94769287109375,89.48898315429688,20577.78515625,0.009923700243234634
8400,168.0,oracle,8,0.9530728459358215,736.864013671875,484.58843994140625,968.6268920898438,574.9649658203125,231.76287841796875,90.37652587890625,20945.923828125,0.010101236402988434
8406,168.12,oracle,8,0.9520958662033081,738.7879638671875,485.0401611328125,968.740966796875,575.6116333007812,229.9530029296875,90.57147216796875,20827.181640625,0.010043972171843052
8412,168.24,oracle,8,0.9525892734527588,733.041259765625,484.9466247558594,969.44873046875,573.9981079101562,236.407470703125,89.05148315429688,21052.435546875,0.010152601636946201
8418,168.36,oracle,8,0.9589951634407043,738.4493408203125,485.6509704589844,969.3973388671875,574.5791625976562,230.947998046875,88.92819213867188,20537.787109375,0.009904411621391773
8424,168.48,oracle,8,0.956034243106842,735.8588256835938,484.8417663574219,966.3253784179688,574.0552978515625,230.466552734375,89.21353149414062,20560.734375,0.009915477596223354
8430,168.6,oracle,8,0.8553770184516907,740.1339111328125,481.8464660644531,970.5994873046875,575.8916625976562,230.465576171875,94.04519653320312,21674.1796875,0.01045244000852108
8586,171.72,bwt,2,0.7832985520362854,616.3859252929688,398.6135559082031,689.0476684570312,476.2085266113281,72.6617431640625,77.594970703125,5638.18603515625,0.0027190325781702995
8622,172.44,capp,3,0.4713435173034668,1206.7911376953125,414.58868408203125,1276.5802001953125,427.6934814453125,69.7890625,13.10479736328125,914.571533203125,0.000441054959082976
8622,172.44,bwt,2,0.4262970983982086,715.7841186523438,636.8257446289062,920.267822265625,672.46923828125,204.48370361328125,35.64349365234375,7288.513671875,0.003514908254146576
8628,172.56,bwt,2,0.5636036396026611,711.2214965820312,638.2349243164062,920.7127075195312,675.3989868164062,209.4912109375,37.1640625,7785.54443359375,0.0037546027451753616
8706,174.12,capp,3,0.4210952818393707,1203.53955078125,354.4286193847656,1269.5025634765625,369.5332336425781,65.9630126953125,15.1046142578125,996.3458862304688,0.0004804908821824938
8730,174.6,capp,3,0.4601939022541046,834.4571533203125,607.68505859375,1324.881591796875,803.9286499023438,490.4244384765625,196.24359130859375,96242.65625,0.04641331732273102
8748,174.96,kick,5,0.5905210375785828,1210.4921875,287.0212097167969,1368.317626953125,353.6631164550781,157.825439453125,66.64190673828125,10517.7880859375,0.005072235595434904
8760,175.2,capp,3,0.7067362666130066,1379.0762939453125,389.1312255859375,1564.2490234375,423.034423828125,185.1727294921875,33.9031982421875,6277.94775390625,0.0030275597237050533
8832,176.64,capp,3,0.42209118604660034,783.0559692382812,375.732177734375,828.1856079101562,383.0992736816406,45.129638671875,7.367095947265625,332.474365234375,0.00016033678548410535
8874,177.48,hp,4,0.4269610643386841,764.9639892578125,90.7511978149414,835.3651733398438,114.08409881591797,70.40118408203125,23.332901000976562,1642.663818359375,0.0007921797223389149
9420,188.4,petronas,9,0.5948285460472107,1245.2308349609375,526.5825805664062,1303.4869384765625,532.646484375,58.256103515625,6.06390380859375,353.2593994140625,0.000170360435731709
9432,188.64,petronas,9,0.4552917778491974,1071.6953125,476.2313537597656,1129.6925048828125,483.5258483886719,57.9971923828125,7.29449462890625,423.0602111816406,0.00020402208610903472
9438,188.76,petronas,9,0.4659937918186188,1115.4635009765625,480.76251220703125,1157.353759765625,486.5545349121094,41.8902587890625,5.792022705078125,242.62933349609375,0.00011700874165399
9444,188.88,petronas,9,0.5362815856933594,1131.03955078125,481.3463134765625,1174.78173828125,486.9637451171875,43.7421875,5.617431640625,245.71875,0.00011849862494273111
9450,189.0,petronas,9,0.5714292526245117,1138.4681396484375,481.992919921875,1185.874267578125,486.8646240234375,47.4061279296875,4.8717041015625,230.94862365722656,0.00011137568799313158
9450,189.0,petronas,9,0.4922771751880646,955.3041381835938,449.9880065917969,1007.0323486328125,456.0028991699219,51.72821044921875,6.014892578125,311.1396179199219,0.00015004804299678653
9456,189.12,petronas,9,0.4143604636192322,990.0386962890625,456.9829406738281,1027.9417724609375,462.6424255371094,37.903076171875,5.65948486328125,214.5118865966797,0.00010344901966163889
9474,189.48,atlasian,1,0.44590991735458374,1065.9913330078125,542.0706176757812,1136.1683349609375,548.79248046875,70.177001953125,6.72186279296875,471.7201843261719,0.00022748851915821433
9510,190.2,moneygram,6,0.6902322173118591,1511.5067138671875,743.0484008789062,1574.9813232421875,780.2263793945312,63.474609375,37.177978515625,2359.857666015625,0.0011380485957488418
9534,190.68,atlasian,1,0.7608733773231506,1197.7108154296875,532.1461791992188,1321.61279296875,547.2286376953125,123.9019775390625,15.08245849609375,1868.7464599609375,0.0009012087248265743
9582,191.64,atlasian,1,0.4102661907672882,1192.4453125,591.1254272460938,1310.178466796875,602.9324951171875,117.733154296875,11.80706787109375,1390.0833740234375,0.0006703719845972955
9816,196.32,aramco,0,0.6065850853919983,347.1985168457031,613.6487426757812,820.8844604492188,741.1240234375,473.6859436035156,127.47528076171875,60383.25,0.029120009392499924
9966,199.32,aramco,0,0.40068912506103516,332.4375,619.371337890625,823.593994140625,751.899658203125,491.156494140625,132.5283203125,65092.14453125,0.03139088675379753
9978,199.56,capp,3,0.4052662253379822,343.7265319824219,618.1830444335938,825.0470581054688,751.4801025390625,481.3205261230469,133.29705810546875,64158.609375,0.030940687283873558
10260,205.2,aramco,0,0.4547033905982971,347.20037841796875,614.6781005859375,825.0460205078125,736.032470703125,477.84564208984375,121.3543701171875,57988.65625,0.027965208515524864
10530,210.6,aramco,0,0.43331512808799744,355.9127502441406,615.9971923828125,834.68798828125,742.840576171875,478.7752380371094,126.8433837890625,60729.47265625,0.029286975041031837
10548,210.96,aramco,0,0.5338858962059021,356.5787353515625,616.7046508789062,831.713623046875,739.6256713867188,475.1348876953125,122.9210205078125,58404.06640625,0.0281655415892601
10650,213.0,bwt,2,0.4109704792499542,504.0888977050781,653.678955078125,658.0595703125,672.4971313476562,153.97067260742188,18.81817626953125,2897.447265625,0.0013973028399050236
10656,213.12,hp,4,0.44097021222114563,808.116455078125,30.317516326904297,870.8584594726562,47.76416778564453,62.74200439453125,17.446651458740234,1094.637939453125,0.0005278925527818501
10668,213.36,hp,4,0.7342670559883118,735.0439453125,591.5401000976562,835.4032592773438,677.15185546875,100.35931396484375,85.61175537109375,8591.9375,0.004143488593399525
10674,213.48,hp,4,0.5645724534988403,761.5588989257812,608.0235595703125,860.4827270507812,694.6248168945312,98.923828125,86.60125732421875,8566.927734375,0.004131427500396967
10680,213.6,hp,4,0.9138607382774353,787.2423706054688,618.800048828125,886.2149047851562,705.8070068359375,98.9725341796875,87.0069580078125,8611.298828125,0.004152825567871332
10686,213.72,hp,4,0.8964141607284546,814.3713989257812,623.4277954101562,916.0870971679688,708.9185180664062,101.7156982421875,85.49072265625,8695.7490234375,0.00419355183839798
10704,214.08,hp,4,0.8774366974830627,973.8671264648438,722.10791015625,1064.8909912109375,798.0818481445312,91.02386474609375,75.97393798828125,6915.44140625,0.0033349930308759212
10704,214.08,hp,4,0.7240455746650696,1375.287841796875,36.516502380371094,1428.005126953125,75.51773071289062,52.71728515625,39.00122833251953,2056.038818359375,0.0009915310656651855
10704,214.08,hp,4,0.5795513391494751,1198.37255859375,34.07423782348633,1242.7296142578125,72.17131805419922,44.3570556640625,38.09708023071289,1689.874267578125,0.0008149470668286085
10710,214.2,hp,4,0.8665714859962463,1002.736572265625,708.3324584960938,1092.4132080078125,775.2608642578125,89.6766357421875,66.92840576171875,6001.9140625,0.002894441597163677
10710,214.2,hp,4,0.7862157225608826,1372.3504638671875,83.6429214477539,1423.26953125,120.71171569824219,50.9190673828125,37.06879425048828,1887.5084228515625,0.0009102567564696074
10716,214.32,hp,4,0.864848256111145,1016.1856689453125,679.384765625,1095.8778076171875,742.4298706054688,79.692138671875,63.04510498046875,5024.19921875,0.002422935562208295
10716,214.32,hp,4,0.4849540889263153,1348.366455078125,126.47254180908203,1390.6590576171875,156.37796020507812,42.2926025390625,29.905418395996094,1264.7779541015625,0.0006099430611357093
10722,214.44,hp,4,0.862256646156311,1019.1073608398438,671.8641967773438,1089.8447265625,726.0018920898438,70.73736572265625,54.1376953125,3829.557861328125,0.0018468160415068269
10722,214.44,hp,4,0.6940758228302002,1311.0189208984375,172.3657684326172,1353.94384765625,203.27378845214844,42.9249267578125,30.90802001953125,1326.7244873046875,0.0006398169789463282
10722,214.44,hp,4,0.4614490270614624,1186.258544921875,168.36666870117188,1224.856201171875,201.40943908691406,38.59765625,33.04277038574219,1275.37353515625,0.000615052820648998
10728,214.56,hp,4,0.8375135660171509,1000.8777465820312,657.46337890625,1083.1649169921875,706.779052734375,82.28717041015625,49.315673828125,4058.04736328125,0.0019570058211684227
10728,214.56,hp,4,0.4689536988735199,1146.8096923828125,206.4559783935547,1307.23486328125,235.25430297851562,160.4251708984375,28.798324584960938,4619.97607421875,0.002227997640147805
10746,214.92,hp,4,0.795993983745575,727.511474609375,629.6099853515625,774.8584594726562,670.0523681640625,47.34698486328125,40.4423828125,1914.8248291015625,0.0009234301978722215
10752,215.04,hp,4,0.8071240186691284,720.5601806640625,624.5496826171875,778.5070190429688,666.875244140625,57.94683837890625,42.3255615234375,2452.632568359375,0.0011827896814793348
10758,215.16,hp,4,0.7784267067909241,719.1113891601562,630.5111694335938,773.9854736328125,670.6392211914062,54.87408447265625,40.1280517578125,2201.989990234375,0.0010619164677336812
10764,215.28,hp,4,0.6657955050468445,708.7886962890625,649.0377807617188,754.5969848632812,688.5348510742188,45.80828857421875,39.4970703125,1809.293212890625,0.0008725372608751059
10764,215.28,bwt,2,0.42556488513946533,890.7906494140625,495.099609375,975.7138671875,509.1895751953125,84.9232177734375,14.0899658203125,1196.565185546875,0.0005770472344011068
10770,215.4,hp,4,0.8140881061553955,697.0657958984375,650.4059448242188,742.73779296875,691.2049560546875,45.6719970703125,40.79901123046875,1863.372314453125,0.0008986170287244022
10770,215.4,bwt,2,0.480133980512619,882.8104858398438,499.90594482421875,968.5489501953125,514.7453002929688,85.73846435546875,14.83935546875,1272.3035888671875,0.000613572308793664
10776,215.52,hp,4,0.7405360341072083,671.2825317382812,646.296142578125,727.211181640625,690.3475952148438,55.92864990234375,44.05145263671875,2463.73828125,0.001188145368359983
10782,215.64,hp,4,0.8425904512405396,627.4588012695312,666.4413452148438,685.0804443359375,715.5394287109375,57.62164306640625,49.09808349609375,2829.1123046875,0.0013643481070175767
10782,215.64,hp,4,0.8300711512565613,892.8319091796875,684.9220581054688,961.6449584960938,730.5093383789062,68.81304931640625,45.5872802734375,3136.999755859375,0.001512827817350626
10788,215.76,hp,4,0.8168948888778687,555.654296875,695.0913696289062,615.817626953125,746.966796875,60.163330078125,51.87542724609375,3120.99853515625,0.0015051112277433276
10788,215.76,hp,4,0.7770877480506897,853.9490966796875,715.8505249023438,944.5286254882812,766.594482421875,90.57952880859375,50.74395751953125,4596.36376953125,0.0022166105918586254
10794,215.88,hp,4,0.8358660340309143,775.3040771484375,764.1410522460938,849.1650390625,829.36328125,73.8609619140625,65.22222900390625,4817.37646484375,0.0023231946397572756
10794,215.88,hp,4,0.7901095151901245,1147.172607421875,249.07447814941406,1183.5185546875,275.5372314453125,36.345947265625,26.462753295898438,961.8138427734375,0.00046383769949898124
10794,215.88,hp,4,0.7465606927871704,412.3307800292969,743.546142578125,496.1740417480469,807.1442260742188,83.84326171875,63.59808349609375,5332.27099609375,0.002571504097431898
10794,215.88,hp,4,0.7022618055343628,1027.107177734375,244.21304321289062,1062.65087890625,272.677734375,35.543701171875,28.464691162109375,1011.740478515625,0.000487914978293702
10800,216.0,hp,4,0.6859187483787537,673.7965087890625,806.552734375,755.9560546875,881.9285278320312,82.1595458984375,75.37579345703125,6192.8408203125,0.002986516570672393
10800,216.0,hp,4,0.6252167820930481,1202.260498046875,170.32626342773438,1239.8885498046875,202.53672790527344,37.6280517578125,32.21046447753906,1212.0169677734375,0.000584498920943588
10800,216.0,hp,4,0.6219873428344727,1055.770751953125,162.5863494873047,1094.76904296875,196.1280975341797,38.998291015625,33.541748046875,1308.07080078125,0.0006308211595751345
10806,216.12,hp,4,0.8097755908966064,1283.0235595703125,106.98968505859375,1332.4476318359375,141.5006103515625,49.424072265625,34.51092529296875,1705.67041015625,0.0008225648198276758
10806,216.12,hp,4,0.8055005073547363,584.479736328125,824.9918212890625,685.3438720703125,910.060791015625,100.8641357421875,85.0689697265625,8580.408203125,0.004137928131967783
10806,216.12,hp,4,0.7674799561500549,1133.7086181640625,100.62020111083984,1177.908447265625,136.62806701660156,44.1998291015625,36.00786590576172,1591.54150390625,0.0007675258093513548
10812,216.24,hp,4,0.7446814775466919,473.3996887207031,881.2216796875,588.8319702148438,987.3748168945312,115.43228149414062,106.15313720703125,12253.4990234375,0.005909287836402655
10818,216.36,hp,4,0.6724541783332825,335.4374084472656,953.9844970703125,448.31951904296875,1072.397705078125,112.88211059570312,118.4132080078125,13366.732421875,0.006446147803217173
10830,216.6,hp,4,0.5584940910339355,327.0660095214844,160.15496826171875,383.451904296875,246.4158935546875,56.385894775390625,86.26092529296875,4863.8994140625,0.002345630433410406
10860,217.2,hp,4,0.8066142797470093,976.7667236328125,361.5359802246094,1051.3343505859375,427.3288879394531,74.567626953125,65.79290771484375,4906.02099609375,0.002365943742915988
10866,217.32,hp,4,0.5922748446464539,973.472412109375,435.8868103027344,1008.0551147460938,471.7071228027344,34.58270263671875,35.8203125,1238.76318359375,0.0005973973893560469
10884,217.68,oracle,8,0.457467257976532,1024.1009521484375,561.2122802734375,1128.5068359375,571.1913452148438,104.4058837890625,9.97906494140625,1041.873046875,0.0005024464917369187
10914,218.28,capp,3,0.47476089000701904,1114.4796142578125,568.4391479492188,1135.4400634765625,585.9589233398438,20.96044921875,17.519775390625,367.22235107421875,0.00017709411622490734
11028,220.56,hp,4,0.6413338780403137,1382.9654541015625,419.6391296386719,1416.47607421875,447.2783203125,33.5106201171875,27.639190673828125,926.2064208984375,0.00044666591566056013
11028,220.56,hp,4,0.6145554184913635,1083.2191162109375,579.46337890625,1118.443115234375,602.6295166015625,35.2239990234375,23.1661376953125,816.0040283203125,0.00039352045860141516
11034,220.68,hp,4,0.8077303767204285,902.18310546875,487.8710021972656,943.085205078125,516.97412109375,40.902099609375,29.103118896484375,1190.378662109375,0.0005740638007409871
11034,220.68,hp,4,0.7744853496551514,1389.556396484375,423.6902160644531,1431.9443359375,465.8597717285156,42.387939453125,42.1695556640625,1787.4805908203125,0.0008620180306024849
11040,220.8,hp,4,0.8542746305465698,1300.443359375,442.41876220703125,1355.305908203125,496.45648193359375,54.862548828125,54.0377197265625,2964.64697265625,0.0014297101879492402
11040,220.8,hp,4,0.6549245715141296,658.789794921875,520.5433959960938,699.3561401367188,548.4617309570312,40.56634521484375,27.9183349609375,1132.5447998046875,0.0005461732507683337
11046,220.92,hp,4,0.8776675462722778,1279.3743896484375,453.69622802734375,1369.494140625,524.07958984375,90.1197509765625,70.38336181640625,6342.93115234375,0.0030588980298489332
11046,220.92,hp,4,0.8373623490333557,515.4619750976562,511.5730285644531,566.5443725585938,547.6651000976562,51.0823974609375,36.092071533203125,1843.6695556640625,0.0008891153265722096
11052,221.04,hp,4,0.8828204870223999,665.556396484375,468.14520263671875,716.318359375,502.3384094238281,50.761962890625,34.193206787109375,1735.7142333984375,0.0008370535215362906
11052,221.04,hp,4,0.7902096509933472,1278.1602783203125,445.3946533203125,1376.2576904296875,516.2557983398438,98.097412109375,70.86114501953125,6951.294921875,0.003352283500134945
11058,221.16,hp,4,0.833602249622345,1250.62841796875,430.1935729980469,1327.726318359375,488.0826110839844,77.097900390625,57.8890380859375,4463.12353515625,0.0021523551549762487
11064,221.28,hp,4,0.8376049995422363,1301.560302734375,413.50994873046875,1352.8050537109375,458.94293212890625,51.2447509765625,45.4329833984375,2328.201904296875,0.0011227825889363885
11070,221.4,hp,4,0.6127778887748718,1256.7066650390625,421.75811767578125,1289.2691650390625,451.9419860839844,32.5625,30.183868408203125,982.8622436523438,0.0004739883588626981
11076,221.52,capp,3,0.6359660029411316,1295.1419677734375,433.89715576171875,1390.2945556640625,448.1811828613281,95.152587890625,14.284027099609375,1359.162109375,0.0006554601131938398
11106,222.12,capp,3,0.42309170961380005,1075.8363037109375,457.4402160644531,1133.94482421875,466.1341857910156,58.1085205078125,8.6939697265625,505.1937255859375,0.00024363123520743102
11148,222.96,hp,4,0.43976864218711853,893.2518920898438,576.2344360351562,914.2958374023438,588.4767456054688,21.0439453125,12.2423095703125,257.6264953613281,0.00012424116721376777
11160,223.2,hp,4,0.42848047614097595,1207.2774658203125,460.6931457519531,1234.5029296875,479.7760314941406,27.2254638671875,19.0828857421875,519.5404052734375,0.00025054995785467327
11166,223.32,hp,4,0.5371083617210388,1280.44482421875,460.5758361816406,1309.701171875,482.0696716308594,29.25634765625,21.49383544921875,628.8311157226562,0.00030325574334710836
11172,223.44,hp,4,0.6590269207954407,1282.816650390625,461.3155517578125,1313.8472900390625,486.58941650390625,31.0306396484375,25.27386474609375,784.26416015625,0.0003782138228416443
11178,223.56,hp,4,0.6299211978912354,1229.1087646484375,470.2767639160156,1257.4228515625,491.0505065917969,28.3140869140625,20.77374267578125,588.1895751953125,0.00028365623438730836
11184,223.68,hp,4,0.7322744727134705,1145.9971923828125,474.33416748046875,1175.808349609375,497.5163879394531,29.8111572265625,23.182220458984375,691.0888061523438,0.00033327972050756216
11190,223.8,hp,4,0.6150764226913452,1071.036865234375,480.6589050292969,1102.0391845703125,504.2447204589844,31.0023193359375,23.5858154296875,731.2149658203125,0.00035263068275526166
11196,223.92,hp,4,0.7393637299537659,1029.3887939453125,482.4073486328125,1058.6429443359375,505.8782653808594,29.254150390625,23.470916748046875,686.6217041015625,0.0003311254258733243
11202,224.04,hp,4,0.7468217611312866,1023.700927734375,482.0227966308594,1058.44580078125,507.41619873046875,34.744873046875,25.393402099609375,882.29052734375,0.0004254873201716691
11208,224.16,hp,4,0.7422102093696594,1020.39208984375,485.2657470703125,1060.55029296875,512.1753540039062,40.158203125,26.90960693359375,1080.6414794921875,0.0005211426760070026
11214,224.28,hp,4,0.7136172652244568,1009.7738037109375,491.5750427246094,1044.43310546875,517.4569702148438,34.6593017578125,25.881927490234375,897.049560546875,0.00043260492384433746
11232,224.64,hp,4,0.40880587697029114,995.6128540039062,519.034912109375,1014.5001831054688,534.5597534179688,18.8873291015625,15.52484130859375,293.2227783203125,0.00014140759594738483
11244,224.88,capp,3,0.45136240124702454,1002.0050659179688,536.1073608398438,1052.98486328125,546.56640625,50.97979736328125,10.45904541015625,533.2000122070312,0.00025713734794408083
11250,225.0,capp,3,0.43825018405914307,969.5650634765625,537.30615234375,1029.288818359375,548.1052856445312,59.7237548828125,10.79913330078125,644.9647827148438,0.0003110362449660897
11256,225.12,oracle,8,0.41222500801086426,952.95947265625,551.9940185546875,1006.4029541015625,562.531494140625,53.4434814453125,10.5374755859375,563.1593627929688,0.0002715853333938867
11268,225.36,capp,3,0.4409905970096588,958.63720703125,536.9266357421875,1012.3868408203125,545.1552124023438,53.7496337890625,8.22857666015625,442.2829895019531,0.00021329234004952013
11274,225.48,oracle,8,0.409087210893631,961.8504028320312,536.9907836914062,1022.8917846679688,545.8878784179688,61.0413818359375,8.8970947265625,543.0909423828125,0.00026190729113295674
11316,226.32,capp,3,0.4316447675228119,1301.009521484375,707.7669067382812,1430.71142578125,734.0882568359375,129.701904296875,26.32135009765625,3413.92919921875,0.00164637784473598
11322,226.44,capp,3,0.7223638892173767,919.0244140625,688.9984130859375,1047.5390625,709.4901733398438,128.5146484375,20.49176025390625,2633.491455078125,0.0012700094375759363
11328,226.56,capp,3,0.8521801233291626,722.9654541015625,678.2749633789062,823.9478759765625,694.8392944335938,100.982421875,16.5643310546875,1672.706298828125,0.0008066677837632596
11334,226.68,capp,3,0.8396562933921814,619.3161010742188,673.2040405273438,716.0362548828125,686.13427734375,96.72015380859375,12.93023681640625,1250.614501953125,0.0006031126831658185
11340,226.8,capp,3,0.775866687297821,566.7337036132812,663.4803466796875,656.5759887695312,676.2160034179688,89.84228515625,12.73565673828125,1144.2005615234375,0.0005517942481674254
11346,226.92,capp,3,0.7962920069694519,556.577392578125,651.8876342773438,629.0145874023438,661.8291625976562,72.43719482421875,9.9415283203125,720.1364135742188,0.0003472880052868277
11352,227.04,capp,3,0.8124462366104126,562.38623046875,640.5036010742188,641.9813842773438,652.77734375,79.59515380859375,12.27374267578125,976.930419921875,0.00047112771426327527
11358,227.16,capp,3,0.4112561047077179,585.46533203125,628.5535278320312,660.3599243164062,637.8574829101562,74.89459228515625,9.303955078125,696.81591796875,0.0003360416158102453
11364,227.28,capp,3,0.7677016258239746,624.58349609375,624.1049194335938,684.2152099609375,632.2572021484375,59.6317138671875,8.15228271484375,486.13458251953125,0.00023443989630322903
11370,227.4,capp,3,0.5336933135986328,676.5281372070312,612.9544067382812,733.685791015625,622.4067993164062,57.15765380859375,9.452392578125,540.276611328125,0.0002605500631034374
11412,228.24,oracle,8,0.4030129313468933,955.3164672851562,566.187744140625,1006.0596923828125,574.6735229492188,50.74322509765625,8.48577880859375,430.5957946777344,0.00020765615045093
11472,229.44,petronas,9,0.592994749546051,473.9119873046875,833.85546875,644.6407470703125,854.8896484375,170.728759765625,21.0341796875,3591.139404296875,0.0017318380996584892
11478,229.56,petronas,9,0.4924909472465515,366.8072509765625,824.9951171875,490.13397216796875,842.1380615234375,123.32672119140625,17.1429443359375,2114.18310546875,0.0010195713257417083
11808,236.16,bwt,2,0.5676077008247375,451.25811767578125,346.6989440917969,512.492919921875,418.126708984375,61.23480224609375,71.42776489257812,4373.865234375,0.0021093101240694523
11820,236.4,aramco,0,0.48427385091781616,1234.7099609375,443.3816833496094,1528.7745361328125,499.5265808105469,294.0645751953125,56.1448974609375,16510.224609375,0.007962106727063656
11826,236.52,aramco,0,0.5785272717475891,1227.1741943359375,444.5653076171875,1534.10498046875,501.434814453125,306.9307861328125,56.8695068359375,17455.001953125,0.00841772835701704
11964,239.28,okx,7,0.48673391342163086,1367.6661376953125,159.53636169433594,1701.2947998046875,205.40074157714844,333.628662109375,45.8643798828125,15301.671875,0.007379278540611267
11988,239.76,capp,3,0.559933602809906,1181.3841552734375,483.361328125,1239.4981689453125,543.1119384765625,58.114013671875,59.7506103515625,3472.347900390625,0.00167455046903342
11994,239.88,capp,3,0.6167457103729248,529.494873046875,441.94854736328125,576.574951171875,460.4266662597656,47.080078125,18.478118896484375,869.9512939453125,0.00041953669278882444
12018,240.36,bwt,2,0.53285151720047,694.03173828125,508.2715148925781,896.238525390625,682.5140991210938,202.206787109375,174.24258422851562,35233.03125,0.016991237178444862
12030,240.6,capp,3,0.8257373571395874,1219.1773681640625,434.0283508300781,1414.98046875,472.4046936035156,195.8031005859375,38.3763427734375,7514.20703125,0.0036237495951354504
12036,240.72,capp,3,0.6549274921417236,1148.751708984375,450.6289978027344,1310.8353271484375,475.22967529296875,162.0836181640625,24.600677490234375,3987.36669921875,0.0019229198805987835
12042,240.84,capp,3,0.519083559513092,1116.0408935546875,440.6365661621094,1214.2725830078125,462.0179443359375,98.231689453125,21.381378173828125,2100.328857421875,0.0010128900175914168
12108,242.16,capp,3,0.5315113663673401,845.2647705078125,444.9466552734375,908.995849609375,453.6711120605469,63.7310791015625,8.724456787109375,556.01904296875,0.00026814191369339824
12156,243.12,petronas,9,0.4147971272468567,627.6517944335938,475.9938049316406,680.8563842773438,484.50958251953125,53.20458984375,8.515777587890625,453.0784606933594,0.00021849849144928157
12408,248.16,atlasian,1,0.4035818874835968,1305.814697265625,417.3154602050781,1379.0953369140625,422.60955810546875,73.2806396484375,5.294097900390625,387.95489501953125,0.00018709244614001364
12510,250.2,petronas,9,0.6742033958435059,1377.2281494140625,357.56097412109375,1602.875,388.6462097167969,225.6468505859375,31.085235595703125,7014.28564453125,0.0033826609142124653
12540,250.8,petronas,9,0.7779103517532349,829.2748413085938,395.7195129394531,950.0050659179688,406.925048828125,120.730224609375,11.205535888671875,1352.846923828125,0.0006524146301671863
12546,250.92,petronas,9,0.759143054485321,844.9684448242188,397.96142578125,936.3321533203125,406.4501037597656,91.36370849609375,8.488677978515625,775.55712890625,0.0003740148094948381
12552,251.04,petronas,9,0.7045867443084717,838.179931640625,406.5455017089844,911.67431640625,413.8656005859375,73.494384765625,7.320098876953125,537.9861450195312,0.000259445485426113
12576,251.52,petronas,9,0.7410677075386047,1109.784912109375,511.7265625,1216.790771484375,522.1455688476562,107.005859375,10.41900634765625,1114.894775390625,0.0005376614280976355
12582,251.64,petronas,9,0.554964005947113,1019.1991577148438,506.1395568847656,1111.0931396484375,514.6060180664062,91.89398193359375,8.466461181640625,778.016845703125,0.00037520102341659367
12588,251.76,petronas,9,0.6061786413192749,978.975341796875,507.12554931640625,1053.8970947265625,516.8566284179688,74.9217529296875,9.7310791015625,729.0695190429688,0.0003515960124786943
12648,252.96,petronas,9,0.5070898532867432,1160.088134765625,518.0016479492188,1211.7822265625,525.0394287109375,51.694091796875,7.03778076171875,363.8116760253906,0.0001754492986947298
12654,253.08,petronas,9,0.43233436346054077,1205.6533203125,521.4224853515625,1264.3939208984375,527.7556762695312,58.7406005859375,6.33319091796875,372.01544189453125,0.00017940560064744204
12660,253.2,petronas,9,0.4995843172073364,1242.0550537109375,519.3908081054688,1308.03369140625,525.9135131835938,65.9786376953125,6.522705078125,430.35919189453125,0.00020754204888362437
12678,253.56,atlasian,1,0.5018624067306519,1015.0735473632812,456.852294921875,1083.55908203125,462.557373046875,68.48553466796875,5.705078125,390.71533203125,0.00018842366989701986
12696,253.92,atlasian,1,0.4334560036659241,1193.5716552734375,457.3790588378906,1254.3519287109375,463.198974609375,60.7802734375,5.819915771484375,353.736083984375,0.00017059031233657151
12720,254.4,petronas,9,0.5856775045394897,1133.1932373046875,407.00848388671875,1203.7447509765625,414.58355712890625,70.551513671875,7.5750732421875,534.432861328125,0.00025773191009648144
12726,254.52,petronas,9,0.4245508313179016,1160.461181640625,403.6345520019531,1222.9925537109375,409.8435974121094,62.5313720703125,6.20904541015625,388.2601318359375,0.0001872396533144638
12732,254.64,petronas,9,0.6417741179466248,870.9290161132812,346.3118591308594,942.743896484375,352.48162841796875,71.81488037109375,6.169769287109375,443.08123779296875,0.00021367729641497135
12738,254.76,petronas,9,0.5022117495536804,919.4444580078125,350.4365234375,980.952880859375,356.00421142578125,61.5084228515625,5.56768798828125,342.459716796875,0.00016515226161573082
12738,254.76,atlasian,1,0.44831153750419617,1132.25537109375,435.5464172363281,1246.307861328125,444.627197265625,114.052490234375,9.080780029296875,1035.685546875,0.0004994625342078507
12744,254.88,petronas,9,0.5991222858428955,928.3226318359375,346.30242919921875,987.9129638671875,354.2666015625,59.59033203125,7.96417236328125,474.5876770019531,0.0002288713731104508
12750,255.0,atlasian,1,0.47438281774520874,1068.387939453125,517.0347290039062,1184.6868896484375,535.5673217773438,116.2989501953125,18.5325927734375,2155.321044921875,0.0010394102428108454
12750,255.0,atlasian,1,0.4702414870262146,1070.6339111328125,517.0936279296875,1273.67431640625,536.0159912109375,203.0404052734375,18.92236328125,3842.00439453125,0.0018528185319155455
12756,255.12,atlasian,1,0.8364814519882202,1053.0150146484375,487.61212158203125,1262.648681640625,506.653076171875,209.6336669921875,19.04095458984375,3991.625244140625,0.0019249735632911325
12762,255.24,atlasian,1,0.7714406847953796,1000.6583251953125,467.451904296875,1134.4798583984375,492.7416076660156,133.821533203125,25.289703369140625,3384.306884765625,0.001632092404179275
12762,255.24,atlasian,1,0.4145033657550812,718.8646240234375,329.8910827636719,835.4425048828125,338.57269287109375,116.577880859375,8.681610107421875,1012.0836791992188,0.00048808049177750945
12810,256.2,atlasian,1,0.5583271384239197,1449.2833251953125,508.4662780761719,1626.9091796875,528.4191284179688,177.6258544921875,19.952850341796875,3544.14208984375,0.001709173433482647
12816,256.32,atlasian,1,0.7879883050918579,1395.14892578125,558.6246337890625,1514.8836669921875,572.96337890625,119.7347412109375,14.3387451171875,1716.845947265625,0.0008279542671516538
12822,256.44,atlasian,1,0.7052100896835327,1390.6373291015625,572.2022094726562,1489.6087646484375,582.9097900390625,98.971435546875,10.70758056640625,1059.74462890625,0.0005110651254653931
13080,261.6,hp,4,0.4115622043609619,1323.1561279296875,482.4172058105469,1348.602783203125,495.0860900878906,25.4466552734375,12.66888427734375,322.3807373046875,0.00015546911163255572
13092,261.84,hp,4,0.42857420444488525,1419.0040283203125,431.900146484375,1452.3328857421875,445.6634826660156,33.328857421875,13.763336181640625,458.7162780761719,0.00022121734218671918
13098,261.96,bwt,2,0.44877493381500244,1391.6298828125,367.2304382324219,1440.932861328125,375.2250061035156,49.302978515625,7.99456787109375,394.156005859375,0.0001900829520309344
13098,261.96,bwt,2,0.4261998236179352,1605.8558349609375,288.3857727050781,1749.418701171875,305.25799560546875,143.5628662109375,16.872222900390625,2422.224609375,0.0011681253090500832
13104,262.08,hp,4,0.5248784422874451,1824.032958984375,295.9831848144531,1854.8582763671875,314.2352294921875,30.8253173828125,18.252044677734375,562.6250610351562,0.0002713276771828532
13104,262.08,hp,4,0.4200023114681244,1427.6376953125,316.1186828613281,1480.900390625,335.8304748535156,53.2626953125,19.7117919921875,1049.9031982421875,0.0005063190474174917
13110,262.2,hp,4,0.7006636261940002,859.3928833007812,322.9233703613281,975.1819458007812,396.0298767089844,115.7890625,73.10650634765625,8464.93359375,0.004082240164279938
13122,262.44,hp,4,0.5585538148880005,577.1148681640625,309.8641662597656,611.856689453125,336.52471923828125,34.7418212890625,26.660552978515625,926.2361450195312,0.00044668023474514484
13212,264.24,hp,4,0.466642290353775,735.9738159179688,419.9381103515625,750.8607788085938,433.8717041015625,14.886962890625,13.93359375,207.42889404296875,0.00010003322677221149
13218,264.36,hp,4,0.45985668897628784,725.2677612304688,446.9843444824219,739.1614990234375,460.0349426269531,13.89373779296875,13.05059814453125,181.32159423828125,8.744289516471326e-05
13230,264.6,okx,7,0.5873597860336304,121.05393981933594,401.853271484375,156.80955505371094,410.993408203125,35.755615234375,9.14013671875,326.81121826171875,0.00015760572568979114
13236,264.72,okx,7,0.52324378490448,127.2073745727539,402.1590881347656,160.46022033691406,410.9839172363281,33.252845764160156,8.8248291015625,293.45068359375,0.00014151749201118946
13242,264.84,hp,4,0.5778153538703918,846.3515014648438,629.166748046875,871.4791870117188,648.2283325195312,25.127685546875,19.06158447265625,478.9735107421875,0.00023098645033314824
13242,264.84,okx,7,0.5578651428222656,124.1966781616211,402.35302734375,159.62985229492188,411.1822204589844,35.43317413330078,8.829193115234375,312.8463439941406,0.0001508711138740182
13242,264.84,okx,7,0.4304489493370056,399.61810302734375,398.04071044921875,432.1372375488281,405.0462951660156,32.519134521484375,7.005584716796875,227.8155517578125,0.00010986475535901263
13248,264.96,okx,7,0.5710333585739136,119.6877670288086,401.85589599609375,159.1331024169922,410.944580078125,39.445335388183594,9.08868408203125,358.5061950683594,0.00017289072275161743
13248,264.96,okx,7,0.4324442148208618,402.1068115234375,399.63006591796875,432.49420166015625,407.7502136230469,30.38739013671875,8.120147705078125,246.75009155273438,0.00011899599485332146
13254,265.08,okx,7,0.5190291404724121,122.12439727783203,400.9788818359375,158.76611328125,410.5150146484375,36.64171600341797,9.5361328125,349.4202575683594,0.0001685089955572039
13260,265.2,okx,7,0.6460382342338562,116.98081970214844,400.7135314941406,157.6389923095703,410.21124267578125,40.658172607421875,9.497711181640625,386.1595764160156,0.0001862266508396715
13266,265.32,okx,7,0.5589856505393982,116.85673522949219,400.7712097167969,158.2102508544922,410.027587890625,41.353515625,9.256378173828125,382.7837829589844,0.00018459865532349795
13266,265.32,oracle,8,0.4167451858520508,231.51380920410156,373.4077453613281,301.64520263671875,384.04949951171875,70.13139343261719,10.641754150390625,746.321044921875,0.0003599156334530562
13272,265.44,okx,7,0.5487798452377319,116.62017059326172,400.7811584472656,155.7745819091797,409.2978820800781,39.15441131591797,8.5167236328125,333.46728515625,0.00016081563080661
13284,265.68,okx,7,0.585286021232605,119.69330596923828,400.71966552734375,156.66836547851562,408.6971130371094,36.975059509277344,7.977447509765625,294.9665832519531,0.00014224855112843215
13284,265.68,okx,7,0.45902734994888306,401.2346496582031,399.2044677734375,433.2695007324219,407.1918640136719,32.03485107421875,7.987396240234375,255.8750457763672,0.00012339653039816767
13296,265.92,okx,7,0.6141465306282043,120.40745544433594,400.7866516113281,158.52894592285156,409.1650695800781,38.121490478515625,8.37841796875,319.39776611328125,0.00015403055294882506
13302,266.04,okx,7,0.6113123893737793,119.74642944335938,401.14849853515625,156.75143432617188,409.78167724609375,37.0050048828125,8.6331787109375,319.4708251953125,0.00015406579768750817
13308,266.16,okx,7,0.6545075178146362,117.08907318115234,400.93939208984375,154.91641235351562,409.32049560546875,37.82733917236328,8.381103515625,317.03485107421875,0.00015289103612303734
13314,266.28,okx,7,0.6476652026176453,117.51190948486328,401.1551208496094,156.14724731445312,408.9669189453125,38.635337829589844,7.811798095703125,301.81146240234375,0.0001455495075788349
13320,266.4,hp,4,0.7066619992256165,866.0205688476562,547.527587890625,886.7660522460938,559.4387817382812,20.7454833984375,11.91119384765625,247.1034698486328,0.00011916641233256087
13320,266.4,okx,7,0.6303543448448181,117.99165344238281,400.9601745605469,157.3368682861328,409.1809387207031,39.34521484375,8.22076416015625,323.4477233886719,0.00015598366735503078
13326,266.52,okx,7,0.598724901676178,118.25052642822266,400.96527099609375,158.09645080566406,410.0987548828125,39.845924377441406,9.13348388671875,363.9320983886719,0.00017550737538840622
13326,266.52,atlasian,1,0.4442980885505676,561.5040283203125,361.1822814941406,720.9404907226562,378.9595947265625,159.43646240234375,17.777313232421875,2834.35205078125,0.0013668750179931521
13332,266.64,okx,7,0.5663856267929077,117.34970092773438,400.92437744140625,157.06768798828125,410.50836181640625,39.717987060546875,9.583984375,380.65655517578125,0.000183572803507559
13338,266.76,okx,7,0.6192127466201782,118.11727905273438,401.4007263183594,157.40707397460938,410.591064453125,39.289794921875,9.190338134765625,361.08648681640625,0.0001741350715747103
13338,266.76,hp,4,0.43163540959358215,1088.4000244140625,560.2156372070312,1114.048828125,577.9295654296875,25.6488037109375,17.71392822265625,454.341064453125,0.00021910738723818213
13344,266.88,hp,4,0.7438772320747375,1108.55712890625,568.8048706054688,1139.003662109375,590.2872924804688,30.446533203125,21.482421875,654.0652465820312,0.00031542498618364334
13344,266.88,okx,7,0.6224470138549805,117.96031951904297,400.81109619140625,158.22637939453125,409.9373779296875,40.26605987548828,9.12628173828125,367.4794006347656,0.00017721806943882257
13344,266.88,hp,4,0.47304174304008484,649.5427856445312,324.3537292480469,669.71142578125,337.754150390625,20.16864013671875,13.400421142578125,270.2682800292969,0.0001303377066506073
13344,266.88,okx,7,0.46412795782089233,404.57928466796875,400.98895263671875,434.08941650390625,410.9276428222656,29.5101318359375,9.938690185546875,293.29205322265625,0.00014144099259283394
13350,267.0,hp,4,0.7656382918357849,1062.663330078125,578.3866577148438,1096.512939453125,599.7967529296875,33.849609375,21.41009521484375,724.723388671875,0.00034950010012835264
13350,267.0,okx,7,0.579534113407135,118.0673828125,401.29669189453125,157.67633056640625,410.1136779785156,39.60894775390625,8.816986083984375,349.2315368652344,0.00016841798787936568
13350,267.0,okx,7,0.4473026394844055,400.499267578125,398.583984375,432.4383544921875,410.0142517089844,31.9390869140625,11.430267333984375,365.0722961425781,0.00017605724860914052
13350,267.0,hp,4,0.41849184036254883,1212.7474365234375,572.9802856445312,1240.043701171875,594.2858276367188,27.2962646484375,21.3055419921875,581.5617065429688,0.00028045993531122804
13356,267.12,okx,7,0.6047234535217285,118.63004302978516,401.24639892578125,158.84823608398438,410.1985168457031,40.21819305419922,8.952117919921875,360.0379943847656,0.00017362943617627025
13356,267.12,okx,7,0.47920259833335876,399.0799865722656,398.8298034667969,435.8010559082031,406.8788146972656,36.7210693359375,8.04901123046875,295.56829833984375,0.00014253873087000102
13362,267.24,hp,4,0.7527421712875366,885.6832275390625,614.0552978515625,929.6895141601562,642.43994140625,44.00628662109375,28.3846435546875,1249.102783203125,0.0006023836904205382
13362,267.24,okx,7,0.6754959225654602,118.8393325805664,401.48809814453125,157.86546325683594,410.54827880859375,39.02613067626953,9.0601806640625,353.58380126953125,0.00017051688337232918
13368,267.36,hp,4,0.661727249622345,560.1495971679688,249.62586975097656,599.1409912109375,274.944580078125,38.99139404296875,25.318710327148438,987.2117919921875,0.0004760859301313758
13368,267.36,hp,4,0.636887788772583,823.3323974609375,662.8165283203125,870.141357421875,685.5303955078125,46.8089599609375,22.7138671875,1063.2125244140625,0.0005127375479787588
13368,267.36,hp,4,0.45995986461639404,754.6568603515625,373.8054504394531,785.6619262695312,386.0486145019531,31.00506591796875,12.2431640625,379.60009765625,0.00018306331185158342
13374,267.48,hp,4,0.8469558954238892,788.594970703125,718.2101440429688,838.5206298828125,752.5491333007812,49.9256591796875,34.3389892578125,1714.396728515625,0.0008267731172963977
13374,267.48,hp,4,0.759604275226593,473.5036315917969,275.3458557128906,632.5241088867188,305.9595947265625,159.02047729492188,30.613739013671875,4868.21142578125,0.0023477100767195225
13374,267.48,hp,4,0.5687912702560425,1008.8113403320312,718.6149291992188,1049.2042236328125,742.7036743164062,40.39288330078125,24.0887451171875,973.0138549804688,0.00046923893387429416
13374,267.48,hp,4,0.5070148706436157,751.889892578125,412.6775817871094,781.0950927734375,424.84490966796875,29.2052001953125,12.167327880859375,355.3492431640625,0.00017136827227659523
13374,267.48,okx,7,0.4692910611629486,123.20246887207031,400.6518249511719,156.85643005371094,409.8033447265625,33.653961181640625,9.151519775390625,307.9848937988281,0.00014852666936349124
13380,267.6,hp,4,0.7963141798973083,803.0516357421875,734.7949829101562,849.5458984375,766.6033935546875,46.4942626953125,31.80841064453125,1478.9085693359375,0.0007132082246243954
13380,267.6,hp,4,0.6632140278816223,808.8056030273438,419.8805236816406,839.7295532226562,434.6049499511719,30.9239501953125,14.72442626953125,455.3374328613281,0.00021958787692710757
13380,267.6,hp,4,0.46472862362861633,688.1057739257812,406.9969482421875,715.0896606445312,430.1004943847656,26.98388671875,23.103546142578125,623.4234619140625,0.00030064789461903274
13386,267.72,hp,4,0.6953632831573486,919.0782470703125,709.944091796875,961.0689697265625,738.6658325195312,41.99072265625,28.72174072265625,1206.046630859375,0.0005816197372041643
13386,267.72,hp,4,0.6880748271942139,834.779296875,243.82325744628906,871.8641357421875,269.5140686035156,37.0848388671875,25.690811157226562,952.7395629882812,0.00045946158934384584
13386,267.72,hp,4,0.6723862290382385,960.0133666992188,242.22244262695312,994.5258178710938,265.2142028808594,34.512451171875,22.99176025390625,793.5020141601562,0.00038266880437731743
13386,267.72,hp,4,0.6251986622810364,1132.719970703125,706.382080078125,1179.093505859375,740.3466186523438,46.37353515625,33.96453857421875,1575.0556640625,0.000759575457777828
13386,267.72,hp,4,0.40301597118377686,973.0537109375,385.8127136230469,1007.0282592773438,402.8836669921875,33.97454833984375,17.070953369140625,579.9779052734375,0.0002796961343847215
13392,267.84,hp,4,0.7849297523498535,1040.5654296875,203.14456176757812,1075.7535400390625,228.14508056640625,35.1881103515625,25.000518798828125,879.7210083007812,0.0004242481663823128
13392,267.84,hp,4,0.7464200854301453,1156.825439453125,198.4947967529297,1195.69140625,224.74755859375,38.865966796875,26.252761840820312,1020.3389892578125,0.0004920616047456861
13392,267.84,hp,4,0.7228293418884277,1195.7236328125,672.9506225585938,1239.880126953125,707.3504028320312,44.156494140625,34.3997802734375,1518.9737548828125,0.0007325297920033336
13392,267.84,hp,4,0.6659188866615295,977.8408813476562,681.7144775390625,1020.4598388671875,715.0773315429688,42.61895751953125,33.36285400390625,1421.8900146484375,0.0006857108674012125
13392,267.84,hp,4,0.6128072142601013,1095.9228515625,343.3238830566406,1132.214599609375,365.82489013671875,36.291748046875,22.501007080078125,816.6008911132812,0.00039380829548463225
13398,267.96,hp,4,0.8094825148582458,997.93896484375,665.002197265625,1043.800537109375,699.8638305664062,45.861572265625,34.86163330078125,1598.809326171875,0.0007710307254455984
13398,267.96,hp,4,0.7844958901405334,1219.451904296875,661.1165771484375,1266.4849853515625,696.3792724609375,47.0330810546875,35.2626953125,1658.51318359375,0.0007998230867087841
13398,267.96,hp,4,0.716582179069519,1262.9324951171875,278.61431884765625,1300.7515869140625,306.4368591308594,37.819091796875,27.822540283203125,1052.22314453125,0.0005074378568679094
13398,267.96,hp,4,0.6357810497283936,1331.068603515625,144.25851440429688,1367.6912841796875,169.4795379638672,36.6226806640625,25.221023559570312,923.6614990234375,0.00044543860713019967
13398,267.96,hp,4,0.6206435561180115,1183.6153564453125,313.0266418457031,1215.781982421875,331.62213134765625,32.1666259765625,18.595489501953125,598.1541748046875,0.0002884616842493415
13398,267.96,hp,4,0.5590900778770447,1217.5460205078125,147.8927459716797,1252.7930908203125,173.54241943359375,35.2470703125,25.649673461914062,904.0758666992188,0.00043599336640909314
13398,267.96,hp,4,0.4395141899585724,905.4642944335938,450.680908203125,953.702392578125,491.87384033203125,48.23809814453125,41.19293212890625,1987.0687255859375,0.0009582700440660119
13404,268.08,hp,4,0.8620428442955017,912.88720703125,463.5994567871094,957.4375610351562,501.387451171875,44.55035400390625,37.787994384765625,1683.468505859375,0.000811857869848609
13404,268.08,hp,4,0.7879464030265808,1173.89208984375,699.8687744140625,1222.33203125,740.82763671875,48.43994140625,40.9588623046875,1984.044921875,0.0009568117675371468
13404,268.08,hp,4,0.7330704927444458,1348.8905029296875,268.7483215332031,1388.127197265625,300.1231689453125,39.2366943359375,31.374847412109375,1231.0452880859375,0.0005936754168942571
13404,268.08,hp,4,0.6076339483261108,1477.7855224609375,124.27096557617188,1512.643798828125,148.38870239257812,34.8582763671875,24.11773681640625,840.7027587890625,0.000405431492254138
13404,268.08,okx,7,0.47469744086265564,118.05586242675781,401.1716613769531,158.47894287109375,410.8647155761719,40.42308044433594,9.69305419921875,391.8231201171875,0.0001889579143607989
13404,268.08,hp,4,0.46435558795928955,967.518798828125,694.8986206054688,1005.0750732421875,719.3710327148438,37.5562744140625,24.472412109375,919.0926513671875,0.0004432352725416422
13404,268.08,hp,4,0.430509477853775,1313.910888671875,225.93618774414062,1349.0302734375,253.36192321777344,35.119384765625,27.425735473632812,963.1749267578125,0.00046449407818727195
13410,268.2,hp,4,0.8138899803161621,892.2822875976562,535.828369140625,936.7064208984375,575.8649291992188,44.42413330078125,40.03656005859375,1778.5894775390625,0.0008577302796766162
13410,268.2,hp,4,0.7314538359642029,1066.557373046875,803.8922729492188,1114.7664794921875,845.0560302734375,48.2091064453125,41.16375732421875,1984.468017578125,0.0009570158435963094
13410,268.2,hp,4,0.7144856452941895,1393.1722412109375,328.36492919921875,1431.5479736328125,361.7226867675781,38.375732421875,33.357757568359375,1280.12841796875,0.0006173458532430232
13410,268.2,hp,4,0.6108641624450684,1579.7802734375,178.01165771484375,1615.0277099609375,202.84759521484375,35.2474365234375,24.8359375,875.4031372070312,0.00042216587462462485
13410,268.2,hp,4,0.5982987880706787,1288.272216796875,376.3455810546875,1324.0665283203125,406.5827331542969,35.7943115234375,30.237152099609375,1082.3179931640625,0.0005219511804170907
13410,268.2,hp,4,0.5266203284263611,1480.631591796875,174.0948486328125,1530.790283203125,199.3172607421875,50.15869140625,25.222412109375,1265.1231689453125,0.0006101095350459218
13410,268.2,okx,7,0.4894634783267975,118.09222412109375,400.8105163574219,157.35679626464844,410.8017883300781,39.26457214355469,9.99127197265625,392.3030090332031,0.0001891893334686756
13410,268.2,hp,4,0.44673073291778564,1377.0689697265625,293.31610107421875,1410.014892578125,324.0688781738281,32.9459228515625,30.752777099609375,1013.1786499023438,0.0004886085516773164
13416,268.32,hp,4,0.8785433769226074,1477.310791015625,385.2862548828125,1530.8321533203125,457.2896423339844,53.5213623046875,72.00338745117188,3853.719482421875,0.0018584681674838066
13416,268.32,hp,4,0.8764773011207581,867.68310546875,614.2860717773438,914.420166015625,657.962646484375,46.737060546875,43.67657470703125,2041.314697265625,0.0009844303131103516
13416,268.32,okx,7,0.49603694677352905,120.1188735961914,400.8851623535156,158.11434936523438,410.5792236328125,37.99547576904297,9.694061279296875,368.3304748535156,0.00017762850620783865
13422,268.44,hp,4,0.9144752621650696,619.2498168945312,645.8950805664062,694.307861328125,703.350830078125,75.05804443359375,57.45574951171875,4312.51611328125,0.0020797241013497114
13422,268.44,hp,4,0.4998907148838043,1279.2625732421875,585.9823608398438,1374.7274169921875,663.900634765625,95.46484375,77.91827392578125,7438.4560546875,0.0035872184671461582
13422,268.44,hp,4,0.4944719076156616,1113.6837158203125,627.5592651367188,1167.8760986328125,659.784912109375,54.1923828125,32.22564697265625,1746.3846435546875,0.0008421993697993457
13422,268.44,okx,7,0.4329884946346283,119.38174438476562,400.89385986328125,160.21942138671875,410.7349548339844,40.837677001953125,9.841094970703125,401.887451171875,0.00019381145830266178
13428,268.56,hp,4,0.8577508926391602,983.3760375976562,640.9281005859375,1098.366455078125,751.75341796875,114.99041748046875,110.8253173828125,12743.849609375,0.006145760882645845
13428,268.56,okx,7,0.6773901581764221,116.56963348388672,399.5138244628906,155.857177734375,408.55731201171875,39.28754425048828,9.043487548828125,355.2964172363281,0.00017134279187303036
13434,268.68,hp,4,0.8042306900024414,422.57086181640625,470.7342834472656,511.6897888183594,563.8493041992188,89.11892700195312,93.11502075195312,8298.310546875,0.004001885652542114
13440,268.8,hp,4,0.8717114925384521,452.1518859863281,360.4241943359375,510.2591552734375,425.3846740722656,58.107269287109375,64.96047973632812,3774.676025390625,0.001820349134504795
13440,268.8,okx,7,0.4432052671909332,119.65385437011719,399.492919921875,161.3567352294922,409.90093994140625,41.702880859375,10.40802001953125,434.04443359375,0.00020931927429046482
13446,268.92,hp,4,0.7741433382034302,649.3170166015625,366.73382568359375,685.928466796875,406.0960998535156,36.6114501953125,39.362274169921875,1441.1099853515625,0.0006949797389097512
13446,268.92,okx,7,0.4927559196949005,116.64147186279297,400.9149475097656,157.29531860351562,409.38360595703125,40.653846740722656,8.468658447265625,344.2835388183594,0.00016603179392404854
13458,269.16,hp,4,0.5172403454780579,848.7623901367188,596.710693359375,868.048095703125,610.9534912109375,19.28570556640625,14.2427978515625,274.6824035644531,0.00013246643356978893
13464,269.28,petronas,9,0.6251084208488464,1085.7728271484375,712.597900390625,1142.080078125,717.9588623046875,56.3072509765625,5.3609619140625,301.86102294921875,0.0001455734163755551
13464,269.28,okx,7,0.5763533711433411,117.73265075683594,402.1026611328125,156.88739013671875,410.41790771484375,39.15473937988281,8.31524658203125,325.581298828125,0.0001570125896250829
13470,269.4,petronas,9,0.5166364312171936,1114.5689697265625,712.3848876953125,1181.439697265625,719.2348022460938,66.8707275390625,6.84991455078125,458.05877685546875,0.00022090025595389307
13476,269.52,okx,7,0.6543437242507935,117.594970703125,402.27752685546875,157.09481811523438,410.6989440917969,39.499847412109375,8.421417236328125,332.6446838378906,0.00016041893104556948
13476,269.52,petronas,9,0.5397751927375793,1136.144775390625,714.702392578125,1206.0096435546875,720.4095458984375,69.8648681640625,5.7071533203125,398.7295227050781,0.00019228854216635227
13482,269.64,okx,7,0.6440041065216064,118.14149475097656,402.34088134765625,157.43177795410156,410.8768005371094,39.290283203125,8.535919189453125,335.3786926269531,0.00016173740732483566
13482,269.64,atlasian,1,0.4309840500354767,1164.1163330078125,723.8887329101562,1232.5718994140625,730.0166625976562,68.45556640625,6.1279296875,419.49090576171875,0.0002023007837124169
13488,269.76,okx,7,0.6249178051948547,118.6728286743164,402.52203369140625,157.30557250976562,410.9757385253906,38.63274383544922,8.453704833984375,326.5898132324219,0.0001574989437358454
13494,269.88,okx,7,0.5608182549476624,116.65272521972656,401.68365478515625,156.13185119628906,410.51422119140625,39.4791259765625,8.83056640625,348.623046875,0.00016812453395687044
13494,269.88,atlasian,1,0.5435373783111572,1204.4078369140625,737.6182250976562,1281.3427734375,744.1613159179688,76.9349365234375,6.5430908203125,503.39227294921875,0.0002427624713163823
13500,270.0,atlasian,1,0.5638269782066345,1221.5450439453125,743.563720703125,1297.9019775390625,750.9642944335938,76.35693359375,7.40057373046875,565.0851440429688,0.0002725140657275915
13500,270.0,okx,7,0.5165681838989258,115.46402740478516,400.6153564453125,154.76414489746094,409.2076110839844,39.30011749267578,8.592254638671875,337.6766052246094,0.00016284557932522148
13506,270.12,okx,7,0.48695504665374756,115.41692352294922,399.8626708984375,155.38595581054688,408.56951904296875,39.969032287597656,8.70684814453125,348.0043029785156,0.00016782614693511277
13506,270.12,petronas,9,0.4238426983356476,1234.9342041015625,755.814697265625,1311.2425537109375,763.1561889648438,76.308349609375,7.34149169921875,560.2171020507812,0.00027016643434762955
13512,270.24,okx,7,0.5325266122817993,116.03651428222656,400.730224609375,155.0441131591797,409.829345703125,39.007598876953125,9.09912109375,354.93487548828125,0.0001711684453766793
13512,270.24,atlasian,1,0.4919566214084625,1257.224609375,765.1478271484375,1333.6500244140625,772.7001953125,76.4254150390625,7.5523681640625,577.19287109375,0.00027835305081680417
13512,270.24,okx,7,0.4867399036884308,402.6645812988281,395.09912109375,439.2726135253906,402.6662292480469,36.6080322265625,7.567108154296875,277.0169372558594,0.000133592271595262
13518,270.36,okx,7,0.48985883593559265,116.26345825195312,400.9315490722656,154.62582397460938,409.8725891113281,38.36236572265625,8.9410400390625,342.99945068359375,0.0001654125371715054
13518,270.36,atlasian,1,0.45245617628097534,1271.7384033203125,776.1912231445312,1347.256103515625,785.4300537109375,75.5177001953125,9.23883056640625,697.6952514648438,0.00033646568772383034
13524,270.48,okx,7,0.5232993364334106,116.3322982788086,401.2740478515625,154.2291717529297,410.20458984375,37.896873474121094,8.9305419921875,338.4396057128906,0.00016321353905368596
13524,270.48,atlasian,1,0.44587990641593933,1280.3675537109375,786.7423706054688,1368.11669921875,795.6557006835938,87.7491455078125,8.913330078125,782.1370849609375,0.00037718802923336625
13530,270.6,okx,7,0.5069539546966553,117.1430892944336,401.380126953125,155.1213836669922,410.4989318847656,37.978294372558594,9.118804931640625,346.316650390625,0.00016701227286830544
13530,270.6,petronas,9,0.4287111461162567,1294.326171875,798.2640380859375,1380.1199951171875,805.1358642578125,85.7938232421875,6.871826171875,589.5602416992188,0.0002843172405846417
13536,270.72,okx,7,0.5671853423118591,116.65916442871094,401.3274230957031,154.36190795898438,410.4005432128906,37.70274353027344,9.0731201171875,342.0815124511719,0.00016496986791025847
13536,270.72,petronas,9,0.5554195642471313,1296.331787109375,808.825439453125,1385.3642578125,816.2490844726562,89.032470703125,7.42364501953125,660.9454345703125,0.00031874296837486327
13542,270.84,okx,7,0.5573371052742004,116.58033752441406,401.072509765625,154.84788513183594,410.05731201171875,38.267547607421875,8.98480224609375,343.82635498046875,0.00016581131785642356
13542,270.84,okx,7,0.4601953327655792,400.9514465332031,390.4034729003906,439.7291259765625,399.01177978515625,38.777679443359375,8.608306884765625,333.8101501464844,0.0001609809696674347
13548,270.96,okx,7,0.5567223429679871,116.56993865966797,400.7326354980469,154.88035583496094,410.1434020996094,38.31041717529297,9.4107666015625,360.5303955078125,0.00017386689432896674
13554,271.08,okx,7,0.581209659576416,116.23218536376953,401.0167236328125,156.1103515625,410.65972900390625,39.87816619873047,9.64300537109375,384.5453796386719,0.00018544819613453
13554,271.08,petronas,9,0.48924216628074646,1236.066162109375,836.3607788085938,1333.233154296875,846.5781860351562,97.1669921875,10.2174072265625,992.7947387695312,0.0004787783254869282
13554,271.08,okx,7,0.41284242272377014,403.17620849609375,390.9207458496094,438.91778564453125,399.6323547363281,35.7415771484375,8.71160888671875,311.36663818359375,0.00015015751705504954
13560,271.2,okx,7,0.619662344455719,111.31966400146484,398.9868469238281,152.26979064941406,408.4630126953125,40.95012664794922,9.476165771484375,388.0502014160156,0.00018713840108830482
13560,271.2,okx,7,0.484276682138443,404.25140380859375,392.7374267578125,441.8116149902344,400.7203063964844,37.560211181640625,7.982879638671875,299.8386535644531,0.0001445981179131195
13566,271.32,petronas,9,0.599873423576355,1138.423828125,851.324462890625,1232.302490234375,861.584716796875,93.878662109375,10.26025390625,963.2189331054688,0.0004645152948796749
13566,271.32,okx,7,0.4885265827178955,114.93492126464844,398.4482116699219,155.61160278320312,408.2380065917969,40.67668151855469,9.789794921875,398.21636962890625,0.00019204107229597867
13572,271.44,okx,7,0.5894574522972107,115.50103759765625,396.5240173339844,155.15716552734375,405.8904724121094,39.6561279296875,9.366455078125,371.4373474121094,0.00017912680050358176
13572,271.44,okx,7,0.4467785060405731,398.2726135253906,394.70013427734375,435.4167785644531,402.7130126953125,37.1441650390625,8.01287841796875,297.6316833496094,0.00014353379083331674
13578,271.56,okx,7,0.5436665415763855,117.29269409179688,400.5212707519531,156.9262237548828,409.5889892578125,39.63352966308594,9.067718505859375,359.38568115234375,0.0001733148528728634
13578,271.56,okx,7,0.4804758131504059,399.8300476074219,395.1367492675781,436.7715148925781,402.1042785644531,36.94146728515625,6.967529296875,257.3907470703125,0.00012412748765200377
13584,271.68,okx,7,0.4535067081451416,399.60479736328125,394.94439697265625,436.6189880371094,401.987060546875,37.014190673828125,7.04266357421875,260.6784973144531,0.0001257130061276257
13584,271.68,okx,7,0.4134608507156372,120.2099838256836,398.5066223144531,164.6497039794922,408.3184814453125,44.439720153808594,9.811859130859375,436.0362854003906,0.00021027984621468931
13608,272.16,okx,7,0.48536932468414307,123.65724182128906,398.37042236328125,164.45697021484375,409.2944030761719,40.79972839355469,10.923980712890625,445.6954345703125,0.00021493800159078091
13632,272.64,okx,7,0.4259115755558014,117.32061767578125,398.9930419921875,157.3782196044922,408.2041015625,40.05760192871094,9.2110595703125,368.97296142578125,0.00017793834558688104
13638,272.76,okx,7,0.533083438873291,115.39741516113281,399.3399658203125,156.82534790039062,407.70465087890625,41.42793273925781,8.36468505859375,346.5316162109375,0.00016711594071239233
13644,272.88,okx,7,0.576908528804779,113.64834594726562,399.19940185546875,155.1398468017578,407.8375549316406,41.49150085449219,8.638153076171875,358.4099426269531,0.00017284430214203894
13650,273.0,okx,7,0.5741063952445984,112.40898132324219,399.0999450683594,155.84715270996094,407.6371154785156,43.43817138671875,8.53717041015625,370.8390808105469,0.00017883829423226416
13656,273.12,hp,4,0.5833696722984314,1376.0015869140625,488.10791015625,1393.694091796875,499.437744140625,17.6925048828125,11.329833984375,200.45314025878906,9.66691441135481e-05
13656,273.12,okx,7,0.5468882322311401,113.11767578125,399.2712707519531,155.49136352539062,408.0285949707031,42.373687744140625,8.75732421875,371.0801086425781,0.00017895453493110836
13662,273.24,hp,4,0.6304759979248047,1391.119140625,489.5220031738281,1409.8826904296875,501.16644287109375,18.7635498046875,11.644439697265625,218.49102783203125,0.00010536797344684601
13662,273.24,oracle,8,0.43247586488723755,219.56124877929688,371.7169494628906,261.06890869140625,382.02642822265625,41.507659912109375,10.309478759765625,427.9223327636719,0.00020636686531361192
13668,273.36,okx,7,0.4371318817138672,116.10459899902344,400.4263610839844,156.29640197753906,410.0893249511719,40.191802978515625,9.6629638671875,388.3719482421875,0.0001872935681603849
13668,273.36,oracle,8,0.4084937274456024,283.8305358886719,368.9435729980469,324.73223876953125,379.913330078125,40.901702880859375,10.969757080078125,448.6817321777344,0.00021637814643327147
13674,273.48,hp,4,0.5631371140480042,1315.1502685546875,521.6322631835938,1346.3818359375,546.93994140625,31.2315673828125,25.30767822265625,790.3984375,0.000381172081688419
13680,273.6,hp,4,0.7724887132644653,1223.45947265625,536.938232421875,1263.947265625,565.57080078125,40.48779296875,28.632568359375,1159.26953125,0.0005590613000094891
13686,273.72,hp,4,0.7868664264678955,1127.705322265625,537.1746826171875,1157.9542236328125,563.7218627929688,30.2489013671875,26.54718017578125,803.0230102539062,0.0003872603119816631
13686,273.72,oracle,8,0.4190954864025116,217.81524658203125,371.4429016113281,254.49342346191406,380.9587097167969,36.67817687988281,9.51580810546875,349.0224914550781,0.00016831717221066356
13698,273.96,hp,4,0.5615852475166321,988.6183471679688,519.0992431640625,1009.6177978515625,538.0579833984375,20.99945068359375,18.958740234375,398.1231384277344,0.000191996106877923
13716,274.32,okx,7,0.6124895215034485,112.63980102539062,400.164306640625,151.63694763183594,409.6234130859375,38.99714660644531,9.4591064453125,368.878173828125,0.00017789263802114874
13722,274.44,okx,7,0.41516467928886414,115.28579711914062,401.36627197265625,151.23104858398438,411.1778869628906,35.94525146484375,9.811614990234375,352.68096923828125,0.00017008149006869644
13734,274.68,okx,7,0.5977922081947327,114.73731994628906,401.2704162597656,154.1575469970703,410.78765869140625,39.42022705078125,9.517242431640625,375.1718444824219,0.0001809277746360749
13740,274.8,okx,7,0.5175421237945557,115.3876953125,401.0061950683594,154.5194854736328,410.5005187988281,39.13179016113281,9.49432373046875,371.5298767089844,0.00017917143122758716
13746,274.92,okx,7,0.5636011362075806,114.97269439697266,401.0985107421875,157.26559448242188,410.2673645019531,42.29290008544922,9.168853759765625,387.77740478515625,0.00018700685177464038
13758,275.16,okx,7,0.5765933990478516,115.9235610961914,400.3949890136719,157.08419799804688,409.5260925292969,41.16063690185547,9.131103515625,375.842041015625,0.00018125098722521216
13758,275.16,okx,7,0.4942794442176819,407.99072265625,394.519775390625,440.7117614746094,402.42626953125,32.721038818359375,7.906494140625,258.7087097167969,0.00012476307165343314
13764,275.28,okx,7,0.5314403176307678,116.05276489257812,400.7995300292969,156.47169494628906,409.8018493652344,40.41893005371094,9.0023193359375,363.8641052246094,0.0001754745899233967
13770,275.4,okx,7,0.500164270401001,406.3041076660156,395.8135986328125,437.7509765625,403.62982177734375,31.446868896484375,7.81622314453125,245.79574584960938,0.00011853575415443629
13770,275.4,okx,7,0.49241161346435547,115.54554748535156,400.0069885253906,154.6042022705078,409.2364807128906,39.05865478515625,9.2294921875,360.4915466308594,0.00017384816601406783
13776,275.52,okx,7,0.5014742612838745,405.42730712890625,395.8280029296875,437.8128662109375,403.63348388671875,32.38555908203125,7.80548095703125,252.7848663330078,0.00012190628331154585
13776,275.52,okx,7,0.49415528774261475,115.94824981689453,399.8730163574219,154.68145751953125,408.7331237792969,38.73320770263672,8.860107421875,343.1803894042969,0.0001654998050071299
13836,276.72,atlasian,1,0.4608965218067169,595.5497436523438,846.8213500976562,650.46240234375,863.6854248046875,54.91265869140625,16.86407470703125,926.0512084960938,0.0004465910606086254
13890,277.8,aramco,0,0.7294945120811462,1183.6822509765625,469.99810791015625,1325.6640625,484.8529052734375,141.9818115234375,14.85479736328125,2109.111083984375,0.0010171253234148026
13890,277.8,petronas,9,0.6134061813354492,950.294677734375,663.911376953125,1088.8199462890625,694.7191162109375,138.5252685546875,30.8077392578125,4267.650390625,0.0020580876152962446
13890,277.8,kick,5,0.43827706575393677,846.2841186523438,670.245849609375,870.6456298828125,685.6766967773438,24.36151123046875,15.43084716796875,375.91876220703125,0.00018128797819372267
13896,277.92,aramco,0,0.8102724552154541,928.8006591796875,668.3207397460938,1074.078857421875,702.548095703125,145.2781982421875,34.22735595703125,4972.48876953125,0.0023979980032891035
13896,277.92,aramco,0,0.7809622883796692,1216.962158203125,466.0562744140625,1361.106201171875,484.55010986328125,144.14404296875,18.49383544921875,2665.776123046875,0.0012855787063017488
13902,278.04,aramco,0,0.8233518004417419,889.615234375,675.6600952148438,1045.87548828125,710.4059448242188,156.26025390625,34.745849609375,5429.3955078125,0.002618342638015747
13902,278.04,aramco,0,0.7087737917900085,1243.29541015625,471.89569091796875,1382.9609375,492.1116638183594,139.66552734375,20.215972900390625,2823.474609375,0.0013616293435916305
13908,278.16,aramco,0,0.8161188960075378,845.6549682617188,680.2277221679688,1011.7192993164062,720.0066528320312,166.0643310546875,39.7789306640625,6605.861328125,0.0031856968998908997
13908,278.16,aramco,0,0.8035732507705688,1273.4342041015625,471.138671875,1431.6085205078125,493.9372863769531,158.17431640625,22.798614501953125,3606.1552734375,0.00173907948192209
13914,278.28,aramco,0,0.7982668280601501,1321.99560546875,480.72509765625,1473.7633056640625,501.0384521484375,151.7677001953125,20.3133544921875,3082.9111328125,0.0014867434510961175
13914,278.28,aramco,0,0.7829746007919312,827.3519897460938,687.9118041992188,987.0947875976562,728.0518798828125,159.7427978515625,40.14007568359375,6412.087890625,0.003092249156907201
13920,278.4,aramco,0,0.8631463050842285,804.8146362304688,688.6420288085938,953.1898803710938,729.4014892578125,148.375244140625,40.75946044921875,6047.69482421875,0.0029165195301175117
13920,278.4,aramco,0,0.8516753911972046,1329.66650390625,486.37908935546875,1474.792236328125,507.2681884765625,145.125732421875,20.88909912109375,3031.5458984375,0.0014619723660871387
13926,278.52,aramco,0,0.8183519840240479,1269.666259765625,586.0723266601562,1353.4713134765625,612.9448852539062,83.8050537109375,26.87255859375,2252.05615234375,0.0010860610054805875
13926,278.52,aramco,0,0.6506723761558533,756.689453125,692.048095703125,893.17431640625,730.5279541015625,136.48486328125,38.4798583984375,5251.91796875,0.0025327536277472973
13926,278.52,aramco,0,0.5934956073760986,1329.75927734375,491.563232421875,1454.5291748046875,514.7754516601562,124.7698974609375,23.21221923828125,2896.186279296875,0.0013966948026791215
13932,278.64,aramco,0,0.8153405785560608,1302.995849609375,494.66644287109375,1448.1837158203125,517.2369995117188,145.1878662109375,22.570556640625,3276.970947265625,0.001580329379066825
13932,278.64,aramco,0,0.68178391456604,1233.638671875,585.8522338867188,1322.0865478515625,612.8675537109375,88.4478759765625,27.01531982421875,2389.44775390625,0.0011523185530677438
13938,278.76,aramco,0,0.5039069056510925,1196.001708984375,581.7628173828125,1285.23193359375,608.0932006835938,89.230224609375,26.33038330078125,2349.466064453125,0.0011330372653901577
13944,278.88,aramco,0,0.7902973890304565,1167.7620849609375,586.3798217773438,1285.875,617.6390991210938,118.1129150390625,31.25927734375,3692.124267578125,0.0017805383540689945
13950,279.0,aramco,0,0.8496710062026978,1130.9937744140625,597.5169067382812,1273.6942138671875,631.5593872070312,142.700439453125,34.04248046875,4857.876953125,0.0023427261039614677
13956,279.12,aramco,0,0.9281091690063477,1102.085693359375,606.1827392578125,1280.1102294921875,644.7850341796875,178.0245361328125,38.602294921875,6872.15576171875,0.00331411836668849
13962,279.24,aramco,0,0.9428377747535706,1086.90771484375,613.830078125,1305.5908203125,659.8046264648438,218.68310546875,45.97454833984375,10053.857421875,0.004848503973335028
13968,279.36,aramco,0,0.9464866518974304,1041.4940185546875,621.2218017578125,1292.71630859375,676.5960083007812,251.2222900390625,55.37420654296875,13911.2353515625,0.006708736065775156
13974,279.48,aramco,0,0.9344884157180786,959.6184692382812,628.6263427734375,1228.6800537109375,694.10888671875,269.06158447265625,65.4825439453125,17618.837890625,0.008496738970279694
13980,279.6,aramco,0,0.9293873906135559,853.2106323242188,632.8054809570312,1122.399169921875,701.72802734375,269.18853759765625,68.92254638671875,18553.16015625,0.00894731841981411
13986,279.72,aramco,0,0.937492311000824,734.7754516601562,633.7587890625,984.3811645507812,702.6770629882812,249.605712890625,68.91827392578125,17202.39453125,0.008295907638967037
13992,279.84,aramco,0,0.9339850544929504,618.5822143554688,632.9888305664062,848.4526977539062,701.1408081054688,229.8704833984375,68.1519775390625,15666.1279296875,0.007555038668215275
13998,279.96,aramco,0,0.9067847728729248,516.2687377929688,629.996337890625,726.5635375976562,696.0535888671875,210.2947998046875,66.0572509765625,13891.49609375,0.006699217017740011
14004,280.08,aramco,0,0.7201448082923889,449.3939514160156,627.8930053710938,632.628662109375,692.727783203125,183.23471069335938,64.83477783203125,11879.9814453125,0.005729157943278551
14016,280.32,hp,4,0.442322313785553,928.7327270507812,515.9381103515625,989.0716552734375,555.4835205078125,60.33892822265625,39.54541015625,2386.127685546875,0.001150717493146658
14022,280.44,okx,7,0.6193714141845703,838.9310913085938,519.322021484375,909.87060546875,556.4432373046875,70.93951416015625,37.1212158203125,2633.361083984375,0.001269946456886828
14064,281.28,aramco,0,0.6598147749900818,779.0086669921875,479.44573974609375,920.665771484375,503.36676025390625,141.6571044921875,23.9210205078125,3388.58251953125,0.0016341543523594737
14082,281.64,aramco,0,0.5340572595596313,801.9931030273438,470.67779541015625,974.0877685546875,496.42474365234375,172.09466552734375,25.7469482421875,4430.91259765625,0.00213682116009295
14220,284.4,petronas,9,0.496203750371933,788.7821655273438,472.1151123046875,991.6519775390625,504.24908447265625,202.86981201171875,32.13397216796875,6519.0126953125,0.0031438139267265797
14226,284.52,petronas,9,0.6536540985107422,791.7186889648438,472.6443786621094,992.8540649414062,504.1755065917969,201.1353759765625,31.5311279296875,6342.025390625,0.0030584612395614386
14226,284.52,capp,3,0.46960708498954773,568.9824829101562,886.3506469726562,707.9498291015625,923.8229370117188,138.96734619140625,37.4722900390625,5207.4248046875,0.0025112966541200876
14232,284.64,petronas,9,0.4460931122303009,792.6787109375,472.3988342285156,994.6813354492188,503.92333984375,202.00262451171875,31.524505615234375,6368.03271484375,0.003071003360673785
14244,284.88,petronas,9,0.6602119207382202,794.085205078125,473.5930480957031,994.1242065429688,505.2192687988281,200.03900146484375,31.626220703125,6326.4775390625,0.003050963394343853
14256,285.12,kick,5,0.40791842341423035,795.8740234375,475.9411315917969,993.1807861328125,505.3946228027344,197.3067626953125,29.4534912109375,5811.373046875,0.002802552655339241
14262,285.24,kick,5,0.44401153922080994,796.8345947265625,473.18133544921875,994.11767578125,504.29364013671875,197.2830810546875,31.1123046875,6137.93115234375,0.002960036275908351
14346,286.92,petronas,9,0.4879515767097473,794.8598022460938,472.28509521484375,996.3474731445312,503.788330078125,201.4876708984375,31.50323486328125,6347.51318359375,0.003061107825487852
14382,287.64,kick,5,0.544474184513092,796.345458984375,478.0865783691406,992.5551147460938,509.18621826171875,196.20965576171875,31.099639892578125,6102.0498046875,0.0029427323024719954
14388,287.76,kick,5,0.7695357203483582,793.7455444335938,481.2518310546875,992.60595703125,510.2392578125,198.86041259765625,28.9874267578125,5764.45166015625,0.0027799245435744524
14394,287.88,kick,5,0.5230664610862732,794.3023071289062,484.0256652832031,992.2655639648438,512.4820556640625,197.9632568359375,28.456390380859375,5633.31982421875,0.002716685878112912
14454,289.08,aramco,0,0.40119627118110657,796.66650390625,485.7509460449219,993.8366088867188,515.2562866210938,197.17010498046875,29.505340576171875,5817.5712890625,0.0028055417351424694
14460,289.2,aramco,0,0.44186586141586304,794.5863647460938,485.2968444824219,993.3148803710938,515.3795776367188,198.728515625,30.082733154296875,5978.296875,0.002883052220568061
14466,289.32,aramco,0,0.426877498626709,795.7117309570312,485.643798828125,994.3775634765625,515.8017578125,198.66583251953125,30.157958984375,5991.35595703125,0.0028893498238176107
14490,289.8,kick,5,0.5180933475494385,796.0281372070312,484.4023742675781,994.2918701171875,515.2177124023438,198.26373291015625,30.815338134765625,6109.56396484375,0.002946356078609824
14496,289.92,kick,5,0.5388091802597046,796.5916748046875,485.22808837890625,994.27734375,515.6943359375,197.6856689453125,30.46624755859375,6022.74072265625,0.002904485212638974
14502,290.04,kick,5,0.42400258779525757,795.4508666992188,485.6908264160156,994.0033569335938,515.4281616210938,198.552490234375,29.737335205078125,5904.421875,0.002847425639629364
14508,290.16,aramco,0,0.4564511477947235,795.808837890625,486.1054992675781,995.066650390625,516.0550537109375,199.2578125,29.949554443359375,5967.6826171875,0.0028779334388673306
14514,290.28,kick,5,0.6789292097091675,797.3889770507812,485.1200866699219,993.2787475585938,515.1436767578125,195.8897705078125,30.023590087890625,5881.31396484375,0.0028362818993628025
14526,290.52,kick,5,0.49932849407196045,797.1519775390625,484.9144287109375,992.296630859375,515.2190551757812,195.1446533203125,30.30462646484375,5913.78564453125,0.002851941389963031
14532,290.64,aramco,0,0.4432556927204132,796.8868408203125,486.5888977050781,994.0111694335938,515.501220703125,197.12432861328125,28.912322998046875,5699.322265625,0.0027485156897455454
14544,290.88,moneygram,6,0.5398036241531372,1051.0943603515625,792.9610595703125,1136.621337890625,895.6025390625,85.5269775390625,102.6414794921875,8778.615234375,0.004233514424413443
14550,291.0,bwt,2,0.568304717540741,923.5814208984375,795.277099609375,1369.677490234375,852.3062133789062,446.0960693359375,57.02911376953125,25440.462890625,0.012268741615116596
14556,291.12,kick,5,0.4812689423561096,793.8690185546875,485.44287109375,992.9712524414062,516.90966796875,199.10223388671875,31.466796875,6265.109375,0.0030213682912290096
14562,291.24,kick,5,0.6060830950737,796.7543334960938,485.91485595703125,992.49072265625,516.5413208007812,195.73638916015625,30.62646484375,5994.7138671875,0.0028909691609442234
14568,291.36,kick,5,0.7417027950286865,797.723876953125,485.35809326171875,993.6329345703125,515.3775634765625,195.9090576171875,30.01947021484375,5881.0859375,0.0028361717704683542
14574,291.48,aramco,0,0.4185701608657837,797.9778442382812,485.1866455078125,992.2723388671875,515.5621337890625,194.29449462890625,30.37548828125,5901.7900390625,0.0028461564797908068
14580,291.6,kick,5,0.45845088362693787,798.483642578125,484.8319091796875,992.470458984375,514.5801391601562,193.98681640625,29.74822998046875,5770.7646484375,0.0027829690370708704
14586,291.72,kick,5,0.6345685124397278,798.58447265625,484.1511535644531,993.9799194335938,514.6419067382812,195.39544677734375,30.490753173828125,5957.75439453125,0.0028731455095112324
14592,291.84,kick,5,0.6324628591537476,800.0164794921875,484.1043701171875,993.4390869140625,514.6035766601562,193.422607421875,30.49920654296875,5899.23583984375,0.002844924805685878
14592,291.84,aramco,0,0.4066234827041626,800.0164794921875,484.1043701171875,993.4390869140625,514.6035766601562,193.422607421875,30.49920654296875,5899.23583984375,0.002844924805685878
14598,291.96,kick,5,0.667116641998291,798.175048828125,484.4834289550781,994.0299072265625,514.66943359375,195.8548583984375,30.186004638671875,5912.07568359375,0.002851116703823209
14604,292.08,kick,5,0.5995489358901978,797.9267578125,483.9849548339844,993.958251953125,513.947509765625,196.031494140625,29.962554931640625,5873.6044921875,0.002832563826814294
14610,292.2,kick,5,0.5100170969963074,796.8017578125,485.4599914550781,993.2515869140625,514.995361328125,196.4498291015625,29.535369873046875,5802.21826171875,0.0027981377206742764
14616,292.32,kick,5,0.46184828877449036,798.7180786132812,483.9990234375,993.277587890625,514.2399291992188,194.55950927734375,30.24090576171875,5883.65576171875,0.0028374111279845238
14622,292.44,kick,5,0.46039289236068726,799.5458984375,483.8068542480469,992.2789916992188,514.0692749023438,192.73309326171875,30.262420654296875,5832.56982421875,0.0028127748519182205
14676,293.52,atlasian,1,0.6750490069389343,1303.2265625,479.6734619140625,1394.4918212890625,489.68218994140625,91.2652587890625,10.00872802734375,913.4491577148438,0.00044051368604414165
14676,293.52,petronas,9,0.5028824806213379,628.8786010742188,416.23480224609375,714.439453125,424.7498779296875,85.56085205078125,8.51507568359375,728.55712890625,0.00035134892095811665
14682,293.64,petronas,9,0.5593417286872864,935.57421875,513.05419921875,977.0531005859375,521.128173828125,41.4788818359375,8.073974609375,334.8994445800781,0.00016150629380717874
14682,293.64,petronas,9,0.46473148465156555,733.7551879882812,412.9898681640625,818.9358520507812,422.2459411621094,85.1806640625,9.256072998046875,788.4384155273438,0.0003802268474828452
14682,293.64,atlasian,1,0.4259299337863922,1359.8719482421875,495.9189758300781,1468.2911376953125,508.50628662109375,108.419189453125,12.587310791015625,1364.7060546875,0.0006581337074749172
14688,293.76,petronas,9,0.5405020713806152,820.1633911132812,412.1227111816406,923.867431640625,422.6834411621094,103.70404052734375,10.56072998046875,1095.1904296875,0.000528158969245851
14694,293.88,petronas,9,0.6112086176872253,881.6558227539062,411.0849609375,976.8098754882812,421.5780944824219,95.154052734375,10.493133544921875,998.4641723632812,0.00048151242663152516
14700,294.0,petronas,9,0.653977632522583,910.0813598632812,410.5085144042969,996.5933837890625,420.4217834472656,86.51202392578125,9.91326904296875,857.616943359375,0.00041358842281624675
14706,294.12,petronas,9,0.526675820350647,919.2471923828125,407.394775390625,996.5308227539062,416.01116943359375,77.28363037109375,8.61639404296875,665.9061889648438,0.0003211353032384068
14712,294.24,petronas,9,0.6258082389831543,897.4029541015625,408.26904296875,983.5657958984375,418.26470947265625,86.162841796875,9.99566650390625,861.2550048828125,0.00041534288902767
14718,294.36,atlasian,1,0.5585001707077026,1458.9068603515625,474.913330078125,1551.498291015625,489.7225646972656,92.5914306640625,14.809234619140625,1371.208251953125,0.0006612694123759866
14718,294.36,petronas,9,0.4698844254016876,879.5531005859375,409.7133483886719,973.491455078125,418.586669921875,93.9383544921875,8.873321533203125,833.5452270507812,0.0004019797488581389
14718,294.36,petronas,9,0.418239951133728,1001.48291015625,524.0089111328125,1048.994140625,532.5088500976562,47.51123046875,8.49993896484375,403.8425598144531,0.00019475432054605335
14724,294.48,petronas,9,0.693687379360199,867.7949829101562,407.1282653808594,964.3589477539062,416.2167053222656,96.56396484375,9.08843994140625,877.6157836914062,0.0004232329083606601
14730,294.6,petronas,9,0.6729673743247986,905.3095703125,391.17218017578125,991.6620483398438,399.5018005371094,86.35247802734375,8.329620361328125,719.2833862304688,0.00034687662264332175
14730,294.6,atlasian,1,0.5680691599845886,1388.507568359375,441.237548828125,1483.3802490234375,459.1431579589844,94.8726806640625,17.905609130859375,1698.753173828125,0.000819228938780725
14736,294.72,petronas,9,0.6491013169288635,960.5172729492188,385.0932312011719,1041.123291015625,393.2282409667969,80.60601806640625,8.135009765625,655.7307739257812,0.0003162281936965883
14736,294.72,petronas,9,0.5207379460334778,493.28704833984375,303.7529296875,556.5875244140625,313.156982421875,63.30047607421875,9.404052734375,595.281005859375,0.0002870761090889573
14736,294.72,petronas,9,0.4234654903411865,1382.8800048828125,426.4149475097656,1541.4024658203125,437.9970703125,158.5224609375,11.582122802734375,1836.026611328125,0.000885429501067847
14742,294.84,petronas,9,0.7217894196510315,1031.24072265625,382.3835144042969,1108.8280029296875,391.3016052246094,77.5872802734375,8.9180908203125,691.930419921875,0.0003336855734232813
14742,294.84,petronas,9,0.5764225125312805,1368.55419921875,419.282958984375,1516.8154296875,437.2238464355469,148.26123046875,17.940887451171875,2659.93798828125,0.0012827633181586862
14742,294.84,petronas,9,0.5482621788978577,588.0553588867188,310.6114501953125,656.83203125,316.8600158691406,68.77667236328125,6.248565673828125,429.75555419921875,0.0002072509378194809
14748,294.96,petronas,9,0.6683637499809265,1096.7308349609375,381.8285827636719,1171.4527587890625,390.7807312011719,74.721923828125,8.9521484375,668.9217529296875,0.0003225895925424993
14748,294.96,petronas,9,0.4831371009349823,1377.42822265625,414.9772644042969,1480.3004150390625,432.03857421875,102.8721923828125,17.061309814453125,1755.1343994140625,0.0008464189595542848
14754,295.08,petronas,9,0.5940003395080566,774.9808959960938,331.750244140625,841.7518310546875,337.9628601074219,66.77093505859375,6.212615966796875,414.8221740722656,0.00020004926773253828
14760,295.2,petronas,9,0.6168600916862488,1189.9837646484375,379.307861328125,1290.95458984375,389.3904724121094,100.9708251953125,10.082611083984375,1018.049560546875,0.0004909575218334794
14760,295.2,petronas,9,0.5569406747817993,857.9163818359375,334.6420593261719,922.034423828125,341.4443664550781,64.1180419921875,6.80230712890625,436.1506042480469,0.00021033496886957437
14760,295.2,petronas,9,0.49068915843963623,936.3944091796875,415.5623779296875,983.5010375976562,423.23577880859375,47.10662841796875,7.67340087890625,361.4680480957031,0.000174319080542773
14940,298.8,okx,7,0.40461814403533936,1409.0404052734375,367.8726806640625,1444.80712890625,374.4768371582031,35.7667236328125,6.604156494140625,236.20904541015625,0.000113912537926808
14946,298.92,okx,7,0.5638516545295715,1404.436279296875,370.8257751464844,1445.7138671875,378.118408203125,41.277587890625,7.292633056640625,301.0223083496094,0.0001451689313398674
14952,299.04,okx,7,0.6223226189613342,1395.794921875,372.81427001953125,1440.0198974609375,379.5531005859375,44.2249755859375,6.73883056640625,298.0246276855469,0.00014372330042533576
14958,299.16,okx,7,0.5067992806434631,1394.5294189453125,375.8990783691406,1434.796875,382.3985595703125,40.2674560546875,6.499481201171875,261.7175598144531,0.00012621410132851452
14976,299.52,okx,7,0.6133596897125244,1343.520263671875,381.4609069824219,1386.91650390625,388.4845886230469,43.396240234375,7.023681640625,304.8013610839844,0.00014699139865115285
14982,299.64,okx,7,0.6460351943969727,1317.10888671875,383.70489501953125,1367.506591796875,391.3690185546875,50.397705078125,7.66412353515625,386.2542419433594,0.00018627230019774288
14988,299.76,okx,7,0.591870903968811,1291.1644287109375,386.5411376953125,1351.3211669921875,394.9640808105469,60.15673828125,8.422943115234375,506.69677734375,0.0002443560806568712
14994,299.88,okx,7,0.5414043664932251,1279.620849609375,391.0583801269531,1331.128173828125,398.5942687988281,51.50732421875,7.535888671875,388.1534729003906,0.00018718821229413152
15000,300.0,okx,7,0.5271726846694946,1245.069580078125,393.6446228027344,1311.796630859375,402.15185546875,66.72705078125,8.507232666015625,567.6625366210938,0.00027375700301490724
15006,300.12,okx,7,0.7066666483879089,1226.85986328125,394.5370788574219,1292.3828125,404.62347412109375,65.52294921875,10.086395263671875,660.890380859375,0.0003187164256814867
15012,300.24,okx,7,0.5418924689292908,1151.6566162109375,399.9098205566406,1263.146728515625,411.35296630859375,111.4901123046875,11.443145751953125,1275.797607421875,0.000615257362369448
15018,300.36,okx,7,0.6231182217597961,1086.0859375,404.7728271484375,1234.78662109375,421.4168701171875,148.70068359375,16.64404296875,2474.98046875,0.0011935669463127851
15024,300.48,okx,7,0.5955360531806946,1117.6856689453125,416.72186279296875,1192.3040771484375,435.6312561035156,74.618408203125,18.909393310546875,1410.98876953125,0.0006804536678828299
15030,300.6,okx,7,0.8152517676353455,921.624755859375,425.09515380859375,1129.6712646484375,454.7969970703125,208.0465087890625,29.70184326171875,6179.36474609375,0.002980017801746726
15036,300.72,okx,7,0.7629913091659546,899.1926879882812,452.825927734375,1016.821533203125,490.81585693359375,117.62884521484375,37.98992919921875,4468.71142578125,0.0021550499368458986
15204,304.08,aramco,0,0.7793444395065308,145.59091186523438,635.3139038085938,634.2800903320312,738.4912109375,488.6891784667969,103.17730712890625,50421.6328125,0.024315988644957542
15336,306.72,oracle,8,0.4463045299053192,185.1843719482422,614.3280029296875,816.4244995117188,773.1517944335938,631.2401123046875,158.82379150390625,100255.9453125,0.04834873974323273
15348,306.96,oracle,8,0.44476625323295593,199.2931671142578,618.27734375,832.33203125,779.7046508789062,633.0388793945312,161.42730712890625,102189.7578125,0.049281325191259384
15354,307.08,oracle,8,0.6209529042243958,208.35430908203125,618.48681640625,833.9378662109375,774.215576171875,625.5835571289062,155.728759765625,97421.3515625,0.046981748193502426
15624,312.48,petronas,9,0.4134436249732971,1316.234130859375,900.0755615234375,1575.806640625,1069.7498779296875,259.572509765625,169.67431640625,44042.7890625,0.02123977057635784
15654,313.08,petronas,9,0.5517426133155823,82.95584106445312,920.1657104492188,138.87344360351562,978.8087768554688,55.9176025390625,58.64306640625,3279.1796875,0.0015813945792615414
15660,313.2,petronas,9,0.5779159069061279,88.62883758544922,933.5950317382812,239.79144287109375,1074.7027587890625,151.16259765625,141.10772705078125,21330.2109375,0.010286560282111168
15672,313.44,petronas,9,0.4382775127887726,119.00459289550781,967.3041381835938,246.80494689941406,1074.7344970703125,127.80035400390625,107.43035888671875,13729.6376953125,0.006621160078793764
15684,313.68,petronas,9,0.5809357166290283,131.9413604736328,1001.1261596679688,201.14662170410156,1075.3245849609375,69.20526123046875,74.19842529296875,5134.92138671875,0.002476331777870655
15684,313.68,petronas,9,0.4914487898349762,326.57891845703125,478.9150695800781,362.94091796875,510.487060546875,36.36199951171875,31.571990966796875,1148.020751953125,0.0005536365788429976
15690,313.8,petronas,9,0.6811174154281616,136.44638061523438,1019.3258666992188,193.36282348632812,1078.0123291015625,56.91644287109375,58.68646240234375,3340.224609375,0.0016108335694298148
15690,313.8,petronas,9,0.4470430910587311,324.8922119140625,488.20477294921875,363.1461486816406,521.6639404296875,38.253936767578125,33.45916748046875,1279.94482421875,0.0006172573193907738
15696,313.92,petronas,9,0.5476783514022827,144.1377410888672,1036.97509765625,192.8084259033203,1079.0601806640625,48.670684814453125,42.0850830078125,2048.309814453125,0.0009878036798909307
15702,314.04,petronas,9,0.7179811000823975,326.80609130859375,501.56475830078125,373.0947570800781,539.0748291015625,46.288665771484375,37.51007080078125,1736.2911376953125,0.000837331754155457
15708,314.16,petronas,9,0.6945734620094299,326.0334777832031,507.69293212890625,368.97308349609375,545.286865234375,42.939605712890625,37.59393310546875,1614.2686767578125,0.0007784860790707171
15714,314.28,petronas,9,0.4432774782180786,327.1103515625,517.1731567382812,367.7176513671875,554.2960815429688,40.6072998046875,37.1229248046875,1507.4617919921875,0.0007269781199283898
15720,314.4,petronas,9,0.4096498489379883,740.4786987304688,766.3319091796875,777.5720825195312,788.3682250976562,37.0933837890625,22.03631591796875,817.4015502929688,0.00039419441600330174
15726,314.52,petronas,9,0.472324401140213,326.8876953125,535.1023559570312,372.15484619140625,571.832275390625,45.26715087890625,36.72991943359375,1662.6588134765625,0.000801822345238179
15726,314.52,petronas,9,0.4308862090110779,447.1505432128906,1049.251953125,525.23974609375,1080.9022216796875,78.08920288085938,31.6502685546875,2471.544189453125,0.0011919097742065787
15750,315.0,petronas,9,0.4185172915458679,338.25189208984375,566.7589111328125,385.03326416015625,604.4160766601562,46.7813720703125,37.65716552734375,1761.6539306640625,0.0008495630463585258
15750,315.0,petronas,9,0.41828033328056335,1514.990478515625,1012.03271484375,1608.4500732421875,1060.855712890625,93.4595947265625,48.822998046875,4562.9775390625,0.002200509887188673
15750,315.0,bwt,2,0.4175882637500763,841.33203125,596.4700927734375,869.4189453125,626.2614135742188,28.0869140625,29.79132080078125,836.7462768554688,0.000403523474233225
15750,315.0,bwt,2,0.4099694788455963,840.1348876953125,594.301025390625,870.0692749023438,627.8531494140625,29.93438720703125,33.5521240234375,1004.3622436523438,0.00048435680218972266
15768,315.36,petronas,9,0.4310588240623474,371.7210693359375,599.0115356445312,422.4510803222656,631.482177734375,50.730010986328125,32.47064208984375,1647.236083984375,0.0007943846867419779
15786,315.72,petronas,9,0.7112562656402588,285.3970947265625,1013.1102905273438,333.8379211425781,1069.0648193359375,48.440826416015625,55.95452880859375,2710.483642578125,0.0013071390567347407
15792,315.84,petronas,9,0.7677448987960815,299.5818786621094,1031.939208984375,348.81121826171875,1079.1650390625,49.229339599609375,47.225830078125,2324.896484375,0.0011211885139346123
15792,315.84,petronas,9,0.4095138609409332,1029.853759765625,909.5042724609375,1061.3521728515625,931.8781127929688,31.4984130859375,22.37384033203125,704.740478515625,0.00033986326889134943
15798,315.96,petronas,9,0.5611335635185242,321.84210205078125,1051.701904296875,360.8927917480469,1081.0316162109375,39.050689697265625,29.3297119140625,1145.345458984375,0.0005523464060388505
15798,315.96,petronas,9,0.43007978796958923,1052.109619140625,927.9330444335938,1080.35107421875,948.8904418945312,28.241455078125,20.9573974609375,591.8673706054688,0.0002854298800230026
15804,316.08,petronas,9,0.47521644830703735,341.05352783203125,1067.813232421875,368.4754638671875,1081.89599609375,27.42193603515625,14.082763671875,386.1766357421875,0.00018623487267177552
15810,316.2,petronas,9,0.5027527809143066,1154.593994140625,1066.0423583984375,1185.1710205078125,1081.162841796875,30.5770263671875,15.1204833984375,462.33941650390625,0.00022296460520010442
15816,316.32,petronas,9,0.5508246421813965,1120.873291015625,961.29541015625,1146.5274658203125,977.6790771484375,25.6541748046875,16.3836669921875,420.3094482421875,0.0002026955335168168
15822,316.44,petronas,9,0.40832915902137756,1149.6107177734375,962.0591430664062,1178.70751953125,986.0011596679688,29.0968017578125,23.9420166015625,696.6361083984375,0.00033595491549931467
15834,316.68,petronas,9,0.43401026725769043,1217.3802490234375,989.9908447265625,1249.338134765625,1012.410400390625,31.9578857421875,22.4195556640625,716.4816284179688,0.0003455254773143679
15840,316.8,hp,4,0.40644675493240356,1042.9583740234375,691.9996948242188,1071.7418212890625,714.1361694335938,28.783447265625,22.136474609375,637.1640625,0.00030727434204891324
16344,326.88,hp,4,0.43921178579330444,258.05078125,816.5569458007812,377.2652893066406,916.0813598632812,119.21450805664062,99.5244140625,11864.75390625,0.005721813999116421
16374,327.48,bwt,2,0.4416056275367737,258.0874328613281,472.93096923828125,363.9508972167969,554.2263793945312,105.86346435546875,81.29541015625,8606.2138671875,0.00415037339553237
16392,327.84,hp,4,0.42537233233451843,262.08123779296875,266.3406677246094,363.8038024902344,342.407470703125,101.72256469726562,76.06680297851562,7737.71044921875,0.003731534816324711
16602,332.04,petronas,9,0.4838756024837494,765.5164184570312,594.8826904296875,813.8077392578125,603.4029541015625,48.29132080078125,8.520263671875,411.45477294921875,0.00019842533220071346
16608,332.16,petronas,9,0.4915519952774048,1030.6429443359375,246.36351013183594,1074.3515625,252.58285522460938,43.7086181640625,6.2193450927734375,271.8389892578125,0.0001310951920459047
16614,332.28,petronas,9,0.5923205018043518,1074.684326171875,189.1650390625,1124.1353759765625,197.42010498046875,49.4510498046875,8.25506591796875,408.2216796875,0.0001968661672435701
16614,332.28,atlasian,1,0.5636494755744934,612.8043823242188,676.8523559570312,678.0905151367188,692.2426147460938,65.2861328125,15.3902587890625,1004.7705078125,0.00048455368960276246
16620,332.4,petronas,9,0.6035314798355103,1131.1199951171875,153.2537841796875,1188.668212890625,164.39608764648438,57.5482177734375,11.142303466796875,641.2197265625,0.00030923017766326666
16626,332.52,petronas,9,0.5781502723693848,1194.5068359375,148.90440368652344,1264.99169921875,166.66055297851562,70.48486328125,17.756149291992188,1251.539794921875,0.0006035589030943811
16632,332.64,petronas,9,0.8148273825645447,1260.510986328125,163.2828369140625,1336.5093994140625,194.4953155517578,75.9984130859375,31.212478637695312,2372.098876953125,0.0011439520167186856
16638,332.76,petronas,9,0.6840744614601135,1322.74462890625,181.41629028320312,1403.249755859375,225.4149932861328,80.505126953125,43.99870300292969,3542.12109375,0.0017081988044083118
16638,332.76,petronas,9,0.5727267265319824,951.0618896484375,445.293701171875,980.1737670898438,475.54058837890625,29.11187744140625,30.24688720703125,880.543701171875,0.00042464490979909897
16644,332.88,petronas,9,0.8616591095924377,1355.6700439453125,221.02500915527344,1440.65869140625,295.13262939453125,84.9886474609375,74.10762023925781,6298.306640625,0.0030373777262866497
16650,333.0,petronas,9,0.7194112539291382,1341.5535888671875,326.4386291503906,1403.2607421875,416.59503173828125,61.7071533203125,90.15640258789062,5563.294921875,0.002682916121557355
16674,333.48,oracle,8,0.6124836802482605,1134.21484375,552.3193359375,1202.994873046875,593.8439331054688,68.780029296875,41.52459716796875,2856.06298828125,0.001377345179207623
16686,333.72,oracle,8,0.48161256313323975,1233.8760986328125,536.1276245117188,1271.53662109375,566.2374877929688,37.6605224609375,30.10986328125,1133.953125,0.000546852417755872
16704,334.08,hp,4,0.4528590440750122,433.1098327636719,815.55322265625,469.54718017578125,835.470703125,36.437347412109375,19.91748046875,725.7401733398438,0.0003499904414638877
16722,334.44,bwt,2,0.4004230499267578,510.7704162597656,670.023193359375,553.557373046875,701.650146484375,42.786956787109375,31.626953125,1353.2210693359375,0.0006525950157083571
16770,335.4,oracle,8,0.5042481422424316,1759.6763916015625,840.1054077148438,1795.702880859375,874.697265625,36.0264892578125,34.59185791015625,1246.22314453125,0.0006009949720464647
16776,335.52,oracle,8,0.40949371457099915,1741.3634033203125,805.3726196289062,1783.0048828125,841.6549072265625,41.6414794921875,36.28228759765625,1510.84814453125,0.000728611194062978
16788,335.76,oracle,8,0.49425259232521057,1701.222412109375,781.1182861328125,1735.8968505859375,806.8001708984375,34.6744384765625,25.681884765625,890.5049438476562,0.000429448758950457
16824,336.48,oracle,8,0.580571174621582,1200.4014892578125,763.2789916992188,1262.518798828125,783.8104858398438,62.1173095703125,20.531494140625,1275.3612060546875,0.0006150468834675848
16830,336.6,oracle,8,0.5419793128967285,1094.7440185546875,761.965576171875,1151.4368896484375,784.3475341796875,56.69287109375,22.3819580078125,1268.8974609375,0.0006119296886026859
16836,336.72,atlasian,1,0.42014726996421814,798.1757202148438,510.0848083496094,853.6499633789062,517.0579833984375,55.4742431640625,6.973175048828125,386.83160400390625,0.00018655073654372245
16860,337.2,atlasian,1,0.42197057604789734,869.1192016601562,491.7348327636719,908.8605346679688,497.3170471191406,39.7413330078125,5.58221435546875,221.84463500976562,0.00010698525875341147
16884,337.68,oracle,8,0.5237993001937866,1149.496826171875,938.4874877929688,1203.0594482421875,965.1195068359375,53.5626220703125,26.63201904296875,1426.480712890625,0.0006879247375763953
16890,337.8,aramco,0,0.7814342379570007,332.5281066894531,502.1316833496094,409.3712463378906,524.3743286132812,76.8431396484375,22.242645263671875,1709.1947021484375,0.0008242644253186882
16890,337.8,petronas,9,0.5881015062332153,962.85986328125,541.3986206054688,1147.682861328125,570.422119140625,184.822998046875,29.02349853515625,5364.2099609375,0.002586906775832176
16896,337.92,aramco,0,0.7651715874671936,554.7596435546875,509.5837707519531,642.8526611328125,533.4484252929688,88.093017578125,23.864654541015625,2102.309326171875,0.0010138452053070068
16896,337.92,petronas,9,0.7016839981079102,964.863525390625,546.2623291015625,1145.3817138671875,570.14306640625,180.5181884765625,23.8807373046875,4310.9072265625,0.0020789483096450567
16902,338.04,petronas,9,0.8216658234596252,965.1893310546875,544.1425170898438,1146.4371337890625,571.0252075195312,181.247802734375,26.8826904296875,4872.4287109375,0.002349743852391839
16908,338.16,petronas,9,0.738407552242279,969.2107543945312,544.3839721679688,1155.2484130859375,574.5272827148438,186.03765869140625,30.143310546875,5607.791015625,0.0027043744921684265
16914,338.28,petronas,9,0.7609178423881531,944.207763671875,551.7780151367188,1167.35888671875,577.4480590820312,223.151123046875,25.6700439453125,5728.29931640625,0.002762489952147007
16920,338.4,petronas,9,0.6749498844146729,973.807861328125,554.4757690429688,1174.42236328125,579.5484008789062,200.614501953125,25.0726318359375,5029.93359375,0.002425700891762972
16920,338.4,petronas,9,0.5718338489532471,902.477294921875,710.4871215820312,954.4664306640625,724.9376831054688,51.9891357421875,14.4505615234375,751.272216796875,0.0003623033408075571
16920,338.4,aramco,0,0.4854595959186554,1622.8189697265625,524.5642700195312,1724.9307861328125,550.0599975585938,102.11181640625,25.4957275390625,2603.4150390625,0.001255504903383553
16926,338.52,petronas,9,0.6145416498184204,885.7576293945312,712.9003295898438,941.7993774414062,727.6187133789062,56.041748046875,14.7183837890625,824.8439331054688,0.0003977835294790566
16932,338.64,okx,7,0.6448408365249634,662.2904663085938,492.95843505859375,802.9451293945312,556.81591796875,140.6546630859375,63.85748291015625,8981.8525390625,0.004331525880843401
16932,338.64,petronas,9,0.5889405012130737,958.7718505859375,553.9166870117188,1173.3372802734375,581.7816772460938,214.5654296875,27.864990234375,5978.86376953125,0.0028833255637437105
16932,338.64,petronas,9,0.5768266916275024,876.6287841796875,721.7275390625,927.117919921875,733.3780517578125,50.4891357421875,11.6505126953125,588.2243041992188,0.00028367299819365144
16932,338.64,petronas,9,0.5464346408843994,1134.8963623046875,727.689697265625,1194.502685546875,746.7815551757812,59.6063232421875,19.09185791015625,1137.9954833984375,0.000548801850527525
16938,338.76,petronas,9,0.6329352259635925,873.0269165039062,714.98583984375,926.344482421875,729.0526123046875,53.31756591796875,14.0667724609375,750.0060424804688,0.00036169274244457483
16938,338.76,petronas,9,0.6110325455665588,1140.94580078125,722.34521484375,1201.7283935546875,739.8818359375,60.7825927734375,17.53662109375,1065.9212646484375,0.0005140438443049788
16938,338.76,petronas,9,0.4726913273334503,955.1322631835938,535.6928100585938,1172.5345458984375,568.8231811523438,217.40228271484375,33.13037109375,7202.6181640625,0.0034734848886728287
16944,338.88,petronas,9,0.8634989261627197,961.600830078125,536.4976806640625,1193.46044921875,569.2959594726562,231.859619140625,32.79827880859375,7604.59619140625,0.003667339915409684
16944,338.88,petronas,9,0.5863669514656067,874.31982421875,713.1372680664062,928.2047729492188,726.50830078125,53.88494873046875,13.37103271484375,720.4974365234375,0.00034746210440061986
16944,338.88,petronas,9,0.47063347697257996,1147.9093017578125,719.0512084960938,1209.578857421875,737.9385375976562,61.6695556640625,18.8873291015625,1164.773193359375,0.0005617154529318213
16950,339.0,petronas,9,0.6607440114021301,872.4193725585938,712.1094970703125,931.5694580078125,726.1698608398438,59.15008544921875,14.06036376953125,831.6716918945312,0.0004010762495454401
16950,339.0,petronas,9,0.5311839580535889,1154.9697265625,718.2803955078125,1219.852294921875,738.9763793945312,64.882568359375,20.69598388671875,1342.80859375,0.000647573615424335
16950,339.0,petronas,9,0.48966020345687866,968.8690795898438,513.1253662109375,1202.5615234375,559.16650390625,233.69244384765625,46.0411376953125,10759.4658203125,0.005188785493373871
16956,339.12,petronas,9,0.8489223122596741,970.1373901367188,525.2801513671875,1217.0,560.5514526367188,246.86260986328125,35.27130126953125,8707.1650390625,0.004199057351797819
16956,339.12,petronas,9,0.6460593938827515,874.1987915039062,721.3416137695312,928.5025024414062,736.202392578125,54.3037109375,14.86077880859375,806.9954223632812,0.00038917604251764715
16956,339.12,petronas,9,0.6341210007667542,1160.0107421875,728.95166015625,1225.7215576171875,750.1972045898438,65.7108154296875,21.24554443359375,1396.06201171875,0.0006732552428729832
16962,339.24,petronas,9,0.8436267971992493,971.8091430664062,526.1826782226562,1226.6494140625,562.4309692382812,254.84027099609375,36.248291015625,9237.5244140625,0.004454824607819319
16962,339.24,petronas,9,0.5409526824951172,871.7014770507812,721.098876953125,928.37646484375,735.1600952148438,56.67498779296875,14.06121826171875,796.9193725585938,0.00038431683788076043
16962,339.24,petronas,9,0.4614255726337433,1166.1915283203125,727.0922241210938,1236.293701171875,748.7955932617188,70.1021728515625,21.703369140625,1521.453369140625,0.0007337256101891398
16968,339.36,petronas,9,0.8569785952568054,965.8820190429688,520.2546997070312,1221.375,553.7045288085938,255.49298095703125,33.4498291015625,8546.1962890625,0.00412142975255847
16968,339.36,petronas,9,0.5888819694519043,918.7081909179688,466.40655517578125,1120.579345703125,490.3077392578125,201.87115478515625,23.90118408203125,4824.95947265625,0.002326851710677147
16968,339.36,petronas,9,0.5566070675849915,855.2843627929688,718.3060302734375,920.8399047851562,733.9508666992188,65.5555419921875,15.64483642578125,1025.605712890625,0.0004946014960296452
16968,339.36,petronas,9,0.5016525983810425,1156.810546875,724.1246337890625,1227.086669921875,745.6692504882812,70.276123046875,21.54461669921875,1514.0721435546875,0.0007301659788936377
16974,339.48,petronas,9,0.842584490776062,960.18359375,516.4569702148438,1214.634033203125,553.6630859375,254.450439453125,37.20611572265625,9467.1123046875,0.004565543960779905
16974,339.48,petronas,9,0.7267228960990906,1148.0211181640625,724.9747314453125,1216.406005859375,746.575439453125,68.3848876953125,21.6007080078125,1477.1619873046875,0.0007123659015633166
16974,339.48,petronas,9,0.6047249436378479,846.44189453125,718.5681762695312,909.4644775390625,732.5094604492188,63.0225830078125,13.9412841796875,878.61572265625,0.0004237151297274977
16974,339.48,petronas,9,0.5167229771614075,918.577392578125,467.4939880371094,1122.4534912109375,493.4394836425781,203.8760986328125,25.94549560546875,5289.66650390625,0.0025509579572826624
16980,339.6,petronas,9,0.8896960616111755,957.5982055664062,506.46014404296875,1216.865478515625,542.0059204101562,259.26727294921875,35.5457763671875,9215.8564453125,0.004444375168532133
16980,339.6,petronas,9,0.6374451518058777,1144.8043212890625,717.4598388671875,1212.9012451171875,737.8696899414062,68.096923828125,20.40985107421875,1389.8480224609375,0.0006702584796585143
16980,339.6,petronas,9,0.49398043751716614,835.818359375,708.7166137695312,900.332275390625,725.2974243164062,64.513916015625,16.580810546875,1069.6929931640625,0.0005158627755008638
16980,339.6,petronas,9,0.4671655595302582,932.2597045898438,450.0434265136719,1142.1280517578125,478.5525817871094,209.86834716796875,28.5091552734375,5983.16943359375,0.0028854019474238157
16986,339.72,petronas,9,0.8929060697555542,963.6490478515625,502.67913818359375,1223.217529296875,536.4539184570312,259.5684814453125,33.7747802734375,8766.8681640625,0.004227849189192057
16986,339.72,petronas,9,0.7281651496887207,1142.4791259765625,712.24560546875,1209.768310546875,732.52978515625,67.2891845703125,20.2841796875,1364.9058837890625,0.0006582300993613899
16986,339.72,petronas,9,0.6644245386123657,837.2499389648438,704.504638671875,899.82666015625,723.2609252929688,62.57672119140625,18.75628662109375,1173.7069091796875,0.0005660237511619925
16986,339.72,petronas,9,0.6541243195533752,970.3334350585938,443.4735107421875,1170.1470947265625,470.6016540527344,199.81365966796875,27.128143310546875,5420.57373046875,0.0026140883564949036
16992,339.84,petronas,9,0.9022587537765503,963.4990234375,499.6879577636719,1219.565673828125,532.3675537109375,256.066650390625,32.679595947265625,8368.154296875,0.004035568330436945
16992,339.84,petronas,9,0.631721019744873,1131.846435546875,709.1689453125,1198.3338623046875,731.0347900390625,66.4874267578125,21.8658447265625,1453.8037109375,0.0007011013221926987
16992,339.84,petronas,9,0.5444109439849854,827.4313354492188,701.1578979492188,887.2268676757812,717.3128051757812,59.7955322265625,16.1549072265625,965.9912719726562,0.00046585226664319634
16998,339.96,petronas,9,0.882799506187439,939.3314208984375,493.13433837890625,1191.66650390625,526.870849609375,252.3350830078125,33.73651123046875,8512.9052734375,0.0041053746826946735
16998,339.96,petronas,9,0.7219709753990173,815.93017578125,697.4454956054688,869.3330078125,711.81640625,53.40283203125,14.37091064453125,767.4473266601562,0.00037010383675806224
16998,339.96,petronas,9,0.5279220342636108,1114.6239013671875,705.20458984375,1177.65771484375,725.9888305664062,63.0338134765625,20.78424072265625,1310.1099853515625,0.0006318045780062675
16998,339.96,petronas,9,0.4660957157611847,831.2063598632812,554.3269653320312,869.6526489257812,563.5750732421875,38.4462890625,9.24810791015625,355.555419921875,0.00017146770551335067
17004,340.08,petronas,9,0.858867883682251,1072.0531005859375,442.5014953613281,1262.51123046875,466.458740234375,190.4581298828125,23.957244873046875,4562.85205078125,0.0022004495840519667
17004,340.08,petronas,9,0.8436936736106873,1091.3858642578125,714.0799560546875,1156.419677734375,733.6241455078125,65.0338134765625,19.544189453125,1271.033203125,0.0006129596731625497
17004,340.08,petronas,9,0.5820136666297913,789.1737060546875,707.0567626953125,848.8687133789062,722.79541015625,59.69500732421875,15.7386474609375,939.5186767578125,0.00045308578410185874
17004,340.08,petronas,9,0.5444112420082092,920.25537109375,508.09515380859375,1171.296875,539.3502807617188,251.04150390625,31.255126953125,7846.333984375,0.003783918684348464
17010,340.2,petronas,9,0.8936629891395569,901.0324096679688,521.0372924804688,1150.941650390625,553.8455810546875,249.90924072265625,32.80828857421875,8199.0947265625,0.003954038955271244
17010,340.2,petronas,9,0.6593012809753418,1077.1561279296875,733.5132446289062,1139.71826171875,754.48095703125,62.5621337890625,20.96771240234375,1311.7847900390625,0.0006326122675091028
17010,340.2,petronas,9,0.47162991762161255,773.8016357421875,724.4679565429688,834.1082153320312,737.8042602539062,60.30657958984375,13.3363037109375,804.266845703125,0.00038786017103120685
17010,340.2,petronas,9,0.45234209299087524,1106.838623046875,455.0979919433594,1300.8291015625,480.7546081542969,193.990478515625,25.6566162109375,4977.13916015625,0.0024002406280487776
17016,340.32,petronas,9,0.8863402009010315,892.7105712890625,535.542724609375,1139.977783203125,568.9610595703125,247.2672119140625,33.4183349609375,8263.2587890625,0.003984982147812843
17016,340.32,petronas,9,0.6294935345649719,1067.670654296875,743.6690063476562,1131.845458984375,764.455322265625,64.1748046875,20.78631591796875,1333.957763671875,0.0006433052476495504
17016,340.32,petronas,9,0.49043509364128113,1145.153564453125,459.1253967285156,1336.28564453125,485.1427307128906,191.132080078125,26.017333984375,4972.7470703125,0.0023981225676834583
17016,340.32,atlasian,1,0.4592479169368744,1145.153564453125,459.1253967285156,1336.28564453125,485.1427307128906,191.132080078125,26.017333984375,4972.7470703125,0.0023981225676834583
17022,340.44,petronas,9,0.858942449092865,889.3511962890625,541.280517578125,1136.3189697265625,573.6134033203125,246.9677734375,32.3328857421875,7985.1806640625,0.003850877983495593
17022,340.44,petronas,9,0.6697601675987244,1057.065185546875,755.910888671875,1124.108154296875,778.8056640625,67.04296875,22.894775390625,1534.9337158203125,0.0007402265327982605
17022,340.44,petronas,9,0.6378488540649414,755.7222290039062,745.9373168945312,814.323974609375,760.1803588867188,58.60174560546875,14.2430419921875,834.6671142578125,0.0004025207890663296
17022,340.44,atlasian,1,0.4288022220134735,1196.893310546875,467.4683532714844,1374.516357421875,491.7803039550781,177.623046875,24.31195068359375,4318.36279296875,0.0020825436804443598
17028,340.56,petronas,9,0.8708747029304504,875.7553100585938,540.9518432617188,1122.076416015625,574.6968994140625,246.32110595703125,33.74505615234375,8312.119140625,0.004008545074611902
17028,340.56,atlasian,1,0.7327187061309814,1225.792236328125,465.94207763671875,1404.819091796875,488.9769287109375,179.02685546875,23.03485107421875,4123.85693359375,0.001988742733374238
17028,340.56,petronas,9,0.6065399050712585,1042.0130615234375,759.4810791015625,1109.2470703125,780.6829833984375,67.2340087890625,21.201904296875,1425.489013671875,0.0006874465034343302
17028,340.56,petronas,9,0.43481341004371643,735.4595336914062,748.7142944335938,798.1522216796875,761.4647827148438,62.69268798828125,12.75048828125,799.3623657226562,0.000385494960937649
17034,340.68,petronas,9,0.8947985172271729,863.2988891601562,530.7105712890625,1109.0626220703125,565.298828125,245.76373291015625,34.5882568359375,8500.5390625,0.004099411424249411
17034,340.68,petronas,9,0.7749341726303101,1027.88916015625,754.6670532226562,1092.06982421875,774.11083984375,64.1806640625,19.44378662109375,1247.9151611328125,0.0006018109270371497
17034,340.68,petronas,9,0.656728982925415,710.2611083984375,745.5820922851562,777.903076171875,761.86962890625,67.6419677734375,16.28753662109375,1101.7210693359375,0.000531308411154896
17034,340.68,petronas,9,0.4681808054447174,1240.001953125,459.9730529785156,1420.4287109375,482.2909851074219,180.4267578125,22.31793212890625,4026.752197265625,0.001941913622431457
17034,340.68,atlasian,1,0.4504798948764801,1240.001953125,459.9730529785156,1420.4287109375,482.2909851074219,180.4267578125,22.31793212890625,4026.752197265625,0.001941913622431457
17040,340.8,petronas,9,0.9034180641174316,851.9539184570312,515.8535766601562,1105.07275390625,552.1334838867188,253.11883544921875,36.2799072265625,9183.1279296875,0.004428591579198837
17040,340.8,petronas,9,0.8112166523933411,1010.8814697265625,748.960205078125,1082.04248046875,769.795166015625,71.1610107421875,20.8349609375,1482.6368408203125,0.0007150062010623515
17040,340.8,petronas,9,0.734790563583374,694.8488159179688,736.33447265625,753.1590576171875,750.84619140625,58.31024169921875,14.51171875,846.1818237304688,0.0004080737999174744
17040,340.8,petronas,9,0.6086708307266235,1258.7276611328125,438.1698303222656,1434.91650390625,460.2498474121094,176.1888427734375,22.08001708984375,3890.252685546875,0.001876086345873773
17046,340.92,petronas,9,0.916391134262085,833.1543579101562,491.6241149902344,1096.7088623046875,528.193115234375,263.55450439453125,36.569000244140625,9637.9248046875,0.004647918976843357
17046,340.92,petronas,9,0.7884021401405334,666.7705688476562,725.9006958007812,734.9036254882812,740.7456665039062,68.133056640625,14.844970703125,1011.4332275390625,0.0004877667815890163
17046,340.92,petronas,9,0.7821038365364075,995.3002319335938,739.3153076171875,1066.099609375,761.1961059570312,70.79937744140625,21.88079833984375,1549.1468505859375,0.0007470808341167867
17046,340.92,petronas,9,0.7516079545021057,1262.037109375,422.6766052246094,1439.573974609375,444.6815490722656,177.536865234375,22.00494384765625,3906.688720703125,0.0018840127158910036
17052,341.04,petronas,9,0.8927991986274719,816.5814208984375,490.00531005859375,1083.335205078125,525.7689819335938,266.7537841796875,35.763671875,9540.0947265625,0.004600740037858486
17052,341.04,petronas,9,0.7264034748077393,977.5098266601562,743.4511108398438,1048.2174072265625,763.0691528320312,70.70758056640625,19.6180419921875,1387.144287109375,0.0006689546280540526
17052,341.04,petronas,9,0.6905071139335632,1280.087890625,403.139404296875,1457.9884033203125,425.2934875488281,177.9005126953125,22.154083251953125,3941.22265625,0.0019006667425855994
17052,341.04,petronas,9,0.45917215943336487,1055.99609375,581.6474609375,1103.6319580078125,590.9371337890625,47.6358642578125,9.2896728515625,442.5216064453125,0.00021340741659514606
17058,341.16,petronas,9,0.8226635456085205,970.8046875,752.91162109375,1043.99169921875,775.8258666992188,73.18701171875,22.91424560546875,1677.025146484375,0.0008087505702860653
17058,341.16,petronas,9,0.7077547311782837,617.9776611328125,738.1843872070312,689.8963012695312,756.3253173828125,71.91864013671875,18.14093017578125,1304.6710205078125,0.0006291816243901849
17058,341.16,atlasian,1,0.4037437438964844,1307.9666748046875,397.2269287109375,1479.456787109375,418.86920166015625,171.4901123046875,21.64227294921875,3711.435791015625,0.0017898513469845057
17064,341.28,petronas,9,0.8770626783370972,804.8883056640625,492.69677734375,1083.197509765625,532.0284423828125,278.3092041015625,39.3316650390625,10946.3642578125,0.005278917960822582
17064,341.28,petronas,9,0.8160107731819153,964.9318237304688,773.6403198242188,1044.1446533203125,797.0682373046875,79.21282958984375,23.42791748046875,1855.7916259765625,0.000894961238373071
17064,341.28,petronas,9,0.7192115783691406,1320.1317138671875,394.65093994140625,1501.727294921875,416.8608703613281,181.5955810546875,22.209930419921875,4033.225341796875,0.0019450354157015681
17070,341.4,petronas,9,0.8979100584983826,781.2174072265625,508.2593688964844,1067.75927734375,545.2449951171875,286.5418701171875,36.985626220703125,10597.9306640625,0.005110884550958872
17070,341.4,petronas,9,0.868651807308197,982.2232666015625,799.2040405273438,1065.65185546875,825.0673217773438,83.4285888671875,25.86328125,2157.737060546875,0.0010405753273516893
17070,341.4,petronas,9,0.7689121961593628,604.890380859375,787.39892578125,681.5955810546875,805.4578857421875,76.7052001953125,18.0589599609375,1385.2161865234375,0.00066802476067096
17070,341.4,atlasian,1,0.5218610763549805,1337.4295654296875,399.1795349121094,1504.5810546875,420.5314636230469,167.1514892578125,21.3519287109375,3569.006591796875,0.0017211644444614649
17076,341.52,petronas,9,0.9050577878952026,757.1989135742188,530.5110473632812,1057.6715087890625,569.38671875,300.47259521484375,38.87567138671875,11681.07421875,0.005633234046399593
17076,341.52,petronas,9,0.6684114336967468,1302.238037109375,411.4344177246094,1475.08935546875,431.87457275390625,172.851318359375,20.440155029296875,3533.107666015625,0.0017038520891219378
17076,341.52,petronas,9,0.6584860682487488,661.74267578125,835.2509765625,744.4149169921875,855.2406005859375,82.6722412109375,19.9896240234375,1652.5870361328125,0.0007969652069732547
17076,341.52,petronas,9,0.6327281594276428,1063.804931640625,842.3677368164062,1148.9024658203125,867.12646484375,85.0975341796875,24.75872802734375,2106.90673828125,0.0010160623351112008
17082,341.64,petronas,9,0.8972144722938538,805.2222900390625,561.357666015625,1111.263916015625,596.87744140625,306.0416259765625,35.519775390625,10870.5302734375,0.005242346785962582
17082,341.64,petronas,9,0.5600687861442566,1254.3154296875,422.482666015625,1421.3861083984375,443.4074401855469,167.0706787109375,20.924774169921875,3495.916259765625,0.0016859164461493492
17088,341.76,petronas,9,0.88670414686203,938.0995483398438,599.3645629882812,1174.981689453125,635.8273315429688,236.88214111328125,36.4627685546875,8637.37890625,0.004165402613580227
17088,341.76,atlasian,1,0.5874426960945129,1275.3592529296875,440.178955078125,1364.2813720703125,459.0550537109375,88.922119140625,18.8760986328125,1678.502685546875,0.0008094630902633071
17094,341.88,petronas,9,0.910476803779602,1203.8992919921875,649.5740356445312,1546.107177734375,692.5057983398438,342.2078857421875,42.9317626953125,14691.587890625,0.007085063494741917
17094,341.88,petronas,9,0.7971525192260742,1118.9923095703125,446.21514892578125,1283.3326416015625,464.58258056640625,164.34033203125,18.367431640625,3018.509765625,0.0014556857058778405
17100,342.0,petronas,9,0.8629917502403259,1648.7249755859375,722.4254760742188,1910.523681640625,774.270751953125,261.7987060546875,51.84527587890625,13573.0263671875,0.006545634008944035
17100,342.0,petronas,9,0.5924755930900574,1043.85400390625,452.55816650390625,1205.47607421875,470.9810791015625,161.6220703125,18.42291259765625,2977.54931640625,0.0014359323540702462
17118,342.36,petronas,9,0.4014126658439636,884.9227294921875,467.961669921875,993.9464721679688,487.6801452636719,109.02374267578125,19.718475341796875,2149.781982421875,0.0010367389768362045
17124,342.48,atlasian,1,0.8564973473548889,784.5037231445312,463.8424072265625,951.5101928710938,484.2478942871094,167.0064697265625,20.405487060546875,3407.848388671875,0.0016434454591944814
17130,342.6,atlasian,1,0.7953645586967468,640.7269897460938,440.4324645996094,835.0739135742188,465.9742431640625,194.346923828125,25.541778564453125,4963.96630859375,0.0023938880767673254
17136,342.72,atlasian,1,0.8853188157081604,659.9927978515625,509.1563720703125,786.0113525390625,548.6046142578125,126.0185546875,39.4482421875,4971.21044921875,0.002397381467744708
17136,342.72,atlasian,1,0.5326241850852966,477.3261413574219,413.41339111328125,687.4002075195312,443.27410888671875,210.07406616210938,29.8607177734375,6272.96240234375,0.0030251555144786835
17142,342.84,atlasian,1,0.8983625173568726,440.17535400390625,545.6173706054688,692.23193359375,601.5582885742188,252.05657958984375,55.94091796875,14100.2763671875,0.006799901835620403
17154,343.08,atlasian,1,0.9255894422531128,635.992431640625,646.0948486328125,918.897705078125,697.9765625,282.9052734375,51.8817138671875,14677.6103515625,0.007078323047608137
17160,343.2,atlasian,1,0.7140578627586365,1005.943359375,573.9443969726562,1151.6976318359375,607.219970703125,145.7542724609375,33.27557373046875,4850.05712890625,0.002338954946026206
17196,343.92,capp,3,0.44464874267578125,1268.2005615234375,495.4258117675781,1348.743896484375,506.4975891113281,80.5433349609375,11.07177734375,891.7578735351562,0.0004300529835745692
17214,344.28,oracle,8,0.7539597749710083,798.1085815429688,626.5224609375,1052.1575927734375,650.725341796875,254.04901123046875,24.202880859375,6148.7177734375,0.0029652381781488657
17226,344.52,oracle,8,0.725866973400116,1277.830322265625,574.1978149414062,1462.3079833984375,593.3799438476562,184.4776611328125,19.18212890625,3538.67431640625,0.0017065366264432669
17232,344.64,oracle,8,0.6864994764328003,1379.6239013671875,563.916259765625,1531.64453125,581.8402709960938,152.0206298828125,17.92401123046875,2724.819580078125,0.001314052613452077
17238,344.76,capp,3,0.5136088132858276,1417.155029296875,556.2491455078125,1554.375,571.5399169921875,137.219970703125,15.290771484375,2098.19921875,0.0010118630016222596
17244,344.88,oracle,8,0.7241087555885315,1404.55615234375,540.0193481445312,1530.8865966796875,554.5066528320312,126.3304443359375,14.4873046875,1830.1876220703125,0.0008826136472634971
17250,345.0,oracle,8,0.7363517880439758,1354.40576171875,523.2538452148438,1501.010986328125,537.33447265625,146.605224609375,14.08062744140625,2064.29345703125,0.0009955118875950575
17256,345.12,oracle,8,0.6723719835281372,1289.3822021484375,512.8806762695312,1409.142578125,524.7073364257812,119.7603759765625,11.82666015625,1416.365234375,0.0006830465281382203
17262,345.24,oracle,8,0.804050087928772,1205.7081298828125,495.8990783691406,1332.912109375,509.41619873046875,127.2039794921875,13.517120361328125,1719.4315185546875,0.0008292011334560812
17268,345.36,petronas,9,0.8667452335357666,686.9614868164062,390.987548828125,1053.2647705078125,424.5002746582031,366.30328369140625,33.512725830078125,12275.8212890625,0.005920052528381348
17268,345.36,petronas,9,0.5717439651489258,951.205322265625,690.3192138671875,1050.389892578125,713.0259399414062,99.1845703125,22.70672607421875,2252.156982421875,0.0010861096670851111
17268,345.36,petronas,9,0.4949137568473816,477.31982421875,693.239501953125,577.6680908203125,720.3760986328125,100.3482666015625,27.1365966796875,2723.1103515625,0.0013132283929735422
17274,345.48,petronas,9,0.8672386407852173,475.60284423828125,406.5859069824219,854.5155639648438,445.4318542480469,378.9127197265625,38.845947265625,14719.2236328125,0.0070983911864459515
17274,345.48,petronas,9,0.5216778516769409,846.4905395507812,738.7521362304688,947.7128295898438,765.7836303710938,101.2222900390625,27.031494140625,2736.189697265625,0.0013195358915254474
17274,345.48,petronas,9,0.48127543926239014,365.20379638671875,736.79736328125,454.2028503417969,761.8681030273438,88.99905395507812,25.07073974609375,2231.272216796875,0.001076037879101932
17280,345.6,petronas,9,0.8455652594566345,891.8877563476562,771.8823852539062,998.95556640625,801.8307495117188,107.06781005859375,29.9483642578125,3206.505859375,0.0015463473973795772
17280,345.6,petronas,9,0.8118731379508972,450.20147705078125,446.532470703125,837.3853149414062,482.139892578125,387.183837890625,35.607421875,13786.6181640625,0.006648639217019081
17286,345.72,petronas,9,0.8419086933135986,527.3541259765625,428.7641296386719,942.3617553710938,471.65582275390625,415.00762939453125,42.891693115234375,17800.37890625,0.008584287948906422
17286,345.72,petronas,9,0.7716346979141235,1000.410888671875,811.66357421875,1118.59521484375,844.2990112304688,118.184326171875,32.63543701171875,3856.9970703125,0.001860048738308251
17292,345.84,petronas,9,0.824133038520813,622.9447631835938,467.33184814453125,1072.7042236328125,526.4855346679688,449.75946044921875,59.1536865234375,26604.9296875,0.012830309569835663
17292,345.84,petronas,9,0.8116051554679871,450.4992370605469,888.31103515625,577.5913696289062,919.6863403320312,127.09213256835938,31.37530517578125,3987.554443359375,0.0019230104517191648
17292,345.84,petronas,9,0.7833070755004883,1066.621826171875,909.7606811523438,1193.99755859375,949.0400390625,127.375732421875,39.27935791015625,5003.23681640625,0.0024128262884914875
17292,345.84,petronas,9,0.5813766717910767,446.22857666015625,590.3873901367188,531.2535400390625,606.47998046875,85.02496337890625,16.09259033203125,1368.2718505859375,0.0006598533364012837
17298,345.96,petronas,9,0.8796588778495789,624.6213989257812,521.9164428710938,1133.2972412109375,586.776123046875,508.67584228515625,64.85968017578125,32992.55078125,0.015910759568214417
17304,346.08,petronas,9,0.927833616733551,476.96661376953125,698.4503784179688,1072.4393310546875,776.7176513671875,595.4727172851562,78.26727294921875,46606.02734375,0.022475900128483772
17310,346.2,atlasian,1,0.7317699193954468,973.4882202148438,361.1800842285156,1202.0496826171875,384.4964599609375,228.56146240234375,23.316375732421875,5329.22509765625,0.002570035168901086
17316,346.32,atlasian,1,0.5853740572929382,923.7177124023438,378.22857666015625,1139.43896484375,398.2219543457031,215.72125244140625,19.993377685546875,4312.99658203125,0.0020799560006707907
17322,346.44,atlasian,1,0.5743833184242249,901.6971435546875,385.4990539550781,1104.8680419921875,402.6688232421875,203.1708984375,17.169769287109375,3488.3974609375,0.0016822904581204057
17328,346.56,atlasian,1,0.8457425236701965,928.1295776367188,379.1912841796875,1117.379638671875,397.5254821777344,189.25006103515625,18.334197998046875,3469.748046875,0.001673296676017344
17334,346.68,atlasian,1,0.8448720574378967,977.6228637695312,378.6674499511719,1156.8741455078125,395.6144714355469,179.25128173828125,16.947021484375,3037.775390625,0.0014649765798822045
17340,346.8,atlasian,1,0.8798374533653259,1028.6361083984375,380.01171875,1192.9464111328125,402.135498046875,164.310302734375,22.123779296875,3635.164794921875,0.0017530694603919983
17346,346.92,atlasian,1,0.6207734942436218,1156.64453125,407.0083923339844,1256.3509521484375,426.7308044433594,99.7064208984375,19.722412109375,1966.451171875,0.0009483271278440952
17352,347.04,atlasian,1,0.5284648537635803,1149.1180419921875,406.71905517578125,1276.3896484375,429.1764831542969,127.2716064453125,22.457427978515625,2858.19287109375,0.001378372311592102
17358,347.16,atlasian,1,0.8080326318740845,1201.6436767578125,376.66552734375,1415.2952880859375,409.0784606933594,213.651611328125,32.412933349609375,6925.0751953125,0.0033396389335393906
17364,347.28,moneygram,6,0.5857986807823181,1261.9730224609375,672.9874267578125,1368.9434814453125,734.3676147460938,106.970458984375,61.38018798828125,6565.86669921875,0.0031664094422012568
17418,348.36,petronas,9,0.7879013419151306,1094.772705078125,560.6683349609375,1260.215087890625,601.0059814453125,165.4423828125,40.337646484375,6673.55615234375,0.0032183430157601833
17418,348.36,petronas,9,0.5136911273002625,1001.3870849609375,40.46900939941406,1257.1318359375,106.08161163330078,255.7447509765625,65.61260223388672,16780.078125,0.008092244155704975
17424,348.48,petronas,9,0.6111014485359192,1104.2396240234375,50.55243682861328,1721.6082763671875,131.2371826171875,617.36865234375,80.68474578857422,49812.234375,0.02402210421860218
17430,348.6,petronas,9,0.8984462022781372,1256.5650634765625,61.585914611816406,1923.03515625,152.27537536621094,666.4700927734375,90.68946075439453,60441.8125,0.029148250818252563
17436,348.72,petronas,9,0.8556928038597107,1274.141357421875,53.286216735839844,1924.2958984375,151.69175720214844,650.154541015625,98.4055404663086,63978.80859375,0.03085397742688656
17436,348.72,petronas,9,0.5345211625099182,615.1649169921875,824.1365966796875,823.7091064453125,874.7512817382812,208.544189453125,50.61468505859375,10555.3984375,0.005090373568236828
17442,348.84,kick,5,0.7205551266670227,1434.09228515625,25.616413116455078,1923.26025390625,133.2088623046875,489.16796875,107.59245300292969,52630.78125,0.025381356477737427
17442,348.84,aramco,0,0.5346105694770813,1378.6058349609375,939.7188720703125,1646.4786376953125,1011.604248046875,267.872802734375,71.8853759765625,19256.13671875,0.00928633101284504
17448,348.96,petronas,9,0.530877411365509,1431.43115234375,402.9012451171875,1577.50537109375,427.3879699707031,146.07421875,24.486724853515625,3576.879150390625,0.0017249609809368849
17448,348.96,petronas,9,0.5296949744224548,712.93994140625,54.71770095825195,1629.18359375,162.23960876464844,916.24365234375,107.52191162109375,98516.265625,0.047509774565696716
17454,349.08,petronas,9,0.7675573229789734,348.231689453125,56.167816162109375,1121.15576171875,160.1339874267578,772.924072265625,103.96617126464844,80357.953125,0.03875287249684334
17460,349.2,petronas,9,0.6774086952209473,1379.4095458984375,911.669921875,1611.25341796875,967.8255615234375,231.8438720703125,56.1556396484375,13019.3408203125,0.006278617307543755
17466,349.32,petronas,9,0.536192774772644,415.97515869140625,121.3592300415039,999.1708374023438,205.02696228027344,583.1956787109375,83.66773223876953,48794.66015625,0.02353137545287609
17472,349.44,petronas,9,0.9045341610908508,594.0715942382812,274.2232666015625,1039.776611328125,336.0111083984375,445.70501708984375,61.787841796875,27539.150390625,0.013280840590596199
17478,349.56,petronas,9,0.943935215473175,834.4652099609375,379.50067138671875,1219.25732421875,432.66473388671875,384.7921142578125,53.1640625,20457.111328125,0.009865504689514637
17484,349.68,petronas,9,0.9050796627998352,1254.025634765625,454.10101318359375,1643.2900390625,520.1030883789062,389.264404296875,66.0020751953125,25692.2578125,0.012390170246362686
17484,349.68,atlasian,1,0.46815624833106995,683.619384765625,211.97103881835938,786.7734985351562,225.01214599609375,103.15411376953125,13.041107177734375,1345.243896484375,0.0006487480131909251
17496,349.92,atlasian,1,0.5665299892425537,664.3640747070312,247.15786743164062,779.3071899414062,258.5329895019531,114.943115234375,11.3751220703125,1307.491943359375,0.0006305420538410544
17502,350.04,atlasian,1,0.5267509818077087,594.8728637695312,256.6309509277344,747.4317626953125,272.1671142578125,152.55889892578125,15.536163330078125,2370.179931640625,0.0011430266313254833
17514,350.28,atlasian,1,0.8427416086196899,638.7238159179688,290.0478210449219,809.4190673828125,316.5562438964844,170.69525146484375,26.5084228515625,4524.86181640625,0.002182128606364131
17520,350.4,atlasian,1,0.7599833607673645,759.1629638671875,339.4909973144531,999.701416015625,373.01788330078125,240.5384521484375,33.526885986328125,8064.50537109375,0.003889132523909211
17526,350.52,petronas,9,0.43391939997673035,1126.237548828125,431.46417236328125,1230.7520751953125,443.0934753417969,104.5145263671875,11.629302978515625,1215.43115234375,0.0005861454410478473
17526,350.52,aramco,0,0.4073617458343506,1126.237548828125,431.46417236328125,1230.7520751953125,443.0934753417969,104.5145263671875,11.629302978515625,1215.43115234375,0.0005861454410478473
17532,350.64,petronas,9,0.6868826746940613,1114.571044921875,431.7823486328125,1226.59326171875,443.27276611328125,112.022216796875,11.49041748046875,1287.1820068359375,0.0006207475089468062
17538,350.76,petronas,9,0.847312331199646,1111.0223388671875,427.6509094238281,1230.3953857421875,439.28173828125,119.373046875,11.630828857421875,1388.407470703125,0.000669563771225512
17544,350.88,petronas,9,0.7211405038833618,1132.869384765625,423.925537109375,1243.4278564453125,436.9460144042969,110.5584716796875,13.020477294921875,1439.5240478515625,0.0006942148902453482
17550,351.0,petronas,9,0.4716542065143585,1200.0545654296875,394.74462890625,1277.147705078125,404.8377380371094,77.0931396484375,10.093109130859375,778.1094970703125,0.00037524569779634476
17550,351.0,petronas,9,0.40583476424217224,1145.642333984375,412.7355041503906,1261.6654052734375,425.520751953125,116.0230712890625,12.785247802734375,1483.3836669921875,0.0007153663318604231
17556,351.12,petronas,9,0.5960378050804138,1151.939208984375,408.66064453125,1271.063232421875,419.0060729980469,119.1240234375,10.345428466796875,1232.3890380859375,0.0005943234427832067
17562,351.24,petronas,9,0.7492395639419556,1160.2972412109375,402.9844055175781,1284.8558349609375,415.08294677734375,124.55859375,12.098541259765625,1506.977294921875,0.0007267444743774831
17568,351.36,petronas,9,0.8333216905593872,1175.28173828125,393.05780029296875,1300.4383544921875,406.2643737792969,125.1566162109375,13.206573486328125,1652.8900146484375,0.0007971113082021475
17568,351.36,petronas,9,0.6059169769287109,1179.3682861328125,497.844970703125,1223.5758056640625,506.3053894042969,44.20751953125,8.460418701171875,374.0141296386719,0.00018036946130450815
17574,351.48,petronas,9,0.8165042400360107,1191.1640625,385.0423889160156,1313.071044921875,397.306884765625,121.906982421875,12.264495849609375,1495.127685546875,0.0007210299372673035
17580,351.6,petronas,9,0.7368382215499878,1199.791748046875,381.41973876953125,1316.512939453125,392.6604919433594,116.72119140625,11.240753173828125,1312.0340576171875,0.0006327324663288891
17586,351.72,petronas,9,0.7437878847122192,1206.1248779296875,385.7244567871094,1329.890625,397.30499267578125,123.7657470703125,11.580535888671875,1433.273681640625,0.0006912006647326052
17586,351.72,petronas,9,0.6631366610527039,714.8416748046875,366.5492248535156,823.1664428710938,375.3808288574219,108.32476806640625,8.83160400390625,956.6814575195312,0.0004613625933416188
17592,351.84,petronas,9,0.5158707499504089,1200.3170166015625,392.16729736328125,1277.0189208984375,402.2386474609375,76.701904296875,10.07135009765625,772.4917602539062,0.00037253653863444924
17598,351.96,petronas,9,0.8076208829879761,1179.5909423828125,385.92657470703125,1302.5277099609375,397.0110168457031,122.936767578125,11.084442138671875,1362.685546875,0.0006571593112312257
17598,351.96,petronas,9,0.4914826452732086,622.1770629882812,374.5640563964844,734.7594604492188,383.8208312988281,112.5823974609375,9.25677490234375,1042.14990234375,0.0005025800201110542
17604,352.08,petronas,9,0.8288289308547974,1150.119873046875,382.7619934082031,1256.9951171875,394.0889892578125,106.875244140625,11.326995849609375,1210.575439453125,0.0005838037468492985
17610,352.2,atlasian,1,0.8520273566246033,560.6611328125,370.3537292480469,682.686279296875,380.3989562988281,122.025146484375,10.04522705078125,1225.770263671875,0.0005911315092816949
17610,352.2,petronas,9,0.8179514408111572,1083.6295166015625,375.3278503417969,1191.4205322265625,385.4404602050781,107.791015625,10.11260986328125,1090.0484619140625,0.0005256792064756155
17616,352.32,petronas,9,0.7508786916732788,994.3592529296875,377.4930114746094,1073.6865234375,386.4234313964844,79.3272705078125,8.930419921875,708.4258422851562,0.0003416405525058508
17616,352.32,atlasian,1,0.49373263120651245,543.6480712890625,383.9255065917969,605.7644653320312,392.52362060546875,62.11639404296875,8.598114013671875,534.0838623046875,0.00025756360264495015
17622,352.44,petronas,9,0.7214053273200989,842.62890625,369.2191162109375,922.6149291992188,377.3601989746094,79.98602294921875,8.141082763671875,651.1728515625,0.00031403012690134346
17622,352.44,atlasian,1,0.49352574348449707,496.7089538574219,383.07611083984375,573.1640625,393.4200744628906,76.45510864257812,10.343963623046875,790.848876953125,0.00038138931267894804
17628,352.56,petronas,9,0.6536461114883423,661.5625610351562,355.87152099609375,732.2158813476562,363.6977233886719,70.6533203125,7.826202392578125,552.9472045898438,0.00026666049961932003
17634,352.68,atlasian,1,0.44238653779029846,513.2301025390625,450.1733093261719,596.2805786132812,468.72711181640625,83.05047607421875,18.553802490234375,1540.902099609375,0.0007431047852151096
17640,352.8,atlasian,1,0.8593094348907471,466.13006591796875,501.7694396972656,651.895263671875,536.5382080078125,185.76519775390625,34.768768310546875,6458.8271484375,0.0031147892586886883
17646,352.92,atlasian,1,0.5839242339134216,558.4217529296875,522.6298217773438,858.6112060546875,563.3868408203125,300.189453125,40.75701904296875,12234.8271484375,0.005900283344089985
17652,353.04,atlasian,1,0.7612559199333191,801.6412963867188,473.41473388671875,931.1536254882812,504.75128173828125,129.5123291015625,31.3365478515625,4058.46923828125,0.001957209315150976
17676,353.52,petronas,9,0.4807412624359131,464.6574401855469,626.7892456054688,543.685791015625,662.4249877929688,79.02835083007812,35.6357421875,2816.23388671875,0.0013581374660134315
17688,353.76,petronas,9,0.649633526802063,924.128662109375,528.7632446289062,975.0384521484375,535.9096069335938,50.9097900390625,7.1463623046875,363.8197937011719,0.00017545321315992624
17700,354.0,petronas,9,0.5043541193008423,957.5428466796875,532.3472290039062,999.4898071289062,537.41162109375,41.94696044921875,5.06439208984375,212.43585205078125,0.00010244784789392725
17724,354.48,oracle,8,0.5926158428192139,990.2503051757812,534.935546875,1038.9322509765625,543.1287231445312,48.68194580078125,8.19317626953125,398.8597717285156,0.00019235136278439313
17730,354.6,oracle,8,0.9091640710830688,818.1107177734375,689.2745971679688,1117.403076171875,723.0932006835938,299.2923583984375,33.818603515625,10121.6494140625,0.004881196655333042
17736,354.72,oracle,8,0.8593271374702454,1077.347900390625,645.6224975585938,1268.28369140625,670.4157104492188,190.935791015625,24.793212890625,4733.91162109375,0.0022829435765743256
17736,354.72,okx,7,0.46353983879089355,611.0361328125,672.848876953125,660.42138671875,706.7438354492188,49.38525390625,33.89495849609375,1673.9111328125,0.0008072488126344979
17742,354.84,oracle,8,0.8230644464492798,1189.18310546875,618.79931640625,1339.1158447265625,639.71142578125,149.9327392578125,20.912109375,3135.409912109375,0.0015120611060410738
17742,354.84,oracle,8,0.7692130208015442,596.927978515625,615.7900390625,733.2910766601562,629.5458984375,136.36309814453125,13.755859375,1875.7916259765625,0.0009046063059940934
17748,354.96,oracle,8,0.6960193514823914,735.6595458984375,599.6260375976562,832.9640502929688,610.2969970703125,97.30450439453125,10.67095947265625,1038.3323974609375,0.000500739028211683
17748,354.96,oracle,8,0.4931224286556244,1232.356689453125,603.6193237304688,1368.857666015625,620.4308471679688,136.5009765625,16.8115234375,2294.789306640625,0.001106669194996357
17754,355.08,oracle,8,0.6173794865608215,823.05908203125,588.274169921875,897.8619995117188,598.6727294921875,74.80291748046875,10.3985595703125,777.8425903320312,0.0003751170006580651
17754,355.08,oracle,8,0.5380611419677734,1245.5133056640625,596.118408203125,1351.5863037109375,608.8990478515625,106.072998046875,12.7806396484375,1355.6807861328125,0.0006537812296301126
17760,355.2,oracle,8,0.7471905946731567,867.6406860351562,582.5043334960938,950.8107299804688,594.2941284179688,83.1700439453125,11.789794921875,980.5577392578125,0.00047287699999287724
17760,355.2,oracle,8,0.7248845100402832,1229.6934814453125,592.5396728515625,1328.3143310546875,605.029541015625,98.620849609375,12.4898681640625,1231.7613525390625,0.0005940207047387958
17766,355.32,oracle,8,0.6043984293937683,1210.7208251953125,587.6286010742188,1304.09521484375,600.0684814453125,93.3743896484375,12.43988037109375,1161.5662841796875,0.0005601689335890114
17766,355.32,oracle,8,0.5166402459144592,899.2651977539062,581.20556640625,975.4823608398438,590.8826293945312,76.2171630859375,9.67706298828125,737.5582885742188,0.0003556897572707385
17772,355.44,oracle,8,0.6300125122070312,1185.3797607421875,584.9179077148438,1268.8154296875,597.3745727539062,83.4356689453125,12.4566650390625,1039.3302001953125,0.0005012201727367938
17778,355.56,aramco,0,0.7148679494857788,598.4788208007812,732.1651000976562,654.8826293945312,772.3074951171875,56.40380859375,40.14239501953125,2264.18408203125,0.0010919097112491727
17904,358.08,oracle,8,0.5821624398231506,1158.111328125,568.5308227539062,1257.0584716796875,580.0046997070312,98.9471435546875,11.473876953125,1135.307373046875,0.0005475055077113211
17940,358.8,oracle,8,0.7672694325447083,973.9603271484375,681.239990234375,1084.2822265625,714.9224243164062,110.3218994140625,33.68243408203125,3715.91015625,0.0017920091049745679
17946,358.92,oracle,8,0.8975036144256592,675.9871215820312,704.0046997070312,836.068115234375,741.2749633789062,160.08099365234375,37.270263671875,5966.2607421875,0.00287724775262177
17946,358.92,okx,7,0.4890795350074768,1010.4686889648438,532.7012329101562,1037.292724609375,538.7944946289062,26.82403564453125,6.09326171875,163.4458770751953,7.882227509981021e-05
17958,359.16,okx,7,0.4341767430305481,1050.5543212890625,529.1494750976562,1086.1805419921875,538.1997680664062,35.626220703125,9.05029296875,322.427734375,0.0001554917689645663
17964,359.28,okx,7,0.5104624629020691,1057.182861328125,525.98486328125,1092.7337646484375,532.9559936523438,35.5509033203125,6.97113037109375,247.82998657226562,0.00011951677879551426
17970,359.4,okx,7,0.5451185703277588,1020.5908813476562,522.8148803710938,1058.266845703125,530.3306884765625,37.67596435546875,7.51580810546875,283.1653137207031,0.00013655734073836356
17982,359.64,okx,7,0.5907331109046936,1074.8424072265625,511.9068298339844,1121.671875,520.2247314453125,46.8294677734375,8.317901611328125,389.5229187011719,0.00018784863641485572
17988,359.76,okx,7,0.6692415475845337,1094.6856689453125,511.3089904785156,1145.1053466796875,523.2115478515625,50.419677734375,11.902557373046875,600.1231079101562,0.0002894112258218229
17994,359.88,okx,7,0.9482658505439758,709.083740234375,683.49609375,979.9583740234375,759.3921508789062,270.8746337890625,75.89605712890625,20558.31640625,0.009914311580359936
17994,359.88,okx,7,0.8550834655761719,1111.77001953125,688.9130249023438,1384.3138427734375,764.642822265625,272.5438232421875,75.72979736328125,20639.689453125,0.009953553788363934
18000,360.0,okx,7,0.9495638012886047,709.4039306640625,680.19775390625,977.9525756835938,756.882080078125,268.54864501953125,76.684326171875,20593.47265625,0.009931265376508236
18000,360.0,okx,7,0.8977944254875183,1112.8314208984375,686.3848266601562,1385.3792724609375,762.1090087890625,272.5478515625,75.72418212890625,20638.462890625,0.009952962398529053
18006,360.12,okx,7,0.9530298709869385,711.0420532226562,677.4915161132812,978.4261474609375,752.9334716796875,267.38409423828125,75.44195556640625,20171.978515625,0.00972799863666296
18006,360.12,okx,7,0.8732496500015259,1117.3226318359375,682.0160522460938,1384.5103759765625,756.5230712890625,267.187744140625,74.50701904296875,19907.36328125,0.009600386954843998
18012,360.24,okx,7,0.9499954581260681,713.6078491210938,682.4944458007812,983.8778686523438,759.7467041015625,270.27001953125,77.25225830078125,20878.96875,0.010068947449326515
18012,360.24,okx,7,0.9339005947113037,1117.244384765625,688.3705444335938,1386.2823486328125,762.6710205078125,269.0379638671875,74.30047607421875,19989.6484375,0.009640069678425789
18018,360.36,okx,7,0.9448646903038025,715.1185302734375,684.735107421875,979.9725952148438,759.2742919921875,264.85406494140625,74.5391845703125,19742.005859375,0.009520643390715122
18018,360.36,okx,7,0.9058974981307983,1119.461181640625,687.7431640625,1386.978271484375,761.8624877929688,267.51708984375,74.11932373046875,19828.185546875,0.009562203660607338
18024,360.48,okx,7,0.9353757500648499,714.8180541992188,671.9400024414062,982.0325317382812,744.0956420898438,267.2144775390625,72.1556396484375,19281.03125,0.009298336692154408
18024,360.48,okx,7,0.8810700178146362,1119.2396240234375,674.9173583984375,1385.228271484375,745.7064208984375,265.9886474609375,70.7890625,18829.087890625,0.00908038578927517
18030,360.6,okx,7,0.935468316078186,719.2511596679688,673.0118408203125,984.4681396484375,743.9784545898438,265.21697998046875,70.96661376953125,18821.55078125,0.009076750837266445
18030,360.6,okx,7,0.8250278830528259,1124.489990234375,675.541748046875,1388.5118408203125,745.7554931640625,264.0218505859375,70.2137451171875,18537.962890625,0.00893998984247446
18036,360.72,okx,7,0.9315380454063416,721.4415893554688,667.0997924804688,989.1985473632812,741.6212158203125,267.7569580078125,74.52142333984375,19953.62890625,0.009622699581086636
18036,360.72,okx,7,0.8712931275367737,1131.4615478515625,668.1809692382812,1392.828857421875,743.479248046875,261.3673095703125,75.29827880859375,19680.5078125,0.009490985423326492
18042,360.84,okx,7,0.9261181950569153,725.0275268554688,673.0709228515625,989.1571655273438,743.6407470703125,264.129638671875,70.56982421875,18639.58203125,0.008988996036350727
18042,360.84,okx,7,0.8191367387771606,1131.8599853515625,676.0671997070312,1393.2896728515625,749.5791015625,261.4296875,73.51190185546875,19218.193359375,0.009268033318221569
18048,360.96,okx,7,0.9246249198913574,728.4794921875,675.6610107421875,987.0401000976562,748.2924194335938,258.56060791015625,72.63140869140625,18779.62109375,0.009056529961526394
18048,360.96,okx,7,0.8321458697319031,1134.56201171875,679.0994262695312,1394.11328125,752.3107299804688,259.55126953125,73.2113037109375,19002.0859375,0.009163814596831799
18054,361.08,okx,7,0.906719982624054,731.3350219726562,675.6502075195312,994.8950805664062,749.166015625,263.56005859375,73.51580810546875,19375.830078125,0.009344053454697132
18054,361.08,okx,7,0.8400490283966064,1136.43115234375,679.3800659179688,1398.1788330078125,753.6517333984375,261.7476806640625,74.27166748046875,19440.4375,0.009375210851430893
18060,361.2,okx,7,0.9166442155838013,731.5260620117188,675.7940063476562,1006.3485717773438,753.120361328125,274.822509765625,77.32635498046875,21251.0234375,0.01024837139993906
18060,361.2,okx,7,0.8721312284469604,1137.8804931640625,681.13916015625,1399.542724609375,756.4423828125,261.6622314453125,75.30322265625,19704.009765625,0.009502319619059563
18066,361.32,okx,7,0.9301186203956604,731.4202880859375,676.0942993164062,1000.92919921875,755.390625,269.5089111328125,79.29632568359375,21371.06640625,0.010306262411177158
18066,361.32,okx,7,0.8447345495223999,1138.669189453125,680.8976440429688,1401.813720703125,758.7078857421875,263.14453125,77.81024169921875,20475.33984375,0.009874295443296432
18072,361.44,okx,7,0.9354231357574463,731.6060180664062,675.5407104492188,1001.1715087890625,756.3505249023438,269.56549072265625,80.809814453125,21783.537109375,0.01050517801195383
18072,361.44,okx,7,0.9180849194526672,1138.412109375,681.7561645507812,1402.5841064453125,759.4286499023438,264.1719970703125,77.6724853515625,20518.896484375,0.009895301423966885
18078,361.56,okx,7,0.9372595548629761,732.2778930664062,674.9734497070312,1003.2822265625,754.5435180664062,271.00433349609375,79.570068359375,21563.833984375,0.010399225167930126
18078,361.56,okx,7,0.8985303044319153,1140.7349853515625,679.6600952148438,1401.0950927734375,756.73779296875,260.360107421875,77.07769775390625,20067.95703125,0.009677833877503872
18084,361.68,okx,7,0.9358842968940735,731.9239501953125,674.0775756835938,1000.6876220703125,752.7464599609375,268.763671875,78.66888427734375,21143.337890625,0.010196439921855927
18084,361.68,okx,7,0.8736927509307861,1140.257568359375,679.073486328125,1401.5225830078125,755.560546875,261.2650146484375,76.487060546875,19983.392578125,0.00963705312460661
18084,361.68,okx,7,0.6218767166137695,1099.5078125,586.2911987304688,1349.2064208984375,637.7408447265625,249.6986083984375,51.44964599609375,12846.9052734375,0.0061954595148563385
18090,361.8,okx,7,0.9347684383392334,734.2586669921875,675.1697387695312,1005.2015380859375,754.2500610351562,270.94287109375,79.080322265625,21426.25,0.010332874953746796
18090,361.8,okx,7,0.9108830690383911,1142.197265625,678.8743896484375,1408.5262451171875,756.9144897460938,266.3289794921875,78.04010009765625,20784.33984375,0.010023311711847782
18090,361.8,okx,7,0.48220157623291016,1293.757080078125,592.1377563476562,1588.7083740234375,643.0597534179688,294.9512939453125,50.9219970703125,15019.5087890625,0.0072432043962180614
18096,361.92,okx,7,0.9422321319580078,732.318115234375,676.3309936523438,1008.2179565429688,757.056396484375,275.89984130859375,80.72540283203125,22272.125,0.010740800760686398
18096,361.92,okx,7,0.9167020916938782,1142.4735107421875,681.4188232421875,1407.07763671875,761.122802734375,264.6041259765625,79.7039794921875,21090.001953125,0.010170718654990196
18102,362.04,okx,7,0.9371776580810547,733.6170654296875,683.3971557617188,1004.3894653320312,762.264404296875,270.77239990234375,78.86724853515625,21355.07421875,0.010298550128936768
18102,362.04,okx,7,0.8541582822799683,1144.54248046875,687.1826171875,1407.9373779296875,765.827880859375,263.3948974609375,78.645263671875,20714.76171875,0.009989758022129536
18108,362.16,okx,7,0.9362635612487793,732.2239990234375,685.0296630859375,1003.1480102539062,764.110107421875,270.92401123046875,79.0804443359375,21424.791015625,0.010332171805202961
18108,362.16,okx,7,0.8803330063819885,1144.5052490234375,690.401611328125,1405.720703125,768.5074462890625,261.2154541015625,78.1058349609375,20402.451171875,0.009839145466685295
18114,362.28,okx,7,0.937360405921936,726.61572265625,685.2587890625,995.2155151367188,760.826416015625,268.59979248046875,75.567626953125,20297.44921875,0.009788507595658302
18114,362.28,okx,7,0.9044352769851685,1141.8634033203125,689.8001098632812,1398.832763671875,765.0757446289062,256.9693603515625,75.275634765625,19343.53125,0.009328478015959263
18120,362.4,okx,7,0.9371217489242554,725.93408203125,687.5341186523438,991.571533203125,762.9637451171875,265.637451171875,75.42962646484375,20036.93359375,0.009662873111665249
18120,362.4,okx,7,0.881028413772583,1139.24609375,691.9835815429688,1396.97021484375,766.88330078125,257.72412109375,74.89971923828125,19303.46484375,0.009309155866503716
18126,362.52,okx,7,0.9460154175758362,724.0709228515625,692.18359375,990.9548950195312,764.3975219726562,266.88397216796875,72.21392822265625,19272.740234375,0.009294338524341583
18126,362.52,okx,7,0.9176700115203857,1133.341552734375,695.8140258789062,1393.3392333984375,768.6785278320312,259.9976806640625,72.864501953125,18944.6015625,0.009136092849075794
18132,362.64,okx,7,0.9504562616348267,719.32568359375,689.1074829101562,987.936279296875,762.4239501953125,268.610595703125,73.31646728515625,19693.580078125,0.009497289545834064
18132,362.64,okx,7,0.9024898409843445,1126.3516845703125,692.4155883789062,1389.7337646484375,765.1821899414062,263.382080078125,72.7666015625,19165.41796875,0.009242582134902477
18138,362.76,okx,7,0.9469978213310242,716.5906372070312,691.0941162109375,983.205078125,764.1439208984375,266.61444091796875,73.0498046875,19476.1328125,0.009392425417900085
18138,362.76,okx,7,0.8508970141410828,1124.162353515625,694.5026245117188,1385.6390380859375,766.387451171875,261.4766845703125,71.88482666015625,18796.20703125,0.009064529091119766
18144,362.88,okx,7,0.9389761090278625,717.3888549804688,696.4990234375,981.4334106445312,765.4324951171875,264.0445556640625,68.9334716796875,18201.5078125,0.008777732960879803
18144,362.88,okx,7,0.8000562191009521,1124.7464599609375,695.2467041015625,1385.3897705078125,767.5157470703125,260.643310546875,72.26904296875,18836.443359375,0.00908393319696188
18150,363.0,okx,7,0.9398754239082336,718.0587158203125,696.263916015625,985.660400390625,764.8130493164062,267.6016845703125,68.54913330078125,18343.86328125,0.008846384473145008
18150,363.0,okx,7,0.8026924133300781,1125.0814208984375,696.4539184570312,1387.227783203125,767.1448974609375,262.1463623046875,70.69097900390625,18531.3828125,0.008936816826462746
18156,363.12,okx,7,0.9310244917869568,716.183349609375,708.9303588867188,979.522705078125,769.0664672851562,263.33935546875,60.1361083984375,15836.2041015625,0.007637058384716511
18156,363.12,okx,7,0.842779815196991,1122.073486328125,701.241943359375,1382.4462890625,772.8240966796875,260.372802734375,71.5821533203125,18638.044921875,0.008988254703581333
18162,363.24,okx,7,0.9352126717567444,714.8997192382812,719.1016845703125,978.5108032226562,776.77978515625,263.611083984375,57.6781005859375,15204.5869140625,0.007332459092140198
18162,363.24,okx,7,0.8145674467086792,1121.0933837890625,710.8701782226562,1382.31640625,779.2071533203125,261.2230224609375,68.33697509765625,17851.19140625,0.00860879197716713
18168,363.36,okx,7,0.9302166104316711,714.82861328125,715.2967529296875,982.2041625976562,767.104248046875,267.37554931640625,51.8074951171875,13852.0576171875,0.006680197548121214
18168,363.36,okx,7,0.9020056128501892,1119.607666015625,702.2299194335938,1379.320068359375,770.4708251953125,259.71240234375,68.24090576171875,17723.009765625,0.008546976372599602
18174,363.48,okx,7,0.9347272515296936,1118.3548583984375,698.9415893554688,1383.7696533203125,768.1727294921875,265.414794921875,69.23114013671875,18374.96875,0.00886138528585434
18174,363.48,okx,7,0.9340965151786804,715.126953125,713.0300903320312,985.433349609375,765.5553588867188,270.306396484375,52.5252685546875,14197.916015625,0.006846989039331675
18180,363.6,okx,7,0.9297346472740173,714.4534912109375,699.4390869140625,982.4078979492188,773.5292358398438,267.95440673828125,74.09014892578125,19852.78125,0.00957406498491764
18180,363.6,okx,7,0.865426778793335,1122.68896484375,703.1978149414062,1383.694091796875,776.05029296875,261.005126953125,72.85247802734375,19014.87109375,0.009169979952275753
18186,363.72,okx,7,0.9064236283302307,715.4082641601562,722.2064819335938,977.885986328125,768.3267822265625,262.47772216796875,46.12030029296875,12105.5517578125,0.00583793967962265
18186,363.72,okx,7,0.7751922607421875,1123.772705078125,707.639892578125,1381.522705078125,770.9181518554688,257.75,63.27825927734375,16309.9716796875,0.007865534164011478
18192,363.84,okx,7,0.9293490052223206,716.9633178710938,702.436279296875,978.4905395507812,764.6876831054688,261.5272216796875,62.25140380859375,16280.4365234375,0.00785129051655531
18192,363.84,okx,7,0.701314389705658,1119.7440185546875,697.121826171875,1379.6600341796875,766.1668090820312,259.916015625,69.04498291015625,17945.896484375,0.008654464036226273
18198,363.96,okx,7,0.9216198921203613,717.4671630859375,701.3377075195312,980.0878295898438,761.8410034179688,262.62066650390625,60.5032958984375,15889.416015625,0.007662720046937466
18198,363.96,okx,7,0.45494672656059265,1121.7955322265625,693.7266845703125,1376.5714111328125,763.3696899414062,254.77587890625,69.64300537109375,17743.357421875,0.00855678878724575
18204,364.08,okx,7,0.9363082051277161,715.5994873046875,722.671142578125,978.8439331054688,778.5929565429688,263.24444580078125,55.92181396484375,14721.1064453125,0.0070992992259562016
18204,364.08,okx,7,0.8068247437477112,1121.61083984375,712.2422485351562,1380.5633544921875,780.3349609375,258.9525146484375,68.09271240234375,17632.779296875,0.008503462187945843
18210,364.2,okx,7,0.9399260878562927,715.2958984375,698.2900390625,980.425048828125,765.0216674804688,265.129150390625,66.73162841796875,17692.5,0.008532262407243252
18210,364.2,okx,7,0.7984551191329956,1119.48388671875,701.9613037109375,1377.305908203125,766.1948852539062,257.822021484375,64.23358154296875,16560.83203125,0.007986512035131454
18216,364.32,okx,7,0.9382103085517883,714.446533203125,685.3659057617188,977.8634033203125,758.30224609375,263.4168701171875,72.93634033203125,19212.662109375,0.00926536601036787
18216,364.32,okx,7,0.6162369251251221,1122.0338134765625,691.92724609375,1379.1134033203125,761.0233154296875,257.07958984375,69.0960693359375,17763.189453125,0.008566352538764477
18222,364.44,okx,7,0.924406886100769,719.10888671875,711.5453491210938,983.9160766601562,772.1552124023438,264.80718994140625,60.60986328125,16049.927734375,0.0077401273883879185
18222,364.44,okx,7,0.7074360847473145,1128.4837646484375,713.8432006835938,1384.0440673828125,775.8601684570312,255.560302734375,62.0169677734375,15849.0751953125,0.007643265649676323
18228,364.56,okx,7,0.9464672207832336,719.3573608398438,695.717529296875,990.4390869140625,768.2134399414062,271.08172607421875,72.49591064453125,19652.31640625,0.009477389976382256
18228,364.56,okx,7,0.8825632333755493,1127.5999755859375,709.7348022460938,1388.6942138671875,773.584716796875,261.09423828125,63.84991455078125,16670.845703125,0.008039566688239574
18234,364.68,okx,7,0.9407315850257874,722.636962890625,696.4583740234375,992.4521484375,765.5282592773438,269.815185546875,69.06988525390625,18636.103515625,0.008987318724393845
18234,364.68,okx,7,0.8959890604019165,1130.653564453125,700.1136474609375,1394.059326171875,768.8950805664062,263.40576171875,68.78143310546875,18117.42578125,0.00873718410730362
18240,364.8,okx,7,0.9340919256210327,726.93408203125,689.51416015625,996.3510131835938,764.1500854492188,269.41693115234375,74.63592529296875,20108.181640625,0.009697232395410538
18240,364.8,okx,7,0.8356843590736389,1134.76220703125,694.7296752929688,1398.66650390625,765.7054443359375,263.904296875,70.97576904296875,18730.810546875,0.009032990783452988
18246,364.92,okx,7,0.9372899532318115,726.925537109375,687.8356323242188,995.8825073242188,763.7647705078125,268.95697021484375,75.92913818359375,20421.671875,0.009848413988947868
18246,364.92,okx,7,0.7945459485054016,1135.82666015625,691.367919921875,1399.70751953125,765.4874267578125,263.880859375,74.1195068359375,19558.71875,0.009432252496480942
18252,365.04,okx,7,0.9225784540176392,726.9972534179688,678.95166015625,995.683837890625,756.2708740234375,268.68658447265625,77.3192138671875,20774.634765625,0.01001863181591034
18252,365.04,okx,7,0.6998529434204102,1137.2183837890625,684.9691772460938,1398.1661376953125,758.6260986328125,260.94775390625,73.65692138671875,19220.607421875,0.009269197471439838
18258,365.16,okx,7,0.9393695592880249,725.9078369140625,678.898193359375,990.9186401367188,755.5435180664062,265.01080322265625,76.64532470703125,20311.83984375,0.009795447811484337
18258,365.16,okx,7,0.7852553725242615,1135.373779296875,683.0831909179688,1397.4156494140625,758.2626342773438,262.0418701171875,75.179443359375,19700.162109375,0.009500464424490929
18264,365.28,okx,7,0.944027841091156,726.6178588867188,683.7489624023438,997.8085327148438,761.0987548828125,271.190673828125,77.34979248046875,20976.54296875,0.010116002522408962
18264,365.28,okx,7,0.8829448223114014,1137.7166748046875,689.8385009765625,1399.760986328125,764.7413940429688,262.0443115234375,74.90289306640625,19627.876953125,0.009465604089200497
18270,365.4,okx,7,0.9420535564422607,728.516357421875,686.5320434570312,998.8777465820312,764.46533203125,270.36138916015625,77.93328857421875,21070.15234375,0.010161145590245724
18270,365.4,okx,7,0.9140809774398804,1139.451171875,689.9819946289062,1400.486328125,767.1895751953125,261.03515625,77.20758056640625,20153.892578125,0.009719276800751686
18276,365.52,okx,7,0.9521631598472595,725.5382080078125,684.5101318359375,996.1064453125,762.474365234375,270.5682373046875,77.9642333984375,21094.64453125,0.010172957554459572
18276,365.52,okx,7,0.9360707402229309,1135.0203857421875,688.5634765625,1395.5709228515625,766.8497924804688,260.550537109375,78.28631591796875,20397.541015625,0.009836777113378048
18282,365.64,okx,7,0.9438448548316956,722.052978515625,680.3171997070312,987.5913696289062,757.724365234375,265.53839111328125,77.40716552734375,20554.57421875,0.009912506677210331
18282,365.64,okx,7,0.8740185499191284,1128.86474609375,683.5264892578125,1388.4161376953125,756.6548461914062,259.5513916015625,73.12835693359375,18980.56640625,0.009153436869382858
18288,365.76,okx,7,0.9474031925201416,726.55517578125,643.950927734375,991.704345703125,723.95654296875,265.149169921875,80.005615234375,21213.421875,0.010230238549411297
18288,365.76,okx,7,0.9065577983856201,1134.2518310546875,654.9364013671875,1393.547119140625,733.1801147460938,259.2952880859375,78.24371337890625,20288.2265625,0.009784059599041939
18294,365.88,okx,7,0.9391569495201111,724.3760375976562,675.8867797851562,983.6818237304688,754.77001953125,259.3057861328125,78.88323974609375,20454.880859375,0.009864429011940956
18294,365.88,okx,7,0.8436962962150574,1124.8990478515625,685.0863037109375,1386.3990478515625,759.1751098632812,261.5,74.08880615234375,19374.22265625,0.009343278594315052
18300,366.0,okx,7,0.9410999417304993,720.6551513671875,700.2748413085938,983.9617309570312,775.208740234375,263.30657958984375,74.93389892578125,19730.587890625,0.009515136480331421
18300,366.0,okx,7,0.9066370725631714,1128.2481689453125,706.5120239257812,1388.2625732421875,778.24169921875,260.014404296875,71.72967529296875,18650.748046875,0.008994380943477154
18306,366.12,okx,7,0.9373887181282043,721.8580932617188,700.3834228515625,986.245849609375,776.6984252929688,264.38775634765625,76.31500244140625,20176.751953125,0.00973030086606741
18306,366.12,okx,7,0.8856489062309265,1130.232177734375,704.7804565429688,1391.69677734375,777.9426879882812,261.464599609375,73.1622314453125,19129.333984375,0.009225180372595787
18312,366.24,okx,7,0.9433276653289795,724.3734130859375,724.9000854492188,992.0264892578125,802.2144165039062,267.653076171875,77.3143310546875,20693.41796875,0.009979465045034885
18312,366.24,okx,7,0.8856005072593689,1133.0771484375,729.1311645507812,1395.910400390625,804.1128540039062,262.833251953125,74.981689453125,19707.681640625,0.009504090063273907
18318,366.36,okx,7,0.9417436718940735,722.4542846679688,735.8547973632812,986.4005126953125,811.9406127929688,263.94622802734375,76.0858154296875,20082.564453125,0.009684878401458263
18318,366.36,okx,7,0.9184713363647461,1128.3992919921875,739.5674438476562,1389.9527587890625,812.6567993164062,261.553466796875,73.08935546875,19116.7734375,0.009219123050570488
18324,366.48,okx,7,0.93882155418396,718.1557006835938,739.33447265625,980.7888793945312,811.6212158203125,262.6331787109375,72.2867431640625,18984.896484375,0.009155524894595146
18324,366.48,okx,7,0.8876026272773743,1122.0645751953125,741.6846923828125,1385.225830078125,812.6468505859375,263.1612548828125,70.962158203125,18674.490234375,0.009005830623209476
18330,366.6,okx,7,0.9472718834877014,716.720703125,714.7299194335938,977.5177001953125,790.7188110351562,260.7969970703125,75.9888916015625,19817.673828125,0.009557134471833706
18330,366.6,okx,7,0.9352215528488159,1113.1224365234375,717.6758422851562,1385.885986328125,793.9794921875,272.7635498046875,76.30364990234375,20812.853515625,0.01003706268966198
18330,366.6,okx,7,0.4368331730365753,882.1748657226562,526.7061157226562,940.8744506835938,538.4896850585938,58.6995849609375,11.7835693359375,691.6906127929688,0.0003335699439048767
18336,366.72,okx,7,0.9430038928985596,700.6292114257812,706.807373046875,964.86279296875,778.903564453125,264.23358154296875,72.09619140625,19050.234375,0.009187034331262112
18336,366.72,okx,7,0.9263279438018799,1107.265380859375,709.5205078125,1372.65234375,780.53076171875,265.386962890625,71.01025390625,18845.1953125,0.009088153950870037
18342,366.84,okx,7,0.9495348930358887,706.5579833984375,686.2376098632812,967.4642944335938,760.0743408203125,260.90631103515625,73.83673095703125,19264.46875,0.009290349669754505
18342,366.84,okx,7,0.9349305033683777,1110.509521484375,690.4141235351562,1375.744873046875,762.7435302734375,265.2353515625,72.32940673828125,19184.31640625,0.009251696057617664
18348,366.96,okx,7,0.9460147619247437,702.87255859375,692.0367431640625,967.075439453125,765.2197265625,264.202880859375,73.1829833984375,19335.154296875,0.009324437938630581
18348,366.96,okx,7,0.9251218438148499,1109.645751953125,695.7523803710938,1372.8232421875,766.7491455078125,263.177490234375,70.99676513671875,18684.75,0.009010778740048409
18354,367.08,okx,7,0.9472212195396423,702.2321166992188,683.7330932617188,965.0487670898438,760.149658203125,262.816650390625,76.41656494140625,20083.544921875,0.009685351513326168
18354,367.08,okx,7,0.9428953528404236,1106.251708984375,687.6836547851562,1375.42822265625,762.715087890625,269.176513671875,75.03143310546875,20196.69921875,0.009739920496940613
18360,367.2,okx,7,0.9421278834342957,705.7849731445312,694.5057983398438,967.8692016601562,769.0621337890625,262.084228515625,74.55633544921875,19540.0390625,0.009423243813216686
18360,367.2,okx,7,0.9187995791435242,1114.1282958984375,698.5243530273438,1372.6409912109375,770.1224365234375,258.5126953125,71.59808349609375,18509.013671875,0.008926029317080975
18366,367.32,okx,7,0.9441115856170654,705.847900390625,694.0735473632812,970.3093872070312,764.6279296875,264.46148681640625,70.55438232421875,18658.916015625,0.008998319506645203
18366,367.32,okx,7,0.9288976192474365,1109.8758544921875,696.2489013671875,1375.5294189453125,765.9119262695312,265.653564453125,69.66302490234375,18506.23046875,0.008924686349928379
18372,367.44,okx,7,0.948457658290863,708.7044677734375,697.6017456054688,970.8904418945312,772.3067626953125,262.18597412109375,74.70501708984375,19586.607421875,0.009445701725780964
18372,367.44,okx,7,0.906273603439331,1114.4190673828125,702.874755859375,1374.8531494140625,773.087158203125,260.43408203125,70.21240234375,18285.703125,0.008818336762487888
18378,367.56,okx,7,0.9445489048957825,706.5579223632812,695.457275390625,970.3790893554688,768.52978515625,263.8211669921875,73.072509765625,19278.07421875,0.009296910837292671
18378,367.56,okx,7,0.9368655681610107,1111.2607421875,696.4932861328125,1375.4581298828125,769.3168334960938,264.1973876953125,72.82354736328125,19239.791015625,0.009278448298573494
18384,367.68,okx,7,0.9371211528778076,712.4698486328125,698.9949951171875,973.0563354492188,776.3036499023438,260.58648681640625,77.30865478515625,20145.58984375,0.009715273045003414
18384,367.68,okx,7,0.9123152494430542,1117.5579833984375,704.6654052734375,1379.0982666015625,777.8114013671875,261.540283203125,73.14599609375,19130.625,0.00922580249607563
18390,367.8,okx,7,0.937044084072113,711.5601196289062,699.526123046875,975.000244140625,775.9720458984375,263.44012451171875,76.4459228515625,20138.923828125,0.009712058119475842
18390,367.8,okx,7,0.908268392086029,1117.4962158203125,705.8629760742188,1379.28759765625,778.2021484375,261.7913818359375,72.33917236328125,18937.771484375,0.00913279876112938
18396,367.92,okx,7,0.9322431087493896,711.3603515625,700.9363403320312,974.4237060546875,776.6715698242188,263.0633544921875,75.7352294921875,19923.1640625,0.009608007036149502
18396,367.92,okx,7,0.8944873809814453,1120.2132568359375,705.5736083984375,1379.5899658203125,777.4957275390625,259.376708984375,71.922119140625,18654.921875,0.008996393531560898
18402,368.04,okx,7,0.7918633818626404,839.2592163085938,714.008056640625,1365.88037109375,787.033203125,526.6211547851562,73.025146484375,38456.5859375,0.018545806407928467
18450,369.0,okx,7,0.6511064171791077,1024.0902099609375,496.8336181640625,1061.3931884765625,505.2196044921875,37.302978515625,8.385986328125,312.822265625,0.00015085950144566596
18462,369.24,okx,7,0.5841382145881653,942.7911987304688,511.93341064453125,995.2900390625,525.26708984375,52.49884033203125,13.33367919921875,700.002685546875,0.0003375784435775131
18468,369.36,okx,7,0.634171724319458,1003.8414916992188,537.494140625,1072.0107421875,550.91259765625,68.16925048828125,13.41845703125,914.7261352539062,0.0004411294939927757
18474,369.48,okx,7,0.7479625940322876,1131.117431640625,563.6229858398438,1213.482666015625,578.2034301757812,82.365234375,14.5804443359375,1200.9217529296875,0.0005791482399217784
18480,369.6,hp,4,0.7275593876838684,923.494873046875,609.5501098632812,945.59375,622.7489013671875,22.098876953125,13.19879150390625,291.678466796875,0.00014066284347791225
18480,369.6,okx,7,0.6035119891166687,1336.7835693359375,603.2938842773438,1446.2801513671875,622.8890380859375,109.49658203125,19.59515380859375,2145.602294921875,0.001034723361954093
18480,369.6,hp,4,0.4462050795555115,1018.63916015625,610.429443359375,1041.083740234375,625.1731567382812,22.444580078125,14.74371337890625,330.91644287109375,0.00015958547010086477
18486,369.72,hp,4,0.733180582523346,922.8609619140625,626.1708374023438,951.3817749023438,644.0594482421875,28.52081298828125,17.88861083984375,510.1977233886719,0.0002460444229654968
18486,369.72,hp,4,0.5898263454437256,1038.1724853515625,625.7158813476562,1064.7498779296875,644.0740356445312,26.577392578125,18.358154296875,487.911865234375,0.00023529700411017984
18492,369.84,hp,4,0.5223371982574463,736.6449584960938,466.198486328125,763.542236328125,496.7389221191406,26.89727783203125,30.540435791015625,821.45458984375,0.0003961490001529455
18492,369.84,hp,4,0.5190027952194214,980.3634033203125,654.8628540039062,1010.8177490234375,676.292236328125,30.454345703125,21.42938232421875,652.6177978515625,0.00031472695991396904
18498,369.96,hp,4,0.8509125113487244,596.0643310546875,449.7485656738281,647.6622924804688,500.9080810546875,51.59796142578125,51.159515380859375,2639.726806640625,0.001273016445338726
18498,369.96,hp,4,0.8480532765388489,1137.5849609375,545.6585083007812,1179.6234130859375,580.431640625,42.0384521484375,34.77313232421875,1461.8087158203125,0.0007049617706798017
18498,369.96,hp,4,0.6885002255439758,1120.1427001953125,719.7291259765625,1172.4327392578125,750.6875610351562,52.2900390625,30.95843505859375,1618.8177490234375,0.0007806798676028848
18504,370.08,hp,4,0.9199414849281311,1213.222900390625,548.4653930664062,1274.4996337890625,594.896484375,61.2767333984375,46.43109130859375,2845.1455078125,0.001372080179862678
18504,370.08,hp,4,0.6848697662353516,1426.1705322265625,790.666015625,1496.49462890625,841.6597290039062,70.3240966796875,50.99371337890625,3586.0869140625,0.0017294015269726515
18510,370.2,hp,4,0.9195642471313477,1381.7347412109375,529.7192993164062,1443.44580078125,576.8217163085938,61.7110595703125,47.1024169921875,2906.739990234375,0.0014017843641340733
18510,370.2,hp,4,0.9057966470718384,503.247314453125,496.1753845214844,611.6258544921875,587.82275390625,108.3785400390625,91.64736938476562,9932.6083984375,0.004790030885487795
18516,370.32,hp,4,0.8595411777496338,1359.818603515625,516.3068237304688,1406.1632080078125,551.443359375,46.3446044921875,35.13653564453125,1628.3887939453125,0.0007852955022826791
18516,370.32,hp,4,0.7332820296287537,924.3123779296875,523.2137451171875,1004.7691650390625,599.812255859375,80.456787109375,76.5985107421875,6162.8701171875,0.0029720631428062916
18522,370.44,hp,4,0.8657680749893188,1061.6539306640625,504.715087890625,1109.5806884765625,555.6475830078125,47.9267578125,50.9324951171875,2441.029296875,0.0011771939462050796
18528,370.56,hp,4,0.4946120083332062,999.9296875,502.8782043457031,1020.4375,525.810791015625,20.5078125,22.932586669921875,470.29718017578125,0.00022680226538795978
18606,372.12,petronas,9,0.7873119711875916,911.9146728515625,756.0715942382812,1029.465576171875,776.380859375,117.5509033203125,20.30926513671875,2387.37255859375,0.0011513177305459976
18684,373.68,okx,7,0.5043009519577026,1080.0401611328125,566.4692993164062,1137.1224365234375,578.1922607421875,57.082275390625,11.72296142578125,669.17333984375,0.00032271089730784297
18690,373.8,okx,7,0.7374395132064819,986.7552490234375,560.7649536132812,1061.86376953125,575.7393798828125,75.1085205078125,14.97442626953125,1124.70703125,0.0005423934198915958
18696,373.92,hp,4,0.7662463784217834,994.6920776367188,616.2295532226562,1042.389404296875,636.6119995117188,47.69732666015625,20.3824462890625,972.1881713867188,0.00046884073526598513
18696,373.92,hp,4,0.6525297164916992,1096.0657958984375,467.3314514160156,1177.7637939453125,484.1413879394531,81.697998046875,16.8099365234375,1373.338134765625,0.0006622965447604656
18702,374.04,hp,4,0.5616732835769653,1067.13916015625,395.8139343261719,1231.914306640625,421.8138732910156,164.775146484375,25.99993896484375,4284.1435546875,0.0020660413429141045
18714,374.28,hp,4,0.9289985299110413,1346.104736328125,292.9491271972656,1453.7322998046875,369.7386169433594,107.6275634765625,76.78948974609375,8264.666015625,0.003985660616308451
18720,374.4,hp,4,0.8793244957923889,1733.0787353515625,450.73895263671875,1833.3773193359375,543.7719116210938,100.298583984375,93.032958984375,9331.07421875,0.0044999392703175545
18720,374.4,hp,4,0.6519996523857117,1582.664794921875,454.4334411621094,1633.626708984375,505.8792724609375,50.9619140625,51.445831298828125,2621.778076171875,0.001264360616914928
18774,375.48,capp,3,0.6160081028938293,693.896240234375,551.64404296875,837.0919189453125,566.7081298828125,143.1956787109375,15.0640869140625,2157.112060546875,0.0010402739280834794
18798,375.96,okx,7,0.6088773012161255,1222.121826171875,252.64305114746094,1293.041015625,273.05615234375,70.919189453125,20.413101196289062,1447.6805419921875,0.0006981483893468976
18804,376.08,okx,7,0.7898762822151184,1374.2659912109375,274.5618591308594,1446.0821533203125,295.25030517578125,71.816162109375,20.688446044921875,1485.7647705078125,0.000716514652594924
18810,376.2,okx,7,0.8292733430862427,1341.9957275390625,281.5032653808594,1432.9556884765625,304.4949951171875,90.9599609375,22.991729736328125,2091.326904296875,0.0010085488902404904
18816,376.32,okx,7,0.7971997261047363,1181.0992431640625,281.6252746582031,1280.6173095703125,303.54705810546875,99.51806640625,21.921783447265625,2181.613525390625,0.0010520898504182696
18822,376.44,okx,7,0.8373685479164124,968.3634643554688,270.8656311035156,1098.2308349609375,296.4703674316406,129.86737060546875,25.604736328125,3325.2197265625,0.0016035974258556962
18828,376.56,okx,7,0.8293901681900024,669.9087524414062,279.9236145019531,794.2882080078125,314.41461181640625,124.37945556640625,34.490997314453125,4289.9716796875,0.002068852074444294
18834,376.68,okx,7,0.8820430040359497,653.7735595703125,292.6212463378906,779.0430908203125,326.0009765625,125.26953125,33.379730224609375,4181.46337890625,0.0020165236201137304
18840,376.8,okx,7,0.9058735370635986,718.2752685546875,349.42706298828125,855.6292114257812,387.2278747558594,137.35394287109375,37.800811767578125,5192.09033203125,0.0025039014872163534
18840,376.8,okx,7,0.588742196559906,922.385009765625,343.5237121582031,1026.2406005859375,379.2748718261719,103.8555908203125,35.75115966796875,3712.957763671875,0.0017905853455886245
18840,376.8,hp,4,0.5045745372772217,860.1021118164062,206.22032165527344,901.6450805664062,225.21722412109375,41.54296875,18.996902465820312,789.187744140625,0.00038058822974562645
18846,376.92,okx,7,0.9205945134162903,1141.5382080078125,721.1386108398438,1256.73974609375,877.9119873046875,115.2015380859375,156.77337646484375,18060.533203125,0.008709748275578022
18846,376.92,okx,7,0.9118092060089111,1028.9248046875,402.7324523925781,1176.6671142578125,443.6498718261719,147.7423095703125,40.91741943359375,6045.23388671875,0.002915332792326808
18846,376.92,hp,4,0.8288139700889587,646.003662109375,436.9012145996094,684.0274658203125,461.2183837890625,38.0238037109375,24.317169189453125,924.6312866210938,0.0004459063056856394
18846,376.92,okx,7,0.8044360876083374,1276.94189453125,396.9440612792969,1389.4853515625,437.0218811035156,112.54345703125,40.07781982421875,4510.49658203125,0.0021752009633928537
18846,376.92,okx,7,0.5069723725318909,1255.8404541015625,716.1567993164062,1442.7789306640625,806.1841430664062,186.9384765625,90.02734375,16829.57421875,0.00811611395329237
18846,376.92,hp,4,0.4002532958984375,818.0316772460938,433.6592102050781,856.135498046875,453.9757995605469,38.10382080078125,20.31658935546875,774.1397094726562,0.00037333127693273127
18852,377.04,hp,4,0.8071441650390625,725.9530029296875,467.34423828125,775.6707153320312,494.6279602050781,49.71771240234375,27.283721923828125,1356.4842529296875,0.0006541687180288136
18852,377.04,hp,4,0.6453999876976013,611.7402954101562,246.40855407714844,648.4158935546875,265.7655029296875,36.67559814453125,19.356948852539062,709.9276733398438,0.0003423648013267666
18852,377.04,hp,4,0.43069037795066833,903.9752807617188,461.39288330078125,959.5721435546875,485.45745849609375,55.59686279296875,24.0645751953125,1337.9149169921875,0.0006452135858125985
18858,377.16,hp,4,0.810737133026123,885.0612182617188,527.9984130859375,945.6649169921875,558.6385498046875,60.60369873046875,30.64013671875,1856.9056396484375,0.0008954984950833023
18858,377.16,hp,4,0.5494556427001953,1096.7330322265625,518.5277099609375,1148.439697265625,550.6671142578125,51.7066650390625,32.139404296875,1661.8214111328125,0.0008014185004867613
18858,377.16,hp,4,0.40506911277770996,642.5143432617188,264.539306640625,667.818603515625,283.11297607421875,25.30426025390625,18.57366943359375,469.9929504394531,0.00022665555297862738
18864,377.28,hp,4,0.8389050364494324,1439.7266845703125,429.4073791503906,1488.7781982421875,474.089599609375,49.051513671875,44.682220458984375,2191.73046875,0.0010569688165560365
18864,377.28,hp,4,0.8303785920143127,1242.52978515625,650.434326171875,1297.1444091796875,687.7590942382812,54.6146240234375,37.32476806640625,2038.4781494140625,0.000983062433078885
18864,377.28,hp,4,0.8187909126281738,805.4971313476562,302.98895263671875,840.9613647460938,329.15728759765625,35.4642333984375,26.1683349609375,928.0399169921875,0.00044755011913366616
18864,377.28,hp,4,0.802529513835907,696.7380981445312,309.4662780761719,729.7352905273438,333.7991027832031,32.9971923828125,24.33282470703125,802.9149169921875,0.0003872081870213151
18864,377.28,hp,4,0.6431344151496887,1488.322509765625,629.7933959960938,1530.629638671875,665.9058837890625,42.30712890625,36.11248779296875,1527.815673828125,0.0007367938524112105
18864,377.28,hp,4,0.5320619940757751,911.347412109375,329.7179260253906,941.9306030273438,359.05804443359375,30.58319091796875,29.340118408203125,897.314453125,0.00043273266055621207
18870,377.4,okx,7,0.7032995820045471,1047.1273193359375,471.9638366699219,1088.3310546875,479.2923889160156,41.2037353515625,7.32855224609375,301.9637145996094,0.00014562293654307723
18870,377.4,hp,4,0.48516955971717834,1368.0177001953125,518.302734375,1383.78076171875,527.7807006835938,15.7630615234375,9.47796630859375,149.40176391601562,7.20494645065628e-05
18870,377.4,hp,4,0.45326146483421326,1402.675048828125,519.853271484375,1421.5552978515625,528.5001831054688,18.8802490234375,8.64691162109375,163.25584411621094,7.873063441365957e-05
18876,377.52,okx,7,0.6490043997764587,996.0709838867188,471.2294921875,1040.9334716796875,478.253173828125,44.86248779296875,7.023681640625,315.0998229980469,0.00015195786545518786
18876,377.52,hp,4,0.48743560910224915,1335.0968017578125,520.7505493164062,1355.18994140625,530.306640625,20.0931396484375,9.55609130859375,192.01187133789062,9.259831858798862e-05
18882,377.64,okx,7,0.6699821949005127,951.7693481445312,466.6265869140625,998.532470703125,474.9771728515625,46.76312255859375,8.3505859375,390.4994812011719,0.00018831958004739136
18882,377.64,hp,4,0.49320754408836365,1262.3272705078125,520.9083251953125,1282.1026611328125,529.9404907226562,19.775390625,9.03216552734375,178.61460876464844,8.613744284957647e-05
18888,377.76,okx,7,0.6318145394325256,921.2196044921875,465.4201965332031,967.0711669921875,472.5063781738281,45.8515625,7.086181640625,324.9125061035156,0.0001566900609759614
18888,377.76,hp,4,0.40415051579475403,1273.913330078125,444.8745422363281,1296.8350830078125,454.0025634765625,22.9217529296875,9.128021240234375,209.23025512695312,0.00010090193973155692
18894,377.88,okx,7,0.7144439220428467,901.703125,462.0605163574219,953.346435546875,472.2239990234375,51.643310546875,10.163482666015625,524.8759155273438,0.0002531230275053531
18894,377.88,hp,4,0.6434205174446106,1114.82763671875,523.3296508789062,1134.3148193359375,532.49462890625,19.4871826171875,9.16497802734375,178.59959411621094,8.613020327175036e-05
18900,378.0,okx,7,0.6827825903892517,881.1360473632812,448.54766845703125,933.1858520507812,461.5329895019531,52.0498046875,12.985321044921875,675.8834228515625,0.0003259468649048358
18906,378.12,okx,7,0.7787391543388367,777.2266235351562,425.87347412109375,834.935546875,439.7305908203125,57.70892333984375,13.85711669921875,799.6792602539062,0.0003856477851513773
18912,378.24,okx,7,0.8374415040016174,796.5671997070312,391.8692626953125,878.9549560546875,410.2985534667969,82.38775634765625,18.429290771484375,1518.347900390625,0.0007322279852814972
18918,378.36,okx,7,0.8396797180175781,881.79296875,387.28936767578125,972.0110473632812,406.5211486816406,90.21807861328125,19.231781005859375,1735.0543212890625,0.0008367353002540767
18924,378.48,okx,7,0.8409898281097412,1052.8896484375,409.8447265625,1153.4365234375,434.8096618652344,100.546875,24.964935302734375,2510.146240234375,0.0012105257483199239
18930,378.6,hp,4,0.7526941299438477,694.0422973632812,462.745361328125,728.6820678710938,481.7702941894531,34.6397705078125,19.024932861328125,659.019287109375,0.00031781409052200615
18930,378.6,okx,7,0.6619895696640015,1400.9212646484375,427.34027099609375,1544.2603759765625,457.8265075683594,143.339111328125,30.486236572265625,4369.8701171875,0.0021073834504932165
18930,378.6,hp,4,0.6140434145927429,858.6976318359375,462.98895263671875,886.7225341796875,480.28753662109375,28.02490234375,17.298583984375,484.7911376953125,0.00023379201593343168
18930,378.6,hp,4,0.43622642755508423,650.4258422851562,281.6415710449219,695.378662109375,298.5588073730469,44.95281982421875,16.917236328125,760.4774780273438,0.0003667426062747836
18936,378.72,hp,4,0.7319623231887817,754.3198852539062,468.8567810058594,788.4817504882812,488.78961181640625,34.161865234375,19.932830810546875,680.9426879882812,0.0003283867263235152
18936,378.72,hp,4,0.5925818681716919,633.1758422851562,265.4196472167969,664.96533203125,281.57275390625,31.78948974609375,16.153106689453125,513.4990234375,0.0002476364898029715
19224,384.48,bwt,2,0.5472703576087952,804.2095947265625,857.103515625,914.4508666992188,965.9957885742188,110.24127197265625,108.89227294921875,12004.4228515625,0.005789170041680336
19314,386.28,oracle,8,0.7953845262527466,1359.2066650390625,410.9880676269531,1517.802490234375,489.8094177246094,158.5958251953125,78.82135009765625,12500.7373046875,0.006028519012033939
19320,386.4,oracle,8,0.8806790709495544,1241.0509033203125,414.657958984375,1496.8011474609375,522.4115600585938,255.750244140625,107.75360107421875,27558.009765625,0.01328993495553732
19326,386.52,oracle,8,0.7315620183944702,1242.990478515625,417.0000305175781,1503.393310546875,516.85498046875,260.40283203125,99.85494995117188,26002.51171875,0.012539791874587536
19344,386.88,oracle,8,0.41177424788475037,1239.05078125,416.8511047363281,1516.07080078125,521.6146240234375,277.02001953125,104.76351928710938,29021.591796875,0.013995752669870853
19350,387.0,oracle,8,0.7947161197662354,1334.775634765625,414.14715576171875,1574.6070556640625,491.20159912109375,239.8314208984375,77.054443359375,18480.076171875,0.008912073448300362
19356,387.12,oracle,8,0.47392988204956055,1490.945068359375,408.7492370605469,1617.628173828125,483.8472595214844,126.68310546875,75.0980224609375,9513.650390625,0.004587987437844276
19386,387.72,oracle,8,0.5791746377944946,1134.627685546875,452.7679138183594,1365.3028564453125,542.118408203125,230.6751708984375,89.35049438476562,20610.94140625,0.009939690120518208
19392,387.84,oracle,8,0.719637930393219,1132.720947265625,448.7651672363281,1393.73876953125,547.1344604492188,261.017822265625,98.36929321289062,25676.138671875,0.012382397428154945
19398,387.96,oracle,8,0.8290156722068787,1191.4547119140625,460.1604309082031,1347.21240234375,538.94384765625,155.7576904296875,78.78341674804688,12271.123046875,0.0059177870862185955
19404,388.08,oracle,8,0.9077908992767334,817.0827026367188,487.257568359375,1129.0513916015625,578.8584594726562,311.96868896484375,91.60089111328125,28576.609375,0.01378115825355053
19422,388.44,oracle,8,0.9382073879241943,528.6597290039062,456.458984375,935.6920776367188,561.397216796875,407.0323486328125,104.938232421875,42713.25390625,0.020598597824573517
19428,388.56,oracle,8,0.7905194759368896,547.8524169921875,432.8581237792969,966.776611328125,552.9791259765625,418.9241943359375,120.12100219726562,50321.59375,0.02426774427294731
19434,388.68,oracle,8,0.8304972648620605,730.1005249023438,432.7273864746094,870.6292724609375,518.2674560546875,140.52874755859375,85.54006958007812,12020.8388671875,0.005797086749225855
19464,389.28,oracle,8,0.41726210713386536,1125.8116455078125,300.8541564941406,1476.2978515625,353.0908508300781,350.4862060546875,52.2366943359375,18308.240234375,0.008829205296933651
19584,391.68,okx,7,0.6684392690658569,1598.4996337890625,569.2688598632812,1642.7498779296875,578.1821899414062,44.250244140625,8.913330078125,394.4170227050781,0.00019020882609765977
19596,391.92,okx,7,0.5564643144607544,1754.8525390625,558.2435302734375,1826.8197021484375,571.2402954101562,71.9671630859375,12.99676513671875,935.34033203125,0.0004510707512963563
19620,392.4,okx,7,0.45262086391448975,771.3140258789062,516.978271484375,798.7196655273438,540.6036987304688,27.4056396484375,23.62542724609375,647.469970703125,0.00031224440317600965
19632,392.64,oracle,8,0.4169977605342865,917.1876220703125,476.7597351074219,971.0363159179688,484.5420227050781,53.84869384765625,7.78228759765625,419.0660095214844,0.00020209587819408625
19638,392.76,oracle,8,0.5084836483001709,943.3529663085938,488.40625,981.0470581054688,494.59783935546875,37.694091796875,6.19158935546875,233.38633728027344,0.00011255127901677042
19644,392.88,oracle,8,0.4603416919708252,955.5752563476562,493.3572998046875,1002.8421020507812,500.4179992675781,47.266845703125,7.060699462890625,333.73699951171875,0.00016094569582492113
19656,393.12,oracle,8,0.4615840017795563,1043.79931640625,503.7305908203125,1082.41748046875,509.71014404296875,38.6181640625,5.97955322265625,230.91937255859375,0.00011136157991131768
19722,394.44,petronas,9,0.4088238477706909,518.111083984375,645.5079956054688,565.2435302734375,655.1666870117188,47.1324462890625,9.65869140625,455.2377624511719,0.00021953981195110828
19728,394.56,petronas,9,0.5245116949081421,531.0321655273438,659.2964477539062,579.4066162109375,671.1104736328125,48.37445068359375,11.81402587890625,571.4970092773438,0.0002756062021944672
19734,394.68,petronas,9,0.43721717596054077,540.6029052734375,675.7739868164062,583.2008056640625,687.9127807617188,42.597900390625,12.1387939453125,517.087158203125,0.00024936688714660704
19740,394.8,petronas,9,0.41924434900283813,552.1249389648438,690.1158447265625,599.2816162109375,701.1082763671875,47.15667724609375,10.992431640625,518.3665771484375,0.0002499838883522898
19746,394.92,petronas,9,0.4933279752731323,562.381103515625,704.9755249023438,605.513671875,717.4214477539062,43.132568359375,12.4459228515625,536.8246459960938,0.0002588853531051427
19752,395.04,petronas,9,0.44123420119285583,570.96533203125,719.1417846679688,620.896484375,731.99658203125,49.93115234375,12.85479736328125,641.8548583984375,0.0003095364954788238
19764,395.28,petronas,9,0.5728329420089722,590.8609008789062,751.8995971679688,640.7340698242188,765.3230590820312,49.8731689453125,13.4234619140625,669.4705810546875,0.00032285426277667284
19782,395.64,petronas,9,0.5715989470481873,338.69415283203125,561.216064453125,390.2051086425781,581.7836303710938,51.510955810546875,20.56756591796875,1059.4549560546875,0.0005109254270792007
19800,396.0,petronas,9,0.4632453918457031,660.5576782226562,829.5574340820312,711.5147705078125,847.2962036132812,50.95709228515625,17.73876953125,903.9161376953125,0.0004359163576737046
19800,396.0,petronas,9,0.4326735734939575,363.9663391113281,492.75994873046875,404.8128967285156,530.62109375,40.8465576171875,37.86114501953125,1546.4974365234375,0.0007458031759597361
19800,396.0,petronas,9,0.4152497351169586,352.8050231933594,595.804443359375,407.408203125,621.9320678710938,54.603179931640625,26.12762451171875,1426.6513671875,0.0006880070432089269
19806,396.12,petronas,9,0.6099469661712646,368.9093933105469,495.9748840332031,413.13916015625,541.01513671875,44.229766845703125,45.040252685546875,1992.119873046875,0.0009607059764675796
19812,396.24,petronas,9,0.42644229531288147,693.1043701171875,854.7603149414062,742.595703125,871.1226196289062,49.4913330078125,16.3623046875,809.7922973632812,0.000390524830436334
19812,396.24,petronas,9,0.4212532341480255,378.5045166015625,505.8244934082031,421.8466796875,549.0975341796875,43.3421630859375,43.273040771484375,1875.5472412109375,0.0009044884354807436
19830,396.6,petronas,9,0.5150430798530579,739.446044921875,887.03759765625,794.611572265625,903.2243041992188,55.16552734375,16.18670654296875,892.9481811523438,0.00043062702752649784
19854,397.08,petronas,9,0.5543763041496277,400.5521240234375,822.8925170898438,432.8297119140625,852.7538452148438,32.277587890625,29.861328125,963.8516235351562,0.0004648204194381833
19854,397.08,petronas,9,0.40239304304122925,549.1127319335938,678.0278930664062,599.3683471679688,712.5277099609375,50.255615234375,34.49981689453125,1733.8095703125,0.0008361350046470761
19866,397.32,petronas,9,0.41701480746269226,460.8273620605469,606.1079711914062,510.43133544921875,652.2543334960938,49.603973388671875,46.1463623046875,2289.04296875,0.0011038980446755886
19878,397.56,petronas,9,0.5475462675094604,459.09002685546875,890.4752807617188,495.0222473144531,921.3712158203125,35.932220458984375,30.89593505859375,1110.1595458984375,0.0005353778833523393
19878,397.56,petronas,9,0.49357911944389343,491.5407409667969,754.3651123046875,546.673583984375,785.7035522460938,55.132843017578125,31.33843994140625,1727.77734375,0.0008332259603776038
19878,397.56,petronas,9,0.45157262682914734,482.427001953125,635.2670288085938,523.8052978515625,669.5531616210938,41.3782958984375,34.2861328125,1418.7017822265625,0.0006841733120381832
19884,397.68,petronas,9,0.4490070939064026,469.9402160644531,902.16943359375,509.3851623535156,935.5017700195312,39.4449462890625,33.33233642578125,1314.792236328125,0.0006340626277960837
19884,397.68,petronas,9,0.4071359932422638,356.9963684082031,878.1376953125,378.8498840332031,914.61865234375,21.853515625,36.48095703125,797.2371826171875,0.0003844700986519456
19896,397.92,petronas,9,0.5055525302886963,511.6054992675781,924.0880737304688,553.0415649414062,958.2611694335938,41.436065673828125,34.173095703125,1415.9986572265625,0.0006828697514720261
19896,397.92,petronas,9,0.41136717796325684,545.215087890625,781.564697265625,600.54345703125,814.3203735351562,55.328369140625,32.75567626953125,1812.318115234375,0.0008739960030652583
19902,398.04,petronas,9,0.51265949010849,523.452392578125,935.956787109375,549.45166015625,957.3038330078125,25.999267578125,21.3470458984375,555.007568359375,0.0002676541043911129
19902,398.04,petronas,9,0.4562927484512329,404.712158203125,912.2266235351562,427.7506408691406,946.8341674804688,23.038482666015625,34.6075439453125,797.3052978515625,0.0003845029277727008
19908,398.16,petronas,9,0.4184660017490387,557.5726928710938,672.274658203125,616.4540405273438,715.1094970703125,58.88134765625,42.8348388671875,2522.173095703125,0.0012163257924839854
19914,398.28,petronas,9,0.6818348169326782,571.683837890625,960.0869750976562,619.3255615234375,1000.4044189453125,47.6417236328125,40.31744384765625,1920.79248046875,0.0009263081010431051
19926,398.52,petronas,9,0.528041422367096,476.4205017089844,964.398681640625,500.0312194824219,1002.9028930664062,23.6107177734375,38.50421142578125,909.112060546875,0.000438422110164538
19926,398.52,petronas,9,0.4299718141555786,637.226318359375,833.4888916015625,698.5542602539062,869.7970581054688,61.32794189453125,36.30816650390625,2226.705078125,0.0010738354176282883
19932,398.64,petronas,9,0.542829692363739,491.18017578125,978.2826538085938,517.3387451171875,1019.47607421875,26.1585693359375,41.19342041015625,1077.5609130859375,0.0005196571000851691
19932,398.64,petronas,9,0.4880286753177643,631.4249267578125,1004.1604614257812,668.4988403320312,1040.9339599609375,37.07391357421875,36.77349853515625,1363.3375244140625,0.0006574737490154803
19932,398.64,petronas,9,0.4069218337535858,624.5520629882812,710.85205078125,675.663330078125,751.152099609375,51.11126708984375,40.300048828125,2059.78662109375,0.0009933384135365486
19938,398.76,petronas,9,0.6204374432563782,508.2325134277344,993.746826171875,535.759765625,1029.8172607421875,27.527252197265625,36.0704345703125,992.919921875,0.0004788386868312955
19938,398.76,petronas,9,0.585188090801239,673.7406005859375,857.0468139648438,736.3394165039062,895.586181640625,62.59881591796875,38.53936767578125,2412.518798828125,0.0011634445982053876
19938,398.76,petronas,9,0.5505693554878235,641.3365478515625,1019.7782592773438,706.2037353515625,1062.1392822265625,64.8671875,42.36102294921875,2747.84033203125,0.0013251544442027807
19944,398.88,petronas,9,0.5986924767494202,526.975341796875,1010.5593872070312,551.4105834960938,1051.3245849609375,24.43524169921875,40.76519775390625,996.1074829101562,0.0004803759220521897
19944,398.88,petronas,9,0.5590996146202087,690.02001953125,869.2692260742188,754.195068359375,908.3907470703125,64.175048828125,39.12152099609375,2510.62548828125,0.0012107568327337503
19950,399.0,petronas,9,0.7416998744010925,539.1054077148438,1025.9405517578125,569.1783447265625,1073.62255859375,30.07293701171875,47.6820068359375,1433.93798828125,0.0006915210396982729
19950,399.0,petronas,9,0.7171571850776672,706.6500854492188,883.2412719726562,773.1065673828125,922.2968139648438,66.45648193359375,39.0555419921875,2595.493896484375,0.0012516849674284458
19956,399.12,petronas,9,0.4950374662876129,725.596923828125,890.4432373046875,790.8944702148438,931.042236328125,65.29754638671875,40.5989990234375,2651.01513671875,0.0012784602586179972
19956,399.12,petronas,9,0.4824890196323395,557.2003784179688,1039.6192626953125,583.6593017578125,1074.886474609375,26.45892333984375,35.2672119140625,933.1324462890625,0.0004500060167629272
19962,399.24,petronas,9,0.6605514287948608,690.1593017578125,758.9223022460938,752.1392211914062,801.5084228515625,61.97991943359375,42.58612060546875,2639.484375,0.00127289944794029
19962,399.24,petronas,9,0.6138635873794556,739.06787109375,906.087646484375,800.3397827148438,944.9352416992188,61.27191162109375,38.84759521484375,2380.266357421875,0.0011478908127173781
19962,399.24,petronas,9,0.526531994342804,574.2460327148438,1054.715576171875,599.107421875,1079.9249267578125,24.86138916015625,25.2093505859375,626.739501953125,0.0003022470627911389
19968,399.36,petronas,9,0.7245198488235474,756.4189453125,915.9949340820312,819.8963623046875,956.7384033203125,63.4774169921875,40.74346923828125,2586.290283203125,0.001247246516868472
19974,399.48,petronas,9,0.7530888915061951,774.3306884765625,925.74462890625,841.4551391601562,967.7311401367188,67.12445068359375,41.98651123046875,2818.321533203125,0.0013591442257165909
19980,399.6,petronas,9,0.6509795784950256,795.3841552734375,942.5231323242188,855.3641357421875,986.25927734375,59.97998046875,43.73614501953125,2623.293212890625,0.0012650912394747138
19980,399.6,petronas,9,0.4886532127857208,946.7672729492188,907.611083984375,1016.7388916015625,946.9078369140625,69.97161865234375,39.2967529296875,2749.657470703125,0.0013260308187454939
19986,399.72,petronas,9,0.7719705104827881,817.2056274414062,955.0254516601562,887.723388671875,1001.35498046875,70.51776123046875,46.32952880859375,3267.0546875,0.0015755471540614963
19986,399.72,petronas,9,0.7174187302589417,971.9446411132812,923.4602661132812,1048.874755859375,962.3902587890625,76.93011474609375,38.92999267578125,2994.888916015625,0.001444294466637075
19992,399.84,petronas,9,0.769653856754303,998.0116577148438,939.0751342773438,1073.3284912109375,976.2764282226562,75.31683349609375,37.2012939453125,2801.883544921875,0.0013512170407921076
19992,399.84,petronas,9,0.6406993269920349,841.0240478515625,974.9268798828125,907.1946411132812,1019.009765625,66.17059326171875,44.0828857421875,2916.99072265625,0.0014067278243601322
19998,399.96,petronas,9,0.7735068798065186,1028.9815673828125,953.552001953125,1109.157958984375,993.9512329101562,80.1763916015625,40.39923095703125,3239.064453125,0.0015620487974956632
19998,399.96,petronas,9,0.6858362555503845,867.40771484375,991.1553344726562,935.8362426757812,1037.5892333984375,68.42852783203125,46.43389892578125,3177.4033203125,0.0015323125990107656
20004,400.08,petronas,9,0.786214292049408,1059.2137451171875,972.0735473632812,1140.2169189453125,1010.8545532226562,81.003173828125,38.781005859375,3141.384521484375,0.0015149423852562904
20004,400.08,petronas,9,0.6853424310684204,897.2985229492188,1010.2117919921875,967.12060546875,1056.5830078125,69.82208251953125,46.3712158203125,3237.73486328125,0.0015614075819030404
20010,400.2,petronas,9,0.8062538504600525,931.28955078125,1026.9376220703125,1007.98486328125,1076.6514892578125,76.6953125,49.7138671875,3812.820556640625,0.0018387445015832782
20010,400.2,petronas,9,0.7448008060455322,1098.6090087890625,987.6149291992188,1177.9884033203125,1029.6727294921875,79.37939453125,42.05780029296875,3338.522705078125,0.001610012841410935
20016,400.32,petronas,9,0.7342473864555359,1001.1260375976562,1048.9896240234375,1040.4849853515625,1077.647216796875,39.35894775390625,28.6575927734375,1127.9327392578125,0.0005439490196295083
20022,400.44,petronas,9,0.6223472356796265,1171.09423828125,1024.9158935546875,1257.406494140625,1068.496337890625,86.312255859375,43.5804443359375,3761.5263671875,0.0018140076426789165
20028,400.56,hp,4,0.44006210565567017,546.9962768554688,815.8889770507812,571.91943359375,839.3431396484375,24.92315673828125,23.45416259765625,584.5517578125,0.0002819018845912069
20058,401.16,petronas,9,0.4163492023944855,356.658447265625,587.0571899414062,715.5264892578125,879.8245239257812,358.8680419921875,292.767333984375,105064.84375,0.05066784471273422
20076,401.52,petronas,9,0.5554685592651367,1284.190673828125,1022.081298828125,1373.2890625,1078.274169921875,89.098388671875,56.19287109375,5006.6943359375,0.0024144938215613365
20076,401.52,petronas,9,0.4391801059246063,488.1321105957031,639.5554809570312,830.208740234375,935.9174194335938,342.0766296386719,296.3619384765625,101378.4921875,0.048890091478824615
20088,401.76,petronas,9,0.4633830785751343,1366.2850341796875,1044.0938720703125,1453.52880859375,1081.5968017578125,87.2437744140625,37.5029296875,3271.897216796875,0.0015778825618326664
20130,402.6,petronas,9,0.5570428371429443,615.967041015625,1033.8724365234375,670.6592407226562,1077.7647705078125,54.69219970703125,43.892333984375,2400.568359375,0.0011576814576983452
20160,403.2,petronas,9,0.42610862851142883,390.4566650390625,627.8876342773438,440.7015686035156,656.7177124023438,50.244903564453125,28.830078125,1448.564453125,0.0006985747022554278
20172,403.44,petronas,9,0.494811475276947,961.6781616210938,1025.3641357421875,1006.0228881835938,1059.9876708984375,44.3447265625,34.62353515625,1535.3712158203125,0.0007404375355690718
20184,403.68,petronas,9,0.6213935017585754,1064.7408447265625,1017.4591064453125,1107.280517578125,1045.8267822265625,42.5396728515625,28.36767578125,1206.7515869140625,0.0005819596699438989
20190,403.8,petronas,9,0.547437846660614,1111.5355224609375,1014.6802978515625,1151.509521484375,1037.8209228515625,39.9739990234375,23.140625,925.0233154296875,0.00044609533506445587
20190,403.8,petronas,9,0.4822638928890228,333.4710388183594,745.6795043945312,392.0979919433594,786.7791137695312,58.626953125,41.099609375,2409.544921875,0.0011620104778558016
20196,403.92,petronas,9,0.6231316924095154,1156.0103759765625,1009.3003540039062,1202.8790283203125,1034.903076171875,46.86865234375,25.60272216796875,1199.965087890625,0.0005786868860013783
20214,404.28,petronas,9,0.47119376063346863,380.4464111328125,758.0978393554688,410.00872802734375,794.6929931640625,29.56231689453125,36.59515380859375,1081.8375244140625,0.000521719513926655
20250,405.0,petronas,9,0.45300760865211487,670.5303955078125,761.65966796875,694.2565307617188,796.2180786132812,23.72613525390625,34.55841064453125,819.9375,0.00039541738806292415
20268,405.36,petronas,9,0.5395296216011047,789.5902709960938,764.6959228515625,811.7693481445312,797.1875610351562,22.1790771484375,32.49163818359375,720.634521484375,0.00034752822830341756
20268,405.36,petronas,9,0.42888569831848145,752.3551025390625,717.228759765625,774.7515258789062,742.684814453125,22.39642333984375,25.4560546875,570.1245727539062,0.00027494432288222015
20304,406.08,petronas,9,0.47718724608421326,984.0502319335938,755.2667236328125,1005.0320434570312,785.1865234375,20.9818115234375,29.9197998046875,627.7716064453125,0.00030274479649960995
20382,407.64,petronas,9,0.4001479744911194,1652.311767578125,958.510986328125,1774.5789794921875,1011.3599243164062,122.2672119140625,52.84893798828125,6461.6923828125,0.003116171108558774
20514,410.28,okx,7,0.604545533657074,1698.5853271484375,436.8597412109375,1777.36279296875,452.96917724609375,78.7774658203125,16.10943603515625,1269.060546875,0.0006120083853602409
20520,410.4,okx,7,0.4624493420124054,1345.41455078125,451.37896728515625,1415.662353515625,466.90869140625,70.247802734375,15.52972412109375,1090.928955078125,0.0005261038313619792
20526,410.52,okx,7,0.7415215373039246,1176.892333984375,466.30938720703125,1245.775634765625,482.0369873046875,68.88330078125,15.72760009765625,1083.3690185546875,0.0005224580527283251
20532,410.64,okx,7,0.7569025158882141,1120.445068359375,467.7200927734375,1186.9908447265625,482.7918701171875,66.5457763671875,15.07177734375,1002.963134765625,0.00048368205898441374
20538,410.76,okx,7,0.8029037117958069,1083.52685546875,468.6894836425781,1166.6904296875,487.526123046875,83.16357421875,18.836639404296875,1566.522216796875,0.0007554601761512458
20544,410.88,okx,7,0.7736683487892151,1065.0291748046875,460.5494384765625,1152.2933349609375,478.8243713378906,87.26416015625,18.274932861328125,1594.7467041015625,0.000769071513786912
20550,411.0,okx,7,0.7839879393577576,1076.108154296875,450.13018798828125,1158.8929443359375,468.0957946777344,82.7847900390625,17.965606689453125,1487.2789306640625,0.0007172448677010834
20556,411.12,okx,7,0.782668948173523,1067.004638671875,437.19305419921875,1154.944091796875,458.108154296875,87.939453125,20.91510009765625,1839.262451171875,0.0008869899902492762
20562,411.24,okx,7,0.8149774670600891,1056.915771484375,425.0801086425781,1149.4083251953125,447.58221435546875,92.4925537109375,22.502105712890625,2081.277099609375,0.0010037022875621915
20568,411.36,okx,7,0.8127205967903137,1004.4280395507812,389.29107666015625,1106.8203125,412.11029052734375,102.39227294921875,22.8192138671875,2336.51123046875,0.0011267897207289934
20574,411.48,okx,7,0.6935204267501831,923.9325561523438,353.9879150390625,1035.8173828125,380.7362060546875,111.88482666015625,26.748291015625,2992.727783203125,0.0014432522002607584
20574,411.48,okx,7,0.531121015548706,764.60595703125,351.583251953125,1034.8458251953125,380.45538330078125,270.2398681640625,28.87213134765625,7802.40087890625,0.003762731794267893
20580,411.6,okx,7,0.8054147362709045,820.0332641601562,327.8865966796875,926.4083862304688,353.8495788574219,106.3751220703125,25.962982177734375,2761.8154296875,0.0013318939600139856
20586,411.72,okx,7,0.8346980214118958,583.55224609375,301.7207336425781,676.7412719726562,328.6402587890625,93.18902587890625,26.919525146484375,2508.604248046875,0.0012097820872440934
20586,411.72,okx,7,0.4428718686103821,776.0567626953125,302.4570007324219,858.269775390625,327.7418212890625,82.2130126953125,25.284820556640625,2078.7412109375,0.0010024793446063995
20592,411.84,okx,7,0.8233485221862793,517.6638793945312,273.0330810546875,619.35205078125,298.3282165527344,101.68817138671875,25.295135498046875,2572.216064453125,0.0012404591543599963
20598,411.96,okx,7,0.8205592632293701,458.7030334472656,266.49383544921875,553.8212890625,291.15185546875,95.11825561523438,24.65802001953125,2345.427734375,0.001131089753471315
20604,412.08,okx,7,0.8215663433074951,409.44586181640625,242.81198120117188,506.9663391113281,265.9666748046875,97.52047729492188,23.154693603515625,2258.056884765625,0.0010889548575505614
20610,412.2,okx,7,0.8792411088943481,437.15582275390625,417.17047119140625,499.3033752441406,504.74139404296875,62.147552490234375,87.5709228515625,5442.318359375,0.00262457481585443
20610,412.2,okx,7,0.8657882809638977,506.83697509765625,405.8296813964844,600.732666015625,450.22607421875,93.89569091796875,44.396392822265625,4168.6298828125,0.0020103345159441233
20610,412.2,okx,7,0.7548470497131348,340.85284423828125,249.88919067382812,431.6258850097656,272.9625549316406,90.77304077148438,23.0733642578125,2094.439453125,0.001010049832984805
20616,412.32,okx,7,0.894743025302887,493.2190246582031,532.315185546875,598.76904296875,631.5746459960938,105.55001831054688,99.25946044921875,10476.837890625,0.00505248736590147
20616,412.32,okx,7,0.44847816228866577,624.3142700195312,525.727783203125,774.180419921875,582.9791870117188,149.86614990234375,57.25140380859375,8580.0478515625,0.004137754440307617
20622,412.44,capp,3,0.47062942385673523,511.9275207519531,411.405029296875,749.8389892578125,480.3375244140625,237.91146850585938,68.9324951171875,16399.83203125,0.007908869534730911
20628,412.56,okx,7,0.768714427947998,1359.1287841796875,427.0741882324219,1444.704345703125,540.5687866210938,85.5755615234375,113.49459838867188,9712.3642578125,0.004683817736804485
20628,412.56,okx,7,0.4744126498699188,1022.3504028320312,315.0965881347656,1128.4879150390625,377.8160400390625,106.13751220703125,62.719451904296875,6656.88671875,0.003210304072126746
20628,412.56,okx,7,0.45385003089904785,865.8760375976562,313.79437255859375,1128.51611328125,411.37310791015625,262.64007568359375,97.5787353515625,25628.0859375,0.012359223328530788
20634,412.68,okx,7,0.4938536584377289,1190.01953125,419.7581481933594,1218.9837646484375,473.33917236328125,28.9642333984375,53.581024169921875,1551.933349609375,0.0007484246743842959
20634,412.68,okx,7,0.47144660353660583,1002.0531616210938,357.6977844238281,1047.715576171875,391.6285400390625,45.66241455078125,33.930755615234375,1549.3602294921875,0.0007471837452612817
20640,412.8,okx,7,0.7468229532241821,965.9417724609375,404.6412048339844,1065.4779052734375,422.28192138671875,99.5361328125,17.640716552734375,1755.888671875,0.000846782757434994
20646,412.92,okx,7,0.6399002075195312,1045.63134765625,410.56671142578125,1134.4443359375,423.8258361816406,88.81298828125,13.259124755859375,1177.58251953125,0.000567892799153924
20664,413.28,okx,7,0.8044179081916809,940.469482421875,498.9866943359375,1007.8546142578125,514.8456420898438,67.3851318359375,15.85894775390625,1068.6572265625,0.0005153632373549044
20670,413.4,okx,7,0.8220674395561218,943.531982421875,495.51416015625,1016.38134765625,511.9169921875,72.849365234375,16.40283203125,1194.9359130859375,0.0005762615473940969
20676,413.52,okx,7,0.8096128702163696,958.0192260742188,491.0588684082031,1027.5743408203125,507.177734375,69.55511474609375,16.118865966796875,1121.1495361328125,0.0005406778072938323
20682,413.64,okx,7,0.8294826745986938,964.9671020507812,483.5718994140625,1042.8603515625,499.6868591308594,77.89324951171875,16.114959716796875,1255.24658203125,0.0006053465185686946
20688,413.76,okx,7,0.652313768863678,986.1464233398438,484.40423583984375,1071.773681640625,505.0666198730469,85.62725830078125,20.662384033203125,1769.2633056640625,0.0008532326901331544
20694,413.88,okx,7,0.7710090279579163,1121.2412109375,496.45281982421875,1190.3701171875,513.5775146484375,69.12890625,17.12469482421875,1183.8114013671875,0.0005708967219106853
20700,414.0,okx,7,0.8124863505363464,1110.53369140625,500.27728271484375,1193.929443359375,518.1607666015625,83.395751953125,17.88348388671875,1491.4066162109375,0.0007192354532890022
20706,414.12,okx,7,0.7860771417617798,1133.7037353515625,503.82635498046875,1210.4725341796875,520.2523803710938,76.768798828125,16.426025390625,1261.0062255859375,0.0006081241299398243
20712,414.24,okx,7,0.41938692331314087,1171.538330078125,503.20794677734375,1237.8687744140625,519.9034423828125,66.3304443359375,16.69549560546875,1107.419677734375,0.0005340565694496036
20712,414.24,okx,7,0.4148271977901459,1112.2850341796875,500.9532470703125,1239.2757568359375,520.7952880859375,126.99072265625,19.842041015625,2519.755126953125,0.001215159660205245
20718,414.36,okx,7,0.6974535584449768,1156.7247314453125,505.91357421875,1208.2000732421875,521.5457153320312,51.475341796875,15.63214111328125,804.6697998046875,0.00038805449730716646
20718,414.36,okx,7,0.683932900428772,1231.6148681640625,507.66162109375,1296.355712890625,524.4470825195312,64.7408447265625,16.78546142578125,1086.7049560546875,0.0005240667960606515
20718,414.36,okx,7,0.6148021817207336,1169.4393310546875,607.6919555664062,1223.079833984375,654.7939453125,53.6405029296875,47.10198974609375,2526.574462890625,0.001218448276631534
20724,414.48,okx,7,0.8289964199066162,1148.1666259765625,617.071533203125,1205.1336669921875,667.383056640625,56.967041015625,50.3115234375,2866.0986328125,0.0013821849133819342
20724,414.48,okx,7,0.6810988187789917,1211.98095703125,517.177734375,1316.2757568359375,534.7604370117188,104.2947998046875,17.58270263671875,1833.784423828125,0.0008843481773510575
20730,414.6,okx,7,0.8669925332069397,1128.9481201171875,624.885498046875,1189.5811767578125,675.1676025390625,60.633056640625,50.2821044921875,3048.757568359375,0.001470272778533399
20730,414.6,okx,7,0.4800929129123688,1295.190673828125,530.3048095703125,1374.1361083984375,542.1077270507812,78.9454345703125,11.80291748046875,931.7864379882812,0.0004493568849284202
20736,414.72,okx,7,0.839663028717041,1092.176025390625,634.8195190429688,1155.537841796875,685.2444458007812,63.36181640625,50.4249267578125,3195.014892578125,0.0015408057952299714
20736,414.72,okx,7,0.6063637137413025,1285.369140625,600.14111328125,1324.418701171875,635.1327514648438,39.049560546875,34.99163818359375,1366.4080810546875,0.000658954493701458
20742,414.84,okx,7,0.8414433002471924,1051.278076171875,645.17578125,1121.393310546875,691.8324584960938,70.115234375,46.65667724609375,3271.34375,0.0015776156214997172
20748,414.96,okx,7,0.5516153573989868,1021.2830200195312,646.8523559570312,1089.1876220703125,696.2930297851562,67.90460205078125,49.440673828125,3357.249267578125,0.0016190438764169812
20748,414.96,okx,7,0.4944416582584381,921.1282958984375,625.8801879882812,991.0608520507812,651.9296264648438,69.93255615234375,26.0494384765625,1821.703857421875,0.0008785222889855504
20754,415.08,okx,7,0.8693357110023499,963.8089599609375,636.3786010742188,1033.552490234375,688.9955444335938,69.7435302734375,52.616943359375,3669.69140625,0.0017697199946269393
20760,415.2,okx,7,0.8118641376495361,930.1426391601562,619.22900390625,992.109619140625,672.8929443359375,61.96697998046875,53.6639404296875,3325.392333984375,0.0016036806628108025
20766,415.32,okx,7,0.8032764792442322,929.1359252929688,614.5709838867188,969.39111328125,657.2105102539062,40.25518798828125,42.6395263671875,1716.462158203125,0.0008277691667899489
20772,415.44,okx,7,0.6432955861091614,1098.706787109375,561.128662109375,1143.9791259765625,586.2852172851562,45.2723388671875,25.15655517578125,1138.8961181640625,0.0005492361960932612
20778,415.56,okx,7,0.5325115919113159,828.0838623046875,597.4874267578125,860.8912963867188,616.76611328125,32.80743408203125,19.2786865234375,632.4842529296875,0.0003050174855161458
20796,415.92,okx,7,0.5982041954994202,828.3367309570312,512.6072998046875,873.548583984375,520.697509765625,45.21185302734375,8.0902099609375,365.77337646484375,0.00017639533325564116
20796,415.92,petronas,9,0.5359072089195251,613.0734252929688,433.8653564453125,671.3409423828125,442.2425231933594,58.26751708984375,8.377166748046875,488.11669921875,0.00023539578251075
20796,415.92,okx,7,0.43062660098075867,869.3046264648438,555.6297607421875,894.7505493164062,576.6541137695312,25.4459228515625,21.02435302734375,534.9840698242188,0.0002579977153800428
20802,416.04,petronas,9,0.6913775205612183,602.7847900390625,429.5959777832031,667.0811767578125,438.6001892089844,64.29638671875,9.00421142578125,578.938232421875,0.00027919476269744337
20802,416.04,okx,7,0.4635373055934906,957.449951171875,553.6801147460938,983.3069458007812,576.3946533203125,25.85699462890625,22.71453857421875,587.3297119140625,0.0002832415630109608
20808,416.16,petronas,9,0.667116641998291,577.3418579101562,425.54644775390625,643.7097778320312,434.1813049316406,66.367919921875,8.634857177734375,573.0775146484375,0.0002763684024102986
20808,416.16,okx,7,0.5013241767883301,1006.8768310546875,511.7700500488281,1053.45654296875,519.3885498046875,46.5797119140625,7.618499755859375,354.8675231933594,0.0001711359655018896
20814,416.28,okx,7,0.6987826824188232,1062.34130859375,516.3154907226562,1108.7425537109375,526.3798217773438,46.4012451171875,10.0643310546875,466.99749755859375,0.0002252109843539074
20814,416.28,petronas,9,0.6440515518188477,551.3602905273438,422.3445129394531,616.6333618164062,430.9577331542969,65.2730712890625,8.61322021484375,562.2113647460938,0.0002711281704250723
20820,416.4,okx,7,0.6541404128074646,1118.6365966796875,519.2947387695312,1166.7540283203125,530.0255737304688,48.117431640625,10.7308349609375,516.3402099609375,0.00024900666903704405
20826,416.52,okx,7,0.7655616402626038,1158.1292724609375,522.2281494140625,1222.390625,534.0109252929688,64.2613525390625,11.78277587890625,757.1771240234375,0.0003651510050985962
20826,416.52,petronas,9,0.42735135555267334,469.9914855957031,409.0107727050781,534.8985595703125,416.66387939453125,64.90707397460938,7.653106689453125,496.7407531738281,0.00023955476353876293
20832,416.64,okx,7,0.6249719262123108,1215.0054931640625,530.8699340820312,1271.2847900390625,541.32080078125,56.279296875,10.45086669921875,588.1674194335938,0.00028364555328153074
20832,416.64,petronas,9,0.5735068321228027,421.83587646484375,404.57940673828125,488.7966613769531,413.0150451660156,66.96078491210938,8.435638427734375,564.8569946289062,0.0002724040241446346
20838,416.76,okx,7,0.7483143210411072,1245.3909912109375,531.7333984375,1306.1580810546875,542.37744140625,60.76708984375,10.64404296875,646.8074951171875,0.00031192490132525563
20838,416.76,petronas,9,0.5022244453430176,377.2003479003906,397.9596252441406,448.5300598144531,407.04656982421875,71.3297119140625,9.086944580078125,648.1691284179688,0.0003125815710518509
20844,416.88,okx,7,0.7824471592903137,1276.0736083984375,527.321533203125,1343.9364013671875,540.8820190429688,67.86279296875,13.56048583984375,920.25244140625,0.0004437945899553597
20850,417.0,okx,7,0.8410243391990662,1299.4024658203125,524.4373168945312,1364.7674560546875,539.4351806640625,65.364990234375,14.99786376953125,980.335205078125,0.0004727696650661528
20856,417.12,okx,7,0.7728006839752197,1319.337890625,520.814453125,1391.2227783203125,532.6860961914062,71.8848876953125,11.87164306640625,853.3917236328125,0.0004115508054383099
20862,417.24,okx,7,0.8103777766227722,1321.498291015625,503.37249755859375,1406.858642578125,521.0209350585938,85.3603515625,17.6484375,1506.476806640625,0.000726503087207675
20868,417.36,okx,7,0.8171747922897339,1344.239501953125,500.73956298828125,1423.970458984375,516.8145751953125,79.73095703125,16.07501220703125,1281.6761474609375,0.0006180922500789165
20874,417.48,okx,7,0.8092686533927917,1335.8193359375,473.8379821777344,1409.091064453125,493.1678466796875,73.271728515625,19.329864501953125,1416.3326416015625,0.0006830308120697737
20880,417.6,okx,7,0.751248836517334,1456.3531494140625,454.0694580078125,1530.370361328125,469.77215576171875,74.0172119140625,15.70269775390625,1162.2698974609375,0.000560508226044476
20886,417.72,okx,7,0.7854087948799133,1487.8486328125,437.0732421875,1570.9962158203125,454.572998046875,83.1475830078125,17.499755859375,1455.0623779296875,0.0007017083116807044
20892,417.84,okx,7,0.8533973097801208,1535.7117919921875,434.749267578125,1619.688720703125,453.6383972167969,83.9769287109375,18.889129638671875,1586.2510986328125,0.0007649745093658566
20898,417.96,okx,7,0.8275763988494873,1620.4385986328125,447.7425842285156,1694.880615234375,467.7830810546875,74.4420166015625,20.040496826171875,1491.85498046875,0.0007194516947492957
20898,417.96,okx,7,0.757951021194458,1514.744384765625,442.1671447753906,1580.065673828125,462.48797607421875,65.3212890625,20.320831298828125,1327.3829345703125,0.0006401345017366111
20904,418.08,okx,7,0.7866013646125793,1563.5865478515625,627.6199340820312,1639.555419921875,703.2356567382812,75.9688720703125,75.61572265625,5744.44091796875,0.0027702744118869305
20904,418.08,okx,7,0.6969478726387024,1454.0341796875,617.5001831054688,1553.41650390625,665.2887573242188,99.38232421875,47.78857421875,4749.33935546875,0.0022903834469616413
20904,418.08,okx,7,0.6806750893592834,1768.252197265625,467.02386474609375,1872.9454345703125,493.2812194824219,104.6932373046875,26.257354736328125,2748.967529296875,0.0013256981037557125
20904,418.08,okx,7,0.4570411443710327,1656.813232421875,458.52667236328125,1876.7835693359375,494.00433349609375,219.9703369140625,35.4776611328125,7804.033203125,0.0037635189946740866
20910,418.2,okx,7,0.8189362287521362,1774.0772705078125,592.5872802734375,1843.077392578125,643.0411987304688,69.0001220703125,50.45391845703125,3481.326416015625,0.001678880420513451
20910,418.2,okx,7,0.7919157147407532,1317.8382568359375,659.1160888671875,1441.611572265625,708.463134765625,123.7733154296875,49.3470458984375,6107.84765625,0.0029455283656716347
20910,418.2,okx,7,0.7819408178329468,1463.84228515625,675.9942016601562,1583.941650390625,767.2914428710938,120.099365234375,91.2972412109375,10964.740234375,0.005287779960781336
20916,418.32,okx,7,0.7271580100059509,1804.9945068359375,632.2684326171875,1920.3714599609375,704.260498046875,115.376953125,71.9920654296875,8306.2255859375,0.004005703143775463
20916,418.32,okx,7,0.6709631681442261,1026.8843994140625,672.7881469726562,1161.1197509765625,728.5465087890625,134.2353515625,55.75836181640625,7484.7431640625,0.003609540406614542
20916,418.32,okx,7,0.5559011697769165,1026.1971435546875,674.0347900390625,1345.0821533203125,811.224609375,318.885009765625,137.1898193359375,43747.77734375,0.021097499877214432
20922,418.44,okx,7,0.7238613963127136,823.9192504882812,588.1458740234375,1041.0919189453125,735.4815673828125,217.17266845703125,147.335693359375,31997.28515625,0.015430789440870285
20922,418.44,okx,7,0.5999718308448792,1206.2657470703125,484.2409362792969,1493.4261474609375,585.1712036132812,287.160400390625,100.93026733398438,28983.17578125,0.013977225869894028
20922,418.44,okx,7,0.5477637648582458,926.436279296875,624.5494384765625,1041.2645263671875,734.7900390625,114.8282470703125,110.2406005859375,12658.7353515625,0.00610471423715353
20928,418.56,okx,7,0.8216705322265625,869.3727416992188,544.482666015625,930.826171875,620.5061645507812,61.45343017578125,76.02349853515625,4671.90478515625,0.002253040438517928
20928,418.56,okx,7,0.42120012640953064,1117.274169921875,445.2958984375,1295.260986328125,530.6187744140625,177.98681640625,85.3228759765625,15186.3466796875,0.0073236627504229546
20934,418.68,okx,7,0.4832881987094879,1131.5269775390625,436.3038330078125,1191.9481201171875,484.12835693359375,60.421142578125,47.82452392578125,2889.6123046875,0.0013935244642198086
20940,418.8,okx,7,0.6515729427337646,1194.195068359375,483.08758544921875,1245.220703125,521.0086059570312,51.025634765625,37.9210205078125,1934.944091796875,0.0009331327746622264
21138,422.76,okx,7,0.4629260003566742,345.1358337402344,568.8194580078125,378.91094970703125,580.4170532226562,33.775115966796875,11.59759521484375,391.7101135253906,0.00018890341743826866
21150,423.0,okx,7,0.4233071208000183,934.6118774414062,519.7127075195312,963.872314453125,525.43017578125,29.26043701171875,5.71746826171875,167.29562377929688,8.06788302725181e-05
21162,423.24,okx,7,0.6001642942428589,997.5782470703125,532.0617065429688,1019.7052001953125,536.3505859375,22.126953125,4.28887939453125,94.89983367919922,4.576573701342568e-05
21198,423.96,okx,7,0.48348599672317505,1177.599365234375,560.6809692382812,1214.9178466796875,567.897705078125,37.3184814453125,7.21673583984375,269.317626953125,0.00012987926311325282
21210,424.2,okx,7,0.40259623527526855,1216.9801025390625,573.1433715820312,1249.6806640625,580.548583984375,32.7005615234375,7.40521240234375,242.15460205078125,0.00011677980364765972
21222,424.44,okx,7,0.6318978071212769,1272.702880859375,583.5209350585938,1308.2158203125,591.7169189453125,35.512939453125,8.19598388671875,291.0634765625,0.0001403662608936429
21228,424.56,okx,7,0.6502291560173035,1312.795166015625,588.67822265625,1353.6585693359375,597.325439453125,40.8634033203125,8.647216796875,353.3547058105469,0.00017040639068000019
21228,424.56,okx,7,0.41263577342033386,1364.5997314453125,586.76171875,1402.9410400390625,595.4851684570312,38.34130859375,8.72344970703125,334.4684753417969,0.00016129844880197197
21240,424.8,okx,7,0.7123960256576538,1370.439208984375,607.0411987304688,1420.4342041015625,620.5516967773438,49.9949951171875,13.510498046875,675.457275390625,0.0003257413627579808
21240,424.8,okx,7,0.41806909441947937,1460.3148193359375,604.6828002929688,1504.0159912109375,617.08154296875,43.701171875,12.39874267578125,541.839599609375,0.00026130382320843637
21246,424.92,okx,7,0.8006022572517395,1454.3118896484375,628.1438598632812,1525.830810546875,642.1319580078125,71.5189208984375,13.98809814453125,1000.4136962890625,0.0004824525967705995
21252,425.04,okx,7,0.8351231217384338,1366.096923828125,667.2338256835938,1450.619140625,686.7002563476562,84.522216796875,19.4664306640625,1645.3458251953125,0.0007934730965644121
21258,425.16,okx,7,0.6458518505096436,1068.391357421875,741.8629760742188,1176.321044921875,766.633056640625,107.9296875,24.77008056640625,2673.427001953125,0.0012892683735117316
21306,426.12,petronas,9,0.4863811135292053,955.537353515625,531.7985229492188,996.300537109375,537.840087890625,40.76318359375,6.04156494140625,246.27342224121094,0.00011876611824845895
21318,426.36,petronas,9,0.49603092670440674,1023.0396728515625,537.5700073242188,1070.499267578125,546.3706665039062,47.4595947265625,8.8006591796875,417.67572021484375,0.00020142539869993925
21324,426.48,petronas,9,0.409701943397522,1084.0284423828125,536.0958862304688,1126.1923828125,543.956787109375,42.1639404296875,7.86090087890625,331.4465637207031,0.00015984113269951195
21336,426.72,petronas,9,0.5652098059654236,1064.4603271484375,522.8524169921875,1092.670654296875,528.1212768554688,28.2103271484375,5.26885986328125,148.63626098632812,7.168029696913436e-05
21372,427.44,hp,4,0.5035279393196106,1228.273681640625,604.6726684570312,1259.55224609375,618.3985595703125,31.278564453125,13.72589111328125,429.326171875,0.00020704387861769646
21378,427.56,hp,4,0.5704647898674011,1103.67431640625,625.4564819335938,1121.977294921875,636.7592163085938,18.302978515625,11.302734375,206.8737030029297,9.976547880796716e-05
21378,427.56,hp,4,0.43233147263526917,1192.656005859375,622.8307495117188,1212.77587890625,633.3463745117188,20.119873046875,10.515625,211.5730438232422,0.00010203175042988732
21384,427.68,hp,4,0.6038293838500977,1035.517578125,645.6080322265625,1056.7470703125,659.405517578125,21.2294921875,13.7974853515625,292.9136047363281,0.000141258497023955
21384,427.68,hp,4,0.5445476174354553,1135.422119140625,642.6300659179688,1157.92333984375,656.108154296875,22.501220703125,13.47808837890625,303.2734375,0.00014625454787164927
21390,427.8,hp,4,0.7673885822296143,1049.1265869140625,668.4730224609375,1077.286865234375,685.6328125,28.1602783203125,17.1597900390625,483.2244567871094,0.00023303648049477488
21390,427.8,hp,4,0.4667937159538269,1071.2467041015625,539.4664916992188,1099.2337646484375,554.22607421875,27.987060546875,14.75958251953125,413.07733154296875,0.0001992078177863732
21396,427.92,hp,4,0.766189694404602,780.912353515625,700.4928588867188,810.845458984375,718.2354736328125,29.93310546875,17.74261474609375,531.091552734375,0.0002561205474194139
21396,427.92,hp,4,0.699800968170166,916.2706298828125,695.8229370117188,951.9550170898438,714.9535522460938,35.68438720703125,19.130615234375,682.664306640625,0.0003292169712949544
21396,427.92,hp,4,0.6686467528343201,958.8345947265625,541.5836181640625,991.5302124023438,559.4175415039062,32.69561767578125,17.83392333984375,583.0911254882812,0.0002811974845826626
21402,428.04,hp,4,0.8088619112968445,802.5379028320312,544.11669921875,831.3178100585938,563.4068603515625,28.7799072265625,19.2901611328125,555.1690673828125,0.00026773198624141514
21402,428.04,hp,4,0.726428210735321,707.8761596679688,734.4531860351562,742.7880859375,756.049560546875,34.91192626953125,21.59637451171875,753.9710083007812,0.0003636048350017518
21408,428.16,hp,4,0.8205318450927734,562.3490600585938,546.3419799804688,596.0548706054688,570.1603393554688,33.705810546875,23.818359375,802.817138671875,0.0003871610388159752
21408,428.16,okx,7,0.7533846497535706,1393.2100830078125,420.83062744140625,1439.830322265625,431.3325500488281,46.6202392578125,10.501922607421875,489.6021423339844,0.00023611214419361204
21408,428.16,hp,4,0.6910703778266907,388.9410095214844,792.46728515625,420.66534423828125,810.387451171875,31.724334716796875,17.920166015625,568.50537109375,0.000274163467111066
21414,428.28,okx,7,0.7071134448051453,1353.162353515625,401.9660339355469,1409.1422119140625,415.4781799316406,55.9798583984375,13.51214599609375,756.4080200195312,0.0003647801058832556
21420,428.4,okx,7,0.7735691070556641,1312.8978271484375,397.9435119628906,1384.8768310546875,412.9101867675781,71.97900390625,14.9666748046875,1077.286376953125,0.0005195246776565909
21426,428.52,okx,7,0.8263799548149109,1272.3790283203125,396.797119140625,1359.8966064453125,415.85357666015625,87.517578125,19.05645751953125,1667.7750244140625,0.000804289651568979
21432,428.64,okx,7,0.8518630266189575,1279.5806884765625,407.75286865234375,1356.517333984375,428.9611511230469,76.9366455078125,21.208282470703125,1631.694091796875,0.0007868895190767944
21438,428.76,okx,7,0.779157817363739,1364.9962158203125,401.51983642578125,1457.099365234375,422.16375732421875,92.1031494140625,20.6439208984375,1901.3701171875,0.0009169416152872145
21444,428.88,okx,7,0.5899282693862915,1763.7305908203125,383.7323913574219,1845.6475830078125,403.6055603027344,81.9169921875,19.8731689453125,1627.9501953125,0.0007850840338505805
21450,429.0,okx,7,0.8018026351928711,1763.761962890625,557.216796875,1870.1025390625,610.9472045898438,106.340576171875,53.73040771484375,5713.72265625,0.0027554603293538094
21450,429.0,okx,7,0.6812289357185364,1880.3851318359375,573.25341796875,1920.1988525390625,659.0406494140625,39.813720703125,85.7872314453125,3415.5087890625,0.0016471396666020155
21456,429.12,okx,7,0.7409855127334595,1749.2357177734375,491.3472595214844,1920.52294921875,525.5724487304688,171.2872314453125,34.225189208984375,5862.337890625,0.002827130490913987
21642,432.84,atlasian,1,0.5901676416397095,522.71533203125,792.9138793945312,841.1656494140625,1069.4058837890625,318.4503173828125,276.49200439453125,88048.96875,0.04246188700199127
21678,433.56,atlasian,1,0.48804259300231934,892.3428955078125,148.9892578125,1342.1842041015625,1038.5479736328125,449.84130859375,889.5587158203125,400160.25,0.19297851622104645
21678,433.56,atlasian,1,0.486582487821579,1773.0972900390625,744.3114013671875,1919.6451416015625,1005.8778686523438,146.5478515625,261.56646728515625,38332.00390625,0.018485726788640022
21684,433.68,hp,4,0.40306204557418823,950.2869873046875,902.05615234375,976.9935302734375,933.9384765625,26.70654296875,31.88232421875,851.4666748046875,0.00041062242235057056
21744,434.88,okx,7,0.5031604170799255,1294.316650390625,877.6900634765625,1340.677978515625,898.2592163085938,46.361328125,20.56915283203125,953.6132202148438,0.000459882925497368
21756,435.12,okx,7,0.4237425625324249,1133.5975341796875,883.789306640625,1171.092041015625,900.6818237304688,37.4945068359375,16.89251708984375,633.3765869140625,0.0003054478147532791
21762,435.24,okx,7,0.6463381052017212,1065.889892578125,878.6638793945312,1095.2039794921875,896.9342041015625,29.3140869140625,18.27032470703125,535.577880859375,0.00025828409707173705
21774,435.48,okx,7,0.5451334118843079,928.4305419921875,851.97021484375,957.9405517578125,867.2371826171875,29.510009765625,15.2669677734375,450.52838134765625,0.0002172687090933323
21780,435.6,okx,7,0.5585001707077026,871.4766235351562,827.765869140625,908.7410888671875,844.1694946289062,37.26446533203125,16.40362548828125,611.2723388671875,0.0002947879838757217
21786,435.72,okx,7,0.5646675229072571,827.0443115234375,800.8006591796875,862.5368041992188,818.4304809570312,35.49249267578125,17.62982177734375,625.726318359375,0.0003017584385816008
21798,435.96,okx,7,0.42669549584388733,730.8682250976562,736.699951171875,763.0033569335938,750.948486328125,32.1351318359375,14.24853515625,457.8785705566406,0.00022081335191614926
21804,436.08,okx,7,0.4068000614643097,711.3984375,702.1577758789062,737.8741455078125,720.830322265625,26.4757080078125,18.67254638671875,494.368896484375,0.00023841092479415238
21810,436.2,okx,7,0.460946261882782,686.7457885742188,628.184326171875,726.5391845703125,635.1768188476562,39.79339599609375,6.99249267578125,278.2550354003906,0.0001341893512289971
21822,436.44,okx,7,0.41993528604507446,651.2151489257812,561.7528076171875,687.4351806640625,569.6253662109375,36.22003173828125,7.87255859375,285.1443176269531,0.000137511728098616
21834,436.68,okx,7,0.4348567724227905,602.302490234375,522.5630493164062,645.5321044921875,532.2001342773438,43.2296142578125,9.6370849609375,416.6074523925781,0.0002009102317970246
21840,436.8,okx,7,0.4861309230327606,596.1873779296875,508.254638671875,634.5935668945312,517.366943359375,38.40618896484375,9.1123046875,349.9689025878906,0.00016877357847988605
21846,436.92,okx,7,0.576045036315918,613.6282958984375,495.75531005859375,656.2565307617188,505.0962219238281,42.62823486328125,9.340911865234375,398.18658447265625,0.00019202670955564827
21852,437.04,okx,7,0.7124373912811279,624.7221069335938,485.3609619140625,665.51904296875,495.3010559082031,40.79693603515625,9.940093994140625,405.525390625,0.00019556586630642414
21858,437.16,okx,7,0.7090983986854553,641.6505737304688,477.53240966796875,680.4436645507812,488.52069091796875,38.7930908203125,10.98828125,426.2693786621094,0.00020556972594931722
21858,437.16,okx,7,0.5389367938041687,1161.823486328125,443.4573974609375,1188.1689453125,457.9289855957031,26.345458984375,14.471588134765625,381.2606201171875,0.00018386410374660045
21864,437.28,okx,7,0.5472533106803894,1105.0836181640625,439.694580078125,1129.6904296875,450.7692565917969,24.6068115234375,11.074676513671875,272.5124816894531,0.00013141999079380184
21864,437.28,okx,7,0.5269804000854492,667.8136596679688,476.52783203125,703.4699096679688,486.6856994628906,35.65625,10.157867431640625,362.19146728515625,0.00017466794815845788
21870,437.4,okx,7,0.6127383708953857,684.2625122070312,477.27423095703125,724.5477905273438,486.3612365722656,40.2852783203125,9.087005615234375,366.0725402832031,0.00017653961549513042
21870,437.4,okx,7,0.4188537299633026,1035.42724609375,431.41876220703125,1070.4486083984375,446.2625732421875,35.0213623046875,14.84381103515625,519.8504638671875,0.00025069949333555996
21876,437.52,okx,7,0.5984902381896973,709.8096923828125,477.5603942871094,754.0140380859375,488.2709045410156,44.204345703125,10.71051025390625,473.45111083984375,0.00022832326067145914
21876,437.52,okx,7,0.4631212651729584,1005.5411987304688,421.174072265625,1038.8338623046875,437.107421875,33.29266357421875,15.933349609375,530.463623046875,0.0002558177220635116
21876,437.52,okx,7,0.4402850270271301,1040.91259765625,388.9642028808594,1076.1436767578125,396.05316162109375,35.2310791015625,7.088958740234375,249.7516632080078,0.00012044351024087518
21882,437.64,okx,7,0.688179075717926,735.8704833984375,482.99163818359375,778.3865356445312,491.712646484375,42.51605224609375,8.72100830078125,370.7828369140625,0.00017881116946227849
21882,437.64,okx,7,0.4418451488018036,956.828857421875,418.5948791503906,989.3026123046875,433.4390869140625,32.4737548828125,14.844207763671875,482.0471496582031,0.00023246872297022492
21888,437.76,okx,7,0.6971442103385925,763.4314575195312,486.81561279296875,803.2247314453125,495.2336730957031,39.79327392578125,8.418060302734375,334.982177734375,0.00016154619515873492
21894,437.88,okx,7,0.6525627374649048,784.4462280273438,490.0785217285156,827.3378295898438,497.69708251953125,42.8916015625,7.618560791015625,326.77227783203125,0.00015758693916723132
21900,438.0,okx,7,0.6491726636886597,811.5724487304688,493.31195068359375,852.0538940429688,501.1577453613281,40.4814453125,7.845794677734375,317.6091003417969,0.0001531679736217484
21906,438.12,okx,7,0.6349381804466248,835.5097045898438,495.293701171875,876.7390747070312,503.5021667480469,41.2293701171875,8.208465576171875,338.42987060546875,0.00016320885333698243
21912,438.24,okx,7,0.7188214063644409,857.4879150390625,495.7027282714844,897.4691772460938,503.755859375,39.98126220703125,8.053131103515625,321.9743347167969,0.00015527311188634485
21918,438.36,okx,7,0.6647008061408997,884.3038940429688,496.1811828613281,924.1735229492188,505.1114807128906,39.86962890625,8.9302978515625,356.04766845703125,0.00017170509090647101
21924,438.48,okx,7,0.6446905732154846,906.2601928710938,498.78704833984375,947.903564453125,506.1576843261719,41.64337158203125,7.370635986328125,306.9381408691406,0.0001480218634242192
21924,438.48,okx,7,0.44783854484558105,821.203369140625,366.4970397949219,855.7399291992188,372.88446044921875,34.53656005859375,6.387420654296875,220.5995330810547,0.00010638480307534337
21930,438.6,okx,7,0.6167296171188354,823.7035522460938,365.1218566894531,857.1570434570312,371.59051513671875,33.4534912109375,6.468658447265625,216.3992156982422,0.00010435919102746993
21942,438.84,okx,7,0.43923360109329224,969.6663818359375,503.5541076660156,1011.5,511.19989013671875,41.8336181640625,7.645782470703125,319.8507385253906,0.0001542490063002333
21948,438.96,okx,7,0.47730469703674316,892.8873291015625,372.97125244140625,922.7658081054688,379.7869873046875,29.87847900390625,6.81573486328125,203.64378356933594,9.820784180192277e-05
21954,439.08,okx,7,0.5157256722450256,997.5703735351562,505.7474670410156,1032.3087158203125,512.6533813476562,34.73834228515625,6.905914306640625,239.90000915527344,0.00011569252092158422
21960,439.2,okx,7,0.5454044342041016,995.9204711914062,503.4276428222656,1028.7437744140625,510.2383728027344,32.82330322265625,6.81072998046875,223.5506591796875,0.00010780799493659288
21966,439.32,okx,7,0.5595992207527161,1036.1617431640625,497.85205078125,1067.9185791015625,504.5618591308594,31.7568359375,6.709808349609375,213.082275390625,0.00010275958629790694
21972,439.44,okx,7,0.42868295311927795,1041.0823974609375,492.6552734375,1071.8984375,498.768798828125,30.8160400390625,6.113525390625,188.39463806152344,9.085389319807291e-05
21978,439.56,okx,7,0.5278831720352173,1048.232421875,484.71551513671875,1081.2935791015625,490.9772644042969,33.0611572265625,6.261749267578125,207.0206756591797,9.983636118704453e-05
21984,439.68,okx,7,0.5956463813781738,1066.457763671875,476.63909912109375,1099.7646484375,484.37158203125,33.306884765625,7.73248291015625,257.544921875,0.0001242018333869055
21990,439.8,okx,7,0.5932382345199585,1057.220703125,469.5449523925781,1087.91845703125,476.5907897949219,30.69775390625,7.04583740234375,216.2913818359375,0.00010430718975840136
21990,439.8,okx,7,0.42143601179122925,1048.2381591796875,552.384521484375,1082.4654541015625,573.5880737304688,34.227294921875,21.20355224609375,725.740234375,0.00034999047056771815
21996,439.92,okx,7,0.47176674008369446,1116.32763671875,467.8684997558594,1147.8916015625,474.8067321777344,31.56396484375,6.938232421875,218.9981231689453,0.00010561251838225871
21996,439.92,okx,7,0.4002634584903717,1041.04345703125,556.2332763671875,1089.369384765625,581.4524536132812,48.325927734375,25.21917724609375,1218.7401123046875,0.00058774120407179
22002,440.04,okx,7,0.45125362277030945,1125.9691162109375,468.4029541015625,1165.3370361328125,476.5106506347656,39.367919921875,8.107696533203125,319.1831359863281,0.00015392705972772092
22008,440.16,okx,7,0.44152721762657166,976.6480712890625,575.0997314453125,1018.74169921875,599.5137939453125,42.0936279296875,24.4140625,1027.676513671875,0.0004956001648679376
22014,440.28,okx,7,0.5293302536010742,916.7018432617188,582.183349609375,966.8970947265625,602.487548828125,50.19525146484375,20.30419921875,1019.1743774414062,0.0004915000172331929
22026,440.52,okx,7,0.4078249931335449,802.578125,565.4588623046875,845.8536987304688,588.8878173828125,43.27557373046875,23.428955078125,1013.9014892578125,0.0004889570991508663
22044,440.88,okx,7,0.4001457989215851,799.33544921875,508.2734375,821.7958374023438,532.1924438476562,22.46038818359375,23.91900634765625,537.2301635742188,0.0002590809017419815
22086,441.72,okx,7,0.7392409443855286,890.30615234375,352.9672546386719,955.6561889648438,368.47039794921875,65.35003662109375,15.503143310546875,1013.1309814453125,0.0004885855596512556
22086,441.72,okx,7,0.49808984994888306,804.8334350585938,355.73828125,870.34033203125,371.3767395019531,65.50689697265625,15.638458251953125,1024.4268798828125,0.0004940330400131643
22092,441.84,okx,7,0.7389124035835266,834.237548828125,351.9095764160156,940.0150756835938,369.4294128417969,105.77752685546875,17.51983642578125,1853.2049560546875,0.0008937137899920344
22098,441.96,okx,7,0.8137224912643433,850.109130859375,348.701171875,924.4207763671875,365.25128173828125,74.3116455078125,16.55010986328125,1229.8658447265625,0.0005931066116318107
22104,442.08,okx,7,0.7790743708610535,872.525634765625,345.93878173828125,1001.86669921875,363.65283203125,129.341064453125,17.71405029296875,2291.154052734375,0.0011049160966649652
22110,442.2,okx,7,0.8057950735092163,882.5250244140625,337.90826416015625,995.501953125,355.7221374511719,112.9769287109375,17.813873291015625,2012.556640625,0.000970561639405787
22116,442.32,okx,7,0.8057830929756165,888.143310546875,336.9454650878906,991.26318359375,354.6823425292969,103.119873046875,17.73687744140625,1829.0245361328125,0.000882052700035274
22122,442.44,okx,7,0.5767963528633118,914.4886474609375,330.7536315917969,987.6365966796875,349.97607421875,73.14794921875,19.222442626953125,1406.082275390625,0.0006780875264666975
22122,442.44,okx,7,0.41468310356140137,1013.368408203125,329.318115234375,1080.8603515625,346.68841552734375,67.491943359375,17.37030029296875,1172.3553466796875,0.0005653719999827445
22128,442.56,okx,7,0.7686670422554016,923.29248046875,329.9859313964844,1041.9796142578125,349.6224060058594,118.6871337890625,19.636474609375,2330.596923828125,0.0011239375453442335
22128,442.56,okx,7,0.41311001777648926,74.40290832519531,193.10888671875,139.2109375,244.32418823242188,64.80802917480469,51.215301513671875,3319.162841796875,0.0016006765654310584
22134,442.68,okx,7,0.8291051983833313,942.4995727539062,327.53515625,1042.0986328125,348.1864013671875,99.59906005859375,20.6512451171875,2056.844482421875,0.000991919543594122
22140,442.8,okx,7,0.7598826885223389,947.8932495117188,323.0291442871094,1038.7396240234375,343.2366027832031,90.84637451171875,20.20745849609375,1835.7742919921875,0.0008853078470565379
22140,442.8,okx,7,0.48880669474601746,53.83053970336914,48.44440460205078,141.6606903076172,62.5693244934082,87.83015441894531,14.124919891357422,1240.5938720703125,0.0005982802249491215
22146,442.92,okx,7,0.5197771191596985,950.6699829101562,309.3669128417969,1126.108642578125,333.17578125,175.43865966796875,23.808868408203125,4176.99609375,0.002014369238168001
22152,443.04,okx,7,0.820165753364563,939.1488647460938,283.22064208984375,1028.33447265625,303.5987548828125,89.18560791015625,20.37811279296875,1817.434326171875,0.0008764633093960583
22158,443.16,okx,7,0.8405029773712158,927.7646484375,264.1710510253906,1050.6986083984375,285.9350280761719,122.9339599609375,21.76397705078125,2675.531982421875,0.0012902835151180625
22164,443.28,okx,7,0.746016263961792,946.3704833984375,259.7283630371094,1047.328125,281.6358947753906,100.9576416015625,21.90753173828125,2211.732666015625,0.0010666148737072945
22170,443.4,okx,7,0.6825047135353088,973.7454833984375,259.38336181640625,1086.1416015625,281.6620178222656,112.3961181640625,22.278656005859375,2504.034423828125,0.0012075783452019095
22170,443.4,okx,7,0.6146426200866699,176.5023193359375,7.569933891296387,266.5907287597656,24.622323989868164,90.08840942382812,17.052391052246094,1536.2227783203125,0.0007408481906168163
22176,443.52,okx,7,0.6835001111030579,993.4564819335938,267.74346923828125,1104.813232421875,288.0059814453125,111.35675048828125,20.26251220703125,2256.367431640625,0.0010881401831284165
22176,443.52,okx,7,0.6179091334342957,233.45452880859375,31.177310943603516,335.0920715332031,47.16841506958008,101.63754272460938,15.991104125976562,1625.2965087890625,0.000783804280217737
22182,443.64,okx,7,0.8282589912414551,1023.3458251953125,274.25,1127.8172607421875,296.792724609375,104.471435546875,22.542724609375,2355.07080078125,0.0011357401963323355
22182,443.64,okx,7,0.7275152206420898,320.2569580078125,62.806461334228516,393.14129638671875,77.60951232910156,72.88433837890625,14.803050994873047,1078.9105224609375,0.0005203079199418426
22188,443.76,okx,7,0.7776090502738953,421.5899353027344,100.25816345214844,502.16510009765625,115.44615936279297,80.57516479492188,15.187995910644531,1223.7752685546875,0.0005901693948544562
22194,443.88,okx,7,0.728561520576477,548.4033813476562,137.03932189941406,623.5684204101562,151.22767639160156,75.1650390625,14.1883544921875,1066.46826171875,0.0005143075832165778
22194,443.88,okx,7,0.6573296189308167,1116.82421875,295.3642883300781,1227.0736083984375,318.878662109375,110.2493896484375,23.514373779296875,2592.4453125,0.0012502147583290935
22200,444.0,okx,7,0.6659393906593323,1163.77294921875,308.34869384765625,1258.8719482421875,329.56884765625,95.0989990234375,21.22015380859375,2018.015380859375,0.0009731941390782595
22206,444.12,okx,7,0.5193646550178528,823.7785034179688,186.3018798828125,911.6409912109375,199.8794708251953,87.86248779296875,13.577590942382812,1192.9609375,0.0005753090954385698
22206,444.12,okx,7,0.4842401444911957,1207.421142578125,317.68914794921875,1291.8018798828125,340.11578369140625,84.3807373046875,22.4266357421875,1892.3760986328125,0.0009126042132265866
22212,444.24,okx,7,0.6027456521987915,986.904052734375,199.63172912597656,1058.387939453125,212.86273193359375,71.48388671875,13.231002807617188,945.8035278320312,0.000456116657005623
22212,444.24,okx,7,0.4388345181941986,1229.7818603515625,325.1852722167969,1319.249267578125,351.9129638671875,89.4674072265625,26.727691650390625,2391.25732421875,0.0011531912023201585
22218,444.36,okx,7,0.8131843209266663,1455.548583984375,323.7590637207031,1572.12255859375,349.1357421875,116.573974609375,25.376678466796875,2958.26025390625,0.001426630187779665
22218,444.36,okx,7,0.627037525177002,1156.7418212890625,211.06060791015625,1240.6761474609375,226.64344787597656,83.934326171875,15.582839965820312,1307.9351806640625,0.0006307557923719287
22224,444.48,okx,7,0.4306088387966156,1341.0550537109375,209.40003967285156,1428.102783203125,223.19969177246094,87.0477294921875,13.799652099609375,1201.2283935546875,0.0005792960873804986
22248,444.96,okx,7,0.523958683013916,1637.5567626953125,284.0999450683594,1911.296142578125,316.57470703125,273.7393798828125,32.474761962890625,8889.62109375,0.004287047311663628
22260,445.2,okx,7,0.5492854118347168,1725.0498046875,298.6446533203125,1918.9776611328125,331.7567138671875,193.9278564453125,33.112060546875,6421.35107421875,0.0030967164784669876
22278,445.56,okx,7,0.6990643739700317,1529.32080078125,581.8931274414062,1659.1844482421875,677.407470703125,129.8636474609375,95.51434326171875,12403.8408203125,0.005981790367513895
22284,445.68,okx,7,0.8850579857826233,1487.6011962890625,597.681396484375,1631.6180419921875,692.9810180664062,144.016845703125,95.29962158203125,13724.7509765625,0.0066188033670187
22284,445.68,okx,7,0.7467333674430847,1289.33544921875,571.5487060546875,1435.681396484375,619.8095092773438,146.345947265625,48.26080322265625,7062.77294921875,0.0034060440957546234
22290,445.8,okx,7,0.856561541557312,1375.4927978515625,595.09814453125,1515.738525390625,692.0436401367188,140.2457275390625,96.94549560546875,13596.19140625,0.006556805223226547
22296,445.92,okx,7,0.8443315625190735,1248.1483154296875,600.2191162109375,1372.8641357421875,697.8619995117188,124.7158203125,97.64288330078125,12177.6123046875,0.005872691050171852
22302,446.04,okx,7,0.8345460891723633,1108.0885009765625,598.278076171875,1216.4327392578125,693.7807006835938,108.34423828125,95.50262451171875,10347.1591796875,0.004989949520677328
22308,446.16,okx,7,0.5284088850021362,912.174560546875,583.4526977539062,1066.9805908203125,691.0195922851562,154.8060302734375,107.56689453125,16652.00390625,0.008030480705201626
22308,446.16,okx,7,0.41662856936454773,978.605224609375,601.982177734375,1066.8675537109375,690.6703491210938,88.2623291015625,88.68817138671875,7827.82470703125,0.0037749926559627056
22314,446.28,okx,7,0.8419452905654907,869.7108764648438,604.8750610351562,934.1198120117188,680.0931396484375,64.408935546875,75.21807861328125,4844.71630859375,0.002336379373446107
22320,446.4,okx,7,0.788032591342926,773.3178100585938,600.3904418945312,827.8007202148438,668.3662719726562,54.48291015625,67.975830078125,3703.52099609375,0.001786034437827766
22320,446.4,okx,7,0.6528689861297607,1076.843994140625,524.593994140625,1141.683837890625,562.153564453125,64.83984375,37.5595703125,2435.356689453125,0.0011744583025574684
22338,446.76,okx,7,0.7062792181968689,877.2369384765625,595.4586181640625,927.5737915039062,626.6598510742188,50.33685302734375,31.20123291015625,1570.5718994140625,0.0007574131595902145
22368,447.36,okx,7,0.6638110280036926,1002.4846801757812,930.2525634765625,1098.8482666015625,1065.7392578125,96.36358642578125,135.4866943359375,13055.9833984375,0.006296288222074509
22368,447.36,okx,7,0.4870016872882843,1424.933837890625,727.3883666992188,1745.4552001953125,846.795654296875,320.5213623046875,119.40728759765625,38272.5859375,0.018457071855664253
22374,447.48,okx,7,0.5704553127288818,737.3654174804688,329.5279846191406,893.015625,420.4649658203125,155.65020751953125,90.93698120117188,14154.3603515625,0.006825983989983797
22380,447.6,okx,7,0.9082969427108765,710.388671875,316.853759765625,918.2343139648438,429.0794982910156,207.84564208984375,112.22573852539062,23325.630859375,0.011248857714235783
22386,447.72,okx,7,0.8985442519187927,717.69384765625,318.5437927246094,943.54736328125,408.7516174316406,225.853515625,90.20782470703125,20373.75390625,0.009825306013226509
22392,447.84,okx,7,0.5799003839492798,820.8353271484375,323.67169189453125,948.0637817382812,388.6227111816406,127.22845458984375,64.95101928710938,8263.6181640625,0.003985155373811722
22398,447.96,okx,7,0.8047560453414917,819.2333374023438,316.65234375,955.8421630859375,384.7929992675781,136.60882568359375,68.14065551757812,9308.615234375,0.004489108454436064
22404,448.08,okx,7,0.7477137446403503,801.8128051757812,310.6047058105469,951.333984375,393.2509460449219,149.52117919921875,82.646240234375,12357.36328125,0.005959376692771912
22410,448.2,okx,7,0.9240946769714355,745.2833862304688,311.23095703125,961.094970703125,393.2769470214844,215.81158447265625,82.04598999023438,17706.474609375,0.008539002388715744
22416,448.32,okx,7,0.7788782119750977,791.9262084960938,297.5946350097656,944.1626586914062,381.0060729980469,152.2364501953125,83.41143798828125,12698.2607421875,0.006123775616288185
22422,448.44,okx,7,0.8181319832801819,818.5335693359375,318.6253356933594,960.2108154296875,362.93084716796875,141.67724609375,44.305511474609375,6277.0830078125,0.0030271427240222692
22428,448.56,okx,7,0.8034519553184509,823.3716430664062,320.55291748046875,959.69091796875,363.9718017578125,136.31927490234375,43.41888427734375,5918.8310546875,0.0028543744701892138
22434,448.68,okx,7,0.9122567772865295,781.1324462890625,322.67449951171875,991.1506958007812,394.0494384765625,210.01824951171875,71.37493896484375,14990.0400390625,0.0072289928793907166
22440,448.8,okx,7,0.9296820759773254,777.0050659179688,313.0760803222656,989.59033203125,389.74737548828125,212.58526611328125,76.67129516601562,16299.1875,0.007860333658754826
22446,448.92,okx,7,0.9156928062438965,767.3671264648438,308.5661926269531,973.831787109375,379.9678955078125,206.46466064453125,71.40170288085938,14741.9287109375,0.007109340745955706
22452,449.04,okx,7,0.9364904761314392,747.5409545898438,312.8536376953125,961.3695068359375,387.6804504394531,213.82855224609375,74.82681274414062,16000.109375,0.007716102059930563
22458,449.16,okx,7,0.7713302969932556,844.6561279296875,310.1644287109375,978.8272705078125,355.406982421875,134.171142578125,45.2425537109375,6070.2451171875,0.002927394350990653
22464,449.28,okx,7,0.9103317856788635,779.4556274414062,302.29052734375,984.6470336914062,367.867919921875,205.19140625,65.577392578125,13455.9169921875,0.006489157676696777
22470,449.4,okx,7,0.915398359298706,793.821044921875,295.9079284667969,973.087890625,356.6293029785156,179.266845703125,60.72137451171875,10885.3291015625,0.00524948351085186
22476,449.52,okx,7,0.896328330039978,775.8645629882812,298.90081787109375,956.5025634765625,357.1141052246094,180.63800048828125,58.213287353515625,10515.5322265625,0.005071147810667753
22482,449.64,okx,7,0.8570473194122314,713.3283081054688,303.5956726074219,944.4078979492188,388.9712829589844,231.07958984375,85.3756103515625,19728.560546875,0.00951415952295065
22488,449.76,okx,7,0.8883751034736633,832.992919921875,307.8502502441406,988.7245483398438,372.0352783203125,155.73162841796875,64.18502807617188,9995.638671875,0.004820427391678095
22494,449.88,okx,7,0.8936073780059814,857.2823486328125,300.5367126464844,1079.4296875,373.04937744140625,222.1473388671875,72.51266479492188,16108.4951171875,0.007768371608108282
22500,450.0,okx,7,0.9197372794151306,913.0097045898438,297.6923828125,1132.619873046875,376.79766845703125,219.61016845703125,79.10528564453125,17372.32421875,0.008377856574952602
22506,450.12,okx,7,0.886008620262146,893.6405029296875,297.7041015625,1124.421875,369.75750732421875,230.7813720703125,72.05340576171875,16628.583984375,0.00801918562501669
22512,450.24,okx,7,0.872113049030304,929.527099609375,298.02301025390625,1146.13037109375,371.5515441894531,216.603271484375,73.52853393554688,15926.521484375,0.00768061401322484
22518,450.36,okx,7,0.9021984934806824,1027.7623291015625,294.38482666015625,1214.3206787109375,368.3277893066406,186.558349609375,73.94296264648438,13794.6767578125,0.0066525256261229515
22524,450.48,okx,7,0.9132364392280579,1020.6818237304688,287.7848815917969,1221.607421875,359.48175048828125,200.92559814453125,71.69686889648438,14405.736328125,0.006947210989892483
22530,450.6,okx,7,0.9074186086654663,1014.5829467773438,284.01519775390625,1204.6962890625,361.7023010253906,190.11334228515625,77.68710327148438,14769.3544921875,0.007122566923499107
22536,450.72,okx,7,0.9092282652854919,999.9164428710938,284.7478332519531,1214.3038330078125,359.565185546875,214.38739013671875,74.81735229492188,16039.896484375,0.007735289633274078
22542,450.84,okx,7,0.901617705821991,935.0794067382812,283.6070861816406,1139.8106689453125,349.9739685058594,204.73126220703125,66.36688232421875,13587.3759765625,0.006552554201334715
22548,450.96,okx,7,0.8980360627174377,876.5698852539062,285.42950439453125,1086.47802734375,348.96502685546875,209.90814208984375,63.5355224609375,13336.623046875,0.006431627552956343
22554,451.08,okx,7,0.925064206123352,859.6727905273438,287.8628234863281,1079.0811767578125,355.41156005859375,219.40838623046875,67.54873657226562,14820.759765625,0.0071473573334515095
22560,451.2,okx,7,0.9146183729171753,839.2444458007812,294.54559326171875,1063.4227294921875,358.7169189453125,224.17828369140625,64.17132568359375,14385.8173828125,0.006937604863196611
22566,451.32,okx,7,0.9007956385612488,798.595947265625,290.3743591308594,1015.3008422851562,359.52081298828125,216.70489501953125,69.14645385742188,14984.375,0.007226261310279369
22572,451.44,okx,7,0.9142621755599976,772.383056640625,289.8614501953125,986.888671875,367.5099182128906,214.505615234375,77.64846801757812,16656.033203125,0.008032423444092274
22578,451.56,okx,7,0.8991453647613525,785.9193115234375,300.0125732421875,1000.6281127929688,371.4005126953125,214.70880126953125,71.387939453125,15327.619140625,0.007391791790723801
22584,451.68,okx,7,0.9006530046463013,778.955810546875,300.75909423828125,994.359375,376.4651794433594,215.403564453125,75.70608520507812,16307.3603515625,0.007864275015890598
22590,451.8,okx,7,0.9068715572357178,764.5396118164062,298.58489990234375,975.6795654296875,369.38323974609375,211.13995361328125,70.79833984375,14948.3583984375,0.007208892144262791
22596,451.92,okx,7,0.9234397411346436,784.4005126953125,282.89678955078125,1002.3446044921875,351.3760986328125,217.944091796875,68.47930908203125,14924.6611328125,0.007197463884949684
22602,452.04,okx,7,0.9249995350837708,790.312255859375,290.22113037109375,1003.2997436523438,362.20672607421875,212.98748779296875,71.985595703125,15332.03125,0.00739391939714551
22608,452.16,okx,7,0.9219436049461365,801.989013671875,282.87261962890625,1017.5374755859375,355.4613037109375,215.5484619140625,72.58868408203125,15646.37890625,0.00754551449790597
22614,452.28,okx,7,0.9237871170043945,794.5902709960938,308.22552490234375,1012.88818359375,381.59674072265625,218.29791259765625,73.3712158203125,16016.783203125,0.007724143099039793
22620,452.4,okx,7,0.9169082045555115,772.135009765625,310.9878845214844,980.8147583007812,389.26171875,208.67974853515625,78.27383422851562,16334.1640625,0.007877200841903687
22626,452.52,okx,7,0.907227635383606,737.6842651367188,319.74237060546875,958.1798706054688,402.43157958984375,220.49560546875,82.689208984375,18232.607421875,0.00879273097962141
22632,452.64,okx,7,0.9325404763221741,751.7979125976562,310.2928771972656,964.5183715820312,392.0157775878906,212.720458984375,81.722900390625,17384.1328125,0.008383551612496376
22638,452.76,okx,7,0.9237774014472961,755.6300048828125,309.3444519042969,961.8819580078125,389.71160888671875,206.251953125,80.36715698242188,16575.8828125,0.007993770763278008
22644,452.88,okx,7,0.9270516633987427,751.4903564453125,312.0358581542969,960.628173828125,395.7936706542969,209.1378173828125,83.7578125,17516.92578125,0.008447591215372086
22650,453.0,okx,7,0.9204362034797668,735.72998046875,321.0999450683594,957.6799926757812,413.021728515625,221.95001220703125,91.92178344726562,20402.041015625,0.009838947094976902
22656,453.12,okx,7,0.9226462841033936,751.763916015625,313.3395080566406,958.4442138671875,394.1215515136719,206.6802978515625,80.78204345703125,16696.056640625,0.00805172510445118
22662,453.24,okx,7,0.928301215171814,752.47412109375,310.38275146484375,962.6002197265625,390.9984130859375,210.1260986328125,80.61566162109375,16939.455078125,0.008169104345142841
22668,453.36,okx,7,0.9229739904403687,753.208984375,311.8836669921875,958.6885375976562,391.12548828125,205.47955322265625,79.2418212890625,16282.57421875,0.007852321490645409
22674,453.48,okx,7,0.9357503652572632,731.5487060546875,317.1654052734375,960.2319946289062,394.7415771484375,228.68328857421875,77.576171875,17740.375,0.008555350825190544
22680,453.6,okx,7,0.9367108345031738,736.2584228515625,314.0368347167969,953.4207153320312,393.9788513183594,217.16229248046875,79.9420166015625,17360.390625,0.008372101932764053
22686,453.72,okx,7,0.9373352527618408,731.6809692382812,315.2279052734375,950.330322265625,393.1820068359375,218.64935302734375,77.9541015625,17044.61328125,0.008219817653298378
22692,453.84,okx,7,0.941954493522644,744.606689453125,315.9296569824219,961.9287719726562,393.7727355957031,217.32208251953125,77.84307861328125,16917.01953125,0.008158285170793533
22698,453.96,okx,7,0.924849808216095,734.020263671875,323.6546630859375,950.0458374023438,402.0803527832031,216.02557373046875,78.42568969726562,16941.955078125,0.008170310407876968
22704,454.08,okx,7,0.9318071603775024,750.7015380859375,321.2096252441406,961.3017578125,395.8027648925781,210.6002197265625,74.5931396484375,15709.33203125,0.007575873751193285
22710,454.2,okx,7,0.9305566549301147,765.755859375,319.5420227050781,989.5195922851562,397.248291015625,223.76373291015625,77.70626831054688,17387.84375,0.008385341614484787
22716,454.32,okx,7,0.9137263298034668,760.4420776367188,337.3116455078125,968.953369140625,413.4546203613281,208.51129150390625,76.14297485351562,15876.669921875,0.007656572852283716
22716,454.32,okx,7,0.4330959618091583,1064.908447265625,454.99993896484375,1177.5238037109375,510.1815185546875,112.6153564453125,55.18157958984375,6214.29345703125,0.002996862167492509
22722,454.44,okx,7,0.9155731797218323,733.1107177734375,335.6837463378906,950.9320678710938,413.89947509765625,217.82135009765625,78.21572875976562,17037.0546875,0.008216172456741333
22728,454.56,okx,7,0.9306432604789734,738.3417358398438,321.1562805175781,961.5205688476562,405.8892517089844,223.1788330078125,84.73297119140625,18910.60546875,0.009119697846472263
22734,454.68,okx,7,0.9129500985145569,756.7512817382812,306.336669921875,962.4201049804688,385.0011291503906,205.6688232421875,78.66445922851562,16178.8271484375,0.007802289444953203
22740,454.8,okx,7,0.9324945211410522,773.6959228515625,311.4291076660156,994.1031494140625,389.8837890625,220.4072265625,78.45468139648438,17291.978515625,0.0083391098305583
22746,454.92,okx,7,0.9341250061988831,775.5210571289062,314.5491027832031,993.6760864257812,393.7152099609375,218.155029296875,79.16610717773438,17270.484375,0.00832874421030283
22752,455.04,okx,7,0.9248088598251343,779.1411743164062,314.6759338378906,997.8775634765625,391.2607727050781,218.73638916015625,76.5848388671875,16751.890625,0.008078650571405888
22758,455.16,okx,7,0.9346979856491089,790.7540893554688,314.4171142578125,1015.7418823242188,394.5597839355469,224.98779296875,80.14266967773438,18031.123046875,0.008695565164089203
22764,455.28,okx,7,0.9094820022583008,843.9843139648438,321.15814208984375,1004.1405639648438,389.7547912597656,160.15625,68.59664916992188,10986.181640625,0.005298119969666004
22770,455.4,okx,7,0.9079445600509644,788.1060791015625,335.3684387207031,1008.7217407226562,413.74517822265625,220.61566162109375,78.37673950195312,17291.13671875,0.008338703773915768
22776,455.52,okx,7,0.8653018474578857,803.6865844726562,331.2773742675781,1028.9598388671875,406.7829284667969,225.27325439453125,75.50555419921875,17009.3828125,0.008202827535569668
22782,455.64,okx,7,0.9157043099403381,847.4578247070312,322.4226989746094,1070.9017333984375,395.7982177734375,223.44390869140625,73.37551879882812,16395.3125,0.007906690239906311
22788,455.76,okx,7,0.9152547121047974,957.7977294921875,319.1023864746094,1163.3780517578125,387.2959289550781,205.580322265625,68.19354248046875,14019.25,0.006760826800018549
22794,455.88,okx,7,0.9145883321762085,1020.29638671875,320.329345703125,1214.8765869140625,389.3757629394531,194.5802001953125,69.04641723632812,13435.0654296875,0.006479101721197367
22800,456.0,okx,7,0.9146745204925537,1020.650390625,319.3904724121094,1222.662353515625,390.4508972167969,202.011962890625,71.0604248046875,14355.0556640625,0.0069227698259055614
22806,456.12,okx,7,0.9108096361160278,947.6260986328125,310.7699279785156,1158.71240234375,378.4897766113281,211.0863037109375,67.7198486328125,14294.732421875,0.006893679033964872
22812,456.24,okx,7,0.8799057006835938,865.001220703125,308.3184509277344,1080.849365234375,372.57952880859375,215.84814453125,64.26107788085938,13870.634765625,0.0066891564056277275
22818,456.36,okx,7,0.918138861656189,815.1838989257812,313.3322448730469,1043.39990234375,392.3021545410156,228.21600341796875,78.96990966796875,18022.197265625,0.00869126059114933
22824,456.48,okx,7,0.920316219329834,806.6731567382812,312.56292724609375,1021.9784545898438,392.53106689453125,215.3052978515625,79.9681396484375,17217.564453125,0.008303223177790642
22830,456.6,okx,7,0.9214113354682922,811.8580932617188,317.161865234375,1038.4544677734375,394.8293151855469,226.59637451171875,77.66744995117188,17599.162109375,0.008487250655889511
22836,456.72,okx,7,0.9208806753158569,822.1729736328125,317.743408203125,1039.7158203125,392.0605773925781,217.5428466796875,74.31716918945312,16167.1689453125,0.0077966670505702496
22842,456.84,okx,7,0.9147238731384277,820.6492309570312,318.1871032714844,1029.5244140625,394.33502197265625,208.87518310546875,76.14791870117188,15905.41015625,0.007670433260500431
22848,456.96,okx,7,0.9206634759902954,810.3529052734375,318.16845703125,1028.44287109375,394.8257751464844,218.0899658203125,76.65731811523438,16718.19140625,0.008062398992478848
22854,457.08,okx,7,0.929131805896759,800.9468994140625,316.076416015625,1023.864013671875,394.6398010253906,222.9171142578125,78.56338500976562,17513.123046875,0.008445757441222668
22860,457.2,okx,7,0.9273271560668945,792.0508422851562,313.4540100097656,1020.7255859375,396.98358154296875,228.67474365234375,83.52957153320312,19101.103515625,0.009211566299200058
22866,457.32,okx,7,0.9257356524467468,790.1614379882812,315.86083984375,1022.0812377929688,398.9391174316406,231.9197998046875,83.07827758789062,19267.498046875,0.009291809983551502
22872,457.44,okx,7,0.915073812007904,821.4097290039062,314.2282409667969,1054.3642578125,389.4146423339844,232.95452880859375,75.1864013671875,17515.013671875,0.008446669206023216
22878,457.56,okx,7,0.923490047454834,844.2781372070312,317.0173034667969,1072.751953125,388.9532470703125,228.47381591796875,71.93594360351562,16435.48046875,0.007926060818135738
22884,457.68,okx,7,0.9124784469604492,840.5613403320312,309.945068359375,1061.082275390625,375.2979736328125,220.52093505859375,65.3529052734375,14411.68359375,0.006950078997761011
22890,457.8,okx,7,0.9019667506217957,827.2355346679688,304.7395324707031,1054.8143310546875,369.66778564453125,227.57879638671875,64.92825317382812,14776.2939453125,0.007125913165509701
22896,457.92,okx,7,0.9009187817573547,803.7015380859375,301.4742736816406,1013.3154907226562,364.6354675292969,209.61395263671875,63.16119384765625,13239.4677734375,0.0063847741112113
22902,458.04,okx,7,0.9060852527618408,796.7061767578125,304.6109619140625,1017.7614135742188,370.2197570800781,221.05523681640625,65.60879516601562,14503.16796875,0.006994197610765696
22908,458.16,okx,7,0.9062398076057434,835.4691162109375,296.9382019042969,1058.0833740234375,361.1930236816406,222.6142578125,64.25482177734375,14304.0390625,0.006898167077451944
