frame_id,time_sec,brand,class_id,confidence,x1,y1,x2,y2,bbox_width,bbox_height,bbox_area,share_of_screen
5,0.1,okx,7,0.5365723371505737,920.6126708984375,674.9086303710938,941.4924926757812,690.0460815429688,20.87982177734375,15.137451171875,316.0672912597656,0.00015242442896123976
10,0.2,petronas,9,0.47358933091163635,1037.9603271484375,631.6448974609375,1071.977294921875,637.1055297851562,34.0169677734375,5.46063232421875,185.754150390625,8.958051330409944e-05
15,0.3,okx,7,0.46464356780052185,772.0687255859375,683.38330078125,795.4812622070312,690.7587890625,23.41253662109375,7.37548828125,172.67889404296875,8.327492832904682e-05
20,0.4,okx,7,0.4246709644794464,769.305908203125,685.9940795898438,790.3240966796875,693.385009765625,21.0181884765625,7.39093017578125,155.34396362304688,7.491510768886656e-05
20,0.4,petronas,9,0.4084511399269104,1048.5064697265625,635.0091552734375,1115.4901123046875,641.0065307617188,66.983642578125,5.99737548828125,401.7260437011719,0.00019373362010810524
25,0.5,petronas,9,0.5163283348083496,1043.91259765625,636.7899780273438,1106.338134765625,642.54931640625,62.425537109375,5.75933837890625,359.52978515625,0.0001733843528199941
30,0.6,okx,7,0.5302491188049316,815.2115478515625,689.108642578125,842.290771484375,698.1638793945312,27.0792236328125,9.05523681640625,245.2087860107422,0.0001182526902994141
30,0.6,petronas,9,0.4089832603931427,1045.8162841796875,638.2276611328125,1113.1512451171875,643.5939331054688,67.3349609375,5.36627197265625,361.33770751953125,0.0001742562308209017
35,0.7,okx,7,0.49809718132019043,770.6193237304688,689.6541748046875,799.3404541015625,697.4990844726562,28.72113037109375,7.84490966796875,225.31466674804688,0.00010865869262488559
40,0.8,okx,7,0.44043397903442383,772.6183471679688,690.963134765625,800.279052734375,699.2567138671875,27.66070556640625,8.2935791015625,229.40625,0.00011063187412219122
45,0.9,okx,7,0.5557665228843689,813.9662475585938,689.5111083984375,838.3570556640625,697.4173583984375,24.39080810546875,7.90625,192.83982849121094,9.299760131398216e-05
45,0.9,okx,7,0.40568310022354126,774.2913208007812,691.1944580078125,803.8944702148438,699.3851318359375,29.6031494140625,8.190673828125,242.46974182128906,0.00011693178385030478
50,1.0,okx,7,0.5288059711456299,770.0994262695312,694.7149658203125,798.717529296875,702.227783203125,28.61810302734375,7.5128173828125,215.00257873535156,0.00010368565563112497
50,1.0,okx,7,0.5264505743980408,815.9532470703125,693.3281860351562,839.1666870117188,700.8506469726562,23.21343994140625,7.5224609375,174.6221923828125,8.421209349762648e-05
55,1.1,okx,7,0.4951234459877014,769.1459350585938,696.5780029296875,798.0689086914062,704.3748779296875,28.9229736328125,7.796875,225.50880432128906,0.0001087523196474649
55,1.1,okx,7,0.42170557379722595,814.5834350585938,694.651611328125,837.6249389648438,702.2955322265625,23.04150390625,7.6439208984375,176.12742614746094,8.493799396092072e-05
55,1.1,okx,7,0.4083053469657898,859.3359985351562,683.5492553710938,884.046875,691.1815795898438,24.71087646484375,7.63232421875,188.60142517089844,9.095361747313291e-05
60,1.2,okx,7,0.4566003680229187,766.8587646484375,699.4757080078125,795.62109375,707.8434448242188,28.7623291015625,8.36773681640625,240.67559814453125,0.00011606654879869893
60,1.2,okx,7,0.4007676839828491,833.4534301757812,706.373291015625,862.1954956054688,715.6222534179688,28.7420654296875,9.24896240234375,265.83428955078125,0.00012819940457120538
65,1.3,okx,7,0.5339587330818176,762.533203125,702.0228881835938,790.572021484375,710.26806640625,28.038818359375,8.24517822265625,231.18505859375,0.00011148970952490345
70,1.4,okx,7,0.4440455734729767,765.720947265625,702.9734497070312,790.5840454101562,712.3722534179688,24.86309814453125,9.3988037109375,233.68338012695312,0.00011269452807027847
70,1.4,okx,7,0.40027183294296265,840.3268432617188,711.6543579101562,864.495849609375,720.63427734375,24.16900634765625,8.97991943359375,217.03573608398438,0.00010466615640325472
75,1.5,bwt,2,0.415820449590683,1331.3115234375,736.557861328125,1378.5216064453125,749.666748046875,47.2100830078125,13.10888671875,618.8716430664062,0.00029845276731066406
75,1.5,bwt,2,0.4146904945373535,1413.59716796875,737.118408203125,1468.75439453125,750.95361328125,55.1572265625,13.835205078125,763.1115112304688,0.0003680128720588982
75,1.5,okx,7,0.41456112265586853,865.8431396484375,691.260009765625,889.8880004882812,699.1307373046875,24.04486083984375,7.8707275390625,189.25054931640625,9.126665827352554e-05
80,1.6,okx,7,0.47316232323646545,757.3055419921875,709.998291015625,787.7952880859375,719.447998046875,30.48974609375,9.44970703125,288.1191711425781,0.000138946357765235
80,1.6,okx,7,0.4018322229385376,837.7564086914062,716.4964599609375,864.4179077148438,725.9596557617188,26.6614990234375,9.46319580078125,252.302978515625,0.00012167388922534883
85,1.7,okx,7,0.5332158803939819,757.286865234375,711.9285278320312,786.6259765625,720.5208129882812,29.339111328125,8.59228515625,252.0900115966797,0.00012157118908362463
90,1.8,okx,7,0.5261464715003967,756.9080200195312,713.7713012695312,786.6454467773438,722.9466552734375,29.7374267578125,9.17535400390625,272.8514099121094,0.00013158343790564686
90,1.8,okx,7,0.412540078163147,858.2850341796875,697.9761962890625,883.7614135742188,705.505126953125,25.47637939453125,7.5289306640625,191.8098907470703,9.250091534340754e-05
95,1.9,okx,7,0.46533969044685364,759.96240234375,715.0184326171875,789.9678955078125,724.7762451171875,30.0054931640625,9.7578125,292.7879638671875,0.00014119790284894407
95,1.9,okx,7,0.42348989844322205,788.9689331054688,714.46875,817.1678466796875,723.3226318359375,28.19891357421875,8.8538818359375,249.6698455810547,0.00012040405272273347
100,2.0,okx,7,0.5009744167327881,788.5488891601562,716.4400634765625,815.1818237304688,724.1761474609375,26.6329345703125,7.736083984375,206.0346221923828,9.936083370121196e-05
100,2.0,okx,7,0.4409336447715759,752.5549926757812,718.587890625,781.3284301757812,727.54150390625,28.7734375,8.95361328125,257.626220703125,0.0001242410362465307
105,2.1,okx,7,0.4952651560306549,756.361572265625,720.9568481445312,785.094970703125,730.4160766601562,28.7333984375,9.459228515625,271.7957763671875,0.00013107435370329767
105,2.1,okx,7,0.48162028193473816,791.0640258789062,717.4848022460938,816.5452270507812,725.5120849609375,25.481201171875,8.02728271484375,204.5447998046875,9.86423619906418e-05
105,2.1,petronas,9,0.4353598654270172,1035.9908447265625,667.117919921875,1094.27392578125,673.1995849609375,58.2830810546875,6.0816650390625,354.45819091796875,0.00017093855421990156
110,2.2,okx,7,0.4862979054450989,789.0310668945312,718.9386596679688,815.3048706054688,727.2732543945312,26.2738037109375,8.3345947265625,218.98150634765625,0.0001056045075529255
110,2.2,okx,7,0.40785878896713257,755.66064453125,723.4774169921875,784.42822265625,733.42724609375,28.767578125,9.9498291015625,286.23248291015625,0.00013803649926558137
115,2.3,okx,7,0.4522610306739807,761.8576049804688,725.6215209960938,790.8563842773438,735.98388671875,28.998779296875,10.36236572265625,300.4959716796875,0.00014491511683445424
115,2.3,petronas,9,0.4210112690925598,1030.6448974609375,670.3269653320312,1075.0157470703125,675.8585205078125,44.370849609375,5.53155517578125,245.43980407714844,0.00011836409976240247
120,2.4,okx,7,0.4587114155292511,790.2815551757812,725.515380859375,814.8173217773438,732.7018432617188,24.5357666015625,7.18646240234375,176.3253631591797,8.50334472488612e-05
120,2.4,petronas,9,0.4215061366558075,1030.2529296875,672.1432495117188,1072.948486328125,677.292724609375,42.695556640625,5.14947509765625,219.85971069335938,0.00010602802649373189
120,2.4,okx,7,0.4145803153514862,755.5015869140625,727.0153198242188,783.0505981445312,735.8789672851562,27.54901123046875,8.8636474609375,244.18472290039062,0.0001177588346763514
125,2.5,petronas,9,0.4597132205963135,1034.36572265625,673.438720703125,1088.60302734375,678.809326171875,54.2373046875,5.37060546875,291.28717041015625,0.00014047413424123079
125,2.5,okx,7,0.4191987216472626,790.015625,727.43994140625,813.9222412109375,734.3243408203125,23.9066162109375,6.8843994140625,164.5826873779297,7.937051123008132e-05
125,2.5,okx,7,0.4106239080429077,748.5657958984375,728.3995361328125,778.2550659179688,736.50048828125,29.68927001953125,8.1009521484375,240.5113525390625,0.00011598734272411093
130,2.6,okx,7,0.4845322370529175,789.5513916015625,728.5037841796875,813.6383666992188,735.1097412109375,24.08697509765625,6.60595703125,159.11752319335938,7.673491927562281e-05
135,2.7,petronas,9,0.4457029402256012,1026.940673828125,676.0506591796875,1069.897216796875,681.8762817382812,42.95654296875,5.82562255859375,250.2486114501953,0.00012068316573277116
135,2.7,okx,7,0.42565837502479553,749.49658203125,731.6408081054688,780.7153930664062,739.7731323242188,31.21881103515625,8.13232421875,253.88150024414062,0.00012243514356669039
135,2.7,okx,7,0.4253835082054138,789.1481323242188,729.6140747070312,814.688720703125,736.9666137695312,25.54058837890625,7.3525390625,187.78817749023438,9.05614288058132e-05
140,2.8,okx,7,0.45429375767707825,791.599609375,731.5017700195312,817.375732421875,738.9956665039062,25.776123046875,7.493896484375,193.16360473632812,9.315374336438254e-05
140,2.8,okx,7,0.4147690534591675,754.4759521484375,732.9034423828125,787.8659057617188,741.6292114257812,33.38995361328125,8.72576904296875,291.35302734375,0.0001405059010721743
145,2.9,okx,7,0.4483063519001007,789.4956665039062,731.6973876953125,817.1131591796875,740.1714477539062,27.61749267578125,8.47406005859375,234.03228759765625,0.00011286279186606407
150,3.0,okx,7,0.49624261260032654,795.9583129882812,734.1008911132812,821.4810791015625,741.8031005859375,25.52276611328125,7.70220947265625,196.58169555664062,9.480212611379102e-05
155,3.1,okx,7,0.46325692534446716,798.599853515625,736.0184936523438,824.8307495117188,743.209716796875,26.23089599609375,7.19122314453125,188.63223266601562,9.096847497858107e-05
155,3.1,petronas,9,0.43285277485847473,1026.946533203125,681.7529907226562,1073.0537109375,687.9713134765625,46.107177734375,6.21832275390625,286.7093200683594,0.00013826644863002002
155,3.1,okx,7,0.40119317173957825,850.9583740234375,725.8720703125,876.4785766601562,732.4537963867188,25.52020263671875,6.58172607421875,167.96697998046875,8.100259583443403e-05
160,3.2,okx,7,0.4398643970489502,778.71044921875,741.3612060546875,813.007568359375,750.0117797851562,34.297119140625,8.65057373046875,296.68975830078125,0.00014307955279946327
160,3.2,okx,7,0.42110100388526917,849.2724609375,726.1107788085938,874.7958984375,732.9954833984375,25.5234375,6.88470458984375,175.72132873535156,8.474215428577736e-05
165,3.3,okx,7,0.4215141534805298,781.3379516601562,742.2265014648438,814.03515625,750.5935668945312,32.69720458984375,8.3670654296875,273.57965087890625,0.00013193463382776827
170,3.4,okx,7,0.43042275309562683,777.9470825195312,744.8355102539062,812.1319580078125,753.7549438476562,34.18487548828125,8.91943359375,304.90972900390625,0.00014704365457873791
175,3.5,petronas,9,0.4636329710483551,1033.483154296875,691.5802612304688,1082.3057861328125,697.8345947265625,48.8226318359375,6.25433349609375,305.35302734375,0.00014725743676535785
180,3.6,petronas,9,0.4948514997959137,1034.666259765625,690.5582885742188,1083.32958984375,696.5052490234375,48.663330078125,5.94696044921875,289.3988952636719,0.00013956350449007004
185,3.7,petronas,9,0.5158438086509705,1028.477783203125,687.278564453125,1073.0623779296875,693.5504150390625,44.5845947265625,6.2718505859375,279.6279296875,0.00013485143426805735
185,3.7,okx,7,0.459887832403183,848.6710205078125,729.5339965820312,876.1339721679688,737.34912109375,27.46295166015625,7.81512451171875,214.6263885498047,0.00010350423690397292
190,3.8,petronas,9,0.6378394365310669,1031.6427001953125,681.9269409179688,1076.73974609375,688.2573852539062,45.0970458984375,6.3304443359375,285.4843444824219,0.00013767569907940924
190,3.8,okx,7,0.49535831809043884,847.4940185546875,727.2333374023438,873.9324951171875,735.106689453125,26.4384765625,7.87335205078125,208.15943908691406,0.00010038552863989025
190,3.8,petronas,9,0.402111679315567,1115.9166259765625,684.5903930664062,1149.533203125,690.7545166015625,33.6165771484375,6.16412353515625,207.21673583984375,9.993091225624084e-05
195,3.9,petronas,9,0.5967494249343872,1033.642333984375,676.851318359375,1087.9578857421875,682.5869140625,54.3155517578125,5.735595703125,311.53204345703125,0.00015023729065433145
195,3.9,okx,7,0.5360948443412781,841.3161010742188,719.8486328125,869.5142822265625,727.6939086914062,28.19818115234375,7.84527587890625,221.22250366210938,0.00010668523464119062
200,4.0,okx,7,0.5090836882591248,770.0130004882812,727.6363525390625,800.206787109375,736.3136596679688,30.19378662109375,8.67730712890625,262.0007629394531,0.00012635067105293274
200,4.0,okx,7,0.46080082654953003,836.6405029296875,713.7664794921875,866.38232421875,721.9413452148438,29.7418212890625,8.17486572265625,243.13539123535156,0.00011725279182428494
200,4.0,petronas,9,0.40279659628868103,1040.48681640625,670.0012817382812,1084.4185791015625,676.1428833007812,43.9317626953125,6.1416015625,269.8113708496094,0.00013011736155021936
205,4.1,petronas,9,0.5488994717597961,1040.1793212890625,665.9303588867188,1081.390625,671.6658935546875,41.2113037109375,5.73553466796875,236.36886596679688,0.00011398961214581504
205,4.1,okx,7,0.4366884231567383,769.3999633789062,724.9768676757812,798.2513427734375,734.1824951171875,28.85137939453125,9.20562744140625,265.5950622558594,0.00012808403698727489
210,4.2,petronas,9,0.6461566686630249,1039.655517578125,660.4929809570312,1085.7303466796875,666.421875,46.0748291015625,5.92889404296875,273.17279052734375,0.00013173841580282897
210,4.2,okx,7,0.49368879199028015,705.5191040039062,723.8910522460938,734.6749877929688,733.8230590820312,29.1558837890625,9.9320068359375,289.5764465332031,0.00013964912795927376
215,4.3,okx,7,0.5674886107444763,834.8289184570312,698.332275390625,862.2549438476562,706.927978515625,27.426025390625,8.595703125,235.7459716796875,0.00011368922423571348
215,4.3,petronas,9,0.46690335869789124,1042.5240478515625,655.6062622070312,1084.386962890625,661.3868408203125,41.8629150390625,5.78057861328125,241.9918670654297,0.00011670132516883314
215,4.3,okx,7,0.46106550097465515,699.6939697265625,720.5543212890625,728.5685424804688,730.3170166015625,28.87457275390625,9.7626953125,281.8936462402344,0.0001359440793748945
220,4.4,petronas,9,0.4839915931224823,1041.3360595703125,647.5255126953125,1090.697998046875,652.9493408203125,49.3619384765625,5.423828125,267.7306823730469,0.00012911394878756255
225,4.5,okx,7,0.46955007314682007,692.801513671875,704.474365234375,723.6239013671875,715.680908203125,30.8223876953125,11.20654296875,345.41241455078125,0.0001665762101765722
225,4.5,bwt,2,0.4495576024055481,1467.3187255859375,739.5352783203125,1520.4859619140625,753.7931518554688,53.167236328125,14.25787353515625,758.0517578125,0.00036557280691340566
225,4.5,okx,7,0.441418319940567,805.08544921875,708.6477661132812,835.0543212890625,720.60302734375,29.9688720703125,11.95526123046875,358.28570556640625,0.00017278439190704376
225,4.5,petronas,9,0.4221879541873932,1047.8372802734375,639.4797973632812,1093.76220703125,645.6151733398438,45.9249267578125,6.1353759765625,281.7666931152344,0.00013588285946752876
230,4.6,okx,7,0.5737565159797668,697.6602783203125,694.9628295898438,732.9086303710938,705.4224243164062,35.24835205078125,10.4595947265625,368.6834716796875,0.00017779874906409532
230,4.6,okx,7,0.515087902545929,752.4398803710938,690.6082763671875,786.543701171875,699.6875610351562,34.10382080078125,9.07928466796875,309.6383056640625,0.00014932402700651437
230,4.6,petronas,9,0.5060669779777527,1058.1322021484375,628.3184204101562,1101.0947265625,633.8704833984375,42.9625244140625,5.55206298828125,238.5306396484375,0.0001150321404566057
235,4.7,okx,7,0.6216015219688416,753.871826171875,683.8782348632812,791.0005493164062,695.33203125,37.12872314453125,11.45379638671875,425.26483154296875,0.00020508527813944966
235,4.7,petronas,9,0.48421016335487366,1066.3118896484375,618.4992065429688,1112.681640625,624.8109741210938,46.3697509765625,6.311767578125,292.6750793457031,0.00014114346413407475
240,4.8,okx,7,0.6253373622894287,830.7948608398438,656.8148803710938,862.7252807617188,668.2915649414062,31.930419921875,11.4766845703125,366.4553527832031,0.00017672422109171748
240,4.8,petronas,9,0.4033591151237488,1084.65185546875,609.500732421875,1123.1739501953125,615.6489868164062,38.5220947265625,6.14825439453125,236.84364318847656,0.00011421857925597578
245,4.9,okx,7,0.663719654083252,737.38818359375,668.1565551757812,780.67529296875,677.1812744140625,43.287109375,9.02471923828125,390.6540222167969,0.00018839411495719105
245,4.9,petronas,9,0.5859344005584717,1086.8646240234375,598.8478393554688,1137.6177978515625,604.7312622070312,50.753173828125,5.8834228515625,298.6023864746094,0.0001440019259462133
250,5.0,okx,7,0.5796312689781189,741.5056762695312,660.1710205078125,788.8563842773438,670.75244140625,47.3507080078125,10.5814208984375,501.03778076171875,0.00024162701447494328
250,5.0,petronas,9,0.5449309945106506,1107.125244140625,588.0469970703125,1157.4766845703125,594.276123046875,50.3514404296875,6.2291259765625,313.6454772949219,0.00015125649224501103
255,5.1,okx,7,0.6697357892990112,735.5781860351562,653.3870239257812,782.2606201171875,664.0233764648438,46.68243408203125,10.6363525390625,496.53082275390625,0.00023945352586451918
260,5.2,okx,7,0.6768702268600464,734.8931884765625,648.1773681640625,783.284423828125,660.0573120117188,48.3912353515625,11.87994384765625,574.8851318359375,0.0002772401203401387
260,5.2,petronas,9,0.4580260217189789,1134.50830078125,571.6168212890625,1183.759765625,577.6567993164062,49.25146484375,6.03997802734375,297.4777526855469,0.00014345956151373684
260,5.2,okx,7,0.445523738861084,839.2380981445312,625.9448852539062,876.837646484375,637.5220947265625,37.59954833984375,11.57720947265625,435.2978515625,0.00020992373174522072
265,5.3,okx,7,0.7608649730682373,726.231201171875,642.470703125,777.4736328125,654.5205688476562,51.242431640625,12.04986572265625,617.4644165039062,0.00029777412419207394
270,5.4,okx,7,0.7188074588775635,716.662841796875,637.7606201171875,766.4490966796875,648.7972412109375,49.7862548828125,11.03662109375,549.4720458984375,0.0002649845846462995
270,5.4,petronas,9,0.4168713092803955,1191.712890625,552.94189453125,1238.734619140625,558.7130126953125,47.021728515625,5.7711181640625,271.3679504394531,0.0001308680366491899
275,5.5,okx,7,0.7594790458679199,707.1683959960938,628.61572265625,765.7545776367188,642.1730346679688,58.586181640625,13.55731201171875,794.2711181640625,0.00038303970359265804
275,5.5,okx,7,0.46161824464797974,880.2927856445312,599.3965454101562,918.2809448242188,608.7216186523438,37.9881591796875,9.3250732421875,354.24237060546875,0.00017083447892218828
280,5.6,okx,7,0.7808657288551331,696.8817749023438,620.781494140625,757.8927612304688,634.78662109375,61.010986328125,14.005126953125,854.4666137695312,0.0004120691737625748
280,5.6,okx,7,0.5825961828231812,893.8506469726562,591.113525390625,932.8027954101562,600.3762817382812,38.9521484375,9.26275634765625,360.80426025390625,0.0001739989675115794
280,5.6,hp,4,0.41766810417175293,1532.3480224609375,681.4639282226562,1555.02099609375,693.657470703125,22.6729736328125,12.19354248046875,276.4638671875,0.00013332554954104125
285,5.7,okx,7,0.78514164686203,687.563720703125,610.6112060546875,748.400146484375,625.6356201171875,60.83642578125,15.0244140625,914.0316772460938,0.00044079459621571004
285,5.7,okx,7,0.5797979831695557,903.7877807617188,579.1856079101562,947.0045166015625,589.35498046875,43.21673583984375,10.16937255859375,439.4870910644531,0.00021194400324020535
290,5.8,okx,7,0.7540281414985657,670.6267700195312,603.9624633789062,738.2744750976562,618.2166748046875,67.647705078125,14.25421142578125,964.2647094726562,0.00046501963515765965
290,5.8,okx,7,0.6567341685295105,919.578857421875,566.5239868164062,965.498779296875,576.1741333007812,45.919921875,9.650146484375,443.13397216796875,0.0002137027186108753
290,5.8,aramco,0,0.41414985060691833,1565.8900146484375,517.5159301757812,1680.3270263671875,527.6853637695312,114.43701171875,10.16943359375,1163.7596435546875,0.000561226683203131
295,5.9,okx,7,0.7919300198554993,640.9401245117188,595.939208984375,715.9246826171875,611.7091674804688,74.98455810546875,15.76995849609375,1182.50341796875,0.0005702659254893661
295,5.9,okx,7,0.6737934350967407,927.9462280273438,557.8683471679688,977.68017578125,568.908447265625,49.73394775390625,11.04010009765625,549.0677490234375,0.0002647896180860698
295,5.9,hp,4,0.4702323377132416,1438.7330322265625,672.0020751953125,1465.50048828125,686.8062133789062,26.7674560546875,14.80413818359375,396.26910400390625,0.00019110199355054647
300,6.0,okx,7,0.7905387878417969,618.7645874023438,591.3461303710938,689.9093017578125,607.9790649414062,71.14471435546875,16.6329345703125,1183.3453369140625,0.0005706719239242375
300,6.0,okx,7,0.6746049523353577,948.6012573242188,547.51513671875,993.4837036132812,558.3875122070312,44.8824462890625,10.87237548828125,487.97882080078125,0.0002353292948100716
300,6.0,hp,4,0.5186578631401062,1543.5579833984375,673.6480102539062,1575.39013671875,688.6593017578125,31.8321533203125,15.01129150390625,477.84173583984375,0.00023044065164867789
305,6.1,okx,7,0.8099854588508606,575.5292358398438,588.8182373046875,652.9560546875,607.1959838867188,77.42681884765625,18.37774658203125,1422.930419921875,0.0006862125592306256
305,6.1,okx,7,0.7445412278175354,963.01611328125,537.1549072265625,1012.4602661132812,546.833251953125,49.44415283203125,9.6783447265625,478.5375671386719,0.00023077621881384403
305,6.1,hp,4,0.566687822341919,1545.2275390625,674.6610107421875,1574.5697021484375,688.833251953125,29.3421630859375,14.1722412109375,415.8442077636719,0.0002005421556532383
305,6.1,hp,4,0.4116160273551941,1423.7103271484375,677.569091796875,1444.9954833984375,692.658203125,21.28515625,15.089111328125,321.1741027832031,0.00015488719509448856
310,6.2,okx,7,0.7720207571983337,969.5256958007812,526.8607788085938,1022.1561889648438,537.5971069335938,52.6304931640625,10.736328125,565.0582275390625,0.0002725010854192078
310,6.2,okx,7,0.7172465920448303,518.097412109375,587.4697265625,604.6641845703125,605.2592163085938,86.5667724609375,17.78948974609375,1539.978759765625,0.0007426594966091216
310,6.2,hp,4,0.47577404975891113,1383.9561767578125,679.4970092773438,1424.72119140625,697.6005249023438,40.7650146484375,18.103515625,737.9900512695312,0.00035589796607382596
310,6.2,hp,4,0.44426608085632324,1516.491455078125,677.2938232421875,1570.87646484375,695.3756713867188,54.385009765625,18.08184814453125,983.3814697265625,0.00047423873911611736
315,6.3,okx,7,0.7688840627670288,981.31005859375,519.4393310546875,1035.8150634765625,531.5628051757812,54.5050048828125,12.12347412109375,660.7900390625,0.0003186680260114372
315,6.3,okx,7,0.7630506753921509,459.0832214355469,586.7530517578125,550.8457641601562,606.7408447265625,91.76254272460938,19.98779296875,1834.1307373046875,0.0008845152333378792
320,6.4,okx,7,0.754054069519043,993.4920654296875,512.750244140625,1048.8695068359375,524.3361206054688,55.37744140625,11.58587646484375,641.59619140625,0.0003094117564614862
320,6.4,okx,7,0.6607019305229187,402.2826843261719,588.4412841796875,480.6256408691406,607.7703247070312,78.34295654296875,19.32904052734375,1514.294189453125,0.0007302730227820575
320,6.4,hp,4,0.6289992332458496,1465.96142578125,691.961669921875,1500.75048828125,712.1386108398438,34.7890625,20.17694091796875,701.9368286132812,0.00033851119223982096
320,6.4,petronas,9,0.47667497396469116,1611.315673828125,477.8756408691406,1685.7413330078125,489.6103210449219,74.4256591796875,11.73468017578125,873.361328125,0.0004211812047287822
325,6.5,okx,7,0.764676034450531,1015.8904418945312,506.3152160644531,1071.68701171875,517.1337280273438,55.79656982421875,10.818511962890625,603.6358642578125,0.000291105272481218
325,6.5,okx,7,0.6673566699028015,297.89312744140625,597.9310913085938,383.7672424316406,617.6314086914062,85.87411499023438,19.7003173828125,1691.747314453125,0.0008158503915183246
325,6.5,hp,4,0.6519141793251038,1422.49658203125,703.8359985351562,1456.707763671875,724.9242553710938,34.211181640625,21.0882568359375,721.4541625976562,0.00034792348742485046
325,6.5,hp,4,0.5500240921974182,1280.062255859375,707.612548828125,1312.2738037109375,728.3447875976562,32.2115478515625,20.73223876953125,667.8175048828125,0.000322057050652802
330,6.6,okx,7,0.7907218933105469,1023.1490478515625,496.05609130859375,1085.1966552734375,508.1858825683594,62.047607421875,12.129791259765625,752.62451171875,0.0003629554994404316
330,6.6,hp,4,0.7706112861633301,1358.938720703125,719.5277709960938,1398.1666259765625,743.6884155273438,39.2279052734375,24.16064453125,947.771484375,0.00045706573291681707
330,6.6,hp,4,0.5037809014320374,1191.346923828125,725.2308349609375,1228.120849609375,746.2149047851562,36.77392578125,20.98406982421875,771.6666259765625,0.0003721386019606143
330,6.6,okx,7,0.48610493540763855,166.1309814453125,600.9556274414062,257.94696044921875,624.2191772460938,91.81597900390625,23.2635498046875,2135.965576171875,0.00103007594589144
335,6.7,okx,7,0.7590000033378601,1037.5032958984375,490.80560302734375,1094.2730712890625,503.2883605957031,56.769775390625,12.482757568359375,708.6433715820312,0.00034174544271081686
335,6.7,hp,4,0.7318930625915527,1263.805419921875,743.3592529296875,1302.6285400390625,765.364013671875,38.8231201171875,22.0047607421875,854.29345703125,0.00041198564576916397
335,6.7,hp,4,0.6263020634651184,1102.1353759765625,745.7486572265625,1135.319091796875,765.05322265625,33.1837158203125,19.3045654296875,640.5972290039062,0.0003089300007559359
335,6.7,petronas,9,0.5902144312858582,1615.468994140625,453.7503662109375,1679.1259765625,468.3200378417969,63.656982421875,14.569671630859375,927.4613037109375,0.000447271071607247
340,6.8,hp,4,0.793605625629425,1367.4969482421875,541.4170532226562,1392.485595703125,560.6137084960938,24.9886474609375,19.1966552734375,479.6984558105469,0.00023133606009650975
340,6.8,okx,7,0.7203390598297119,1033.2813720703125,487.74542236328125,1096.2103271484375,501.0948486328125,62.928955078125,13.34942626953125,840.0654296875,0.0004051241558045149
345,6.9,hp,4,0.6095453500747681,908.4109497070312,844.2589111328125,956.2354736328125,880.4104614257812,47.82452392578125,36.15155029296875,1728.9306640625,0.000833782134577632
345,6.9,hp,4,0.5296568274497986,694.0015258789062,849.6619873046875,739.072021484375,878.6287231445312,45.07049560546875,28.96673583984375,1305.545166015625,0.0006296031642705202
345,6.9,okx,7,0.5149191617965698,1011.7528076171875,484.1789855957031,1085.345703125,498.7489013671875,73.5928955078125,14.569915771484375,1072.2423095703125,0.0005170921795070171
350,7.0,okx,7,0.7799770832061768,981.6494750976562,481.531005859375,1062.0323486328125,497.01904296875,80.38287353515625,15.488037109375,1244.972900390625,0.0006003919988870621
350,7.0,hp,4,0.6990641951560974,281.27569580078125,731.1511840820312,341.68475341796875,770.3204956054688,60.4090576171875,39.1693115234375,2366.18115234375,0.0011410982115194201
350,7.0,hp,4,0.4923323094844818,565.44482421875,946.9525146484375,606.1524047851562,983.3663940429688,40.70758056640625,36.41387939453125,1482.3209228515625,0.00071485381340608
355,7.1,okx,7,0.7833566665649414,937.6846923828125,485.07568359375,1014.6066284179688,500.0310974121094,76.92193603515625,14.955413818359375,1150.3994140625,0.0005547836772166193
360,7.2,okx,7,0.7207571268081665,877.0986328125,490.0632019042969,960.6821899414062,505.6313781738281,83.58355712890625,15.56817626953125,1301.2435302734375,0.0006275287014432251
365,7.3,okx,7,0.7209102511405945,820.096923828125,499.10198974609375,893.85546875,512.8585205078125,73.758544921875,13.75653076171875,1014.6616821289062,0.0004893237492069602
370,7.4,okx,7,0.6760378479957581,678.2518310546875,505.80047607421875,830.4480590820312,526.687744140625,152.19622802734375,20.88726806640625,3178.96337890625,0.0015330648748204112
375,7.5,okx,7,0.8628605008125305,462.806640625,626.119384765625,545.5140991210938,664.6996459960938,82.70745849609375,38.58026123046875,3190.875244140625,0.0015388093888759613
375,7.5,okx,7,0.6258032321929932,560.71240234375,634.626953125,613.605224609375,696.373046875,52.892822265625,61.74609375,3265.925048828125,0.001575002446770668
375,7.5,petronas,9,0.437610387802124,1660.778564453125,495.0484619140625,1736.3414306640625,511.6266784667969,75.5628662109375,16.578216552734375,1252.697509765625,0.0006041172309778631
380,7.6,oracle,8,0.9300783276557922,1523.2730712890625,575.6392211914062,1630.793212890625,618.5906982421875,107.5201416015625,42.95147705078125,4618.14892578125,0.002227116608992219
380,7.6,okx,7,0.7744260430335999,267.728271484375,658.5142822265625,373.3104248046875,701.0433349609375,105.5821533203125,42.529052734375,4490.30908203125,0.002165465382859111
380,7.6,okx,7,0.7729796767234802,610.7651977539062,533.5888061523438,692.0087280273438,552.929443359375,81.2435302734375,19.34063720703125,1571.3016357421875,0.0007577650831080973
380,7.6,aramco,0,0.6685906052589417,1796.3953857421875,491.827880859375,1879.353515625,508.9637145996094,82.9581298828125,17.135833740234375,1421.5567626953125,0.0006855501560494304
380,7.6,okx,7,0.4072578549385071,395.0959777832031,664.7286987304688,465.30340576171875,733.2069091796875,70.20742797851562,68.47821044921875,4807.67919921875,0.0023185182362794876
385,7.7,oracle,8,0.8981472253799438,1641.791748046875,606.13916015625,1819.94580078125,665.4811401367188,178.154052734375,59.34197998046875,10572.0146484375,0.005098386667668819
385,7.7,okx,7,0.4128454327583313,566.4537963867188,527.6856689453125,691.16455078125,550.8865356445312,124.71075439453125,23.20086669921875,2893.397705078125,0.0013953499728813767
390,7.8,oracle,8,0.8957626223564148,1495.293212890625,697.6150512695312,1877.87939453125,791.0687255859375,382.586181640625,93.45367431640625,35754.0859375,0.017242519184947014
400,8.0,capp,3,0.5078977942466736,-0.9665393829345703,648.46240234375,294.78125,792.3426513671875,295.747802734375,143.8802490234375,42552.265625,0.02052096091210842
405,8.1,oracle,8,0.929869532585144,925.725341796875,434.1180419921875,1224.5283203125,484.98895263671875,298.802978515625,50.87091064453125,15200.3798828125,0.007330430205911398
405,8.1,oracle,8,0.7167694568634033,390.1864318847656,496.56256103515625,522.8500366210938,581.89208984375,132.66360473632812,85.32952880859375,11320.123046875,0.005459164269268513
410,8.2,oracle,8,0.9389389157295227,849.2188720703125,421.46221923828125,1085.3409423828125,454.87451171875,236.1220703125,33.41229248046875,7889.3798828125,0.003804677864536643
410,8.2,oracle,8,0.7887778282165527,590.6519775390625,473.79766845703125,660.7977905273438,522.8951416015625,70.14581298828125,49.09747314453125,3443.982177734375,0.0016608710866421461
415,8.3,oracle,8,0.8548314571380615,901.832275390625,422.8921203613281,1071.448974609375,446.9812927246094,169.61669921875,24.08917236328125,4085.92578125,0.0019704503938555717
415,8.3,oracle,8,0.5363654494285583,740.9588012695312,468.4014892578125,776.862060546875,505.43768310546875,35.90325927734375,37.03619384765625,1329.7200927734375,0.0006412616348825395
420,8.4,oracle,8,0.8249090909957886,939.4986572265625,427.79412841796875,1079.7806396484375,443.090576171875,140.281982421875,15.29644775390625,2145.81591796875,0.0010348263895139098
420,8.4,okx,7,0.5666807889938354,1402.624267578125,461.6031494140625,1437.5447998046875,480.93939208984375,34.9205322265625,19.33624267578125,675.2318725585938,0.0003256326599512249
425,8.5,oracle,8,0.828924834728241,946.9652099609375,432.0103759765625,1051.1734619140625,444.6630859375,104.208251953125,12.6527099609375,1318.516845703125,0.0006358587997965515
430,8.6,oracle,8,0.7935362458229065,942.5911254882812,440.209716796875,1036.2967529296875,451.11785888671875,93.70562744140625,10.90814208984375,1022.154296875,0.0004929370479658246
435,8.7,oracle,8,0.767835259437561,928.2114868164062,443.88800048828125,1019.4185180664062,457.1296691894531,91.20703125,13.241668701171875,1207.7332763671875,0.0005824330728501081
440,8.8,oracle,8,0.7288309335708618,913.4329833984375,448.0970153808594,998.6253051757812,457.7406311035156,85.19232177734375,9.64361572265625,821.56201171875,0.0003962008049711585
440,8.8,capp,3,0.44871756434440613,1270.6533203125,469.6148376464844,1354.079833984375,482.212646484375,83.426513671875,12.597808837890625,1050.9912109375,0.0005068437312729657
445,8.9,capp,3,0.6944642066955566,1215.24462890625,468.4400329589844,1295.673095703125,476.63238525390625,80.428466796875,8.192352294921875,658.8983154296875,0.0003177557373419404
445,8.9,oracle,8,0.6935946941375732,909.6416015625,445.2633056640625,990.3687133789062,454.27685546875,80.72711181640625,9.0135498046875,727.6378173828125,0.0003509055823087692
450,9.0,capp,3,0.6202828288078308,1178.901611328125,465.0279846191406,1265.1983642578125,473.3652648925781,86.2967529296875,8.3372802734375,719.480224609375,0.0003469715593382716
455,9.1,okx,7,0.7719338536262512,773.8714599609375,622.5223388671875,848.3471069335938,638.4591674804688,74.47564697265625,15.93682861328125,1186.9056396484375,0.000572388933505863
455,9.1,hp,4,0.53822922706604,1457.6400146484375,736.3857421875,1486.9556884765625,751.1563720703125,29.315673828125,14.7706298828125,433.0109558105469,0.00020882087119389325
455,9.1,aramco,0,0.4985027015209198,164.59054565429688,442.57568359375,238.0554656982422,455.27685546875,73.46492004394531,12.701171875,933.090576171875,0.0004499858187045902
460,9.2,okx,7,0.7039481401443481,799.6668701171875,620.3115844726562,873.762939453125,636.2366943359375,74.0960693359375,15.92510986328125,1179.988037109375,0.0005690528778359294
460,9.2,hp,4,0.657378077507019,1444.28369140625,728.6565551757812,1473.03125,743.9859619140625,28.74755859375,15.32940673828125,440.6830139160156,0.0002125207392964512
460,9.2,hp,4,0.4195139706134796,1559.9254150390625,724.3131713867188,1581.5601806640625,738.360107421875,21.634765625,14.04693603515625,303.90216064453125,0.00014655775157734752
465,9.3,okx,7,0.6691817045211792,841.18798828125,617.8211059570312,920.9445190429688,634.560546875,79.75653076171875,16.73944091796875,1335.0797119140625,0.0006438462878577411
465,9.3,hp,4,0.6626995801925659,1447.3511962890625,726.4056396484375,1472.01025390625,740.0332641601562,24.6590576171875,13.62762451171875,336.04437255859375,0.00016205843712668866
465,9.3,hp,4,0.5112179517745972,1561.2432861328125,721.1542358398438,1586.1192626953125,735.2374877929688,24.8759765625,14.083251953125,350.33465576171875,0.0001689499622443691
470,9.4,okx,7,0.7757828235626221,888.247314453125,619.1474609375,956.8511962890625,634.89013671875,68.6038818359375,15.74267578125,1080.0086669921875,0.0005208374932408333
470,9.4,hp,4,0.6579211354255676,1449.811279296875,726.3250732421875,1479.4095458984375,740.8329467773438,29.5982666015625,14.50787353515625,429.40789794921875,0.00020708328520413488
470,9.4,hp,4,0.5160358548164368,1564.050048828125,721.208984375,1589.53515625,735.1860961914062,25.485107421875,13.97711181640625,356.20819091796875,0.0001717824925435707
475,9.5,okx,7,0.7895690202713013,926.5195922851562,615.954345703125,995.4822998046875,630.802490234375,68.96270751953125,14.84814453125,1023.96826171875,0.0004938118509016931
475,9.5,hp,4,0.7397350668907166,1464.7900390625,723.6580200195312,1492.6363525390625,737.7625122070312,27.8463134765625,14.1044921875,392.75811767578125,0.00018940882000606507
475,9.5,hp,4,0.6610066294670105,1574.7015380859375,719.0870361328125,1597.7623291015625,733.1242065429688,23.060791015625,14.03717041015625,323.708251953125,0.0001561093085911125
480,9.6,okx,7,0.7683526277542114,966.46923828125,619.6835327148438,1036.818359375,633.2845458984375,70.34912109375,13.60101318359375,956.8193359375,0.00046142906649038196
480,9.6,hp,4,0.7091412544250488,1476.728271484375,724.6279296875,1501.8341064453125,737.7874145507812,25.1058349609375,13.15948486328125,330.3798522949219,0.00015932670794427395
480,9.6,hp,4,0.6488374471664429,1585.38623046875,719.3262939453125,1607.7376708984375,732.3934936523438,22.3514404296875,13.06719970703125,292.07073974609375,0.00014085201837588102
480,9.6,petronas,9,0.4482036530971527,343.8580017089844,436.674560546875,426.8321228027344,444.8446350097656,82.97412109375,8.170074462890625,677.9047241210938,0.0003269216394983232
485,9.7,hp,4,0.6836822628974915,1482.392822265625,724.1463623046875,1509.7333984375,737.017333984375,27.340576171875,12.8709716796875,351.8997802734375,0.00016970475553534925
485,9.7,okx,7,0.681693434715271,998.3450317382812,617.8524780273438,1062.0128173828125,629.6212768554688,63.66778564453125,11.768798828125,749.2933349609375,0.0003613490262068808
485,9.7,hp,4,0.6358568668365479,1590.4403076171875,720.6449584960938,1612.7928466796875,732.7275390625,22.3525390625,12.08258056640625,270.07635498046875,0.00013024515646975487
485,9.7,bwt,2,0.4105006456375122,1502.4295654296875,665.116455078125,1535.64404296875,671.1539916992188,33.2144775390625,6.03753662109375,200.53363037109375,9.670796134741977e-05
490,9.8,hp,4,0.7648417353630066,1501.576416015625,722.7278442382812,1526.9864501953125,735.06591796875,25.4100341796875,12.33807373046875,313.5108642578125,0.0001511915761511773
490,9.8,okx,7,0.7424708008766174,1029.3109130859375,620.5313110351562,1095.853271484375,632.8041381835938,66.5423583984375,12.2728271484375,816.662841796875,0.0003938381851185113
490,9.8,petronas,9,0.6392384767532349,271.2807312011719,396.03704833984375,346.8941955566406,402.35089111328125,75.61346435546875,6.3138427734375,477.4115295410156,0.00023023318499326706
490,9.8,petronas,9,0.545604407787323,343.30145263671875,500.85693359375,394.52191162109375,508.1483154296875,51.220458984375,7.2913818359375,373.4679260253906,0.00018010605708695948
490,9.8,okx,7,0.4346638023853302,454.4991455078125,539.3846435546875,501.32830810546875,548.9334716796875,46.82916259765625,9.548828125,447.16363525390625,0.00021564603957813233
490,9.8,hp,4,0.4095388948917389,1607.908203125,720.6192626953125,1628.126953125,730.5834350585938,20.21875,9.96417236328125,201.46310424804688,9.715620399219915e-05
495,9.9,hp,4,0.7064036130905151,1510.013671875,712.1846923828125,1537.66748046875,724.308837890625,27.65380859375,12.1241455078125,335.27880859375,0.00016168924048542976
495,9.9,okx,7,0.6498542428016663,1056.7037353515625,617.0575561523438,1117.7113037109375,628.2244262695312,61.007568359375,11.1668701171875,681.2636108398438,0.00032854147139005363
495,9.9,hp,4,0.45908764004707336,1613.13720703125,708.4837646484375,1636.7479248046875,719.5359497070312,23.6107177734375,11.05218505859375,260.95001220703125,0.00012584394426085055
500,10.0,okx,7,0.7419889569282532,1072.010498046875,611.8330078125,1135.8282470703125,623.3975219726562,63.8177490234375,11.56451416015625,738.021240234375,0.0003559130127541721
500,10.0,hp,4,0.5811980366706848,1514.9617919921875,702.8626098632812,1539.059814453125,714.8604736328125,24.0980224609375,11.99786376953125,289.1247863769531,0.00013943131489213556
505,10.1,okx,7,0.7071620225906372,1101.5787353515625,609.75048828125,1159.2025146484375,620.3984375,57.623779296875,10.64794921875,613.5750732421875,0.0002958984696306288
505,10.1,hp,4,0.5647421479225159,1523.211181640625,700.39208984375,1546.293212890625,711.5062255859375,23.08203125,11.1141357421875,256.5368347167969,0.0001237156830029562
505,10.1,petronas,9,0.5516728162765503,347.3629150390625,420.7705993652344,409.7100524902344,427.98248291015625,62.347137451171875,7.211883544921875,449.6402893066406,0.000216840417124331
510,10.2,okx,7,0.707337498664856,1119.0565185546875,610.419189453125,1173.0245361328125,620.4308471679688,53.968017578125,10.01165771484375,540.309326171875,0.000260565837379545
510,10.2,hp,4,0.5711573958396912,1520.0845947265625,698.9303588867188,1542.343994140625,710.02001953125,22.2593994140625,11.08966064453125,246.84918212890625,0.00011904378334293142
510,10.2,petronas,9,0.4889504611492157,163.135498046875,484.6252136230469,244.72621154785156,493.2311706542969,81.59071350097656,8.60595703125,702.1661987304688,0.000338621815899387
510,10.2,hp,4,0.44838082790374756,1616.8045654296875,695.2784423828125,1637.5980224609375,705.5007934570312,20.79345703125,10.22235107421875,212.55801391601562,0.00010250676132272929
515,10.3,okx,7,0.734280526638031,1126.946533203125,613.3334350585938,1179.8587646484375,622.3309936523438,52.9122314453125,8.99755859375,476.0809020996094,0.00022959148918744177
520,10.4,okx,7,0.7775536775588989,1140.02294921875,616.876708984375,1202.652099609375,627.743408203125,62.629150390625,10.86669921875,680.5721435546875,0.00032820802880451083
520,10.4,hp,4,0.43714746832847595,1506.7750244140625,703.0674438476562,1530.1685791015625,714.1348876953125,23.3935546875,11.06744384765625,258.9068603515625,0.00012485863408073783
525,10.5,okx,7,0.783831000328064,1137.5987548828125,619.7476806640625,1199.35595703125,630.8040161132812,61.7572021484375,11.05633544921875,682.808349609375,0.00032928644213825464
525,10.5,hp,4,0.58074551820755,1568.429931640625,703.430419921875,1589.234619140625,716.5540161132812,20.8046875,13.12359619140625,273.0323181152344,0.00013167067663744092
525,10.5,okx,7,0.4144063889980316,660.262939453125,526.4918823242188,698.3439331054688,534.0616455078125,38.08099365234375,7.56976318359375,288.26409912109375,0.00013901625061407685
530,10.6,okx,7,0.6132626533508301,703.3359985351562,522.8328247070312,740.9815673828125,529.696533203125,37.64556884765625,6.86370849609375,258.3882141113281,0.00012460851576179266
530,10.6,okx,7,0.524078905582428,1130.0491943359375,628.5940551757812,1175.8896484375,640.4246826171875,45.8404541015625,11.83062744140625,542.3213500976562,0.0002615361590869725
530,10.6,hp,4,0.44512316584587097,1451.085205078125,709.3281860351562,1478.12939453125,722.0675048828125,27.044189453125,12.73931884765625,344.5245666503906,0.00016614803462289274
535,10.7,okx,7,0.7155348658561707,1180.5303955078125,626.5782470703125,1226.329833984375,636.9322509765625,45.7994384765625,10.35400390625,474.2075500488281,0.00022868804808240384
540,10.8,okx,7,0.7544910907745361,1167.2142333984375,629.3125,1217.67236328125,639.97998046875,50.4581298828125,10.66748046875,538.2611083984375,0.0002595780824776739
545,10.9,okx,7,0.7166581153869629,1135.9952392578125,635.1592407226562,1195.0360107421875,646.3900146484375,59.040771484375,11.23077392578125,663.0735473632812,0.00031976925674825907
545,10.9,hp,4,0.49668556451797485,1357.790771484375,708.41064453125,1376.0296630859375,719.723388671875,18.2388916015625,11.312744140625,206.3319091796875,9.950419917004183e-05
550,11.0,okx,7,0.6712015867233276,1101.3406982421875,643.6925048828125,1176.833984375,658.8603515625,75.4932861328125,15.1678466796875,1145.070556640625,0.0005522138089872897
550,11.0,hp,4,0.623562753200531,1395.207763671875,717.124267578125,1415.712646484375,729.9816284179688,20.5048828125,12.85736083984375,263.638671875,0.00012714056356344372
555,11.1,okx,7,0.7892965078353882,1042.693359375,657.9929809570312,1128.917724609375,673.2537231445312,86.224365234375,15.2607421875,1315.8477783203125,0.000634571653790772
555,11.1,hp,4,0.45366033911705017,1338.9251708984375,734.9119873046875,1358.835693359375,746.4584350585938,19.9105224609375,11.54644775390625,229.89581298828125,0.00011086796439485624
560,11.2,okx,7,0.8058880567550659,977.255859375,692.3490600585938,1061.4853515625,711.4163208007812,84.2294921875,19.0672607421875,1606.025634765625,0.0007745108450762928
565,11.3,okx,7,0.7756808996200562,866.378662109375,730.393310546875,955.0332641601562,751.2266235351562,88.65460205078125,20.83331298828125,1846.9691162109375,0.0008907065493986011
565,11.3,okx,7,0.4668809473514557,1175.7352294921875,536.0036010742188,1208.1700439453125,543.3390502929688,32.434814453125,7.33544921875,237.92393493652344,0.00011473955237306654
570,11.4,okx,7,0.7119991183280945,692.9144287109375,771.6202392578125,767.9314575195312,793.9675903320312,75.01702880859375,22.34735107421875,1676.431884765625,0.0008084644796326756
570,11.4,okx,7,0.5771041512489319,1238.0408935546875,548.6268920898438,1276.4930419921875,557.484619140625,38.4521484375,8.85772705078125,340.5986328125,0.00016425474314019084
570,11.4,hp,4,0.4110320210456848,1271.2103271484375,656.7551879882812,1298.3819580078125,673.7758178710938,27.171630859375,17.0206298828125,462.478271484375,0.00022303157311398536
575,11.5,okx,7,0.6513597369194031,1242.571533203125,560.830810546875,1284.3038330078125,568.5394287109375,41.7322998046875,7.7086181640625,321.6983642578125,0.00015514003462158144
580,11.6,hp,4,0.6826269626617432,848.0679321289062,766.2432861328125,882.9965209960938,794.8295288085938,34.9285888671875,28.58624267578125,998.4771118164062,0.0004815186548512429
580,11.6,okx,7,0.588961660861969,1222.2576904296875,569.1784057617188,1268.2296142578125,578.692138671875,45.971923828125,9.51373291015625,437.3645935058594,0.00021092042152304202
585,11.7,okx,7,0.7700302600860596,1182.0023193359375,590.98291015625,1245.955078125,604.3090209960938,63.9527587890625,13.32611083984375,852.2415771484375,0.0004109961446374655
585,11.7,hp,4,0.7603515386581421,581.9031982421875,824.766845703125,621.9165649414062,858.4107666015625,40.01336669921875,33.6439208984375,1346.20654296875,0.0006492122774943709
590,11.8,hp,4,0.7600411772727966,184.3424530029297,899.7146606445312,239.74867248535156,941.7462768554688,55.406219482421875,42.0316162109375,2328.81298828125,0.0011230772361159325
590,11.8,okx,7,0.6378524303436279,1133.110595703125,613.2352905273438,1191.8006591796875,625.52783203125,58.6900634765625,12.29254150390625,721.4500122070312,0.0003479215083643794
595,11.9,okx,7,0.7077874541282654,1061.5,646.1004028320312,1116.46728515625,659.886474609375,54.96728515625,13.78607177734375,757.782958984375,0.00036544317845255136
600,12.0,okx,7,0.6780892610549927,958.7342529296875,683.4585571289062,1013.4966430664062,699.4719848632812,54.76239013671875,16.013427734375,876.93359375,0.00042290391866117716
605,12.1,oracle,8,0.8641653060913086,1213.79833984375,802.236572265625,1294.486328125,841.2808227539062,80.68798828125,39.04425048828125,3150.402099609375,0.0015192910796031356
605,12.1,okx,7,0.7471247911453247,790.7887573242188,724.836669921875,858.4766845703125,742.426513671875,67.68792724609375,17.58984375,1190.6201171875,0.000574180216062814
605,12.1,aramco,0,0.5406507849693298,1452.9072265625,613.615478515625,1509.8812255859375,623.0704956054688,56.9739990234375,9.45501708984375,538.6901245117188,0.0002597849816083908
605,12.1,aramco,0,0.528005838394165,1550.962158203125,617.3773193359375,1604.593994140625,627.6784057617188,53.6318359375,10.30108642578125,552.4661865234375,0.0002664285129867494
610,12.2,okx,7,0.6749386787414551,511.0400390625,283.2197570800781,589.3878784179688,294.15447998046875,78.34783935546875,10.934722900390625,856.7119140625,0.0004131519526708871
615,12.3,okx,7,0.7714861631393433,617.599609375,288.733642578125,693.5925903320312,299.25823974609375,75.99298095703125,10.52459716796875,799.7955322265625,0.00038570386823266745
615,12.3,okx,7,0.7134286761283875,1083.69287109375,435.4455871582031,1146.7640380859375,449.3135681152344,63.0711669921875,13.86798095703125,874.6697387695312,0.00042181217577308416
620,12.4,okx,7,0.7571592926979065,710.9558715820312,291.4889831542969,773.4475708007812,302.4067687988281,62.49169921875,10.91778564453125,682.27099609375,0.0003290273016318679
625,12.5,okx,7,0.7231271862983704,778.2909545898438,291.93890380859375,841.46142578125,302.1861267089844,63.17047119140625,10.247222900390625,647.3218994140625,0.00031217298237606883
630,12.6,okx,7,0.7561760544776917,804.5804443359375,287.6809387207031,868.6619873046875,299.1289978027344,64.08154296875,11.44805908203125,733.6093139648438,0.0003537853481248021
630,12.6,hp,4,0.5854924321174622,1308.0289306640625,515.9486694335938,1332.4947509765625,530.593505859375,24.4658203125,14.64483642578125,358.2979431152344,0.00017279028543271124
635,12.7,okx,7,0.8062339425086975,824.9611206054688,284.8632507324219,883.5588989257812,296.7638854980469,58.5977783203125,11.900634765625,697.3507690429688,0.0003362995630595833
635,12.7,hp,4,0.5625535845756531,1314.7806396484375,512.3944091796875,1342.431884765625,527.4334106445312,27.6512451171875,15.03900146484375,415.84710693359375,0.00020054355263710022
640,12.8,okx,7,0.7768036723136902,843.4776611328125,278.75836181640625,905.6066284179688,291.78277587890625,62.12896728515625,13.0244140625,809.1934204101562,0.00039023603312671185
640,12.8,okx,7,0.574493408203125,949.647705078125,404.3723449707031,1009.7980346679688,419.13421630859375,60.15032958984375,14.761871337890625,887.931396484375,0.00042820765520446
640,12.8,hp,4,0.40232792496681213,233.23556518554688,243.43338012695312,254.188720703125,251.97720336914062,20.953155517578125,8.5438232421875,179.02005004882812,8.633296965854242e-05
645,12.9,okx,7,0.7089747786521912,856.5455322265625,279.3728942871094,907.6573486328125,293.0010070800781,51.11181640625,13.62811279296875,696.5576171875,0.00033591705141589046
645,12.9,hp,4,0.6263134479522705,1305.4794921875,500.2794494628906,1336.061279296875,519.022705078125,30.581787109375,18.743255615234375,573.2022705078125,0.00027642856002785265
645,12.9,okx,7,0.43567076325416565,1039.820068359375,394.3822937011719,1099.79638671875,409.4056701660156,59.976318359375,15.02337646484375,901.0468139648438,0.0004345326160546392
645,12.9,hp,4,0.4317580461502075,312.826416015625,241.47962951660156,345.15655517578125,252.9854736328125,32.33013916015625,11.505844116210938,371.98553466796875,0.0001793911651475355
650,13.0,hp,4,0.6338005065917969,397.36505126953125,243.0756378173828,421.1994934082031,253.5526885986328,23.834442138671875,10.47705078125,249.71466064453125,0.00012042566231684759
650,13.0,okx,7,0.5827169418334961,871.9957275390625,279.69830322265625,987.4310302734375,296.2397155761719,115.435302734375,16.541412353515625,1909.462890625,0.0009208443807438016
650,13.0,hp,4,0.5311603546142578,1302.10986328125,498.1379089355469,1336.102294921875,517.9065551757812,33.992431640625,19.768646240234375,671.984375,0.00032406652462668717
655,13.1,okx,7,0.6638118028640747,937.299072265625,282.2634582519531,1003.6481323242188,296.4866027832031,66.34906005859375,14.22314453125,943.6922607421875,0.00045509851770475507
655,13.1,hp,4,0.6105438470840454,1308.5858154296875,497.5447998046875,1337.67431640625,515.377197265625,29.0885009765625,17.8323974609375,518.7177124023438,0.00025015321443788707
655,13.1,hp,4,0.5887959599494934,474.0991516113281,244.670166015625,500.80096435546875,256.1358947753906,26.701812744140625,11.465728759765625,306.1557312011719,0.00014764454681426287
660,13.2,okx,7,0.6594339609146118,915.2244262695312,284.6842041015625,976.7166137695312,299.1932373046875,61.4921875,14.509033203125,892.1921997070312,0.00043026244384236634
660,13.2,hp,4,0.5805516839027405,1316.34619140625,507.7806091308594,1346.61328125,527.2973022460938,30.26708984375,19.516693115234375,590.7135009765625,0.0002848734147846699
660,13.2,hp,4,0.4794939160346985,553.2545166015625,245.51870727539062,584.9993286132812,259.36749267578125,31.74481201171875,13.848785400390625,439.6270751953125,0.00021201150957494974
660,13.2,okx,7,0.4313388764858246,878.9212646484375,381.05291748046875,948.7289428710938,399.225341796875,69.80767822265625,18.17242431640625,1268.57470703125,0.0006117740413174033
660,13.2,hp,4,0.43114030361175537,1258.4505615234375,352.92974853515625,1301.406005859375,366.9247741699219,42.9554443359375,13.995025634765625,601.1625366210938,0.0002899124810937792
665,13.3,okx,7,0.6608419418334961,885.4793701171875,394.51788330078125,1068.0584716796875,413.8196105957031,182.5791015625,19.301727294921875,3524.092041015625,0.0016995042096823454
665,13.3,hp,4,0.6231954097747803,625.8939819335938,253.71653747558594,651.5856323242188,268.0129089355469,25.691650390625,14.296371459960938,367.29736328125,0.00017713029228616506
665,13.3,hp,4,0.5111796259880066,1322.2164306640625,511.3193664550781,1349.811279296875,528.021240234375,27.5948486328125,16.701873779296875,460.88568115234375,0.00022226353758014739
670,13.4,okx,7,0.7875723838806152,890.57763671875,404.205810546875,971.6211547851562,424.4646911621094,81.04351806640625,20.258880615234375,1641.8509521484375,0.0007917876937426627
670,13.4,hp,4,0.6147958040237427,1320.9481201171875,521.060546875,1348.4429931640625,537.8037109375,27.494873046875,16.7431640625,460.3511657714844,0.0002220057649537921
670,13.4,okx,7,0.4098202884197235,786.4353637695312,292.95233154296875,898.8890991210938,306.38555908203125,112.4537353515625,13.4332275390625,1510.6165771484375,0.0007284994935616851
675,13.5,okx,7,0.7184512615203857,918.7174682617188,417.3654479980469,1007.4937744140625,438.6083984375,88.77630615234375,21.242950439453125,1885.8707275390625,0.0009094669949263334
675,13.5,okx,7,0.6432730555534363,756.863037109375,303.9278259277344,884.0104370117188,319.3327941894531,127.14739990234375,15.40496826171875,1958.70166015625,0.0009445899049751461
675,13.5,hp,4,0.5803600549697876,1270.188720703125,371.9031066894531,1309.0440673828125,385.7403259277344,38.8553466796875,13.83721923828125,537.6499633789062,0.00025928334798663855
680,13.6,okx,7,0.726542592048645,961.6756591796875,447.9125671386719,1054.5682373046875,470.4482116699219,92.892578125,22.53564453125,2093.39404296875,0.0010095457546412945
680,13.6,hp,4,0.4575093686580658,1262.6041259765625,395.8125305175781,1293.2335205078125,408.0747985839844,30.62939453125,12.26226806640625,375.5858459472656,0.0001811274269130081
680,13.6,okx,7,0.43279609084129333,752.7860717773438,316.22686767578125,875.1163330078125,331.1658020019531,122.33026123046875,14.938934326171875,1827.4837646484375,0.0008813096792437136
680,13.6,bwt,2,0.41789689660072327,672.2839965820312,117.54466247558594,785.5744018554688,133.7315673828125,113.2904052734375,16.186904907226562,1833.821044921875,0.0008843658724799752
685,13.7,okx,7,0.7183178663253784,997.340576171875,464.0718688964844,1094.5316162109375,487.72052001953125,97.1910400390625,23.648651123046875,2298.43701171875,0.0011084283469244838
685,13.7,okx,7,0.5634096264839172,726.00048828125,323.63330078125,776.897705078125,336.8405456542969,50.897216796875,13.207244873046875,672.2119750976562,0.00032417630427516997
685,13.7,hp,4,0.41134580969810486,1263.2645263671875,407.00640869140625,1298.1138916015625,420.80230712890625,34.849365234375,13.7958984375,480.7782897949219,0.0002318568149348721
690,13.8,okx,7,0.7931782007217407,1058.5404052734375,485.0902404785156,1162.8150634765625,509.7212219238281,104.274658203125,24.6309814453125,2568.38720703125,0.0012386126909404993
690,13.8,okx,7,0.5454819798469543,712.9270629882812,333.7088623046875,767.9678344726562,345.3236083984375,55.040771484375,11.61474609375,639.2846069335938,0.0003082969633396715
695,13.9,hp,4,0.6987032890319824,1193.735595703125,459.1034851074219,1222.0931396484375,478.02337646484375,28.3575439453125,18.919891357421875,536.5216674804688,0.00025873922277241945
695,13.9,okx,7,0.6125773191452026,1122.113037109375,520.788818359375,1232.5594482421875,545.1079711914062,110.4464111328125,24.31915283203125,2685.963134765625,0.001295314054004848
695,13.9,okx,7,0.544775128364563,701.8717041015625,348.4212341308594,756.283203125,362.06341552734375,54.4114990234375,13.642181396484375,742.2915649414062,0.00035797239979729056
700,14.0,okx,7,0.7587376236915588,1235.69482421875,538.4697265625,1346.4979248046875,562.9598999023438,110.8031005859375,24.49017333984375,2713.587158203125,0.0013086358085274696
700,14.0,hp,4,0.4053897559642792,1220.576904296875,481.3822021484375,1255.15966796875,503.5018615722656,34.582763671875,22.119659423828125,764.958984375,0.0003689038276206702
705,14.1,okx,7,0.8110846281051636,1369.9130859375,575.9907836914062,1491.384033203125,603.2188720703125,121.470947265625,27.22808837890625,3307.421630859375,0.0015950142405927181
705,14.1,okx,7,0.7815821170806885,697.8966064453125,374.252685546875,766.26025390625,390.1927795410156,68.3636474609375,15.940093994140625,1089.7230224609375,0.0005255222786217928
705,14.1,hp,4,0.7507553696632385,1273.511962890625,507.7552490234375,1313.8983154296875,531.358154296875,40.3863525390625,23.6029052734375,953.2352294921875,0.000459700619103387
705,14.1,hp,4,0.43460193276405334,1395.9591064453125,524.2685546875,1420.9757080078125,535.8854370117188,25.0166015625,11.61688232421875,290.61492919921875,0.00014014994667377323
710,14.2,okx,7,0.8166865110397339,1551.0821533203125,605.8096313476562,1686.81640625,636.27880859375,135.7342529296875,30.46917724609375,4135.7109375,0.0019944594241678715
710,14.2,okx,7,0.7545475363731384,704.9755859375,391.34881591796875,767.428466796875,405.9690856933594,62.452880859375,14.620269775390625,913.0779418945312,0.0004403346683830023
710,14.2,hp,4,0.7271729707717896,1353.2196044921875,524.6981201171875,1384.2593994140625,547.664794921875,31.039794921875,22.9666748046875,712.880859375,0.0003437889972701669
715,14.3,hp,4,0.8510658740997314,1452.355712890625,553.8494873046875,1493.0506591796875,581.7109985351562,40.6949462890625,27.86151123046875,1133.82275390625,0.0005467894952744246
715,14.3,okx,7,0.7326239347457886,715.408203125,406.43328857421875,787.4011840820312,422.69732666015625,71.99298095703125,16.2640380859375,1170.8966064453125,0.0005646685021929443
715,14.3,hp,4,0.6073535680770874,1620.7755126953125,575.2189331054688,1654.97216796875,590.0507202148438,34.1966552734375,14.831787109375,507.197509765625,0.0002445975551381707
720,14.4,hp,4,0.8262877464294434,1610.5386962890625,589.6807861328125,1654.156005859375,618.8999633789062,43.6173095703125,29.21917724609375,1274.4619140625,0.0006146131781861186
720,14.4,okx,7,0.7315321564674377,738.2437744140625,424.80291748046875,809.8798828125,442.6779479980469,71.6361083984375,17.875030517578125,1280.4976806640625,0.0006175239686854184
725,14.5,hp,4,0.8734830617904663,1835.30859375,634.5584716796875,1881.0831298828125,669.9842529296875,45.7745361328125,35.42578125,1621.5987548828125,0.000782021030317992
725,14.5,okx,7,0.7981047630310059,766.0641479492188,452.7144470214844,844.7661743164062,470.5501403808594,78.7020263671875,17.835693359375,1403.7052001953125,0.0006769411847926676
730,14.6,okx,7,0.8186886310577393,815.5352783203125,471.10125732421875,896.54296875,488.1213684082031,81.0076904296875,17.020111083984375,1378.7598876953125,0.0006649112328886986
730,14.6,atlasian,1,0.4843556582927704,677.2237548828125,343.74688720703125,808.4074096679688,356.4095153808594,131.18365478515625,12.662628173828125,1661.1298828125,0.0008010850287973881
735,14.7,okx,7,0.7870819568634033,873.9024658203125,494.75714111328125,970.7714233398438,514.216796875,96.86895751953125,19.45965576171875,1885.03662109375,0.0009090647217817605
735,14.7,hp,4,0.5091046690940857,619.8733520507812,457.45916748046875,638.9176025390625,469.2045593261719,19.04425048828125,11.745391845703125,223.68218994140625,0.00010787142673507333
740,14.8,okx,7,0.775549590587616,962.9073486328125,517.02490234375,1062.9930419921875,538.1627197265625,100.085693359375,21.1378173828125,2115.593017578125,0.0010202513076364994
745,14.9,okx,7,0.7673133611679077,1071.5743408203125,542.9802856445312,1175.19140625,564.2131958007812,103.6170654296875,21.23291015625,2200.091796875,0.001061001094058156
745,14.9,hp,4,0.6635501980781555,677.2855224609375,480.48876953125,699.7018432617188,494.3497314453125,22.41632080078125,13.8609619140625,310.7117614746094,0.00014984171139076352
745,14.9,hp,4,0.5181810259819031,571.5567016601562,480.21282958984375,593.0487060546875,492.176025390625,21.49200439453125,11.96319580078125,257.1130676269531,0.0001239935663761571
750,15.0,okx,7,0.8154796957969666,1225.5147705078125,575.856689453125,1329.731689453125,598.2421264648438,104.2169189453125,22.38543701171875,2332.941162109375,0.0011250680545344949
750,15.0,hp,4,0.5798943042755127,557.8121337890625,498.1073913574219,577.1773681640625,512.0057983398438,19.365234375,13.898406982421875,269.1459045410156,0.00012979644816368818
750,15.0,bwt,2,0.5491652488708496,275.13165283203125,229.2338409423828,346.3218994140625,245.27320861816406,71.19024658203125,16.03936767578125,1141.8465576171875,0.00055065902415663
755,15.1,okx,7,0.7540242671966553,1423.088623046875,606.1126098632812,1556.6905517578125,632.50927734375,133.6019287109375,26.39666748046875,3526.645751953125,0.0017007357673719525
755,15.1,bwt,2,0.6656586527824402,359.4462585449219,240.53826904296875,433.6229553222656,257.05303955078125,74.17669677734375,16.5147705078125,1225.0111083984375,0.0005907653830945492
755,15.1,hp,4,0.5832180380821228,646.7531127929688,516.8673095703125,672.5933227539062,529.209716796875,25.8402099609375,12.3424072265625,318.9303894042969,0.0001538051583338529
755,15.1,hp,4,0.567977249622345,521.7219848632812,516.9608154296875,546.5328979492188,527.9021606445312,24.8109130859375,10.94134521484375,271.4647521972656,0.0001309147191932425
755,15.1,hp,4,0.4783712923526764,556.1871948242188,390.8888244628906,676.7303466796875,405.7358093261719,120.54315185546875,14.84698486328125,1789.702392578125,0.00086308951722458
760,15.2,bwt,2,0.7738622426986694,443.933349609375,258.661376953125,509.5816650390625,276.95697021484375,65.6483154296875,18.29559326171875,1201.0748291015625,0.0005792220472358167
760,15.2,okx,7,0.7607612013816833,1702.6627197265625,661.872802734375,1836.72314453125,691.3533325195312,134.0604248046875,29.48052978515625,3952.17236328125,0.0019059473415836692
760,15.2,hp,4,0.46296191215515137,633.5182495117188,531.093505859375,656.6351928710938,544.8312377929688,23.116943359375,13.73773193359375,317.5743713378906,0.00015315122436732054
765,15.3,hp,4,0.6482870578765869,624.4146118164062,552.985107421875,650.895751953125,567.8506469726562,26.48114013671875,14.86553955078125,393.65643310546875,0.00018984203052241355
765,15.3,bwt,2,0.5854303240776062,508.6327819824219,271.82037353515625,568.1021118164062,287.36767578125,59.469329833984375,15.54730224609375,924.587646484375,0.0004458852345123887
765,15.3,hp,4,0.5441973805427551,520.8440551757812,549.0999755859375,539.419189453125,563.0852661132812,18.57513427734375,13.98529052734375,259.7786560058594,0.00012527905346360058
770,15.4,aramco,0,0.776358425617218,852.6109008789062,609.6148071289062,949.1531372070312,631.2783813476562,96.542236328125,21.66357421875,2091.449951171875,0.0010086081456393003
770,15.4,hp,4,0.6726048588752747,613.46533203125,579.5504150390625,641.9771728515625,596.178955078125,28.5118408203125,16.6285400390625,474.11029052734375,0.0002286411472596228
770,15.4,hp,4,0.643857479095459,484.04388427734375,577.5084838867188,510.4728698730469,592.3828735351562,26.428985595703125,14.8743896484375,393.1150207519531,0.00018958092550747097
770,15.4,aramco,0,0.4309236407279968,305.9525146484375,240.9583740234375,364.82086181640625,252.1352996826172,58.86834716796875,11.176925659179688,657.9671630859375,0.00031730669434182346
775,15.5,aramco,0,0.7839598655700684,870.593505859375,634.1840209960938,998.8543090820312,661.048583984375,128.26080322265625,26.86456298828125,3445.67041015625,0.0016616851789876819
775,15.5,hp,4,0.45560261607170105,597.9895629882812,601.9630737304688,619.2276000976562,618.429443359375,21.238037109375,16.46636962890625,349.71337890625,0.00016865035286173224
775,15.5,hp,4,0.44205695390701294,467.21783447265625,600.5166625976562,491.9571228027344,616.7406005859375,24.739288330078125,16.22393798828125,401.3686828613281,0.0001935612817760557
780,15.6,aramco,0,0.7190207242965698,900.6581420898438,668.865234375,1052.1343994140625,697.7655029296875,151.47625732421875,28.9002685546875,4377.70458984375,0.002111161593347788
780,15.6,hp,4,0.6238250136375427,580.2156982421875,627.1156616210938,610.5465087890625,645.2603759765625,30.330810546875,18.14471435546875,550.3438720703125,0.00026540501858107746
780,15.6,hp,4,0.5137083530426025,457.457275390625,624.4461669921875,483.1849365234375,642.1152954101562,25.7276611328125,17.66912841796875,454.5853576660156,0.00021922518499195576
785,15.7,hp,4,0.7364897727966309,578.6738891601562,658.3967895507812,607.7363891601562,677.038330078125,29.0625,18.64154052734375,541.769775390625,0.00026127015007659793
785,15.7,hp,4,0.5873057842254639,436.73553466796875,655.2913208007812,466.091796875,677.22265625,29.35626220703125,21.93133544921875,643.822021484375,0.00031048516393639147
785,15.7,aramco,0,0.4392932057380676,940.5423583984375,698.018798828125,1112.931396484375,729.0385131835938,172.3890380859375,31.01971435546875,5347.45849609375,0.002578828250989318
790,15.8,hp,4,0.7392727732658386,584.6286010742188,693.8624877929688,620.8175659179688,715.2913818359375,36.18896484375,21.42889404296875,775.489501953125,0.0003739822132047266
790,15.8,hp,4,0.6859844923019409,417.0983581542969,692.0887451171875,456.8605041503906,714.5453491210938,39.76214599609375,22.45660400390625,892.9227905273438,0.00043061477481387556
790,15.8,aramco,0,0.48847833275794983,1033.3836669921875,736.1475219726562,1183.4713134765625,766.4371337890625,150.087646484375,30.28961181640625,4546.0966796875,0.002192369196563959
795,15.9,hp,4,0.6892841458320618,606.2756958007812,736.0908813476562,646.709716796875,760.8031616210938,40.43402099609375,24.7122802734375,999.2168579101562,0.00048187540960498154
795,15.9,hp,4,0.5353368520736694,436.3156433105469,737.1167602539062,467.0702209472656,756.3048095703125,30.75457763671875,19.18804931640625,590.120361328125,0.00028458735323511064
795,15.9,aramco,0,0.5039076805114746,1103.8489990234375,789.5669555664062,1298.4866943359375,827.66552734375,194.6376953125,38.09857177734375,7415.41796875,0.003576108254492283
800,16.0,hp,4,0.6424794793128967,460.2529296875,561.100341796875,494.0700988769531,582.9824829101562,33.817169189453125,21.88214111328125,739.9920654296875,0.00035686345654539764
800,16.0,hp,4,0.5597162842750549,453.7261047363281,791.847412109375,493.72650146484375,813.664794921875,40.000396728515625,21.8173828125,872.7039794921875,0.000420864176703617
800,16.0,hp,4,0.5007401704788208,644.4711303710938,792.2685546875,711.3118286132812,819.2560424804688,66.8406982421875,26.98748779296875,1803.862548828125,0.0008699182653799653
800,16.0,kick,5,0.4811801612377167,1525.214599609375,820.9515991210938,1575.747802734375,832.3748168945312,50.533203125,11.4232177734375,577.2517700195312,0.00027838145615532994
800,16.0,hp,4,0.45094501972198486,563.5149536132812,558.267822265625,609.6431274414062,577.0502319335938,46.128173828125,18.78240966796875,866.3982543945312,0.0004178232338745147
805,16.1,hp,4,0.7112314701080322,479.58868408203125,591.1126708984375,520.8573608398438,617.2906494140625,41.2686767578125,26.177978515625,1080.33056640625,0.0005209927330724895
805,16.1,hp,4,0.6746614575386047,726.282470703125,859.5977783203125,789.6639404296875,891.7291870117188,63.3814697265625,32.13140869140625,2036.535888671875,0.0009821257553994656
805,16.1,hp,4,0.6673576235771179,478.3872375488281,864.883056640625,533.93798828125,895.2567138671875,55.550750732421875,30.3736572265625,1687.2794189453125,0.0008136957185342908
805,16.1,hp,4,0.5901026725769043,608.1598510742188,586.768310546875,657.630859375,609.2432250976562,49.47100830078125,22.47491455078125,1111.856689453125,0.0005361963412724435
805,16.1,moneygram,6,0.5226912498474121,1172.61279296875,688.2787475585938,1195.0159912109375,700.3355712890625,22.4031982421875,12.05682373046875,270.1114196777344,0.00013026206579525024
805,16.1,kick,5,0.4706348180770874,699.499755859375,464.322021484375,717.3023071289062,475.0990295410156,17.80255126953125,10.777008056640625,191.85824584960938,9.2524234787561e-05
810,16.2,hp,4,0.8375926613807678,526.0594482421875,635.8416748046875,569.8603515625,665.9896240234375,43.8009033203125,30.14794921875,1320.5074462890625,0.0006368188187479973
810,16.2,kick,5,0.6014601588249207,674.3572387695312,470.2641906738281,690.4912109375,479.3062744140625,16.13397216796875,9.042083740234375,145.8847198486328,7.035335875116289e-05
810,16.2,moneygram,6,0.5455764532089233,1261.2718505859375,724.7186279296875,1285.92431640625,736.7352905273438,24.6524658203125,12.01666259765625,296.2403564453125,0.0001428628311259672
810,16.2,hp,4,0.5157449245452881,586.7164306640625,969.3920288085938,621.0347290039062,994.1303100585938,34.31829833984375,24.73828125,848.9757080078125,0.0004094211617484689
810,16.2,hp,4,0.5115699172019958,872.5048828125,953.4937744140625,929.1901245117188,988.9368896484375,56.68524169921875,35.443115234375,2009.1015625,0.000968895445112139
815,16.3,hp,4,0.8376303911209106,625.7918090820312,696.918701171875,673.1337280273438,733.2994995117188,47.3419189453125,36.38079833984375,1722.3367919921875,0.0008306022500619292
815,16.3,hp,4,0.6251817941665649,837.4754028320312,752.5244750976562,874.3895263671875,768.5399780273438,36.91412353515625,16.0155029296875,591.1982421875,0.00028510717675089836
815,16.3,moneygram,6,0.5663201212882996,1387.65576171875,770.114013671875,1414.704833984375,785.9700317382812,27.049072265625,15.85601806640625,428.89056396484375,0.00020683379261754453
820,16.4,hp,4,0.869935154914856,808.1641235351562,787.5220336914062,863.545166015625,830.4181518554688,55.38104248046875,42.8961181640625,2375.6318359375,0.0011456557549536228
820,16.4,kick,5,0.5313113927841187,633.0714111328125,488.0854187011719,648.8319702148438,497.76776123046875,15.76055908203125,9.682342529296875,152.59913635253906,7.35914072720334e-05
820,16.4,moneygram,6,0.41946715116500854,1565.579833984375,833.6021118164062,1597.24169921875,851.9933471679688,31.661865234375,18.3912353515625,582.3008422851562,0.00028081636992283165
825,16.5,kick,5,0.6369673609733582,616.4599609375,503.94879150390625,631.71435546875,513.1630249023438,15.25439453125,9.2142333984375,140.55755615234375,6.77843127050437e-05
830,16.6,kick,5,0.562139093875885,600.6399536132812,518.1263427734375,614.7088623046875,526.8942260742188,14.06890869140625,8.76788330078125,123.35455322265625,5.948811303824186e-05
840,16.8,kick,5,0.5018566846847534,582.177490234375,544.77783203125,600.2977294921875,555.5186157226562,18.1202392578125,10.74078369140625,194.6255645751953,9.38587763812393e-05
845,16.9,kick,5,0.5201365351676941,581.656494140625,567.515625,599.8674926757812,579.0836791992188,18.21099853515625,11.56805419921875,210.6658172607422,0.00010159423982258886
850,17.0,kick,5,0.4223913252353668,591.5364990234375,586.638427734375,609.2821044921875,600.1109619140625,17.74560546875,13.4725341796875,239.07827758789062,0.00011529623589012772
850,17.0,atlasian,1,0.40371033549308777,1185.468505859375,531.0744018554688,1418.1968994140625,554.2403564453125,232.7283935546875,23.16595458984375,5391.37548828125,0.0026000074576586485
855,17.1,kick,5,0.5547401905059814,607.2696533203125,608.3630981445312,628.496826171875,619.8214111328125,21.2271728515625,11.45831298828125,243.2275848388672,0.00011729725520126522
855,17.1,atlasian,1,0.534350574016571,1260.599365234375,556.916015625,1373.440185546875,579.0640869140625,112.8408203125,22.1480712890625,2499.20654296875,0.0012052500387653708
860,17.2,atlasian,1,0.7571192979812622,1348.3505859375,579.8536987304688,1506.8590087890625,605.8245239257812,158.5084228515625,25.9708251953125,4116.5947265625,0.0019852404948323965
860,17.2,kick,5,0.5387065410614014,634.4703369140625,635.251708984375,656.8258056640625,648.3794555664062,22.35546875,13.12774658203125,293.4769287109375,0.00014153015217743814
865,17.3,petronas,9,0.6165145039558411,495.95574951171875,437.3617248535156,639.7127685546875,450.9193420410156,143.75701904296875,13.5576171875,1949.002685546875,0.0009399125701747835
865,17.3,kick,5,0.5584307909011841,677.8606567382812,663.2597045898438,705.4481201171875,679.182373046875,27.58746337890625,15.92266845703125,439.2660217285156,0.00021183739590924233
865,17.3,atlasian,1,0.4375971257686615,1510.857177734375,616.6627197265625,1698.8057861328125,646.87939453125,187.9486083984375,30.2166748046875,5679.18212890625,0.002738803159445524
870,17.4,petronas,9,0.6777069568634033,1001.2326049804688,465.4553527832031,1166.740966796875,480.354736328125,165.50836181640625,14.899383544921875,2465.97265625,0.001189222908578813
870,17.4,kick,5,0.5991116166114807,739.7705688476562,696.8627319335938,770.7618408203125,714.2694702148438,30.99127197265625,17.40673828125,539.4569702148438,0.00026015477487817407
875,17.5,kick,5,0.5489453673362732,824.0792846679688,731.7714233398438,849.18017578125,749.6396484375,25.10089111328125,17.86822509765625,448.50836181640625,0.0002162945456802845
875,17.5,petronas,9,0.5134928822517395,462.3889465332031,457.3980407714844,623.3016357421875,470.3463439941406,160.91268920898438,12.94830322265625,2083.54638671875,0.0010047967080026865
880,17.6,kick,5,0.6530494093894958,947.4903564453125,787.1443481445312,982.9988403320312,810.8743286132812,35.50848388671875,23.72998046875,842.6156005859375,0.0004063539672642946
880,17.6,petronas,9,0.4664943218231201,457.6827392578125,462.9040222167969,631.14306640625,478.3916931152344,173.4603271484375,15.4876708984375,2686.49658203125,0.0012955712154507637
1100,22.0,oracle,8,0.6589939594268799,924.0135498046875,684.1119384765625,954.370849609375,701.2326049804688,30.3572998046875,17.12066650390625,519.7371826171875,0.0002506448654457927
1110,22.2,oracle,8,0.6346498131752014,969.55224609375,719.6182861328125,1005.1063232421875,738.5242309570312,35.5540771484375,18.90594482421875,672.1834106445312,0.00032416253816336393
1120,22.4,oracle,8,0.44791314005851746,738.4769897460938,569.1705322265625,798.51611328125,580.0040893554688,60.03912353515625,10.83355712890625,650.437255859375,0.00031367538031190634
1155,23.1,okx,7,0.5000197887420654,756.8701171875,618.7779541015625,785.6830444335938,625.2218017578125,28.81292724609375,6.44384765625,185.66610717773438,8.953805081546307e-05
1160,23.2,okx,7,0.45372462272644043,806.0344848632812,629.251220703125,833.8356323242188,635.5924682617188,27.8011474609375,6.34124755859375,176.29396057128906,8.501830598106608e-05
1165,23.3,atlasian,1,0.41839414834976196,543.5725708007812,555.336181640625,607.7311401367188,563.5396118164062,64.1585693359375,8.20343017578125,526.3203735351562,0.000253819627687335
1180,23.6,petronas,9,0.5153266787528992,513.0634155273438,550.8646240234375,576.4757080078125,558.5224609375,63.41229248046875,7.6578369140625,485.6009826660156,0.00023418257478624582
1185,23.7,atlasian,1,0.45167025923728943,521.7755737304688,550.7210693359375,587.6970825195312,558.6371459960938,65.9215087890625,7.91607666015625,521.8397216796875,0.0002516588137950748
1190,23.8,atlasian,1,0.4523765742778778,799.4539184570312,1055.16748046875,846.9369506835938,1080.660888671875,47.4830322265625,25.493408203125,1210.5042724609375,0.0005837694043293595
1190,23.8,okx,7,0.42987141013145447,1191.9215087890625,724.5755004882812,1215.4652099609375,740.1644897460938,23.543701171875,15.5889892578125,367.0224914550781,0.00017699772433843464
1190,23.8,atlasian,1,0.4165032207965851,549.2884521484375,549.9159545898438,612.1463623046875,558.4241333007812,62.85791015625,8.5081787109375,534.8063354492188,0.0002579120045993477
1195,23.9,okx,7,0.5688092112541199,1213.296630859375,676.9300537109375,1258.1190185546875,685.6441040039062,44.8223876953125,8.71405029296875,390.58453369140625,0.00018836060189642012
1195,23.9,petronas,9,0.43264806270599365,591.4296264648438,547.7200927734375,655.2042236328125,555.60986328125,63.77459716796875,7.8897705078125,503.16693115234375,0.00024265381216537207
1200,24.0,okx,7,0.43161168694496155,1249.1131591796875,683.7233276367188,1281.8551025390625,692.6988525390625,32.741943359375,8.97552490234375,293.8761291503906,0.00014172267401590943
1200,24.0,petronas,9,0.41660910844802856,638.8090209960938,544.0232543945312,705.4150390625,552.5545043945312,66.60601806640625,8.53125,568.2326049804688,0.00027403191779740155
1205,24.1,petronas,9,0.6702709197998047,687.3020629882812,539.46337890625,756.099365234375,548.2139892578125,68.79730224609375,8.7506103515625,602.0183715820312,0.0002903252316173166
1205,24.1,okx,7,0.6407400965690613,1275.932373046875,693.3148193359375,1329.13232421875,701.5997924804688,53.199951171875,8.28497314453125,440.7601623535156,0.00021255794854369015
1210,24.2,okx,7,0.6307275891304016,1309.632080078125,703.48583984375,1355.96630859375,711.5829467773438,46.334228515625,8.09710693359375,375.1732177734375,0.0001809284440241754
1210,24.2,petronas,9,0.4249924123287201,735.5601196289062,534.8798217773438,797.276611328125,543.9012451171875,61.71649169921875,9.02142333984375,556.7705688476562,0.0002685043145902455
1215,24.3,okx,7,0.6191045641899109,1302.560302734375,718.9185180664062,1358.0498046875,728.109130859375,55.489501953125,9.19061279296875,509.9825134277344,0.00024594063870608807
1220,24.4,okx,7,0.6106926202774048,1316.274169921875,730.421875,1373.8375244140625,740.18701171875,57.5633544921875,9.76513671875,562.114013671875,0.0002710812259465456
1225,24.5,okx,7,0.44539904594421387,1322.2952880859375,744.9166259765625,1378.416015625,754.5220947265625,56.1207275390625,9.60546875,539.06591796875,0.0002599662111606449
1230,24.6,okx,7,0.5854392647743225,1283.817138671875,766.0487060546875,1329.6856689453125,777.2421264648438,45.8685302734375,11.19342041015625,513.4257202148438,0.00024760112864896655
1230,24.6,okx,7,0.5238350033760071,1332.125244140625,764.848388671875,1374.0391845703125,775.181396484375,41.9139404296875,10.3330078125,433.0970764160156,0.000208862402359955
1235,24.7,okx,7,0.6736287474632263,1258.38623046875,797.7542724609375,1328.933349609375,808.712890625,70.547119140625,10.9586181640625,773.0989379882812,0.00037282935227267444
1235,24.7,petronas,9,0.44613438844680786,955.0899047851562,528.5457763671875,1029.5975341796875,538.5195922851562,74.50762939453125,9.97381591796875,743.1253662109375,0.0003583744983188808
1240,24.8,okx,7,0.48993411660194397,1203.947998046875,846.1129150390625,1272.876953125,859.6610107421875,68.928955078125,13.548095703125,933.8560791015625,0.0004503549716901034
1245,24.9,okx,7,0.7047351598739624,1104.0516357421875,921.29541015625,1180.989013671875,937.3220825195312,76.9373779296875,16.02667236328125,1233.0501708984375,0.0005946422461420298
1245,24.9,hp,4,0.46216127276420593,1122.285400390625,671.04248046875,1139.3714599609375,678.5679321289062,17.0860595703125,7.52545166015625,128.580322265625,6.200825737323612e-05
1250,25.0,hp,4,0.40829673409461975,1228.276123046875,702.7762451171875,1245.4814453125,713.5855102539062,17.205322265625,10.80926513671875,185.9768829345703,8.968792826635763e-05
1250,25.0,hp,4,0.4059460759162903,1159.464599609375,706.0572509765625,1174.4327392578125,714.3934326171875,14.9681396484375,8.336181640625,124.77713012695312,6.0174155805725604e-05
1255,25.1,hp,4,0.5003353357315063,1174.5521240234375,751.4307250976562,1190.1011962890625,761.0107421875,15.549072265625,9.58001708984375,148.9603729248047,7.183659909060225e-05
1260,25.2,hp,4,0.519855797290802,1239.040771484375,810.0360717773438,1256.9610595703125,821.7680053710938,17.9202880859375,11.73193359375,210.2396240234375,0.00010138870857190341
1265,25.3,hp,4,0.6555577516555786,1202.0413818359375,883.1099243164062,1223.62744140625,898.05078125,21.5860595703125,14.94085693359375,322.51422119140625,0.0001555334747536108
1265,25.3,hp,4,0.631266176700592,1116.1080322265625,885.239501953125,1136.7413330078125,899.15576171875,20.63330078125,13.916259765625,287.13836669921875,0.00013847336231265217
1265,25.3,hp,4,0.4853678047657013,1189.46630859375,698.5718994140625,1269.9901123046875,712.6793823242188,80.5238037109375,14.10748291015625,1135.9881591796875,0.0005478337989188731
1270,25.4,hp,4,0.7073169350624084,1111.117919921875,987.709228515625,1135.9117431640625,1002.5419311523438,24.7938232421875,14.83270263671875,367.7593994140625,0.0001773531112121418
1270,25.4,hp,4,0.4907301664352417,1165.7225341796875,754.7401123046875,1252.20166015625,770.3616943359375,86.4791259765625,15.62158203125,1350.9407958984375,0.0006514953565783799
1270,25.4,hp,4,0.47411447763442993,1013.496337890625,984.019775390625,1033.78759765625,997.980224609375,20.291259765625,13.96044921875,283.2751159667969,0.0001366102951578796
1275,25.5,hp,4,0.5100045204162598,1113.3961181640625,829.8028564453125,1139.1485595703125,844.6104736328125,25.75244140625,14.8076171875,381.3323059082031,0.00018389867909718305
1285,25.7,okx,7,0.4210053086280823,1203.0648193359375,618.8175048828125,1232.64990234375,626.8031005859375,29.5850830078125,7.985595703125,236.2545166015625,0.00011393446766305715
1290,25.8,okx,7,0.6082205176353455,1204.6962890625,655.091796875,1239.277587890625,663.4547729492188,34.581298828125,8.36297607421875,289.20257568359375,0.0001394688297295943
1290,25.8,okx,7,0.47119462490081787,1166.802001953125,655.46728515625,1200.8087158203125,663.5686645507812,34.0067138671875,8.10137939453125,275.50128173828125,0.00013286134344525635
1295,25.9,okx,7,0.47273218631744385,1167.1817626953125,700.2576904296875,1218.358154296875,708.3244018554688,51.1763916015625,8.06671142578125,412.8251953125,0.00019908622198272496
1305,26.1,okx,7,0.6154465675354004,1028.6759033203125,834.6314086914062,1092.8282470703125,846.3709106445312,64.15234375,11.739501953125,753.1165771484375,0.00036319278297014534
1325,26.5,petronas,9,0.5572742223739624,908.277099609375,452.34393310546875,949.70654296875,458.6474609375,41.429443359375,6.30352783203125,261.1516418457031,0.0001259411801584065
1330,26.6,petronas,9,0.49287867546081543,954.1453247070312,465.4315490722656,994.3834228515625,473.5403747558594,40.23809814453125,8.10882568359375,326.2837219238281,0.00015735132910776883
1335,26.7,oracle,8,0.8227406740188599,1087.02392578125,832.9920654296875,1139.7969970703125,868.7698974609375,52.7730712890625,35.77783203125,1888.1060791015625,0.0009105450008064508
1340,26.8,oracle,8,0.8332872986793518,952.9788208007812,940.95703125,1023.9974365234375,999.2103881835938,71.01861572265625,58.25335693359375,4137.07275390625,0.0019951160065829754
1340,26.8,petronas,9,0.44165632128715515,1111.947509765625,561.5552368164062,1176.7591552734375,570.42919921875,64.8116455078125,8.87396240234375,575.1361083984375,0.00027736116317100823
1340,26.8,petronas,9,0.40364882349967957,1028.9630126953125,495.8201599121094,1072.1864013671875,502.5550537109375,43.223388671875,6.734893798828125,291.10491943359375,0.00014038624067325145
1345,26.9,petronas,9,0.5866162776947021,1114.3489990234375,588.45849609375,1193.2996826171875,596.44580078125,78.95068359375,7.9873046875,630.6031494140625,0.00030411031912080944
1345,26.9,petronas,9,0.5810129642486572,1062.306640625,512.8190307617188,1105.95166015625,518.1548461914062,43.64501953125,5.3358154296875,232.88177490234375,0.0001123079564422369
1355,27.1,petronas,9,0.5258208513259888,1099.135498046875,662.831298828125,1203.2506103515625,679.3969116210938,104.1151123046875,16.56561279296875,1724.7305908203125,0.0008317566243931651
1360,27.2,petronas,9,0.43398648500442505,1121.06787109375,583.8527221679688,1188.439697265625,591.9229125976562,67.371826171875,8.0701904296875,543.7034912109375,0.0002622026950120926
1365,27.3,aramco,0,0.5393123626708984,1134.8165283203125,762.2005615234375,1202.6707763671875,779.5223388671875,67.854248046875,17.32177734375,1175.356201171875,0.0005668191588483751
1370,27.4,aramco,0,0.7576708793640137,1070.4130859375,839.1766967773438,1148.448486328125,858.8148193359375,78.035400390625,19.63812255859375,1532.46875,0.0007390377577394247
1375,27.5,aramco,0,0.5767091512680054,952.5017700195312,946.6622924804688,1040.2281494140625,969.3403930664062,87.72637939453125,22.6781005859375,1989.4676513671875,0.0009594269213266671
1375,27.5,aramco,0,0.45174917578697205,836.8931884765625,944.1946411132812,893.4505004882812,963.6238403320312,56.55731201171875,19.42919921875,1098.86328125,0.0005299302283674479
1375,27.5,aramco,0,0.4205617904663086,1057.6993408203125,722.0294799804688,1157.1082763671875,733.56396484375,99.408935546875,11.53448486328125,1146.630859375,0.0005529662594199181
1375,27.5,aramco,0,0.4135386645793915,1113.42138671875,547.843994140625,1180.6656494140625,557.3927001953125,67.2442626953125,9.5487060546875,642.095703125,0.0003096526488661766
1380,27.6,aramco,0,0.5286655426025391,989.7989501953125,914.8023071289062,1038.3870849609375,957.4686279296875,48.588134765625,42.66632080078125,2073.076904296875,0.0009997477754950523
1380,27.6,aramco,0,0.4388269782066345,971.0619506835938,798.4909057617188,1074.8909912109375,812.2333374023438,103.82904052734375,13.742431640625,1426.863525390625,0.0006881093140691519
1385,27.7,hp,4,0.5999791622161865,1167.071044921875,768.8302612304688,1187.4703369140625,782.3165283203125,20.3992919921875,13.48626708984375,275.11029052734375,0.00013267277972772717
1385,27.7,hp,4,0.5413528084754944,1091.9873046875,770.89208984375,1109.200439453125,783.4541015625,17.213134765625,12.56201171875,216.23159790039062,0.00010427835513837636
1390,27.8,hp,4,0.7351992130279541,1102.4417724609375,854.8258056640625,1125.7218017578125,869.52783203125,23.280029296875,14.7020263671875,342.26361083984375,0.00016505768871866167
1390,27.8,hp,4,0.6060396432876587,1012.6272583007812,854.1358642578125,1032.3033447265625,866.5339965820312,19.67608642578125,12.39813232421875,243.94671630859375,0.00011764405644498765
1395,27.9,hp,4,0.6514468193054199,985.1194458007812,976.63818359375,1011.1771850585938,996.583251953125,26.0577392578125,19.945068359375,519.723388671875,0.0002506382006686181
1400,28.0,hp,4,0.4805203378200531,1030.62109375,811.9264526367188,1054.0723876953125,827.0233154296875,23.4512939453125,15.09686279296875,354.04095458984375,0.00017073734488803893
1405,28.1,bwt,2,0.440449982881546,1152.52880859375,632.7190551757812,1258.934814453125,652.0527954101562,106.406005859375,19.333740234375,2057.22607421875,0.0009921035962179303
1410,28.2,bwt,2,0.5217674970626831,1123.48876953125,690.9537353515625,1239.2322998046875,714.8414306640625,115.7435302734375,23.8876953125,2764.84619140625,0.0013333555543795228
1410,28.2,petronas,9,0.4809924364089966,944.9228515625,401.8687744140625,997.51416015625,407.88250732421875,52.59130859375,6.01373291015625,316.27008056640625,0.00015252221783157438
1415,28.3,petronas,9,0.508773684501648,992.5047607421875,414.214599609375,1047.5023193359375,420.76385498046875,54.99755859375,6.54925537109375,360.19305419921875,0.00017370421846862882
1415,28.3,bwt,2,0.4282738268375397,1054.3721923828125,764.3709716796875,1195.955078125,793.655029296875,141.5828857421875,29.2840576171875,4146.12158203125,0.00199947995133698
1425,28.5,petronas,9,0.5183731317520142,1073.32470703125,451.1302795410156,1141.5595703125,457.2676086425781,68.23486328125,6.1373291015625,418.7798156738281,0.0002019578532781452
1430,28.6,petronas,9,0.7039520740509033,1106.86474609375,477.4176025390625,1185.7711181640625,484.2771301269531,78.9063720703125,6.859527587890625,541.2604370117188,0.0002610245137475431
1455,29.1,okx,7,0.4230378270149231,1183.5364990234375,618.8731689453125,1204.6824951171875,623.1100463867188,21.14599609375,4.23687744140625,89.5929946899414,4.3206498958170414e-05
1470,29.4,okx,7,0.44970059394836426,1188.7413330078125,605.4512939453125,1227.22412109375,611.3032836914062,38.4827880859375,5.85198974609375,225.2008819580078,0.00010860381735255942
1475,29.5,okx,7,0.4911305606365204,1186.54736328125,605.2719116210938,1216.762451171875,610.5664672851562,30.215087890625,5.2945556640625,159.9754638671875,7.714865932939574e-05
1480,29.6,okx,7,0.448195219039917,1136.2353515625,604.9803466796875,1162.9822998046875,610.9688720703125,26.7469482421875,5.988525390625,160.17477416992188,7.724478200543672e-05
1485,29.7,okx,7,0.4580652713775635,1123.09619140625,612.6267700195312,1160.4403076171875,619.9283447265625,37.3441162109375,7.30157470703125,272.6708679199219,0.00013149637379683554
1505,30.1,okx,7,0.4104640483856201,843.3422241210938,672.9754638671875,890.8989868164062,679.9581298828125,47.5567626953125,6.982666015625,332.072998046875,0.00016014323045965284
1510,30.2,petronas,9,0.4815289378166199,1193.1971435546875,520.5785522460938,1249.0931396484375,526.4963989257812,55.89599609375,5.9178466796875,330.783935546875,0.000159521572641097
1515,30.3,okx,7,0.5633320808410645,405.6897277832031,840.4172973632812,455.38519287109375,866.9608764648438,49.695465087890625,26.5435791015625,1319.095458984375,0.0006361378473229706
1540,30.8,hp,4,0.42279550433158875,847.7947998046875,662.4649658203125,865.2715454101562,673.972412109375,17.47674560546875,11.5074462890625,201.1127166748047,9.698722715256736e-05
1550,31.0,hp,4,0.4264392852783203,550.1997680664062,710.5260620117188,572.8350219726562,728.071533203125,22.63525390625,17.54547119140625,397.1462097167969,0.00019152498862240463
1555,31.1,hp,4,0.5613863468170166,359.4333190917969,743.1139526367188,383.3313903808594,763.4547729492188,23.8980712890625,20.3408203125,486.10638427734375,0.00023442630481440574
1560,31.2,hp,4,0.6083009839057922,132.34530639648438,776.6123657226562,157.63104248046875,797.705078125,25.285736083984375,21.09271240234375,533.3447875976562,0.00025720716803334653
1570,31.4,okx,7,0.4195080101490021,1207.363525390625,539.9096069335938,1239.3035888671875,546.0940551757812,31.9400634765625,6.1844482421875,197.5316619873047,9.526025678496808e-05
1580,31.6,okx,7,0.6307394504547119,992.8883666992188,635.6029663085938,1024.7899169921875,650.7545166015625,31.90155029296875,15.15155029296875,483.3579406738281,0.00023310085816774517
1590,31.8,okx,7,0.4179801046848297,732.8796997070312,703.1337280273438,777.3692626953125,722.9951171875,44.48956298828125,19.86138916015625,883.62451171875,0.0004261306603439152
1595,31.9,okx,7,0.682912290096283,522.9099731445312,742.5286254882812,562.92626953125,763.8783569335938,40.01629638671875,21.3497314453125,854.337158203125,0.00041200671694241464
1610,32.2,oracle,8,0.5081644058227539,1130.7720947265625,578.8719482421875,1192.9510498046875,594.0195922851562,62.178955078125,15.14764404296875,941.8646850585938,0.00045421713730320334
1615,32.3,oracle,8,0.7532148957252502,1030.5535888671875,602.2432861328125,1101.695556640625,623.7647705078125,71.1419677734375,21.521484375,1531.0806884765625,0.0007383683696389198
1620,32.4,oracle,8,0.6979418992996216,889.537109375,630.6478881835938,973.2794799804688,655.523681640625,83.74237060546875,24.87579345703125,2083.157958984375,0.001004609395749867
1625,32.5,oracle,8,0.7769442200660706,701.795166015625,669.8203735351562,809.0320434570312,698.0367431640625,107.23687744140625,28.21636962890625,3025.83544921875,0.0014592184452340007
1630,32.6,oracle,8,0.7391063570976257,477.8426208496094,713.734130859375,598.6314697265625,739.8184814453125,120.78884887695312,26.0843505859375,3150.69873046875,0.0015194341540336609
1635,32.7,oracle,8,0.5439196825027466,209.52066040039062,758.2747802734375,352.94244384765625,786.1622314453125,143.42178344726562,27.887451171875,3999.66796875,0.0019288521725684404
1700,34.0,hp,4,0.5197285413742065,935.520263671875,543.2373657226562,958.510009765625,559.0987548828125,22.98974609375,15.86138916015625,364.6493225097656,0.00017585325986146927
1710,34.2,hp,4,0.5981053113937378,615.1538696289062,594.7135620117188,640.9144897460938,616.690673828125,25.7606201171875,21.97711181640625,566.14404296875,0.00027302472153678536
1715,34.3,hp,4,0.5780359506607056,407.7105712890625,630.2510986328125,437.88702392578125,652.0565795898438,30.17645263671875,21.80548095703125,658.0120849609375,0.00031732834759168327
1720,34.4,hp,4,0.7598419189453125,188.3587646484375,669.1006469726562,220.9898223876953,698.0078735351562,32.63105773925781,28.9072265625,943.2733764648438,0.0004548965080175549
1735,34.7,moneygram,6,0.742170512676239,562.8511352539062,572.1504516601562,599.7269897460938,599.8773193359375,36.8758544921875,27.72686767578125,1022.4519653320312,0.0004930805880576372
1740,34.8,moneygram,6,0.6901873350143433,352.6162414550781,606.4236450195312,397.64068603515625,634.8099365234375,45.024444580078125,28.38629150390625,1278.0770263671875,0.0006163566140457988
1745,34.9,atlasian,1,0.49283304810523987,1429.6689453125,229.15744018554688,1488.1217041015625,234.18997192382812,58.4527587890625,5.03253173828125,294.1653747558594,0.00014186215412337333
1745,34.9,atlasian,1,0.42202433943748474,1344.9501953125,286.6394348144531,1408.71142578125,293.04229736328125,63.76123046875,6.402862548828125,408.25439453125,0.00019688194151967764
1760,35.2,okx,7,0.4822998344898224,808.6303100585938,813.1380615234375,827.6972045898438,825.7013549804688,19.06689453125,12.56329345703125,239.54298400878906,0.00011552034266060218
1770,35.4,oracle,8,0.4827224612236023,901.0792236328125,834.8613891601562,934.644775390625,847.7069091796875,33.5655517578125,12.84552001953125,431.1669616699219,0.00020793160365428776
1790,35.8,bwt,2,0.4135020971298218,928.348876953125,790.9920043945312,944.8555908203125,805.8519897460938,16.5067138671875,14.8599853515625,245.28952026367188,0.00011829163122456521
1795,35.9,okx,7,0.5067098736763,1153.027099609375,839.041015625,1185.866943359375,847.234130859375,32.83984375,8.193115234375,269.0606384277344,0.00012975532445125282
1845,36.9,oracle,8,0.49368786811828613,1251.225341796875,746.2489624023438,1282.57666015625,758.4129028320312,31.351318359375,12.1639404296875,381.3555603027344,0.00018390989862382412
1850,37.0,okx,7,0.41002997756004333,823.0792236328125,742.3194580078125,850.4088745117188,751.4072265625,27.32965087890625,9.0877685546875,248.36553955078125,0.00011977504618698731
1855,37.1,oracle,8,0.4460340142250061,873.0164184570312,752.3319091796875,902.8882446289062,763.1240234375,29.871826171875,10.7921142578125,322.3801574707031,0.00015546882059425116
1875,37.5,oracle,8,0.661507248878479,733.0484008789062,673.5225830078125,759.7000732421875,686.8180541992188,26.65167236328125,13.29547119140625,354.3465270996094,0.0001708847121335566
1880,37.6,oracle,8,0.7841218709945679,760.0867919921875,687.0020751953125,791.990478515625,702.3887939453125,31.9036865234375,15.38671875,490.89306640625,0.0002367346896789968
1885,37.7,oracle,8,0.6758183836936951,787.7271118164062,701.599853515625,820.5330810546875,715.6631469726562,32.80596923828125,14.06329345703125,461.3599853515625,0.00022249227913562208
1890,37.8,oracle,8,0.6440138220787048,826.9330444335938,719.7481079101562,860.8575439453125,731.5364990234375,33.92449951171875,11.78839111328125,399.915283203125,0.00019286037422716618
1895,37.9,oracle,8,0.6977323293685913,864.7774658203125,726.8941040039062,901.3294677734375,738.7736206054688,36.552001953125,11.8795166015625,434.2201232910156,0.00020940399554092437
1900,38.0,oracle,8,0.6700475215911865,909.3079833984375,734.0999145507812,950.4639282226562,747.3027954101562,41.15594482421875,13.202880859375,543.3770141601562,0.00026204524328932166
1905,38.1,oracle,8,0.7169844508171082,953.5050048828125,736.0134887695312,997.5354614257812,749.21240234375,44.03045654296875,13.19891357421875,581.1541748046875,0.0002802633971441537
1910,38.2,oracle,8,0.7059342265129089,1004.3927612304688,739.9765625,1053.1688232421875,752.7449951171875,48.77606201171875,12.7684326171875,622.7938842773438,0.0003003442834597081
1915,38.3,oracle,8,0.759156346321106,1046.5413818359375,742.2394409179688,1096.960205078125,752.4221801757812,50.4188232421875,10.1827392578125,513.4017333984375,0.00024758957442827523
1920,38.4,oracle,8,0.6813934445381165,1085.87158203125,737.0136108398438,1141.1539306640625,748.8765258789062,55.2823486328125,11.8629150390625,655.809814453125,0.0003162663197144866
1925,38.5,oracle,8,0.6698816418647766,1135.85888671875,734.6118774414062,1184.2613525390625,745.423828125,48.4024658203125,10.81195068359375,523.3250732421875,0.00025237511727027595
1930,38.6,oracle,8,0.6320115327835083,1189.6802978515625,725.0462646484375,1235.1312255859375,739.166015625,45.450927734375,14.1197509765625,641.7557983398438,0.0003094887069892138
1935,38.7,oracle,8,0.6883230805397034,1223.6221923828125,718.7034301757812,1265.6346435546875,734.6729736328125,42.012451171875,15.96954345703125,670.919677734375,0.0003235530748497695
1940,38.8,oracle,8,0.6844077110290527,1267.437255859375,709.2847290039062,1301.2662353515625,721.452392578125,33.8289794921875,12.16766357421875,411.61962890625,0.00019850482931360602
1945,38.9,oracle,8,0.546738862991333,1293.806884765625,700.3815307617188,1339.150390625,713.6417236328125,45.343505859375,13.26019287109375,601.2636108398438,0.00028996123000979424
1950,39.0,oracle,8,0.4869273006916046,1345.1104736328125,682.8475952148438,1372.6458740234375,697.6369018554688,27.535400390625,14.789306640625,407.2294921875,0.00019638768571894616
1955,39.1,oracle,8,0.5554114580154419,1348.54150390625,674.8037719726562,1376.1143798828125,686.1141357421875,27.5728759765625,11.31036376953125,311.8592529296875,0.00015039509162306786
1970,39.4,bwt,2,0.47948190569877625,771.626708984375,694.1408081054688,791.8661499023438,707.0280151367188,20.23944091796875,12.88720703125,260.8298645019531,0.00012578601308632642
1980,39.6,aramco,0,0.4398684501647949,1027.848876953125,745.6663208007812,1072.5184326171875,754.9036865234375,44.6695556640625,9.23736572265625,412.6290283203125,0.00019899161998182535
1995,39.9,bwt,2,0.46683990955352783,990.1082763671875,765.3619995117188,1014.2298583984375,777.49853515625,24.12158203125,12.13653564453125,292.75244140625,0.00014118077524472028
2005,40.1,hp,4,0.46166127920150757,975.3076171875,721.0676879882812,987.2815551757812,731.6746826171875,11.97393798828125,10.60699462890625,127.00749969482422,6.124976061983034e-05
2010,40.2,hp,4,0.5202251076698303,1020.1140747070312,721.28759765625,1033.291259765625,732.2898559570312,13.17718505859375,11.00225830078125,144.97879028320312,6.991646660026163e-05
2020,40.4,oracle,8,0.4176642596721649,1139.727294921875,747.8652954101562,1172.034423828125,759.1171875,32.30712890625,11.25189208984375,363.5163269042969,0.00017530686454847455
2100,42.0,petronas,9,0.5925576686859131,749.8787231445312,372.71661376953125,787.6148681640625,378.41400146484375,37.73614501953125,5.6973876953125,214.99745178222656,0.00010368318180553615
2105,42.1,petronas,9,0.4857640564441681,743.5475463867188,380.5021057128906,781.30859375,388.3160400390625,37.76104736328125,7.813934326171875,295.0623474121094,0.00014229472435545176
2105,42.1,petronas,9,0.44036009907722473,796.8831176757812,315.8371887207031,830.6666259765625,321.771240234375,33.78350830078125,5.934051513671875,200.47308349609375,9.667876292951405e-05
2110,42.2,petronas,9,0.4553864300251007,782.6396484375,323.7891540527344,817.4232788085938,329.6170349121094,34.78363037109375,5.827880859375,202.71485900878906,9.775986836757511e-05
2120,42.4,petronas,9,0.503709614276886,760.7356567382812,337.96142578125,796.6583251953125,345.1067810058594,35.92266845703125,7.145355224609375,256.68023681640625,0.0001237848337041214
2120,42.4,petronas,9,0.4372445344924927,708.6416015625,410.0330810546875,751.8191528320312,418.13873291015625,43.17755126953125,8.10565185546875,349.9822082519531,0.00016877999587450176
2130,42.6,petronas,9,0.5172905921936035,689.8773803710938,434.6803894042969,730.6642456054688,442.08929443359375,40.786865234375,7.408905029296875,302.1860046386719,0.0001457301405025646
2130,42.6,petronas,9,0.5090407133102417,737.2254028320312,356.55804443359375,770.5089721679688,361.9357604980469,33.2835693359375,5.377716064453125,178.9895782470703,8.631827950011939e-05
2140,42.8,bwt,2,0.41965609788894653,747.1953735351562,274.1021423339844,778.9927978515625,283.5016784667969,31.79742431640625,9.3995361328125,298.88104248046875,0.00014413629833143204
2145,42.9,bwt,2,0.4250744581222534,736.9102172851562,278.3677978515625,769.8215942382812,288.510009765625,32.911376953125,10.1422119140625,333.7941589355469,0.00016097325715236366
2145,42.9,petronas,9,0.40191519260406494,668.2388305664062,462.873046875,715.9642333984375,470.14276123046875,47.72540283203125,7.26971435546875,346.9500427246094,0.0001673177321208641
2150,43.0,petronas,9,0.6411279439926147,667.2116088867188,472.5545959472656,710.3880004882812,479.0100402832031,43.1763916015625,6.4554443359375,278.7227783203125,0.00013441492046695203
2150,43.0,oracle,8,0.6038932204246521,557.3482055664062,679.4815063476562,589.7069702148438,704.0501098632812,32.3587646484375,24.568603515625,795.0096435546875,0.0003833958471659571
2150,43.0,bwt,2,0.4039621949195862,718.5025024414062,284.8801574707031,752.7781982421875,294.33453369140625,34.27569580078125,9.454376220703125,324.0553283691406,0.00015627668472006917
2155,43.1,oracle,8,0.6586428284645081,596.2116088867188,694.3543701171875,636.90966796875,714.0794677734375,40.69805908203125,19.72509765625,802.773193359375,0.0003871398512274027
2155,43.1,petronas,9,0.5251117944717407,665.8110961914062,474.8321838378906,704.9974975585938,481.1669921875,39.1864013671875,6.334808349609375,248.23834228515625,0.00011971370986429974
2155,43.1,bwt,2,0.43717852234840393,804.5643310546875,194.7570343017578,841.9321899414062,203.08529663085938,37.36785888671875,8.328262329101562,311.2093200683594,0.00015008165792096406
2160,43.2,oracle,8,0.8296597003936768,629.4435424804688,699.4389038085938,673.0827026367188,720.9580078125,43.63916015625,21.51910400390625,939.0756225585938,0.0004528721037786454
2160,43.2,petronas,9,0.5242551565170288,670.9817504882812,477.92340087890625,708.2320556640625,485.066162109375,37.25030517578125,7.14276123046875,266.0700378417969,0.0001283130986848846
2160,43.2,bwt,2,0.4843900203704834,796.7132568359375,191.06907653808594,832.8185424804688,199.58917236328125,36.10528564453125,8.520095825195312,307.6204833984375,0.00014835092588327825
2160,43.2,bwt,2,0.4266253113746643,689.97705078125,282.2098693847656,725.9640502929688,292.1555480957031,35.98699951171875,9.9456787109375,357.9151306152344,0.00017260567983612418
2165,43.3,oracle,8,0.8108649849891663,680.0565795898438,708.8739624023438,724.69677734375,729.433837890625,44.64019775390625,20.55987548828125,917.7969360351562,0.0004426104133017361
2165,43.3,petronas,9,0.42956945300102234,669.8700561523438,484.8616943359375,711.7181396484375,493.22625732421875,41.84808349609375,8.36456298828125,350.0409240722656,0.00016880831390153617
2165,43.3,bwt,2,0.4271889925003052,671.221435546875,283.5438232421875,709.2581787109375,292.0743408203125,38.0367431640625,8.530517578125,324.4731140136719,0.0001564781559864059
2170,43.4,oracle,8,0.7461767196655273,732.7924194335938,722.7149658203125,782.2432861328125,740.5381469726562,49.45086669921875,17.82318115234375,881.3717651367188,0.0004250442434567958
2170,43.4,petronas,9,0.4528183341026306,674.5390625,492.46502685546875,717.5230712890625,502.8572082519531,42.9840087890625,10.392181396484375,446.6976013183594,0.00021542129979934543
2175,43.5,oracle,8,0.7812802195549011,791.610107421875,732.1456909179688,846.1461181640625,749.3773193359375,54.5360107421875,17.23162841796875,939.7442626953125,0.000453194574220106
2175,43.5,bwt,2,0.47371190786361694,594.324951171875,392.6216735839844,628.92822265625,401.6543884277344,34.603271484375,9.03271484375,312.5614929199219,0.0001507337437942624
2175,43.5,aramco,0,0.4568321704864502,1089.4659423828125,678.82373046875,1152.5609130859375,691.9669189453125,63.094970703125,13.1431884765625,829.2691040039062,0.00039991759695112705
2180,43.6,oracle,8,0.7606585621833801,853.2994995117188,736.991943359375,913.7250366210938,752.5990600585938,60.425537109375,15.60711669921875,943.0684204101562,0.00045479764230549335
2180,43.6,bwt,2,0.4370344877243042,545.7330932617188,403.46337890625,574.903076171875,412.7694091796875,29.16998291015625,9.3060302734375,271.4567565917969,0.00013091086293570697
2185,43.7,oracle,8,0.7933940887451172,929.337890625,742.2254028320312,991.9088745117188,755.7264404296875,62.57098388671875,13.50103759765625,844.773193359375,0.00040739448741078377
2185,43.7,bwt,2,0.4745411276817322,557.138671875,422.31610107421875,593.5950927734375,432.1594543457031,36.4564208984375,9.843353271484375,358.8534240722656,0.00017305817164015025
2185,43.7,bwt,2,0.4132475256919861,530.5547485351562,420.5118713378906,558.76806640625,430.3153076171875,28.21331787109375,9.803436279296875,276.58746337890625,0.00013338515418581665
2185,43.7,bwt,2,0.40234845876693726,711.745849609375,289.3138122558594,744.2510375976562,297.491943359375,32.50518798828125,8.178131103515625,265.8316955566406,0.00012819815310649574
2190,43.8,oracle,8,0.8119480609893799,995.8118896484375,742.1599731445312,1060.720703125,754.7886962890625,64.9088134765625,12.62872314453125,819.7154541015625,0.0003953103150706738
2190,43.8,bwt,2,0.5742940306663513,687.2243041992188,300.0045471191406,719.5217895507812,308.9338073730469,32.2974853515625,8.92926025390625,288.39263916015625,0.0001390782417729497
2190,43.8,bwt,2,0.5229309797286987,540.6290893554688,439.4546813964844,576.9224243164062,450.4028015136719,36.2933349609375,10.9481201171875,397.3437805175781,0.00019162026001140475
2190,43.8,bwt,2,0.40216705203056335,712.5774536132812,214.04006958007812,749.67236328125,222.63067626953125,37.09490966796875,8.590606689453125,318.66778564453125,0.00015367852756753564
2195,43.9,oracle,8,0.8002813458442688,1068.328857421875,734.9442749023438,1133.6697998046875,749.5599365234375,65.3409423828125,14.61566162109375,955.0010986328125,0.0004605522262863815
2195,43.9,bwt,2,0.5442986488342285,490.4311828613281,452.29571533203125,520.5032958984375,463.6809997558594,30.072113037109375,11.385284423828125,342.3795471191406,0.00016511359717696905
2195,43.9,bwt,2,0.5285044312477112,689.899169921875,220.27879333496094,727.7330322265625,229.01730346679688,37.8338623046875,8.738510131835938,330.6116027832031,0.0001594384666532278
2195,43.9,bwt,2,0.499408483505249,530.93994140625,452.04241943359375,567.21826171875,465.0731201171875,36.2783203125,13.03070068359375,472.73193359375,0.00022797643032390624
2195,43.9,bwt,2,0.491924524307251,540.9443969726562,336.9209899902344,583.0757446289062,348.5614318847656,42.13134765625,11.64044189453125,490.427490234375,0.00023651016817893833
2195,43.9,bwt,2,0.48375797271728516,659.30859375,312.58782958984375,695.35498046875,321.7931823730469,36.04638671875,9.205352783203125,331.8197021484375,0.00016002108168322593
2200,44.0,oracle,8,0.790381908416748,1134.36669921875,726.3402099609375,1198.4169921875,743.302734375,64.05029296875,16.9625244140625,1086.4547119140625,0.0005239461315795779
2200,44.0,bwt,2,0.5462353229522705,523.3306274414062,467.4133605957031,558.7709350585938,481.61419677734375,35.4403076171875,14.200836181640625,503.2820129394531,0.00024270929861813784
2200,44.0,bwt,2,0.5425037741661072,478.63677978515625,469.6461486816406,513.1258544921875,481.5021667480469,34.48907470703125,11.85601806640625,408.9031066894531,0.00019719477859325707
2200,44.0,bwt,2,0.5085216760635376,511.9816589355469,349.1864318847656,557.4541625976562,360.4383239746094,45.472503662109375,11.25189208984375,511.6517028808594,0.00024674562155269086
2205,44.1,oracle,8,0.7768603563308716,1201.164306640625,710.0791015625,1262.365478515625,727.9721069335938,61.201171875,17.89300537109375,1095.0728759765625,0.0005281022749841213
2205,44.1,bwt,2,0.5993673205375671,519.3180541992188,485.55645751953125,558.3563842773438,499.4307861328125,39.038330078125,13.87432861328125,541.630615234375,0.0002612030366435647
2205,44.1,bwt,2,0.584809422492981,588.3229370117188,341.8725891113281,627.3526000976562,352.569091796875,39.0296630859375,10.696502685546875,417.48089599609375,0.00020133145153522491
2205,44.1,bwt,2,0.5495509505271912,486.7528076171875,363.05059814453125,532.4815673828125,375.5957946777344,45.728759765625,12.545196533203125,573.67626953125,0.00027665714151225984
2205,44.1,bwt,2,0.5453808903694153,474.1089782714844,488.3085021972656,506.0190124511719,499.5348815917969,31.9100341796875,11.22637939453125,358.2341613769531,0.0001727595372358337
2205,44.1,bwt,2,0.42246484756469727,625.9230346679688,238.1243133544922,665.55712890625,247.75454711914062,39.63409423828125,9.630233764648438,381.6855773925781,0.00018406905292067677
2210,44.2,oracle,8,0.7716158032417297,1259.239013671875,692.6964111328125,1320.4561767578125,712.8162841796875,61.2171630859375,20.119873046875,1231.6815185546875,0.000593982229474932
2210,44.2,bwt,2,0.6363440752029419,466.2837829589844,506.0653076171875,501.7214660644531,518.9365844726562,35.43768310546875,12.87127685546875,456.12823486328125,0.0002199692535214126
2210,44.2,bwt,2,0.5444959402084351,514.6573486328125,504.4041442871094,553.274169921875,518.0079956054688,38.6168212890625,13.603851318359375,525.3375244140625,0.00025334564270451665
2210,44.2,bwt,2,0.5303810238838196,560.12646484375,354.9599304199219,597.2349243164062,366.323486328125,37.10845947265625,11.363555908203125,421.6840515136719,0.00020335843146312982
2210,44.2,bwt,2,0.4738117754459381,468.3669738769531,377.5550842285156,513.6815795898438,388.6561279296875,45.314605712890625,11.101043701171875,503.0394287109375,0.000242592315771617
2215,44.3,oracle,8,0.8184123039245605,1320.58447265625,668.83349609375,1375.5914306640625,693.5563354492188,55.0069580078125,24.72283935546875,1359.92822265625,0.0006558295572176576
2215,44.3,bwt,2,0.6597456336021423,518.937744140625,518.0806884765625,554.0841064453125,534.7609252929688,35.1463623046875,16.68023681640625,586.2496337890625,0.00028272069175727665
2215,44.3,bwt,2,0.5908936858177185,462.2254638671875,524.3171997070312,500.68353271484375,536.7035522460938,38.45806884765625,12.3863525390625,476.3551940917969,0.00022972376609686762
2215,44.3,bwt,2,0.5668139457702637,450.8890075683594,390.2212219238281,495.2254638671875,403.9976806640625,44.336456298828125,13.776458740234375,610.7993774414062,0.00029455989715643227
2215,44.3,bwt,2,0.5462028980255127,522.8252563476562,373.80194091796875,562.140625,385.84710693359375,39.31536865234375,12.045166015625,473.5601501464844,0.00022837583674117923
2220,44.4,bwt,2,0.650626003742218,496.86151123046875,389.0546875,537.3668212890625,400.7172546386719,40.50531005859375,11.662567138671875,472.3959045410156,0.00022781438019592315
2220,44.4,oracle,8,0.5825167894363403,1362.000732421875,648.9592895507812,1420.7391357421875,674.7709350585938,58.7384033203125,25.8116455078125,1516.1348876953125,0.0007311607478186488
2220,44.4,bwt,2,0.5463370680809021,435.168212890625,408.7496032714844,482.534423828125,422.3795471191406,47.3662109375,13.62994384765625,645.5988159179688,0.00031134200980886817
2220,44.4,bwt,2,0.5454232096672058,524.631591796875,272.5879211425781,567.23681640625,284.61236572265625,42.605224609375,12.024444580078125,512.3041381835938,0.0002470602630637586
2220,44.4,bwt,2,0.5203076601028442,467.8096618652344,546.0916137695312,504.03790283203125,558.040283203125,36.228240966796875,11.94866943359375,432.8792724609375,0.00020875736663583666
2225,44.5,oracle,8,0.7737720012664795,1413.1761474609375,626.8374633789062,1460.3038330078125,653.3416137695312,47.127685546875,26.504150390625,1249.0792236328125,0.0006023722817189991
2225,44.5,bwt,2,0.6416324973106384,474.007080078125,565.794921875,515.6987915039062,580.9950561523438,41.69171142578125,15.20013427734375,633.7196044921875,0.00030561324092559516
2225,44.5,bwt,2,0.5481364130973816,480.8518371582031,410.1629638671875,518.570068359375,425.70404052734375,37.718231201171875,15.54107666015625,586.1819458007812,0.00028268806636333466
2225,44.5,bwt,2,0.5292295217514038,422.79010009765625,427.2329406738281,469.07073974609375,440.73309326171875,46.2806396484375,13.500152587890625,624.7957153320312,0.00030130965751595795
2225,44.5,bwt,2,0.520986020565033,484.0975036621094,287.5860290527344,534.368408203125,298.352294921875,50.270904541015625,10.766265869140625,541.2299194335938,0.000261009787209332
2225,44.5,bwt,2,0.44747740030288696,531.54736328125,556.6026611328125,565.7017211914062,576.8837280273438,34.15435791015625,20.28106689453125,692.6868286132812,0.000334050360834226
2230,44.6,oracle,8,0.7912175059318542,1456.7860107421875,606.7313842773438,1499.2373046875,632.9429321289062,42.4512939453125,26.2115478515625,1112.714111328125,0.0005366097902879119
2230,44.6,bwt,2,0.5844554305076599,551.5104370117188,575.015625,586.5470581054688,599.4051513671875,35.03662109375,24.3895263671875,854.526611328125,0.0004120981029700488
2230,44.6,bwt,2,0.571583092212677,489.77978515625,588.9222412109375,530.6549682617188,601.142333984375,40.87518310546875,12.2200927734375,499.49853515625,0.00024088470672722906
2230,44.6,bwt,2,0.5666080713272095,456.1315612792969,306.9739074707031,503.6413879394531,319.5679626464844,47.50982666015625,12.59405517578125,598.3413696289062,0.0002885519643314183
2230,44.6,bwt,2,0.5194810628890991,439.5390625,511.08001708984375,464.4476013183594,532.8563232421875,24.908538818359375,21.77630615234375,542.4159545898438,0.0002615817647892982
2230,44.6,bwt,2,0.49374231696128845,416.0260925292969,442.69158935546875,466.94482421875,461.8366394042969,50.918731689453125,19.145050048828125,974.8416748046875,0.00047012040158733726
2235,44.7,bwt,2,0.6420338153839111,522.8245849609375,609.6183471679688,561.511474609375,624.5516967773438,38.6868896484375,14.933349609375,577.724853515625,0.0002786096010822803
2235,44.7,bwt,2,0.6081886887550354,428.9888916015625,327.8531494140625,477.9137878417969,340.5430603027344,48.924896240234375,12.689910888671875,620.8526000976562,0.0002994080714415759
2235,44.7,bwt,2,0.5298606753349304,420.2771301269531,458.4022521972656,479.75933837890625,484.08258056640625,59.482208251953125,25.680328369140625,1527.5225830078125,0.0007366524660028517
2235,44.7,bwt,2,0.4635438323020935,444.1523742675781,528.1012573242188,470.4195556640625,554.6124877929688,26.267181396484375,26.51123046875,696.3753051757812,0.00033582912874408066
2235,44.7,oracle,8,0.4450746774673462,1490.22314453125,581.4295043945312,1525.03125,606.7174072265625,34.80810546875,25.28790283203125,880.2239990234375,0.00042449074680916965
2235,44.7,bwt,2,0.4066900610923767,581.4984741210938,593.5020141601562,613.7435302734375,611.0451049804688,32.24505615234375,17.5430908203125,565.677978515625,0.000272799952654168
2240,44.8,bwt,2,0.7201334238052368,550.713134765625,627.3516845703125,596.2947387695312,644.3789672851562,45.58160400390625,17.02728271484375,776.130859375,0.0003742914996109903
2240,44.8,bwt,2,0.6942223906517029,610.4447631835938,610.9186401367188,642.1458129882812,636.5767211914062,31.7010498046875,25.6580810546875,813.3881225585938,0.0003922589239664376
2240,44.8,bwt,2,0.6626800894737244,453.9415588378906,555.824951171875,482.9400329589844,581.3859252929688,28.99847412109375,25.56097412109375,741.229248046875,0.0003574600850697607
2240,44.8,bwt,2,0.589907169342041,431.6999206542969,485.59881591796875,476.19610595703125,505.9200744628906,44.496185302734375,20.321258544921875,904.218505859375,0.00043606216786429286
2240,44.8,bwt,2,0.5752112865447998,383.97515869140625,487.21051025390625,419.5603942871094,501.4961853027344,35.585235595703125,14.285675048828125,508.3591003417969,0.00024515774566680193
2240,44.8,bwt,2,0.5183168649673462,400.57708740234375,348.74334716796875,449.16680908203125,360.4839782714844,48.5897216796875,11.740631103515625,570.4739990234375,0.00027511283406056464
2240,44.8,oracle,8,0.477615624666214,1525.273193359375,557.576904296875,1553.7091064453125,584.8540649414062,28.4359130859375,27.27716064453125,775.6509399414062,0.00037406006595119834
2245,44.9,bwt,2,0.7307030558586121,585.95458984375,650.3259887695312,636.1185302734375,667.4811401367188,50.1639404296875,17.1551513671875,860.5700073242188,0.00041501253144815564
2245,44.9,bwt,2,0.677945613861084,431.61431884765625,509.3631286621094,479.0097961425781,531.671142578125,47.395477294921875,22.308013916015625,1057.2989501953125,0.0005098856636323035
2245,44.9,bwt,2,0.564732015132904,375.09173583984375,369.73394775390625,426.1099853515625,384.89715576171875,51.01824951171875,15.1632080078125,773.600341796875,0.000373071146896109
2245,44.9,bwt,2,0.49132201075553894,477.8343200683594,586.7230224609375,512.1317138671875,604.5897827148438,34.297393798828125,17.86676025390625,612.7833251953125,0.00029551665647886693
2245,44.9,bwt,2,0.4214135706424713,648.31787109375,626.7680053710938,677.7183227539062,650.57763671875,29.40045166015625,23.80963134765625,700.013916015625,0.0003375838859938085
2250,45.0,bwt,2,0.8094863891601562,629.0668334960938,665.2318725585938,680.2767333984375,688.7064819335938,51.20989990234375,23.474609375,1202.1324462890625,0.0005797320627607405
2250,45.0,bwt,2,0.7083320617675781,376.2030944824219,539.9345703125,420.14971923828125,556.3189086914062,43.946624755859375,16.38433837890625,720.036376953125,0.0003472397511359304
2250,45.0,bwt,2,0.6613817811012268,688.6766967773438,643.292236328125,712.2924194335938,667.1364135742188,23.61572265625,23.84417724609375,563.0974731445312,0.00027155550196766853
2250,45.0,bwt,2,0.5680093765258789,497.2839660644531,599.8657836914062,535.8863525390625,625.1664428710938,38.602386474609375,25.3006591796875,976.6658325195312,0.00047100012307055295
2250,45.0,bwt,2,0.49767282605171204,351.38226318359375,392.90875244140625,402.53997802734375,407.9139099121094,51.15771484375,15.005157470703125,767.6295776367188,0.0003701917303260416
2255,45.1,bwt,2,0.7921391129493713,383.60992431640625,566.319091796875,428.6588439941406,582.9834594726562,45.048919677734375,16.66436767578125,750.7117309570312,0.0003620330535341054
2255,45.1,bwt,2,0.752903401851654,675.0542602539062,681.1870727539062,731.244873046875,704.3193969726562,56.19061279296875,23.13232421875,1299.8194580078125,0.0006268419674597681
2255,45.1,bwt,2,0.7457439303398132,515.847412109375,624.0303955078125,557.4192504882812,645.9934692382812,41.57183837890625,21.96307373046875,913.0453491210938,0.0004403189232107252
2255,45.1,bwt,2,0.6971985697746277,330.5782775878906,416.39093017578125,383.0962829589844,431.1357116699219,52.51800537109375,14.744781494140625,774.3665161132812,0.0003734406491275877
2255,45.1,bwt,2,0.5832566618919373,346.37652587890625,487.0796813964844,374.03448486328125,506.4801025390625,27.657958984375,19.400421142578125,536.5760498046875,0.00025876544532366097
2255,45.1,bwt,2,0.5130288600921631,466.3310852050781,557.3432006835938,502.7448425292969,580.6546020507812,36.41375732421875,23.3114013671875,848.855712890625,0.00040936327422969043
2260,45.2,bwt,2,0.748498260974884,402.5916442871094,594.42919921875,449.5097961425781,610.329345703125,46.91815185546875,15.900146484375,746.0054931640625,0.00035976344952359796
2260,45.2,bwt,2,0.6620982885360718,735.60009765625,696.8836059570312,786.89697265625,721.37060546875,51.296875,24.48699951171875,1256.1065673828125,0.000605761248152703
2260,45.2,bwt,2,0.6154583096504211,314.73974609375,440.6716003417969,368.9476318359375,459.6015930175781,54.2078857421875,18.92999267578125,1026.1549072265625,0.0004948663990944624
2260,45.2,bwt,2,0.6133798360824585,345.5380859375,512.7225952148438,373.1229248046875,531.882080078125,27.5848388671875,19.15948486328125,528.5112915039062,0.0002548762131482363
2260,45.2,bwt,2,0.5239514112472534,556.0780029296875,650.7931518554688,602.4057006835938,672.4227905273438,46.32769775390625,21.629638671875,1002.0513916015625,0.00048324238741770387
2260,45.2,bwt,2,0.5023366808891296,485.0205078125,580.4361572265625,524.6097412109375,605.9774780273438,39.5892333984375,25.54132080078125,1011.1613159179688,0.00048763566883280873
2265,45.3,bwt,2,0.7590560913085938,797.3096923828125,712.349609375,848.2337646484375,734.3413696289062,50.924072265625,21.99176025390625,1119.9100341796875,0.0005400800728239119
2265,45.3,bwt,2,0.7491123676300049,598.3995361328125,673.4728393554688,652.6240234375,693.3582763671875,54.2244873046875,19.88543701171875,1078.277587890625,0.0005200026789680123
2265,45.3,bwt,2,0.6533635854721069,421.73187255859375,620.9197998046875,468.96759033203125,637.2615356445312,47.2357177734375,16.34173583984375,771.9136352539062,0.00037225772393867373
2265,45.3,bwt,2,0.6395778059959412,305.8757019042969,469.6243896484375,358.340576171875,491.7368469238281,52.464874267578125,22.112457275390625,1160.1273193359375,0.0005594749818556011
2265,45.3,bwt,2,0.6041695475578308,335.0681457519531,539.0196533203125,360.6401062011719,564.4011840820312,25.57196044921875,25.38153076171875,649.0554809570312,0.00031300901900976896
2265,45.3,bwt,2,0.47274357080459595,346.4242858886719,441.49664306640625,384.10504150390625,459.6212463378906,37.680755615234375,18.124603271484375,682.94873046875,0.000329354137647897
2265,45.3,aramco,0,0.42725810408592224,165.2109375,513.93017578125,203.11183166503906,529.6744995117188,37.90089416503906,15.74432373046875,596.7239379882812,0.00028777195257134736
2265,45.3,bwt,2,0.41022005677223206,524.52490234375,604.8121337890625,558.787353515625,633.7637329101562,34.262451171875,28.95159912109375,991.9527587890625,0.0004783722688443959
2270,45.4,bwt,2,0.7368084192276001,452.5823974609375,647.281005859375,500.4797668457031,666.084228515625,47.897369384765625,18.80322265625,900.6248779296875,0.00043432912207208574
2270,45.4,bwt,2,0.6805129647254944,338.95068359375,572.5267333984375,367.17742919921875,598.7032470703125,28.22674560546875,26.176513671875,738.8778076171875,0.00035632611252367496
2270,45.4,bwt,2,0.6738376021385193,650.1068115234375,695.341796875,704.7254638671875,713.7366333007812,54.61865234375,18.39483642578125,1004.701171875,0.0004845202493015677
2270,45.4,bwt,2,0.5610144734382629,864.65576171875,723.9197998046875,910.335693359375,747.7783813476562,45.679931640625,23.85858154296875,1089.8583984375,0.0005255875876173377
2270,45.4,bwt,2,0.5070005059242249,308.052734375,496.1381530761719,361.587158203125,522.1707153320312,53.534423828125,26.032562255859375,1393.63818359375,0.000672086316626519
2270,45.4,bwt,2,0.4733541011810303,565.4264526367188,630.3782958984375,594.1524658203125,656.8509521484375,28.72601318359375,26.47265625,760.453857421875,0.00036673122667707503
2275,45.5,bwt,2,0.8198755979537964,713.3587036132812,715.5245971679688,772.5831298828125,730.4373779296875,59.22442626953125,14.91278076171875,883.2008666992188,0.00042592635145410895
2275,45.5,bwt,2,0.7203813195228577,932.5181274414062,732.1372680664062,974.3809814453125,757.3215942382812,41.86285400390625,25.184326171875,1054.2877197265625,0.0005084334989078343
2275,45.5,bwt,2,0.7152403593063354,490.0673828125,668.6019897460938,545.1378173828125,692.3515014648438,55.0704345703125,23.74951171875,1307.8958740234375,0.0006307368166744709
2275,45.5,bwt,2,0.5560142397880554,349.39141845703125,607.6993408203125,388.0967102050781,629.232421875,38.705291748046875,21.5330810546875,833.4442138671875,0.0004019310581497848
2275,45.5,bwt,2,0.5317409634590149,615.4776611328125,652.3758544921875,639.464599609375,686.0398559570312,23.9869384765625,33.66400146484375,807.496337890625,0.00038941760431043804
2275,45.5,bwt,2,0.44325125217437744,307.4869689941406,530.610107421875,357.2353210449219,554.4140625,49.74835205078125,23.803955078125,1184.20751953125,0.0005710877594538033
2275,45.5,aramco,0,0.4112890064716339,51.9432258605957,442.2347106933594,112.86563873291016,454.2554626464844,60.92241287231445,12.020751953125,732.3331909179688,0.0003531699476297945
2280,45.6,bwt,2,0.7985864877700806,763.513671875,729.6505737304688,828.0990600585938,746.1712646484375,64.58538818359375,16.52069091796875,1066.9952392578125,0.0005145617760717869
2280,45.6,bwt,2,0.7522009611129761,375.6584167480469,632.141357421875,413.85174560546875,658.2237548828125,38.193328857421875,26.0823974609375,996.173583984375,0.00048040779074653983
2280,45.6,bwt,2,0.5242945551872253,1000.5025634765625,734.84228515625,1032.4931640625,759.217529296875,31.9906005859375,24.375244140625,779.7786865234375,0.00037605068064294755
2280,45.6,bwt,2,0.4748707115650177,539.8321533203125,695.4152221679688,592.5738525390625,718.2586059570312,52.74169921875,22.8433837890625,1204.798828125,0.0005810179281979799
2280,45.6,aramco,0,0.4229710102081299,80.05899047851562,648.6624145507812,132.02549743652344,660.672119140625,51.96650695800781,12.00970458984375,624.1024169921875,0.000300975312711671
2280,45.6,oracle,8,0.40986064076423645,1340.8731689453125,388.4654235839844,1366.6253662109375,410.297607421875,25.752197265625,21.832183837890625,562.2266845703125,0.0002711355627980083
2285,45.7,bwt,2,0.8127155900001526,828.4618530273438,737.5125732421875,895.4657592773438,756.1973266601562,67.00390625,18.68475341796875,1251.951416015625,0.0006037574494257569
2285,45.7,bwt,2,0.7815576791763306,399.794677734375,665.6954956054688,453.3691101074219,688.9813232421875,53.574432373046875,23.28582763671875,1247.5250244140625,0.0006016227998770773
2285,45.7,bwt,2,0.5550795197486877,591.4298706054688,718.3431396484375,641.9757690429688,740.7098999023438,50.5458984375,22.36676025390625,1130.5479736328125,0.0005452102632261813
2285,45.7,aramco,0,0.4736263155937195,102.869140625,693.2402954101562,151.2719268798828,705.4248046875,48.40278625488281,12.18450927734375,589.7642211914062,0.00028441561153158545
2290,45.8,bwt,2,0.7890464067459106,890.7991333007812,739.9796752929688,951.7854614257812,760.8971557617188,60.986328125,20.91748046875,1275.6802978515625,0.0006152007845230401
2290,45.8,bwt,2,0.7848048806190491,441.481689453125,689.5791015625,508.29541015625,713.3768920898438,66.813720703125,23.79779052734375,1590.0189208984375,0.0007667915197089314
2290,45.8,bwt,2,0.7634744644165039,644.0245971679688,732.6214599609375,703.9075317382812,761.0287475585938,59.8829345703125,28.40728759765625,1701.1116943359375,0.0008203663746826351
2290,45.8,bwt,2,0.7231752276420593,366.3262023925781,620.7620849609375,411.0268249511719,652.961181640625,44.70062255859375,32.1990966796875,1439.3197021484375,0.0006941163446754217
2290,45.8,bwt,2,0.5372984409332275,1095.8050537109375,731.281494140625,1133.4219970703125,752.7579345703125,37.616943359375,21.4764404296875,807.8780517578125,0.0003896016860380769
2290,45.8,aramco,0,0.46795353293418884,133.54335021972656,733.2860717773438,182.03768920898438,750.093017578125,48.49433898925781,16.80694580078125,815.041748046875,0.00039305639802478254
2295,45.9,bwt,2,0.7882108688354492,950.1660766601562,736.7322387695312,1015.6292724609375,758.6160888671875,65.46319580078125,21.88385009765625,1432.5867919921875,0.0006908694049343467
2295,45.9,bwt,2,0.781583845615387,500.8471984863281,711.947021484375,549.4361572265625,730.8406372070312,48.588958740234375,18.89361572265625,918.0211181640625,0.0004427185049280524
2295,45.9,bwt,2,0.5317771434783936,138.43310546875,480.42962646484375,207.48739624023438,504.77105712890625,69.05429077148438,24.3414306640625,1680.8802490234375,0.0008106096647679806
2295,45.9,bwt,2,0.5061482787132263,711.344482421875,746.219970703125,759.7315673828125,768.9295043945312,48.3870849609375,22.70953369140625,1098.84814453125,0.0005299228942021728
2300,46.0,bwt,2,0.8037599325180054,545.9214477539062,727.9229736328125,603.8307495117188,744.5291748046875,57.9093017578125,16.606201171875,961.6535034179688,0.0004637603706214577
2300,46.0,bwt,2,0.7857678532600403,1005.3770751953125,731.0416259765625,1065.814453125,753.4716186523438,60.4373779296875,22.42999267578125,1355.6099853515625,0.0006537471199408174
2300,46.0,aramco,0,0.5828497409820557,76.60475158691406,724.3812255859375,120.17849731445312,749.2940063476562,43.57374572753906,24.91278076171875,1085.543212890625,0.0005235065473243594
2300,46.0,bwt,2,0.5771095156669617,125.58739471435547,503.6011962890625,194.0351104736328,533.516845703125,68.44771575927734,29.9156494140625,2047.6578369140625,0.000987489358521998
2300,46.0,bwt,2,0.5094538331031799,446.7243957519531,661.9474487304688,475.72955322265625,691.8595581054688,29.005157470703125,29.912109375,867.60546875,0.0004184054268989712
2300,46.0,oracle,8,0.46964651346206665,1135.3023681640625,329.7598571777344,1174.1982421875,349.0367431640625,38.8958740234375,19.276885986328125,749.7913208007812,0.0003615891910158098
2305,46.1,bwt,2,0.7995938658714294,599.2974853515625,742.6074829101562,660.5875854492188,759.6068725585938,61.29010009765625,16.9993896484375,1041.894287109375,0.0005024567362852395
2305,46.1,bwt,2,0.7252942323684692,115.88568115234375,532.2654418945312,183.4435272216797,561.9691162109375,67.55784606933594,29.70367431640625,2006.71630859375,0.000967745145317167
2305,46.1,bwt,2,0.6916230916976929,1062.7972412109375,721.8854370117188,1114.182861328125,743.8179931640625,51.3856201171875,21.93255615234375,1127.0179443359375,0.0005435078637674451
2305,46.1,bwt,2,0.49957215785980225,836.6106567382812,758.5134887695312,874.7222290039062,781.2989501953125,38.111572265625,22.78546142578125,868.3897705078125,0.0004187836602795869
2305,46.1,bwt,2,0.4835456609725952,493.79510498046875,674.5638427734375,520.736328125,710.32177734375,26.94122314453125,35.7579345703125,963.3624877929688,0.0004645845328923315
2310,46.2,bwt,2,0.8141788244247437,652.9606323242188,749.250244140625,716.0862426757812,765.9292602539062,63.1256103515625,16.67901611328125,1052.873046875,0.0005077513051219285
2310,46.2,bwt,2,0.7747302055358887,1098.448974609375,708.5924072265625,1155.9990234375,733.6779174804688,57.550048828125,25.08551025390625,1443.67236328125,0.0006962154293432832
2310,46.2,bwt,2,0.4944584369659424,112.10591888427734,557.05859375,175.80130004882812,589.9738159179688,63.69538116455078,32.91522216796875,2096.547607421875,0.0010110666044056416
2310,46.2,bwt,2,0.4479139745235443,290.66827392578125,725.1646728515625,346.11029052734375,741.5325317382812,55.4420166015625,16.36785888671875,907.4671020507812,0.0004376287979539484
2310,46.2,bwt,2,0.4290073812007904,1264.2333984375,673.4874267578125,1282.98681640625,698.2022705078125,18.75341796875,24.71484375,463.48779296875,0.0002235184219898656
2310,46.2,aramco,0,0.41424494981765747,159.9970703125,799.8073120117188,222.43495178222656,816.585205078125,62.43788146972656,16.77789306640625,1047.5760498046875,0.00050519680371508
2315,46.3,bwt,2,0.8174455165863037,705.8514404296875,752.2218017578125,772.1077880859375,771.3018188476562,66.25634765625,19.08001708984375,1264.1722412109375,0.0006096509750932455
2315,46.3,bwt,2,0.7509498000144958,1148.9390869140625,692.9766845703125,1201.470703125,718.3137817382812,52.5316162109375,25.33709716796875,1330.9986572265625,0.0006418782286345959
2315,46.3,bwt,2,0.6476243138313293,109.0123291015625,581.2789916992188,174.636962890625,613.5826416015625,65.6246337890625,32.30364990234375,2119.915283203125,0.0010223357239738107
2315,46.3,bwt,2,0.4594755172729492,1284.0174560546875,649.6360473632812,1304.4151611328125,675.236328125,20.397705078125,25.60028076171875,522.1869506835938,0.00025182627723552287
2315,46.3,petronas,9,0.4169819951057434,221.82579040527344,823.416259765625,285.148193359375,839.3746948242188,63.32240295410156,15.95843505859375,1010.5264282226562,0.0004873294965364039
2315,46.3,bwt,2,0.41599875688552856,322.5184326171875,740.8690795898438,380.6219177246094,762.4530029296875,58.103485107421875,21.58392333984375,1254.1011962890625,0.0006047941860742867
2320,46.4,bwt,2,0.8189759850502014,774.8689575195312,749.0060424804688,837.5352172851562,770.59765625,62.666259765625,21.59161376953125,1353.065673828125,0.0006525201024487615
2320,46.4,bwt,2,0.7747432589530945,113.51606750488281,600.1519775390625,173.66380310058594,634.9617919921875,60.147735595703125,34.809814453125,2093.7314453125,0.0010097085032612085
2320,46.4,bwt,2,0.7660208940505981,1194.810302734375,671.4164428710938,1228.832763671875,696.744873046875,34.0224609375,25.32843017578125,861.7355346679688,0.00041557461372576654
2320,46.4,bwt,2,0.4468372166156769,991.8285522460938,734.8331909179688,1027.9190673828125,763.4576416015625,36.09051513671875,28.62445068359375,1033.0711669921875,0.000498201756272465
2325,46.5,bwt,2,0.8241899013519287,830.2548828125,741.2050170898438,895.440673828125,764.2327880859375,65.185791015625,23.02777099609375,1501.08349609375,0.0007239021360874176
2325,46.5,bwt,2,0.7030489444732666,122.75714111328125,617.60791015625,185.31817626953125,652.9240112304688,62.56103515625,35.31610107421875,2209.411865234375,0.0010654956568032503
2325,46.5,bwt,2,0.6337332725524902,694.0084838867188,711.5110473632812,725.5386352539062,736.431640625,31.5301513671875,24.92059326171875,785.7500610351562,0.00037893038825131953
2330,46.6,bwt,2,0.7924962639808655,891.8788452148438,730.9924926757812,948.6235961914062,754.1864624023438,56.7447509765625,23.1939697265625,1316.135986328125,0.0006347106536850333
2330,46.6,bwt,2,0.47948864102363586,1178.2200927734375,628.764892578125,1218.65478515625,641.392578125,40.4346923828125,12.627685546875,510.5965881347656,0.00024623677018098533
2330,46.6,bwt,2,0.45782598853111267,135.09933471679688,633.0501098632812,187.90989685058594,668.682861328125,52.81056213378906,35.63275146484375,1881.78564453125,0.0009074969566427171
2335,46.7,bwt,2,0.8224079012870789,947.9686889648438,717.3085327148438,999.8390502929688,738.7621459960938,51.870361328125,21.45361328125,1112.806640625,0.0005366544355638325
2335,46.7,bwt,2,0.49035656452178955,1191.0308837890625,603.8076171875,1231.005859375,616.6495361328125,39.9749755859375,12.8419189453125,513.3554077148438,0.00024756722268648446
2340,46.8,bwt,2,0.7658288478851318,997.3934326171875,697.8648071289062,1052.7752685546875,726.4435424804688,55.3818359375,28.5787353515625,1582.7427978515625,0.0007632825872860849
2340,46.8,bwt,2,0.4397090673446655,1202.76953125,528.2090454101562,1239.7298583984375,538.9054565429688,36.9603271484375,10.6964111328125,395.3428649902344,0.00019065532251261175
2345,46.9,bwt,2,0.6347765922546387,1047.306640625,681.0206298828125,1090.5927734375,704.4949951171875,43.2861328125,23.474365234375,1016.114501953125,0.0004900243366137147
2345,46.9,moneygram,6,0.5056072473526001,304.927490234375,703.88720703125,354.2263488769531,723.6458740234375,49.298858642578125,19.7586669921875,974.0797119140625,0.00046975293662399054
2345,46.9,bwt,2,0.4979259967803955,1720.9459228515625,719.58154296875,1754.6004638671875,761.2360229492188,33.654541015625,41.65447998046875,1401.8624267578125,0.0006760524702258408
2350,47.0,bwt,2,0.6443310976028442,1093.783935546875,657.3088989257812,1126.65869140625,681.0491333007812,32.874755859375,23.740234375,780.4544067382812,0.0003763765562325716
2350,47.0,bwt,2,0.5940375924110413,1181.5260009765625,525.1205444335938,1217.022216796875,535.9403686523438,35.4962158203125,10.81982421875,384.06280517578125,0.00018521546735428274
2350,47.0,aramco,0,0.5498405694961548,802.3345336914062,834.657470703125,863.4215087890625,858.4646606445312,61.08697509765625,23.80718994140625,1454.3092041015625,0.0007013450958766043
2350,47.0,bwt,2,0.47448113560676575,575.6710205078125,802.4488525390625,616.9718017578125,831.7905883789062,41.30078125,29.34173583984375,1211.836669921875,0.0005844119586981833
2350,47.0,bwt,2,0.4242947995662689,1717.863525390625,723.1375122070312,1753.3555908203125,766.2029418945312,35.4920654296875,43.0654296875,1528.4810791015625,0.0007371146930381656
2355,47.1,bwt,2,0.5863752365112305,1723.4842529296875,810.8218994140625,1756.9923095703125,865.63037109375,33.508056640625,54.8084716796875,1836.525390625,0.0008856700151227415
2355,47.1,bwt,2,0.5584093332290649,1716.23486328125,729.2450561523438,1750.4114990234375,771.0980834960938,34.1766357421875,41.85302734375,1430.3956298828125,0.0006898127030581236
2355,47.1,bwt,2,0.5212694406509399,1123.7835693359375,495.3946533203125,1143.364013671875,513.9397583007812,19.5804443359375,18.54510498046875,363.12139892578125,0.00017511640908196568
2360,47.2,bwt,2,0.5571762323379517,1072.70166015625,615.5067138671875,1112.10107421875,630.5626831054688,39.3994140625,15.05596923828125,593.1963500976562,0.00028607077547349036
2360,47.2,bwt,2,0.46798819303512573,1718.524658203125,732.3102416992188,1752.6622314453125,773.4971313476562,34.1375732421875,41.1868896484375,1406.0205078125,0.0006780577241443098
2365,47.3,bwt,2,0.6991171836853027,1083.1163330078125,592.4413452148438,1129.382080078125,606.0866088867188,46.2657470703125,13.645263671875,631.3082885742188,0.0003044503682758659
2365,47.3,aramco,0,0.6990671157836914,1040.9010009765625,768.52099609375,1086.9530029296875,798.62451171875,46.052001953125,30.103515625,1386.3271484375,0.0006685605621896684
2370,47.4,bwt,2,0.6655967831611633,1088.5966796875,568.636474609375,1143.2037353515625,583.7529296875,54.6070556640625,15.116455078125,825.465087890625,0.00039808309520594776
2370,47.4,bwt,2,0.4991614520549774,1027.279296875,424.5314025878906,1049.541259765625,441.899658203125,22.261962890625,17.368255615234375,386.6514587402344,0.0001864638616098091
2375,47.5,bwt,2,0.6334996819496155,984.6344604492188,396.2423400878906,1004.4457397460938,415.8672180175781,19.811279296875,19.6248779296875,388.7939453125,0.0001874970766948536
2375,47.5,moneygram,6,0.4249764382839203,465.78204345703125,738.4710083007812,533.4581298828125,761.870361328125,67.67608642578125,23.39935302734375,1583.57666015625,0.000763684744015336
2375,47.5,bwt,2,0.42417681217193604,1101.9228515625,546.4613037109375,1161.7388916015625,559.0841064453125,59.8160400390625,12.622802734375,755.0460815429688,0.00036412329063750803
2380,47.6,bwt,2,0.4918324053287506,943.4885864257812,380.22723388671875,970.7030029296875,394.9833984375,27.21441650390625,14.75616455078125,401.5804138183594,0.00019366339256521314
2380,47.6,bwt,2,0.49168485403060913,1103.3382568359375,520.8173217773438,1157.9178466796875,529.1484985351562,54.57958984375,8.3311767578125,454.71221923828125,0.00021928637579549104
2385,47.7,bwt,2,0.6464617848396301,897.699951171875,352.58575439453125,922.7481079101562,368.451904296875,25.04815673828125,15.86614990234375,397.4178161621094,0.00019165597041137516
2395,47.9,bwt,2,0.6255843639373779,1732.85693359375,774.8490600585938,1769.888671875,825.5430297851562,37.03173828125,50.6939697265625,1877.2857666015625,0.0009053268586285412
2395,47.9,bwt,2,0.5037583112716675,795.6376953125,297.2842102050781,818.6246337890625,313.1113586425781,22.9869384765625,15.8271484375,363.81768798828125,0.00017545220907777548
2395,47.9,bwt,2,0.44459113478660583,1015.1157836914062,451.1766357421875,1035.136962890625,467.7932434082031,20.02117919921875,16.616607666015625,332.68408203125,0.0001604379212949425
2400,48.0,bwt,2,0.6444725394248962,986.1354370117188,422.7330322265625,1008.1287231445312,439.2044677734375,21.9932861328125,16.471435546875,362.260986328125,0.00017470147577114403
2400,48.0,bwt,2,0.5361133217811584,750.3666381835938,270.5867919921875,772.2196655273438,286.7572326660156,21.85302734375,16.170440673828125,353.3730773925781,0.00017041525279637426
2400,48.0,bwt,2,0.47768667340278625,1033.850341796875,430.4357604980469,1054.254638671875,444.8309326171875,20.404296875,14.395172119140625,293.7233581542969,0.0001416489976691082
2420,48.4,petronas,9,0.4820961058139801,1279.9072265625,455.11053466796875,1327.9114990234375,460.8455810546875,48.0042724609375,5.73504638671875,275.3067321777344,0.00013276752724777907
2460,49.2,petronas,9,0.532680094242096,1273.4405517578125,443.9280090332031,1336.61279296875,452.5927429199219,63.1722412109375,8.66473388671875,547.3706665039062,0.000263971189269796
2465,49.3,petronas,9,0.44390830397605896,718.5281982421875,378.03167724609375,777.5228271484375,386.0269775390625,58.99462890625,7.99530029296875,471.6797790527344,0.00022746903414372355
2480,49.6,petronas,9,0.4346752464771271,826.3345947265625,388.8098449707031,878.624267578125,395.677734375,52.2896728515625,6.867889404296875,359.11968994140625,0.00017318657774012536
2485,49.7,petronas,9,0.4342474937438965,863.0482177734375,388.2135009765625,907.3259887695312,393.9723815917969,44.27777099609375,5.758880615234375,254.9904022216797,0.00012296991189941764
2495,49.9,petronas,9,0.5128811597824097,925.7169799804688,401.1701354980469,966.1416015625,407.4383850097656,40.42462158203125,6.26824951171875,253.39161682128906,0.00012219889322295785
2530,50.6,petronas,9,0.5506705641746521,1160.84814453125,454.7801818847656,1217.2568359375,462.9896545410156,56.40869140625,8.20947265625,463.0856018066406,0.0002233244595117867
2530,50.6,petronas,9,0.4399508535861969,1151.6473388671875,439.80511474609375,1203.47802734375,448.0218811035156,51.8306884765625,8.216766357421875,425.8806457519531,0.00020538225362543017
2535,50.7,petronas,9,0.4518568217754364,957.0648193359375,408.5765380859375,1015.9517822265625,416.05609130859375,58.886962890625,7.47955322265625,440.44818115234375,0.00021240749629214406
2540,50.8,petronas,9,0.41334208846092224,1199.713623046875,443.6567687988281,1250.4921875,451.3643493652344,50.778564453125,7.70758056640625,391.3798828125,0.00018874416127800941
2545,50.9,petronas,9,0.4957932233810425,1216.911376953125,444.0609436035156,1286.737060546875,451.71148681640625,69.82568359375,7.650543212890625,534.2044067382812,0.00025762172299437225
2555,51.1,petronas,9,0.47295376658439636,1270.1041259765625,437.0151672363281,1342.3369140625,447.40118408203125,72.2327880859375,10.386016845703125,750.2109375,0.00036179154994897544
2555,51.1,petronas,9,0.4029068648815155,1211.065185546875,426.5287170410156,1266.07666015625,435.1474914550781,55.011474609375,8.6187744140625,474.1315002441406,0.00022865137725602835
2565,51.3,oracle,8,0.6516862511634827,930.2460327148438,604.1123657226562,1068.8807373046875,636.0311889648438,138.63470458984375,31.9188232421875,4425.056640625,0.002133997157216072
2565,51.3,petronas,9,0.4187675714492798,1276.85693359375,433.2460021972656,1360.4176025390625,444.6074523925781,83.5606689453125,11.3614501953125,949.370361328125,0.0004578367806971073
2570,51.4,oracle,8,0.8129518628120422,651.7861328125,631.9362182617188,837.2505493164062,672.1624755859375,185.46441650390625,40.22625732421875,7460.53955078125,0.003597868140786886
2570,51.4,petronas,9,0.5688244700431824,1311.3768310546875,430.5525207519531,1371.8648681640625,439.2763366699219,60.488037109375,8.72381591796875,527.6865234375,0.0002544784510973841
2570,51.4,petronas,9,0.46601203083992004,1103.640380859375,428.6705322265625,1169.262451171875,437.6597900390625,65.6220703125,8.9892578125,589.8937377929688,0.0002844780683517456
2575,51.5,oracle,8,0.5297296643257141,267.63165283203125,669.735107421875,516.09521484375,714.1642456054688,248.46356201171875,44.42913818359375,11039.021484375,0.005323602352291346
2575,51.5,petronas,9,0.4307297468185425,1339.1229248046875,434.8150329589844,1411.1673583984375,447.4769592285156,72.04443359375,12.66192626953125,912.2213134765625,0.00043992153950966895
2580,51.6,bwt,2,0.4158518314361572,1127.2691650390625,412.2204895019531,1172.610595703125,419.8894958496094,45.3414306640625,7.66900634765625,347.7237243652344,0.00016769084322731942
2585,51.7,bwt,2,0.46707016229629517,1186.309326171875,415.794677734375,1225.8880615234375,424.4138488769531,39.5787353515625,8.619171142578125,341.1358947753906,0.0001645138399908319
2590,51.8,bwt,2,0.4208413064479828,1275.2083740234375,417.40234375,1305.90673828125,425.59027099609375,30.6983642578125,8.18792724609375,251.35597229003906,0.00012121719191782176
2600,52.0,petronas,9,0.5946022868156433,921.6557006835938,584.92431640625,1025.6507568359375,608.963134765625,103.99505615234375,24.038818359375,2499.918212890625,0.0012055932311341166
2605,52.1,petronas,9,0.7153270840644836,721.8513793945312,604.1484375,856.377685546875,628.173583984375,134.52630615234375,24.025146484375,3232.01416015625,0.0015586487716063857
2610,52.2,petronas,9,0.8867552280426025,505.0274353027344,618.187744140625,661.2493286132812,642.8240356445312,156.22189331054688,24.63629150390625,3848.72802734375,0.0018560609314590693
2620,52.4,petronas,9,0.7178796529769897,0.7830905914306641,653.9105834960938,186.35939025878906,677.5969848632812,185.5762939453125,23.6864013671875,4395.634765625,0.0021198084577918053
2640,52.8,aramco,0,0.8380197882652283,793.1821899414062,615.282958984375,958.8679809570312,686.8507080078125,165.685791015625,71.5677490234375,11857.7587890625,0.0057184407487511635
2645,52.9,aramco,0,0.7461538910865784,604.5176391601562,605.8952026367188,744.7173461914062,673.4869995117188,140.19970703125,67.591796875,9476.3505859375,0.004569999407976866
2650,53.0,aramco,0,0.6885154843330383,489.4348449707031,593.9109497070312,598.9954223632812,659.7242431640625,109.56057739257812,65.81329345703125,7210.54248046875,0.0034773063380271196
2655,53.1,aramco,0,0.6481508612632751,445.04736328125,578.7882080078125,530.9483032226562,640.6656494140625,85.90093994140625,61.87744140625,5315.33056640625,0.002563334535807371
2660,53.2,aramco,0,0.526107132434845,443.03558349609375,570.3045043945312,503.1366882324219,625.2672119140625,60.101104736328125,54.96270751953125,3303.3193359375,0.001593035995028913
2670,53.4,petronas,9,0.45951762795448303,722.8701782226562,502.17352294921875,856.1612548828125,522.4232177734375,133.29107666015625,20.24969482421875,2699.103515625,0.0013016510056331754
2670,53.4,petronas,9,0.45048195123672485,1022.6963500976562,487.4845886230469,1136.5224609375,502.4514465332031,113.82611083984375,14.96685791015625,1703.6192626953125,0.0008215756388381124
2675,53.5,petronas,9,0.4384475350379944,956.0199584960938,487.5885314941406,1082.016845703125,502.88323974609375,125.99688720703125,15.294708251953125,1927.0855712890625,0.0009293429902754724
2685,53.7,oracle,8,0.4840998351573944,1100.753662109375,428.2055358886719,1160.456298828125,435.1565246582031,59.70263671875,6.95098876953125,414.99237060546875,0.0002001313550863415
2690,53.8,capp,3,0.49674421548843384,1164.3751220703125,432.62200927734375,1221.6436767578125,438.86639404296875,57.2685546875,6.244384765625,357.6069030761719,0.00017245703202206641
2695,53.9,bwt,2,0.9063397645950317,1796.6522216796875,668.7977905273438,1921.1036376953125,744.16455078125,124.451416015625,75.36676025390625,9379.5,0.004523292649537325
2695,53.9,oracle,8,0.45764195919036865,1239.79248046875,437.2349853515625,1303.461181640625,444.23651123046875,63.668701171875,7.00152587890625,445.7780456542969,0.00021497784473467618
2700,54.0,bwt,2,0.8853256106376648,1623.547607421875,652.3992309570312,1773.24365234375,730.7146606445312,149.696044921875,78.3154296875,11723.509765625,0.005653698928654194
2705,54.1,bwt,2,0.8469396829605103,1500.1405029296875,645.6608276367188,1583.6402587890625,716.7888793945312,83.499755859375,71.1280517578125,5939.1748046875,0.0028641854878515005
2725,54.5,petronas,9,0.5151811242103577,1315.7235107421875,423.10736083984375,1426.73828125,435.29193115234375,111.0147705078125,12.1845703125,1352.667236328125,0.0006523279589600861
2730,54.6,atlasian,1,0.6394296288490295,1478.9075927734375,463.67034912109375,1647.7132568359375,478.8897399902344,168.8056640625,15.219390869140625,2569.119384765625,0.0012389657786116004
2735,54.7,bwt,2,0.8523772954940796,1824.66748046875,635.0746459960938,1898.2049560546875,721.8350219726562,73.5374755859375,86.7603759765625,6380.13916015625,0.0030768418218940496
2755,55.1,bwt,2,0.5442242622375488,1814.85205078125,493.8034362792969,1912.6715087890625,536.0130615234375,97.8194580078125,42.209625244140625,4128.9228515625,0.001991185825318098
2850,57.0,aramco,0,0.5305092334747314,796.848388671875,465.5672607421875,863.6100463867188,548.0477905273438,66.76165771484375,82.48052978515625,5506.537109375,0.002655544551089406
2940,58.8,hp,4,0.4373072683811188,1538.173828125,687.4887084960938,1559.424072265625,698.1807861328125,21.250244140625,10.69207763671875,227.20925903320312,0.00010957236372632906
2945,58.9,hp,4,0.4488608241081238,1477.7274169921875,691.5300903320312,1497.3489990234375,702.2539672851562,19.62158203125,10.723876953125,210.41943359375,0.00010147542343474925
2950,59.0,okx,7,0.6478337049484253,929.8063354492188,602.7213134765625,985.6715087890625,612.5849609375,55.86517333984375,9.8636474609375,551.0343627929688,0.0002657380246091634
2955,59.1,oracle,8,0.6642301678657532,431.92852783203125,571.3101196289062,528.7872924804688,595.093505859375,96.8587646484375,23.78338623046875,2303.62939453125,0.0011109324404969811
2955,59.1,okx,7,0.49877575039863586,895.3104858398438,604.9701538085938,945.2290649414062,614.7742919921875,49.9185791015625,9.80413818359375,489.4086608886719,0.00023601883731316775
2960,59.2,okx,7,0.5227570533752441,853.1602172851562,601.6414184570312,907.8721923828125,612.5558471679688,54.71197509765625,10.9144287109375,597.1499633789062,0.0002879774256143719
2960,59.2,hp,4,0.41007769107818604,1302.115234375,691.77685546875,1322.73974609375,704.5173950195312,20.62451171875,12.74053955078125,262.76739501953125,0.00012672039156313986
2970,59.4,okx,7,0.612566351890564,796.1259155273438,603.9580078125,854.4264526367188,614.154541015625,58.300537109375,10.196533203125,594.46337890625,0.0002866818103939295
2970,59.4,hp,4,0.5713701844215393,1212.70947265625,689.552490234375,1233.5416259765625,703.7307739257812,20.8321533203125,14.17828369140625,295.3641662597656,0.00014244028716348112
2970,59.4,hp,4,0.5574659109115601,1130.49853515625,685.243896484375,1147.02587890625,696.5293579101562,16.52734375,11.28546142578125,186.51870727539062,8.994922245619819e-05
2975,59.5,okx,7,0.6465485692024231,776.8098754882812,603.205810546875,826.9822998046875,614.6309814453125,50.17242431640625,11.4251708984375,573.228515625,0.00027644122019410133
2975,59.5,hp,4,0.6183406114578247,1167.446533203125,685.3507080078125,1194.14990234375,698.1522216796875,26.703369140625,12.801513671875,341.8435363769531,0.00016485509695485234
2975,59.5,hp,4,0.4236116111278534,1098.259765625,681.0338745117188,1117.1175537109375,693.71240234375,18.8577880859375,12.67852783203125,239.0889892578125,0.00011530140182003379
2980,59.6,okx,7,0.729806661605835,761.8717041015625,606.1925048828125,812.8018188476562,618.3514404296875,50.93011474609375,12.158935546875,619.2559814453125,0.00029863810050301254
2980,59.6,hp,4,0.5454026460647583,1054.419189453125,685.399658203125,1071.3045654296875,696.6701049804688,16.8853759765625,11.27044677734375,190.30572509765625,9.17755241971463e-05
2980,59.6,hp,4,0.4943503737449646,1133.3941650390625,689.3609619140625,1152.2713623046875,700.9491577148438,18.877197265625,11.58819580078125,218.75265502929688,0.00010549414582783356
2985,59.7,hp,4,0.6633583903312683,1094.485595703125,688.985595703125,1115.0360107421875,703.0314331054688,20.5504150390625,14.04583740234375,288.6477966308594,0.00013920129276812077
2985,59.7,hp,4,0.6567836999893188,1008.7036743164062,686.0388793945312,1026.9102783203125,697.1583862304688,18.20660400390625,11.1195068359375,202.44845581054688,9.763138950802386e-05
2985,59.7,okx,7,0.5414506196975708,748.4945068359375,607.843017578125,797.4030151367188,619.5986938476562,48.90850830078125,11.75567626953125,574.9525756835938,0.0002772726584225893
2990,59.8,hp,4,0.5872995257377625,973.0764770507812,685.066650390625,993.6041870117188,697.3659057617188,20.5277099609375,12.29925537109375,252.4755401611328,0.00012175711162853986
2990,59.8,hp,4,0.42075100541114807,1103.082275390625,598.8540649414062,1123.0634765625,610.82421875,19.981201171875,11.97015380859375,239.1780548095703,0.00011534435179783031
2990,59.8,hp,4,0.41657379269599915,1062.7872314453125,688.2598266601562,1082.8350830078125,700.1234741210938,20.0478515625,11.8636474609375,237.84063720703125,0.00011469938181107864
2995,59.9,hp,4,0.5669437646865845,1021.6741333007812,685.2120971679688,1040.6766357421875,697.770751953125,19.00250244140625,12.55865478515625,238.6458740234375,0.00011508770694490522
2995,59.9,hp,4,0.4529363214969635,945.318359375,680.9932861328125,962.3912353515625,694.4357299804688,17.0728759765625,13.44244384765625,229.5011749267578,0.00011067764717154205
2995,59.9,hp,4,0.45229995250701904,1067.4298095703125,598.5003662109375,1092.4315185546875,610.859130859375,25.001708984375,12.3587646484375,308.990234375,0.00014901149552315474
3000,60.0,hp,4,0.6909926533699036,989.670654296875,682.4003295898438,1016.1300659179688,696.9519653320312,26.45941162109375,14.5516357421875,385.0277099609375,0.00018568080849945545
3000,60.0,okx,7,0.4218917191028595,724.30126953125,603.8651123046875,771.1166381835938,615.4150390625,46.81536865234375,11.5499267578125,540.7140502929688,0.00026076100766658783
3005,60.1,okx,7,0.5133944749832153,632.551513671875,596.582275390625,671.7520141601562,610.7681274414062,39.20050048828125,14.18585205078125,556.092529296875,0.0002681773330550641
3005,60.1,okx,7,0.4648968577384949,718.8285522460938,600.52197265625,763.4125366210938,612.1669311523438,44.583984375,11.64495849609375,519.1786499023438,0.0002503755094949156
3010,60.2,okx,7,0.6917625069618225,711.278076171875,600.1829223632812,758.6650390625,612.4389038085938,47.386962890625,12.2559814453125,580.7737426757812,0.00028007992659695446
3015,60.3,okx,7,0.6551626324653625,710.0750122070312,603.3857421875,755.275390625,614.8762817382812,45.20037841796875,11.49053955078125,519.376708984375,0.0002504710282664746
3015,60.3,hp,4,0.440199077129364,913.0880737304688,678.324462890625,935.2329711914062,692.3880615234375,22.1448974609375,14.0635986328125,311.43695068359375,0.00015019143756944686
3020,60.4,okx,7,0.659910261631012,709.8914794921875,607.2786254882812,755.68798828125,618.5484008789062,45.7965087890625,11.269775390625,516.1163940429688,0.00024889872292988
3025,60.5,okx,7,0.742620050907135,704.9688110351562,611.6260986328125,752.7713623046875,623.9383544921875,47.80255126953125,12.312255859375,588.5572509765625,0.00028383356402628124
3030,60.6,okx,7,0.6267290711402893,705.5869140625,607.966552734375,750.1279907226562,619.3523559570312,44.54107666015625,11.38580322265625,507.13592529296875,0.00024456786923110485
3030,60.6,petronas,9,0.5380933880805969,1099.7535400390625,580.1703491210938,1138.10107421875,590.7042236328125,38.3475341796875,10.53387451171875,403.9481201171875,0.00019480522314552218
3035,60.7,okx,7,0.6955369114875793,704.9719848632812,605.7693481445312,752.75,618.6213989257812,47.77801513671875,12.85205078125,614.0454711914062,0.00029612533398903906
3035,60.7,okx,7,0.6838459372520447,1333.0185546875,504.6445617675781,1426.526123046875,529.596923828125,93.507568359375,24.952362060546875,2333.234619140625,0.0011252096155658364
3035,60.7,aramco,0,0.5252398252487183,1020.8651733398438,542.785888671875,1077.48388671875,556.0558471679688,56.61871337890625,13.26995849609375,751.3280029296875,0.0003623302618507296
3040,60.8,okx,7,0.6955074071884155,699.9677734375,605.9816284179688,750.33935546875,621.0848388671875,50.37158203125,15.10321044921875,760.7725830078125,0.00036688492400571704
3040,60.8,okx,7,0.6411532163619995,1529.3167724609375,550.3975830078125,1583.2384033203125,560.20263671875,53.921630859375,9.8050537109375,528.7044677734375,0.0002549693745095283
3040,60.8,aramco,0,0.4357718527317047,1177.9376220703125,542.5248413085938,1237.8311767578125,556.145263671875,59.8935546875,13.62042236328125,815.7755126953125,0.00039341027149930596
3045,60.9,okx,7,0.6986551284790039,698.6002807617188,603.498779296875,749.9239501953125,618.3775634765625,51.32366943359375,14.8787841796875,763.6337890625,0.00036826476571150124
3045,60.9,okx,7,0.45457619428634644,1618.90380859375,552.522705078125,1658.88916015625,564.1243896484375,39.9853515625,11.6016845703125,463.8974304199219,0.00022371596423909068
3045,60.9,okx,7,0.43117785453796387,1478.06787109375,547.8984985351562,1524.346435546875,557.5965576171875,46.278564453125,9.69805908203125,448.812255859375,0.00021644109801854938
3050,61.0,okx,7,0.7374066114425659,699.027099609375,601.6063842773438,754.2926635742188,616.3930053710938,55.26556396484375,14.78662109375,817.1909790039062,0.0003940928727388382
3050,61.0,okx,7,0.7005549669265747,1439.8258056640625,537.6454467773438,1488.1688232421875,549.1599731445312,48.343017578125,11.5145263671875,556.64697265625,0.0002684447099454701
3055,61.1,okx,7,0.7154893279075623,684.1483154296875,598.5877075195312,751.1046752929688,615.4638671875,66.95635986328125,16.87615966796875,1129.9661865234375,0.0005449297023005784
3055,61.1,okx,7,0.4212243854999542,1397.8685302734375,532.5523071289062,1444.9051513671875,543.5297241210938,47.03662109375,10.9774169921875,516.340576171875,0.0002490068436600268
3060,61.2,okx,7,0.7555485963821411,682.8766479492188,598.3775634765625,749.6386108398438,614.1586303710938,66.761962890625,15.78106689453125,1053.574951171875,0.0005080897826701403
3060,61.2,okx,7,0.6422450542449951,1423.3876953125,471.6571044921875,1488.147705078125,492.36968994140625,64.760009765625,20.71258544921875,1341.3472900390625,0.0006468688952736557
3060,61.2,okx,7,0.47654372453689575,1600.906982421875,485.34600830078125,1677.0235595703125,499.8320007324219,76.1165771484375,14.485992431640625,1102.6241455078125,0.0005317439208738506
3065,61.3,okx,7,0.8271512389183044,681.9013061523438,589.8805541992188,749.0092163085938,604.2882080078125,67.10791015625,14.40765380859375,966.8675537109375,0.0004662748542614281
3065,61.3,okx,7,0.44312405586242676,1330.968994140625,508.32952880859375,1365.9964599609375,517.82861328125,35.0274658203125,9.49908447265625,332.7288513183594,0.0001604595163371414
3070,61.4,okx,7,0.8112764358520508,682.3811645507812,589.1578369140625,749.7184448242188,603.8845825195312,67.3372802734375,14.72674560546875,991.6589965820312,0.00047823062050156295
3070,61.4,hp,4,0.4823477864265442,864.2639770507812,551.0367431640625,886.3016357421875,561.4877319335938,22.03765869140625,10.45098876953125,230.31532287597656,0.00011107027239631861
3075,61.5,okx,7,0.8029965162277222,685.4288330078125,593.7919311523438,750.0576171875,608.0955200195312,64.6287841796875,14.3035888671875,924.423583984375,0.0004458061303012073
3075,61.5,okx,7,0.5867480039596558,1296.311767578125,495.96337890625,1329.9063720703125,504.83758544921875,33.5946044921875,8.87420654296875,298.1254577636719,0.00014377191837411374
3080,61.6,okx,7,0.8097785711288452,684.890869140625,591.7567138671875,753.7068481445312,606.77099609375,68.81597900390625,15.0142822265625,1033.2225341796875,0.0004982747486792505
3080,61.6,okx,7,0.62432861328125,1280.1666259765625,491.5655517578125,1317.26318359375,499.9885559082031,37.0965576171875,8.423004150390625,312.4644470214844,0.00015068694483488798
3085,61.7,okx,7,0.8354430794715881,696.716796875,600.435546875,767.9546508789062,615.7962646484375,71.23785400390625,15.3607177734375,1094.2645263671875,0.0005277124582789838
3085,61.7,okx,7,0.520116925239563,1282.6063232421875,490.3013916015625,1320.16650390625,498.83642578125,37.5601806640625,8.5350341796875,320.5774230957031,0.00015459944552276284
3085,61.7,okx,7,0.46026188135147095,1632.293212890625,514.0775146484375,1657.8408203125,532.7291259765625,25.547607421875,18.651611328125,476.5040588378906,0.00022979555069468915
3090,61.8,okx,7,0.8200545907020569,698.6170043945312,596.2868041992188,774.2672729492188,612.6321411132812,75.6502685546875,16.3453369140625,1236.5291748046875,0.0005963200237601995
3090,61.8,hp,4,0.4308444559574127,933.065673828125,550.850341796875,956.7901000976562,561.6665649414062,23.72442626953125,10.81622314453125,256.60870361328125,0.00012375034566503018
3095,61.9,okx,7,0.8038376569747925,704.281494140625,595.6248168945312,776.1054077148438,612.6400146484375,71.82391357421875,17.01519775390625,1222.09814453125,0.0005893605994060636
3095,61.9,hp,4,0.5051777958869934,929.3895874023438,661.0198974609375,961.4244384765625,675.900390625,32.03485107421875,14.8804931640625,476.69439697265625,0.0002298873441759497
3100,62.0,okx,7,0.8095348477363586,706.8853149414062,594.3601684570312,780.94287109375,611.8023071289062,74.05755615234375,17.442138671875,1291.72216796875,0.0006229369901120663
3100,62.0,hp,4,0.45348745584487915,965.6639404296875,542.942138671875,987.4461669921875,554.7044067382812,21.7822265625,11.76226806640625,256.2083740234375,0.00012355728540569544
3105,62.1,okx,7,0.8152158856391907,707.5504760742188,591.196533203125,779.3025512695312,607.7174682617188,71.7520751953125,16.52093505859375,1185.411376953125,0.0005716683226637542
3105,62.1,hp,4,0.6603215932846069,971.75927734375,659.2074584960938,992.4158325195312,674.0029296875,20.65655517578125,14.79547119140625,305.62347412109375,0.0001473878655815497
3105,62.1,okx,7,0.4170946776866913,1323.0462646484375,464.7679443359375,1350.3404541015625,471.5184631347656,27.294189453125,6.750518798828125,184.24993896484375,8.885510032996535e-05
3110,62.2,okx,7,0.8038952350616455,706.0527954101562,593.2203979492188,782.2093505859375,610.3873901367188,76.15655517578125,17.1669921875,1307.3790283203125,0.0006304875714704394
3110,62.2,hp,4,0.6591561436653137,982.7478637695312,655.5320434570312,1003.9320068359375,669.8359985351562,21.18414306640625,14.303955078125,303.01702880859375,0.00014613090024795383
3115,62.3,okx,7,0.8397919535636902,711.90673828125,591.3064575195312,793.1830444335938,608.4583740234375,81.27630615234375,17.15191650390625,1394.04443359375,0.0006722822436131537
3115,62.3,hp,4,0.6376855373382568,997.2750244140625,653.0747680664062,1020.41796875,667.7017211914062,23.1429443359375,14.626953125,338.5107727050781,0.00016324786702170968
3120,62.4,okx,7,0.840694010257721,721.24462890625,589.7033081054688,803.1663208007812,607.5238037109375,81.92169189453125,17.82049560546875,1459.8851318359375,0.0007040341151878238
3120,62.4,hp,4,0.5630248785018921,1017.7268676757812,651.7957763671875,1039.2086181640625,667.8023681640625,21.48175048828125,16.006591796875,343.849609375,0.00016582253738306463
3125,62.5,okx,7,0.8467962145805359,731.054931640625,587.8248901367188,811.4076538085938,607.0377807617188,80.35272216796875,19.212890625,1543.80810546875,0.0007445062510669231
3125,62.5,hp,4,0.6471258401870728,1026.2576904296875,644.5866088867188,1050.6627197265625,661.541015625,24.405029296875,16.95440673828125,413.7727966308594,0.0001995432103285566
3130,62.6,okx,7,0.8492357134819031,762.3258056640625,587.6355590820312,839.517578125,607.4981079101562,77.1917724609375,19.862548828125,1533.225341796875,0.0007394026615656912
3130,62.6,hp,4,0.49210673570632935,1038.5682373046875,639.0340576171875,1062.964599609375,655.1991577148438,24.3963623046875,16.16510009765625,394.36962890625,0.000190185965038836
3135,62.7,okx,7,0.7876499891281128,686.86376953125,588.849609375,758.5330810546875,607.831787109375,71.6693115234375,18.982177734375,1360.4395751953125,0.0006560761830769479
3135,62.7,hp,4,0.45332249999046326,1026.960693359375,631.916015625,1059.60400390625,651.8688354492188,32.643310546875,19.95281982421875,651.3261108398438,0.0003141040215268731
3135,62.7,hp,4,0.4262930452823639,1068.61181640625,504.41162109375,1099.123779296875,517.5228271484375,30.511962890625,13.1112060546875,400.04864501953125,0.00019292469369247556
3140,62.8,okx,7,0.6277856230735779,755.357177734375,605.5515747070312,850.656494140625,628.3433227539062,95.29931640625,22.791748046875,2172.0380859375,0.0010474721202626824
3145,62.9,okx,7,0.6346098780632019,870.0813598632812,627.8671875,971.7360229492188,647.6886596679688,101.6546630859375,19.82147216796875,2014.945068359375,0.0009717134525999427
3145,62.9,hp,4,0.5748324394226074,979.5081787109375,497.4855041503906,1087.249755859375,515.7154541015625,107.7415771484375,18.229949951171875,1964.12353515625,0.0009472046513110399
3150,63.0,hp,4,0.6049767136573792,829.445556640625,641.8090209960938,865.1984252929688,659.2891235351562,35.75286865234375,17.4801025390625,624.9638061523438,0.00030139071168377995
3150,63.0,okx,7,0.4896900951862335,1077.3837890625,666.66552734375,1189.0792236328125,688.8204956054688,111.6954345703125,22.15496826171875,2474.60888671875,0.0011933877831324935
3155,63.1,hp,4,0.7847044467926025,815.0188598632812,659.871826171875,839.17724609375,677.878662109375,24.15838623046875,18.0068359375,435.0160827636719,0.00020978784596081823
3155,63.1,hp,4,0.7640326023101807,935.810546875,662.7451782226562,964.479248046875,682.2230224609375,28.668701171875,19.47784423828125,558.4044799804688,0.0002692922716960311
3160,63.2,hp,4,0.7511144876480103,811.4644165039062,681.7989501953125,837.1778564453125,699.3779296875,25.71343994140625,17.5789794921875,452.0160217285156,0.00021798611851409078
3160,63.2,hp,4,0.6831557154655457,945.9070434570312,685.5488891601562,972.8656616210938,703.8722534179688,26.9586181640625,18.3233642578125,493.97259521484375,0.00023821981449145824
3165,63.3,hp,4,0.7619168758392334,980.9091796875,720.1812133789062,1013.39208984375,743.6947631835938,32.48291015625,23.5135498046875,763.7885131835938,0.00036833935882896185
3165,63.3,hp,4,0.7494393587112427,842.377197265625,718.5352172851562,872.533447265625,737.1492919921875,30.15625,18.61407470703125,561.3306884765625,0.0002707034582272172
3165,63.3,hp,4,0.5405111908912659,794.3184814453125,540.6947631835938,819.9237670898438,556.2631225585938,25.60528564453125,15.568359375,398.6322937011719,0.00019224165589548647
3170,63.4,hp,4,0.788113534450531,932.65673828125,771.6981201171875,960.2779541015625,790.8788452148438,27.6212158203125,19.18072509765625,529.794921875,0.00025549522251822054
3170,63.4,hp,4,0.7481352090835571,1077.4794921875,772.7633056640625,1108.1533203125,794.1758422851562,30.673828125,21.41253662109375,656.804443359375,0.00031674597994424403
3175,63.5,hp,4,0.7845678925514221,1118.3760986328125,839.2877197265625,1155.43408203125,863.9571533203125,37.0579833984375,24.66943359375,914.199462890625,0.00044087550486437976
3175,63.5,hp,4,0.7402136921882629,1271.990234375,838.9796752929688,1309.3233642578125,863.807861328125,37.3331298828125,24.82818603515625,926.9138793945312,0.00044700707076117396
3180,63.6,hp,4,0.8150794506072998,1454.653076171875,955.9052124023438,1499.8958740234375,990.7046508789062,45.2427978515625,34.7994384765625,1574.4239501953125,0.0007592707988806069
3180,63.6,hp,4,0.7429903745651245,1028.49755859375,645.753662109375,1054.4365234375,669.874755859375,25.93896484375,24.12109375,625.6762084960938,0.0003017342824023217
3180,63.6,hp,4,0.7276847958564758,1643.274658203125,955.733154296875,1700.1171875,989.1051635742188,56.842529296875,33.37200927734375,1896.949462890625,0.0009148097597062588
3180,63.6,hp,4,0.6714746356010437,1121.216552734375,647.3316040039062,1151.5926513671875,669.39453125,30.3760986328125,22.06292724609375,670.1856689453125,0.0003231991140637547
3185,63.7,hp,4,0.7883856892585754,1308.83740234375,722.30712890625,1339.7288818359375,749.1539306640625,30.8914794921875,26.8468017578125,829.33740234375,0.0003999505133833736
3185,63.7,hp,4,0.6567349433898926,1422.8072509765625,720.779052734375,1451.2637939453125,747.8607788085938,28.45654296875,27.08172607421875,770.6522827148438,0.000371649453882128
3185,63.7,hp,4,0.40483173727989197,1575.69873046875,814.4050903320312,1609.5823974609375,837.8551635742188,33.8836669921875,23.4500732421875,794.574462890625,0.0003831859794445336
3190,63.8,hp,4,0.8146356344223022,1856.6650390625,834.067138671875,1897.7152099609375,873.4127197265625,41.0501708984375,39.3455810546875,1615.142822265625,0.0007789076189510524
3210,64.2,okx,7,0.5159600377082825,960.3833618164062,499.5392761230469,987.026611328125,505.07086181640625,26.64324951171875,5.531585693359375,147.37942504882812,7.107418059604242e-05
3215,64.3,okx,7,0.45421528816223145,942.7315063476562,505.2679138183594,970.8936157226562,511.4617004394531,28.162109375,6.19378662109375,174.4300994873047,8.41194560052827e-05
3220,64.4,okx,7,0.4512169063091278,885.74169921875,507.2594299316406,908.09521484375,514.3053588867188,22.353515625,7.045928955078125,157.50128173828125,7.595548231620342e-05
3225,64.5,okx,7,0.5436892509460449,907.599609375,519.2869262695312,937.4124145507812,525.30859375,29.81280517578125,6.02166748046875,179.52279663085938,8.657542639411986e-05
3230,64.6,okx,7,0.6490296125411987,878.70361328125,525.4109497070312,910.778076171875,534.1469116210938,32.074462890625,8.7359619140625,280.2012939453125,0.00013512793520931154
3235,64.7,okx,7,0.6946893930435181,841.9225463867188,532.1812133789062,880.26953125,540.612548828125,38.34698486328125,8.43133544921875,323.3162841796875,0.000155920279212296
3240,64.8,okx,7,0.6909257769584656,811.0245361328125,540.5708618164062,850.8047485351562,551.8952026367188,39.78021240234375,11.3243408203125,450.48468017578125,0.0002172476233681664
3240,64.8,okx,7,0.41668909788131714,739.3178100585938,538.5697021484375,773.6293334960938,550.3207397460938,34.3115234375,11.75103759765625,403.1960144042969,0.00019444251665845513
3245,64.9,okx,7,0.7407236099243164,782.4937133789062,558.0521240234375,824.1610717773438,569.0458984375,41.6673583984375,10.9937744140625,458.08154296875,0.00022091124264989048
3250,65.0,okx,7,0.7023687958717346,672.9068603515625,572.7568969726562,723.7449951171875,585.7654418945312,50.838134765625,13.008544921875,661.3301391601562,0.00031892850529402494
3255,65.1,okx,7,0.7079261541366577,674.796142578125,596.2332763671875,741.0354614257812,609.7794189453125,66.23931884765625,13.546142578125,897.2872314453125,0.0004327195347286761
3260,65.2,okx,7,0.6923418045043945,717.6265258789062,626.1961669921875,802.7021484375,641.7157592773438,85.07562255859375,15.51959228515625,1320.3389892578125,0.0006367375608533621
3265,65.3,okx,7,0.6126263737678528,825.32275390625,669.8057861328125,917.85205078125,684.4849243164062,92.529296875,14.67913818359375,1358.2503662109375,0.0006550204125232995
3280,65.6,aramco,0,0.5345147252082825,1128.241455078125,503.0328063964844,1169.564453125,511.71685791015625,41.322998046875,8.684051513671875,358.8510437011719,0.0001730570220388472
3280,65.6,aramco,0,0.4719763696193695,1114.0042724609375,453.3961486816406,1160.6011962890625,461.8609313964844,46.596923828125,8.46478271484375,394.4328308105469,0.00019021645130123943
3285,65.7,aramco,0,0.5616040229797363,1124.4930419921875,506.6248779296875,1166.8519287109375,515.3008422851562,42.35888671875,8.67596435546875,367.5041809082031,0.00017723003111314029
3290,65.8,aramco,0,0.6367872953414917,1114.30517578125,512.6632080078125,1157.869140625,522.4219360351562,43.56396484375,9.75872802734375,425.1288757324219,0.00020501970720943063
3290,65.8,aramco,0,0.5541797280311584,1050.9735107421875,511.5489501953125,1088.46435546875,519.4760131835938,37.4908447265625,7.92706298828125,297.1922912597656,0.0001433219003956765
3295,65.9,aramco,0,0.6128657460212708,1032.7789306640625,516.5980224609375,1077.1197509765625,526.498291015625,44.3408203125,9.9002685546875,438.98602294921875,0.00021170236868783832
3295,65.9,aramco,0,0.5809998512268066,1106.679931640625,521.9116821289062,1154.4052734375,532.3303833007812,47.725341796875,10.418701171875,497.236083984375,0.00023979363322723657
3295,65.9,aramco,0,0.4442600607872009,1078.504638671875,460.6336975097656,1138.4293212890625,468.7378234863281,59.9246826171875,8.1041259765625,485.6371765136719,0.00023420002253260463
3300,66.0,aramco,0,0.45946425199508667,1084.0169677734375,528.2744750976562,1141.9078369140625,539.3719482421875,57.890869140625,11.09747314453125,642.4423828125,0.0003098198212683201
3300,66.0,aramco,0,0.44062814116477966,1070.096435546875,471.0030517578125,1131.92236328125,478.257568359375,61.825927734375,7.2545166015625,448.5172119140625,0.0002162988093914464
3305,66.1,aramco,0,0.8114411234855652,1068.6441650390625,537.5730590820312,1132.2406005859375,550.0770263671875,63.596435546875,12.50396728515625,795.207763671875,0.00038349139504134655
3305,66.1,aramco,0,0.6986979842185974,1033.4344482421875,471.92706298828125,1121.4744873046875,481.81390380859375,88.0400390625,9.8868408203125,870.4378662109375,0.0004197713569737971
3310,66.2,aramco,0,0.8125624060630798,1050.3818359375,550.5726928710938,1117.4088134765625,564.71044921875,67.0269775390625,14.13775634765625,947.611083984375,0.00045698837493546307
3310,66.2,aramco,0,0.7649319171905518,1026.58837890625,474.6178283691406,1104.8387451171875,483.82196044921875,78.2503662109375,9.204132080078125,720.2266845703125,0.00034733154461719096
3310,66.2,aramco,0,0.752656877040863,956.1109619140625,544.7042236328125,1015.1370849609375,557.1553955078125,59.026123046875,12.451171875,734.9443969726562,0.00035442921216599643
3315,66.3,aramco,0,0.7773353457450867,1030.295654296875,557.1544189453125,1097.06005859375,575.0313720703125,66.764404296875,17.876953125,1193.5440673828125,0.0005755902966484427
3315,66.3,aramco,0,0.7764192223548889,992.5090942382812,480.7655029296875,1086.052490234375,490.7317199707031,93.54339599609375,9.966217041015625,932.2738037109375,0.00044959192746318877
3315,66.3,aramco,0,0.6676448583602905,927.4873046875,555.7086791992188,987.7528076171875,566.78125,60.2655029296875,11.07257080078125,667.2940673828125,0.00032180463313125074
3320,66.4,aramco,0,0.8685880303382874,965.044189453125,484.5947570800781,1061.357666015625,497.76483154296875,96.3134765625,13.170074462890625,1268.4556884765625,0.0006117166485637426
3320,66.4,aramco,0,0.7835504412651062,1005.64453125,570.4195556640625,1079.506103515625,590.5286254882812,73.861572265625,20.10906982421875,1485.2874755859375,0.0007162844412960112
3325,66.5,aramco,0,0.8313971757888794,925.7041625976562,487.8919982910156,1035.845947265625,502.4841613769531,110.14178466796875,14.5921630859375,1607.2069091796875,0.0007750804652459919
3325,66.5,aramco,0,0.7412518858909607,970.724609375,584.9454956054688,1047.3162841796875,604.6477661132812,76.5916748046875,19.7022705078125,1509.0299072265625,0.0007277343538589776
3325,66.5,aramco,0,0.671526312828064,845.2351684570312,580.875732421875,909.1578369140625,595.8711547851562,63.92266845703125,14.99542236328125,958.5474243164062,0.0004622624546755105
3330,66.6,aramco,0,0.8531065583229065,886.7960815429688,495.8515930175781,1004.9620361328125,509.6480407714844,118.16595458984375,13.79644775390625,1630.2703857421875,0.0007862029015086591
3330,66.6,aramco,0,0.8219285607337952,933.5374755859375,604.8690795898438,1018.1001586914062,626.4828491210938,84.56268310546875,21.61376953125,1827.7183837890625,0.0008814228349365294
3335,66.7,aramco,0,0.8821759223937988,832.5487060546875,505.89202880859375,967.4768676757812,519.9110717773438,134.92816162109375,14.01904296875,1891.563720703125,0.000912212417460978
3335,66.7,hp,4,0.49727562069892883,1097.715087890625,525.9974365234375,1111.2353515625,535.9058837890625,13.520263671875,9.908447265625,133.96481323242188,6.460494478233159e-05
3340,66.8,aramco,0,0.8829063773155212,782.3145141601562,512.3696899414062,933.8284301757812,530.221923828125,151.513916015625,17.85223388671875,2704.86181640625,0.001304427976720035
3345,66.9,aramco,0,0.8782356381416321,767.0704345703125,674.8916015625,876.3670654296875,702.0037231445312,109.296630859375,27.11212158203125,2963.263427734375,0.0014290428953245282
3345,66.9,aramco,0,0.8419374227523804,572.8670654296875,670.588134765625,665.5189208984375,690.3631591796875,92.65185546875,19.7750244140625,1832.1927490234375,0.0008835805929265916
3345,66.9,aramco,0,0.8349969387054443,709.0269775390625,522.8356323242188,880.9815063476562,544.4425048828125,171.95452880859375,21.60687255859375,3715.399658203125,0.0017917630029842257
3350,67.0,aramco,0,0.8969210982322693,705.9004516601562,709.5452880859375,831.79443359375,742.372802734375,125.89398193359375,32.8275146484375,4132.78662109375,0.00199304916895926
3350,67.0,aramco,0,0.8865319490432739,631.8612670898438,535.313720703125,822.8308715820312,557.6248779296875,190.9696044921875,22.3111572265625,4260.7529296875,0.002054761163890362
3350,67.0,aramco,0,0.8714102506637573,476.01312255859375,703.4680786132812,592.1522827148438,729.0789794921875,116.13916015625,25.61090087890625,2974.428466796875,0.0014344273367896676
3355,67.1,aramco,0,0.9074335694313049,410.3720397949219,746.497802734375,540.0603637695312,775.4820556640625,129.68832397460938,28.9842529296875,3758.919189453125,0.0018127503572031856
3355,67.1,aramco,0,0.8879055976867676,550.9110107421875,553.9901733398438,764.5724487304688,579.2584228515625,213.66143798828125,25.26824951171875,5398.8505859375,0.0026036123745143414
3355,67.1,aramco,0,0.869003415107727,668.7393798828125,752.60986328125,800.1937866210938,785.9135131835938,131.45440673828125,33.30364990234375,4377.91162109375,0.0021112614776939154
3360,67.2,aramco,0,0.8904790282249451,374.8008117675781,799.0179443359375,527.0742797851562,832.6183471679688,152.27346801757812,33.60040283203125,5116.44970703125,0.002467423677444458
3360,67.2,aramco,0,0.8512592911720276,669.0780639648438,803.1480102539062,823.5551147460938,841.8900146484375,154.47705078125,38.74200439453125,5984.75048828125,0.002886164467781782
3360,67.2,aramco,0,0.8237926363945007,490.0005798339844,575.4742431640625,731.6359252929688,603.3705444335938,241.63534545898438,27.89630126953125,6740.732421875,0.0032507390715181828
3360,67.2,hp,4,0.4540237784385681,965.605224609375,591.8558959960938,986.252197265625,606.2521362304688,20.64697265625,14.396240234375,297.23876953125,0.00014334431034512818
3365,67.3,aramco,0,0.8873238563537598,455.70013427734375,602.3184204101562,732.5919799804688,632.8206787109375,276.891845703125,30.50225830078125,8445.826171875,0.004073025658726692
3365,67.3,aramco,0,0.8808407187461853,738.635986328125,872.7163696289062,904.3135375976562,916.0928344726562,165.67755126953125,43.37646484375,7186.50634765625,0.0034657148644328117
3365,67.3,aramco,0,0.8440065979957581,392.35955810546875,868.1983032226562,568.8023681640625,907.7704467773438,176.44281005859375,39.5721435546875,6982.22021484375,0.00336719723418355
3370,67.4,aramco,0,0.8179828524589539,497.9871826171875,959.4389038085938,716.7322998046875,1005.2391967773438,218.7451171875,45.80029296875,10018.5908203125,0.0048314961604774
3370,67.4,aramco,0,0.6489933729171753,466.4235534667969,640.7783813476562,645.98828125,675.64306640625,179.56472778320312,34.86468505859375,6260.4677734375,0.0030191298574209213
3370,67.4,aramco,0,0.6004311442375183,904.5475463867188,961.893310546875,1092.350830078125,1010.9711303710938,187.80328369140625,49.07781982421875,9216.9755859375,0.004444914869964123
3375,67.5,hp,4,0.5548823475837708,674.4283447265625,653.7208251953125,709.1299438476562,671.217041015625,34.70159912109375,17.4962158203125,607.1466674804688,0.000292798358714208
3375,67.5,bwt,2,0.4225725531578064,1327.15185546875,439.73870849609375,1367.8585205078125,450.25042724609375,40.7066650390625,10.51171875,427.8970031738281,0.00020635465625673532
3380,67.6,hp,4,0.6928097009658813,731.4242553710938,692.3348999023438,765.1924438476562,716.3342895507812,33.7681884765625,23.9993896484375,810.4158935546875,0.00039082556031644344
3380,67.6,hp,4,0.6911316514015198,590.1796264648438,685.9775390625,621.8182373046875,705.1282348632812,31.63861083984375,19.15069580078125,605.9014282226562,0.00029219783027656376
3380,67.6,petronas,9,0.46836650371551514,777.6802978515625,764.48974609375,1181.675537109375,812.1107177734375,403.9952392578125,47.6209716796875,19238.646484375,0.009277896955609322
3385,67.7,hp,4,0.8292948007583618,656.0962524414062,732.30419921875,691.3057250976562,757.7775268554688,35.20947265625,25.47332763671875,896.9024047851562,0.0004325339396018535
3385,67.7,hp,4,0.7864629626274109,503.8876953125,728.355712890625,539.2196044921875,751.217529296875,35.3319091796875,22.86181640625,807.7516479492188,0.00038954071351327
3385,67.7,hp,4,0.5958200097084045,702.1841430664062,548.9833984375,734.4749755859375,567.7535400390625,32.29083251953125,18.7701416015625,606.103515625,0.00029229529900476336
3385,67.7,aramco,0,0.49206599593162537,1205.3668212890625,863.3645629882812,1699.3419189453125,924.216552734375,493.97509765625,60.85198974609375,30059.3671875,0.014496222138404846
3390,67.8,hp,4,0.7673947215080261,430.84478759765625,779.6639404296875,469.4725646972656,803.9113159179688,38.627777099609375,24.24737548828125,936.6221923828125,0.0004516889457590878
3390,67.8,hp,4,0.7292771339416504,606.6358642578125,783.2940673828125,641.650634765625,811.6919555664062,35.0147705078125,28.39788818359375,994.3455200195312,0.0004795262066181749
3390,67.8,hp,4,0.7143787145614624,626.879150390625,572.917724609375,660.9319458007812,593.0712280273438,34.05279541015625,20.15350341796875,686.2831420898438,0.000330962153384462
3400,68.0,okx,7,0.6001917123794556,1219.81298828125,471.8394775390625,1256.9359130859375,480.167724609375,37.1229248046875,8.3282470703125,309.16888427734375,0.00014909764286130667
3410,68.2,okx,7,0.7226690649986267,1263.600830078125,487.0837097167969,1301.6895751953125,496.70111083984375,38.0887451171875,9.617401123046875,366.3147277832031,0.0001766564091667533
3415,68.3,okx,7,0.6529322266578674,1276.6298828125,495.46710205078125,1322.1104736328125,505.3108215332031,45.4805908203125,9.843719482421875,447.69818115234375,0.00021590382675640285
3415,68.3,hp,4,0.44223272800445557,1130.17626953125,516.07666015625,1143.2021484375,524.7694702148438,13.02587890625,8.69281005859375,113.23149108886719,5.460623651742935e-05
3425,68.5,okx,7,0.7583194375038147,1260.0584716796875,507.804931640625,1311.6976318359375,521.8215942382812,51.63916015625,14.01666259765625,723.8086547851562,0.00034905894426628947
3430,68.6,okx,7,0.43684160709381104,1245.3905029296875,513.94091796875,1288.1064453125,526.7185668945312,42.7159423828125,12.77764892578125,545.809326171875,0.00026321824407204986
3430,68.6,okx,7,0.41428178548812866,1325.9822998046875,518.7678833007812,1373.2685546875,529.1119995117188,47.2862548828125,10.3441162109375,489.134521484375,0.00023588663316331804
3435,68.7,okx,7,0.6115044951438904,1303.46337890625,527.7322387695312,1356.762939453125,541.323974609375,53.299560546875,13.59173583984375,724.4335327148438,0.00034936031443066895
3440,68.8,okx,7,0.7964401841163635,1236.5146484375,542.237060546875,1300.17724609375,558.7559814453125,63.66259765625,16.5189208984375,1051.637451171875,0.0005071554332971573
3445,68.9,okx,7,0.8183138966560364,1168.5308837890625,558.5031127929688,1239.7021484375,575.8202514648438,71.1712646484375,17.317138671875,1232.482666015625,0.0005943685537204146
3445,68.9,hp,4,0.5624448657035828,1345.7071533203125,583.130126953125,1370.2188720703125,596.9107055664062,24.51171875,13.78057861328125,337.7856750488281,0.00016289818449877203
3450,69.0,okx,7,0.7626878023147583,1040.29638671875,577.5819702148438,1113.775390625,597.6771850585938,73.47900390625,20.09521484375,1476.576416015625,0.0007120835362002254
3450,69.0,hp,4,0.578842043876648,1354.442138671875,595.5938720703125,1377.5123291015625,609.17724609375,23.0701904296875,13.5833740234375,313.37103271484375,0.00015112414257600904
3455,69.1,capp,3,0.4490925967693329,1503.5445556640625,433.6996154785156,1556.328857421875,442.0276184082031,52.7843017578125,8.3280029296875,439.58782958984375,0.00021199259208515286
3460,69.2,hp,4,0.4059500992298126,1247.384521484375,506.73773193359375,1367.5328369140625,526.7730102539062,120.1483154296875,20.0352783203125,2407.204833984375,0.0011608819477260113
3515,70.3,oracle,8,0.5120709538459778,874.614501953125,121.82157897949219,942.5189208984375,128.825439453125,67.9044189453125,7.0038604736328125,475.59307861328125,0.00022935622837394476
3525,70.5,oracle,8,0.6906611919403076,892.0234985351562,132.31028747558594,966.5931396484375,143.25791931152344,74.56964111328125,10.9476318359375,816.3609619140625,0.00039369260775856674
3530,70.6,oracle,8,0.4527307450771332,886.9207153320312,130.61865234375,962.728271484375,140.49380493164062,75.80755615234375,9.875152587890625,748.6112060546875,0.00036102006561122835
3530,70.6,petronas,9,0.41623181104660034,490.66510009765625,148.572509765625,615.6107788085938,163.78709411621094,124.9456787109375,15.214584350585938,1900.99658203125,0.0009167614625766873
3535,70.7,oracle,8,0.5302997827529907,871.6493530273438,133.72042846679688,958.3798217773438,142.8314208984375,86.73046875,9.110992431640625,790.2006225585938,0.0003810766793321818
3540,70.8,oracle,8,0.678722083568573,863.4874267578125,128.76876831054688,954.9190063476562,138.80601501464844,91.43157958984375,10.037246704101562,917.7213134765625,0.00044257394620217383
3545,70.9,oracle,8,0.5611294507980347,839.140625,130.75624084472656,924.4776000976562,140.97140502929688,85.33697509765625,10.215164184570312,871.731201171875,0.0004203950520604849
3550,71.0,oracle,8,0.47604402899742126,808.26220703125,134.41331481933594,893.622802734375,143.43092346191406,85.360595703125,9.017608642578125,769.7484741210938,0.0003712135658133775
3555,71.1,oracle,8,0.6816930770874023,773.9192504882812,133.1100311279297,868.6655883789062,143.22824096679688,94.746337890625,10.118209838867188,958.663330078125,0.0004623183631338179
3560,71.2,petronas,9,0.48209071159362793,399.6513977050781,231.84437561035156,451.8406982421875,265.2561950683594,52.189300537109375,33.41181945800781,1743.739501953125,0.0008409237489104271
3570,71.4,oracle,8,0.8083896636962891,665.082275390625,131.15689086914062,754.2849731445312,143.05934143066406,89.20269775390625,11.902450561523438,1061.730712890625,0.0005120229325257242
3575,71.5,oracle,8,0.7538560628890991,614.3480834960938,121.81173706054688,705.4130859375,137.24472045898438,91.06500244140625,15.4329833984375,1405.4046630859375,0.0006777607486583292
3580,71.6,oracle,8,0.41593533754348755,565.0618286132812,123.28451538085938,668.3594970703125,141.3779296875,103.29766845703125,18.093414306640625,1869.007568359375,0.0009013346862047911
3585,71.7,bwt,2,0.40093809366226196,109.37010192871094,321.6729736328125,170.7722625732422,369.5882568359375,61.40216064453125,47.915283203125,2942.101806640625,0.0014188376953825355
3590,71.8,oracle,8,0.6070513129234314,542.9954833984375,131.5330352783203,625.9122924804688,147.66854858398438,82.91680908203125,16.135513305664062,1337.9052734375,0.0006452089291997254
3595,71.9,petronas,9,0.5123171806335449,57.398536682128906,336.2912292480469,128.26609802246094,396.4019775390625,70.86756134033203,60.110748291015625,4259.90234375,0.0020543511491268873
3600,72.0,oracle,8,0.7438275814056396,546.0654907226562,130.86563110351562,640.5831298828125,152.28433227539062,94.51763916015625,21.418701171875,2024.445068359375,0.0009762948611751199
3600,72.0,petronas,9,0.4999661445617676,31.04658317565918,355.97589111328125,99.46019744873047,412.4082946777344,68.41361236572266,56.432403564453125,3860.74462890625,0.0018618559697642922
3605,72.1,oracle,8,0.5767178535461426,547.8854370117188,128.69876098632812,654.6102905273438,155.54620361328125,106.724853515625,26.847442626953125,2865.289306640625,0.0013817945728078485
3610,72.2,oracle,8,0.7550627589225769,559.5450439453125,133.42330932617188,669.021484375,160.34085083007812,109.4764404296875,26.91754150390625,2946.836669921875,0.001421121065504849
3610,72.2,petronas,9,0.6781015396118164,0.810248851776123,379.66766357421875,86.54843139648438,437.8442077636719,85.7381820678711,58.176544189453125,4987.951171875,0.002405454870313406
3615,72.3,oracle,8,0.6406983137130737,357.1054992675781,211.56231689453125,423.8061218261719,231.29580688476562,66.70062255859375,19.733489990234375,1316.236083984375,0.0006347589078359306
3615,72.3,oracle,8,0.42591404914855957,541.89306640625,141.12767028808594,654.8340454101562,162.10336303710938,112.94097900390625,20.975692749023438,2369.015380859375,0.0011424649273976684
3620,72.4,oracle,8,0.6286023855209351,562.305908203125,135.73699951171875,658.15380859375,164.9641571044922,95.847900390625,29.227157592773438,2801.361572265625,0.001350965234450996
3620,72.4,oracle,8,0.5808085799217224,349.40069580078125,215.95166015625,420.64739990234375,234.3602752685547,71.2467041015625,18.408615112304688,1311.5531005859375,0.000632500508800149
3620,72.4,petronas,9,0.45597943663597107,-0.9050577878952026,402.42706298828125,39.117271423339844,446.8262939453125,40.0223274230957,44.39923095703125,1776.9605712890625,0.000856944709084928
3625,72.5,oracle,8,0.6645197868347168,337.1218566894531,216.720703125,408.1221008300781,236.60511779785156,71.000244140625,19.884414672851562,1411.79833984375,0.0006808441248722374
3625,72.5,oracle,8,0.6515259146690369,555.0942993164062,136.0110626220703,672.2255859375,165.32872009277344,117.13128662109375,29.317657470703125,3434.014892578125,0.001656064298003912
3630,72.6,oracle,8,0.707879364490509,540.6658325195312,128.2067108154297,662.411376953125,161.00523376464844,121.74554443359375,32.79852294921875,3993.073974609375,0.0019256722880527377
3635,72.7,oracle,8,0.7589850425720215,289.7917175292969,221.65122985839844,358.5198059082031,245.716796875,68.72808837890625,24.065567016601562,1653.98046875,0.0007976372144185007
3640,72.8,oracle,8,0.674076497554779,275.6502380371094,228.6664581298828,343.6434326171875,251.593994140625,67.99319458007812,22.927536010742188,1558.9163818359375,0.0007517922203987837
3640,72.8,oracle,8,0.6335452198982239,503.19024658203125,128.56971740722656,640.5537109375,164.10784912109375,137.36346435546875,35.53813171386719,4881.64111328125,0.0023541864939033985
3645,72.9,oracle,8,0.40282368659973145,251.2057342529297,238.56619262695312,319.6182861328125,261.29229736328125,68.41255187988281,22.726104736328125,1554.7508544921875,0.000749783415812999
3650,73.0,oracle,8,0.4523545801639557,238.22653198242188,246.7024688720703,311.0813293457031,270.9597473144531,72.85479736328125,24.257278442382812,1767.2591552734375,0.0008522662101313472
3655,73.1,oracle,8,0.6573647856712341,466.4653625488281,148.1964874267578,612.772216796875,185.04095458984375,146.30685424804688,36.84446716308594,5390.59814453125,0.0025996326003223658
3655,73.1,oracle,8,0.5285197496414185,231.65985107421875,253.6946258544922,302.80242919921875,280.2549133300781,71.142578125,26.560287475585938,1889.5673828125,0.0009112497209571302
3660,73.2,oracle,8,0.87797611951828,480.2640686035156,151.40333557128906,617.5429077148438,191.7934112548828,137.27883911132812,40.39007568359375,5544.70263671875,0.002673950046300888
3660,73.2,oracle,8,0.4787873923778534,224.2649383544922,254.37826538085938,300.9703674316406,284.03021240234375,76.70542907714844,29.651947021484375,2274.46533203125,0.0010968679562211037
3665,73.3,oracle,8,0.638354480266571,227.5969696044922,255.1925811767578,297.1587219238281,282.7705078125,69.56175231933594,27.577926635742188,1918.368896484375,0.0009251393494196236
3670,73.4,oracle,8,0.4743226170539856,225.9501495361328,260.00567626953125,298.67730712890625,287.1357421875,72.72715759277344,27.13006591796875,1973.092529296875,0.0009515299461781979
3675,73.5,oracle,8,0.40075796842575073,226.90374755859375,259.7085266113281,287.3344421386719,284.5480651855469,60.430694580078125,24.83953857421875,1501.070556640625,0.0007238959078676999
3680,73.6,oracle,8,0.5927659273147583,219.0631103515625,260.3918151855469,275.7403869628906,283.3301086425781,56.677276611328125,22.93829345703125,1300.0799560546875,0.0006269675795920193
3680,73.6,oracle,8,0.44766828417778015,417.8034973144531,166.5264434814453,565.6734008789062,202.98928833007812,147.86990356445312,36.46284484863281,5391.75732421875,0.0026001916266977787
3685,73.7,oracle,8,0.560401976108551,396.9538269042969,173.31935119628906,531.4749145507812,202.91891479492188,134.52108764648438,29.599563598632812,3981.765380859375,0.0019202186958864331
3690,73.8,oracle,8,0.6248857975006104,210.1357879638672,261.5194396972656,252.1698455810547,283.4617614746094,42.0340576171875,21.94232177734375,922.3248291015625,0.0004447939863894135
3725,74.5,oracle,8,0.5025837421417236,589.6600952148438,161.31517028808594,693.413818359375,179.1484375,103.75372314453125,17.833267211914062,1850.267822265625,0.0008922973647713661
3730,74.6,oracle,8,0.48041439056396484,603.416015625,158.73336791992188,675.406982421875,170.60391235351562,71.990966796875,11.87054443359375,854.5719604492188,0.0004121199599467218
3735,74.7,oracle,8,0.8166419267654419,617.0155029296875,146.45143127441406,710.368408203125,161.72647094726562,93.3529052734375,15.275039672851562,1425.9693603515625,0.0006876781117171049
3740,74.8,oracle,8,0.6817143559455872,627.1270141601562,141.20501708984375,715.0303344726562,156.3788299560547,87.9033203125,15.173812866210938,1333.8284912109375,0.0006432429072447121
3740,74.8,oracle,8,0.40598392486572266,157.54910278320312,210.55203247070312,298.4554748535156,246.5217742919922,140.9063720703125,35.96974182128906,5068.36572265625,0.002444234909489751
3745,74.9,oracle,8,0.4215218126773834,640.521728515625,132.13314819335938,714.6256713867188,146.09707641601562,74.10394287109375,13.96392822265625,1034.7821044921875,0.0004990268498659134
3750,75.0,oracle,8,0.4412144720554352,231.83523559570312,189.8390655517578,367.3655700683594,222.089111328125,135.53033447265625,32.25004577636719,4370.859375,0.0021078605204820633
3760,75.2,oracle,8,0.4451225996017456,325.6775207519531,173.75975036621094,444.258544921875,196.02015686035156,118.58102416992188,22.260406494140625,2639.661865234375,0.0012729851296171546
3760,75.2,oracle,8,0.42059215903282166,677.511474609375,124.5587387084961,754.7351684570312,134.8822479248047,77.22369384765625,10.323509216308594,797.2195434570312,0.00038446157122962177
3765,75.3,oracle,8,0.7898593544960022,391.4319152832031,165.12457275390625,511.88800048828125,188.6851043701172,120.45608520507812,23.560531616210938,2838.009521484375,0.001368638826534152
3775,75.5,oracle,8,0.4270714819431305,815.5233154296875,115.32190704345703,893.4335327148438,126.53134155273438,77.91021728515625,11.209434509277344,873.3294677734375,0.000421165837906301
3780,75.6,oracle,8,0.7062916159629822,874.4517822265625,113.76219940185547,976.0296020507812,126.56143951416016,101.57781982421875,12.799240112304688,1300.118896484375,0.0006269863224588335
3785,75.7,oracle,8,0.7420442700386047,942.2822875976562,116.54530334472656,1024.8328857421875,129.16998291015625,82.55059814453125,12.624679565429688,1042.1748046875,0.0005025920108892024
3790,75.8,oracle,8,0.6867598295211792,1011.5744018554688,122.63359069824219,1086.37158203125,133.97720336914062,74.79718017578125,11.343612670898438,848.47021484375,0.0004091773880645633
3795,75.9,oracle,8,0.688143789768219,1062.1495361328125,122.02763366699219,1144.4185791015625,133.99801635742188,82.26904296875,11.970382690429688,984.7919311523438,0.00047491895384155214
3795,75.9,oracle,8,0.4907066822052002,633.886962890625,142.26565551757812,762.3140869140625,161.05410766601562,128.4271240234375,18.7884521484375,2412.94677734375,0.0011636510025709867
3800,76.0,oracle,8,0.7552033066749573,1124.848876953125,120.15313720703125,1214.1787109375,132.91172790527344,89.329833984375,12.758590698242188,1139.7227783203125,0.0005496348021551967
3800,76.0,oracle,8,0.5774713754653931,661.8877563476562,138.58737182617188,798.681640625,157.32736206054688,136.79388427734375,18.739990234375,2563.51611328125,0.0012362635461613536
3805,76.1,oracle,8,0.7354695796966553,1180.74951171875,124.3926773071289,1264.949951171875,138.43214416503906,84.200439453125,14.039466857910156,1182.1292724609375,0.0005700854817405343
3810,76.2,oracle,8,0.5664775371551514,1226.262939453125,133.25827026367188,1302.5931396484375,146.72323608398438,76.3302001953125,13.4649658203125,1027.7835693359375,0.0004956517950631678
3815,76.3,oracle,8,0.6356784701347351,1266.99658203125,137.3951416015625,1346.3118896484375,153.81350708007812,79.3153076171875,16.418365478515625,1302.2276611328125,0.0006280033267103136
3820,76.4,oracle,8,0.7382059097290039,1296.610595703125,138.68698120117188,1382.383056640625,157.86585998535156,85.7724609375,19.178878784179688,1645.0196533203125,0.0007933158194646239
3825,76.5,oracle,8,0.5761998891830444,1316.9425048828125,140.43505859375,1400.052734375,162.4185791015625,83.1102294921875,21.9835205078125,1827.055419921875,0.0008811031002551317
3830,76.6,petronas,9,0.7190275192260742,871.7120971679688,134.1398468017578,1052.4371337890625,154.48233032226562,180.72503662109375,20.342483520507812,3676.39599609375,0.0017729533137753606
3830,76.6,oracle,8,0.4526606798171997,1324.8258056640625,145.49098205566406,1426.9923095703125,166.77552795410156,102.16650390625,21.2845458984375,2174.567626953125,0.001048691920004785
3835,76.7,oracle,8,0.6381361484527588,1333.34521484375,147.8119354248047,1425.8072509765625,168.24879455566406,92.4620361328125,20.436859130859375,1889.6336669921875,0.0009112816769629717
3835,76.7,petronas,9,0.5828039050102234,898.3375244140625,136.29835510253906,1083.5740966796875,157.6448974609375,185.236572265625,21.346542358398438,3954.160400390625,0.001906906021758914
3840,76.8,petronas,9,0.8254182934761047,912.0323486328125,142.15443420410156,1111.191162109375,165.17062377929688,199.1588134765625,23.016189575195312,4583.876953125,0.0022105888929218054
3840,76.8,oracle,8,0.5903363227844238,1331.8323974609375,149.46339416503906,1427.6339111328125,167.57455444335938,95.801513671875,18.111160278320312,1735.0765380859375,0.0008367460104636848
3845,76.9,petronas,9,0.8166131377220154,934.7560424804688,149.058837890625,1133.7677001953125,171.08692932128906,199.01165771484375,22.028091430664062,4383.84716796875,0.002114123897626996
3845,76.9,oracle,8,0.7111570835113525,1334.2191162109375,153.05540466308594,1425.4505615234375,170.90289306640625,91.2314453125,17.847488403320312,1628.252197265625,0.000785229669418186
3850,77.0,oracle,8,0.8306674361228943,1335.5528564453125,149.97994995117188,1428.3792724609375,175.28057861328125,92.826416015625,25.300628662109375,2348.566650390625,0.0011326035019010305
3850,77.0,petronas,9,0.7114492058753967,957.7639770507812,151.3756866455078,1157.5413818359375,176.06097412109375,199.77740478515625,24.685287475585938,4931.5625,0.0023782611824572086
3855,77.1,petronas,9,0.8363820314407349,979.0215454101562,152.193359375,1185.7550048828125,174.0925750732422,206.73345947265625,21.899215698242188,4527.30078125,0.0021833048667758703
3855,77.1,oracle,8,0.5539557933807373,1352.778076171875,146.42176818847656,1441.4013671875,163.96189880371094,88.623291015625,17.540130615234375,1554.464111328125,0.0007496451144106686
3860,77.2,petronas,9,0.5318695306777954,1026.93603515625,145.10455322265625,1244.23779296875,174.2081756591797,217.3017578125,29.103622436523438,6324.2685546875,0.003049897961318493
3865,77.3,petronas,9,0.5571961998939514,1055.6661376953125,153.78895568847656,1273.24462890625,182.7682647705078,217.5784912109375,28.97930908203125,6305.2744140625,0.0030407379381358624
3900,78.0,petronas,9,0.5726342797279358,1168.3128662109375,151.608642578125,1351.96728515625,175.67987060546875,183.6544189453125,24.07122802734375,4420.78759765625,0.0021319384686648846
3905,78.1,atlasian,1,0.509787380695343,1171.8997802734375,153.252685546875,1330.727783203125,172.99591064453125,158.8280029296875,19.74322509765625,3135.777099609375,0.0015122381737455726
3910,78.2,atlasian,1,0.4874532222747803,1154.896728515625,153.12281799316406,1316.7286376953125,169.1351318359375,161.8319091796875,16.012313842773438,2591.30322265625,0.0012496639974415302
3910,78.2,petronas,9,0.4006190598011017,1154.896728515625,153.12281799316406,1316.7286376953125,169.1351318359375,161.8319091796875,16.012313842773438,2591.30322265625,0.0012496639974415302
3925,78.5,petronas,9,0.7225872874259949,1042.8590087890625,149.47940063476562,1178.7017822265625,162.95689392089844,135.8427734375,13.477493286132812,1830.820068359375,0.0008829186554066837
3935,78.7,petronas,9,0.6535539627075195,973.8427734375,142.63290405273438,1098.802001953125,154.99502563476562,124.959228515625,12.36212158203125,1544.76123046875,0.0007449658587574959
3940,78.8,petronas,9,0.4424584209918976,992.1458740234375,133.3052978515625,1106.5572509765625,142.9408721923828,114.411376953125,9.635574340820312,1102.4193115234375,0.0005316451424732804
3955,79.1,petronas,9,0.5613899827003479,1030.53857421875,114.88182830810547,1142.3360595703125,127.19019317626953,111.7974853515625,12.308364868164062,1376.044189453125,0.0006636015605181456
4010,80.2,petronas,9,0.4095800518989563,1108.622314453125,153.5196075439453,1321.7685546875,176.65110778808594,213.146240234375,23.131500244140625,4930.39208984375,0.0023776968009769917
4120,82.4,moneygram,6,0.43053334951400757,633.849853515625,535.6986694335938,782.2360229492188,616.7918701171875,148.38616943359375,81.09320068359375,12033.109375,0.005803003907203674
4290,85.8,petronas,9,0.4148794114589691,933.0570068359375,490.5475769042969,1031.2091064453125,500.75946044921875,98.152099609375,10.211883544921875,1002.3178100585938,0.0004833708517253399
4295,85.9,atlasian,1,0.8790510296821594,1134.0045166015625,548.7014770507812,1293.806396484375,567.7495727539062,159.8018798828125,19.048095703125,3043.92138671875,0.0014679405139759183
4295,85.9,kick,5,0.44968676567077637,1030.5093994140625,607.19140625,1051.3818359375,619.1549682617188,20.8724365234375,11.96356201171875,249.7086944580078,0.00012042278831358999
4300,86.0,atlasian,1,0.8780432343482971,1240.7264404296875,571.6019897460938,1409.9422607421875,594.3729248046875,169.2158203125,22.77093505859375,3853.202392578125,0.0018582186894491315
4300,86.0,petronas,9,0.6158948540687561,840.3076171875,487.1964111328125,933.2529907226562,499.51953125,92.94537353515625,12.3231201171875,1145.376953125,0.000552361598238349
4300,86.0,kick,5,0.5443140268325806,1039.363037109375,620.110595703125,1062.33154296875,631.8286743164062,22.968505859375,11.71807861328125,269.1467590332031,0.00012979685561731458
4300,86.0,petronas,9,0.45419129729270935,953.0611572265625,413.519775390625,1005.4784545898438,419.6637268066406,52.41729736328125,6.143951416015625,322.04931640625,0.00015530927339568734
4305,86.1,petronas,9,0.7239018678665161,753.8509521484375,484.1078186035156,872.7969360351562,498.9866638183594,118.94598388671875,14.87884521484375,1769.7789306640625,0.0008534813532605767
4305,86.1,petronas,9,0.5379496216773987,1424.5286865234375,604.56396484375,1599.569580078125,633.1668090820312,175.0408935546875,28.60284423828125,5006.66748046875,0.002414480783045292
4305,86.1,kick,5,0.5239297747612,1043.28662109375,641.2288818359375,1069.677001953125,655.42919921875,26.390380859375,14.2003173828125,374.75177001953125,0.0001807251974241808
4310,86.2,kick,5,0.5535197854042053,1088.978515625,669.372802734375,1120.1793212890625,683.5930786132812,31.2008056640625,14.22027587890625,443.6840515136719,0.00021396800002548844
4310,86.2,petronas,9,0.5358281135559082,662.9256591796875,478.4627685546875,810.4475708007812,495.4925231933594,147.52191162109375,17.029754638671875,2512.261962890625,0.001211546128615737
4315,86.3,kick,5,0.6032437682151794,1218.9952392578125,706.83349609375,1261.520751953125,727.76953125,42.5255126953125,20.93603515625,890.3156127929688,0.0004293574602343142
4320,86.4,aramco,0,0.6466609239578247,677.85693359375,604.61083984375,785.1732177734375,673.5087280273438,107.3162841796875,68.89788818359375,7393.865234375,0.003565714228898287
4320,86.4,kick,5,0.5970947742462158,1443.2628173828125,751.4049682617188,1500.0250244140625,776.7960205078125,56.76220703125,25.39105224609375,1441.252197265625,0.0006950483075343072
4325,86.5,aramco,0,0.7694308161735535,650.7305908203125,670.8564453125,808.8339233398438,748.5989379882812,158.10333251953125,77.74249267578125,12291.34765625,0.005927540361881256
4330,86.6,aramco,0,0.5383210778236389,704.7366943359375,746.9976196289062,892.0679931640625,834.4158935546875,187.331298828125,87.41827392578125,16376.1787109375,0.007897462695837021
4335,86.7,aramco,0,0.7351077198982239,883.4828491210938,762.8464965820312,1021.0184326171875,848.3159790039062,137.53558349609375,85.469482421875,11755.0947265625,0.00566893070936203
4345,86.9,aramco,0,0.46474170684814453,1140.993408203125,682.47705078125,1187.302490234375,719.605712890625,46.30908203125,37.128662109375,1719.394287109375,0.0008291832054965198
4350,87.0,aramco,0,0.45857951045036316,1191.373291015625,645.532470703125,1224.65869140625,674.9698486328125,33.285400390625,29.4373779296875,979.8348999023438,0.0004725283943116665
4370,87.4,capp,3,0.4954594373703003,1263.5146484375,570.6437377929688,1349.2891845703125,580.3384399414062,85.7745361328125,9.6947021484375,831.55859375,0.00040102170896716416
4405,88.1,petronas,9,0.502257227897644,977.866943359375,591.0070190429688,1048.4232177734375,601.2742309570312,70.5562744140625,10.2672119140625,724.4161987304688,0.00034935196163132787
4410,88.2,atlasian,1,0.7409522533416748,990.7374267578125,591.6654052734375,1093.990234375,603.4078369140625,103.2528076171875,11.742431640625,1212.4390869140625,0.0005847024731338024
4415,88.3,atlasian,1,0.7904607057571411,996.3443603515625,599.5924682617188,1104.9268798828125,613.5426025390625,108.58251953125,13.95013427734375,1514.74072265625,0.0007304883911274374
4420,88.4,atlasian,1,0.8379132151603699,976.3143310546875,610.9752807617188,1110.85791015625,625.0301513671875,134.5435791015625,14.05487060546875,1890.9925537109375,0.0009119369788095355
4425,88.5,atlasian,1,0.7639036178588867,1001.8992309570312,647.2930297851562,1099.1060791015625,667.3870239257812,97.20684814453125,20.093994140625,1953.2738037109375,0.0009419723064638674
4430,88.6,atlasian,1,0.8787810206413269,858.5277099609375,680.4326782226562,1000.6292724609375,703.7918701171875,142.1015625,23.35919189453125,3319.377685546875,0.0016007801750674844
4435,88.7,petronas,9,0.7296845316886902,558.5706176757812,712.39990234375,795.63623046875,746.2007446289062,237.06561279296875,33.80084228515625,8013.017578125,0.003864302532747388
4450,89.0,petronas,9,0.4207856357097626,1089.3968505859375,542.2225341796875,1137.0345458984375,549.7218627929688,47.6376953125,7.49932861328125,357.250732421875,0.00017228526121471077
4475,89.5,atlasian,1,0.653811514377594,973.2800903320312,516.6870727539062,1056.12158203125,526.3062133789062,82.84149169921875,9.619140625,796.8639526367188,0.0003842900914605707
4480,89.6,atlasian,1,0.4982413053512573,977.3548583984375,508.33123779296875,1063.2315673828125,517.1942138671875,85.876708984375,8.86297607421875,761.1232299804688,0.00036705401726067066
4490,89.8,atlasian,1,0.6113578677177429,980.6974487304688,490.7375183105469,1082.1395263671875,501.3926086425781,101.44207763671875,10.65509033203125,1080.87451171875,0.0005212550750002265
4495,89.9,aramco,0,0.5008779764175415,1013.054931640625,496.3310241699219,1090.864501953125,509.6938781738281,77.8095703125,13.36285400390625,1039.7579345703125,0.0005014264606870711
4500,90.0,atlasian,1,0.6340164542198181,918.1449584960938,499.3800048828125,1049.719482421875,517.5032958984375,131.57452392578125,18.123291015625,2384.5634765625,0.0011499631218612194
4505,90.1,atlasian,1,0.6610047817230225,783.1978759765625,494.21661376953125,935.5706787109375,516.551513671875,152.372802734375,22.33489990234375,3403.231201171875,0.0016412187833338976
4505,90.1,kick,5,0.4650491178035736,1017.53857421875,542.030029296875,1035.2222900390625,552.2825927734375,17.6837158203125,10.2525634765625,181.3034210205078,8.743413491174579e-05
4510,90.2,kick,5,0.5120342373847961,953.9014892578125,556.9053344726562,975.3782348632812,570.6085205078125,21.47674560546875,13.70318603515625,294.2998352050781,0.00014192699745763093
4515,90.3,kick,5,0.6012457013130188,844.9057006835938,571.9356689453125,879.2259521484375,588.636474609375,34.32025146484375,16.7008056640625,573.1758422851562,0.0002764158125501126
4520,90.4,kick,5,0.7009800672531128,609.2447509765625,623.2783203125,659.0093994140625,648.28955078125,49.7646484375,25.01123046875,1244.675048828125,0.0006002484005875885
4565,91.3,petronas,9,0.5847985148429871,940.67919921875,525.6170654296875,1035.2808837890625,535.0051879882812,94.6016845703125,9.38812255859375,888.1322021484375,0.0004283044836483896
4590,91.8,capp,3,0.5265360474586487,779.4271240234375,534.6259155273438,912.0692749023438,548.912353515625,132.64215087890625,14.28643798828125,1894.98388671875,0.000913861847948283
4600,92.0,petronas,9,0.7153883576393127,1166.466064453125,727.6625366210938,1450.5047607421875,762.1170043945312,284.0386962890625,34.4544677734375,9786.40234375,0.0047195227816700935
4605,92.1,petronas,9,0.7166144251823425,1008.3535766601562,688.6804809570312,1225.2371826171875,709.6299438476562,216.88360595703125,20.949462890625,4543.59521484375,0.0021911629009991884
4610,92.2,petronas,9,0.5666286945343018,898.0762939453125,668.3278198242188,1094.1995849609375,688.8964233398438,196.123291015625,20.568603515625,4033.982177734375,0.0019454003777354956
4615,92.3,petronas,9,0.5478483438491821,832.7355346679688,647.6793823242188,1014.4000854492188,665.0118408203125,181.66455078125,17.33245849609375,3148.693359375,0.0015184670919552445
4620,92.4,petronas,9,0.5739342570304871,775.455322265625,629.8837280273438,951.5967407226562,647.17236328125,176.14141845703125,17.28863525390625,3045.24462890625,0.0014685785863548517
4620,92.4,atlasian,1,0.4138055145740509,775.455322265625,629.8837280273438,951.5967407226562,647.17236328125,176.14141845703125,17.28863525390625,3045.24462890625,0.0014685785863548517
4625,92.5,petronas,9,0.5991320013999939,1273.150634765625,755.1904296875,1548.27490234375,785.9566040039062,275.124267578125,30.76617431640625,8464.521484375,0.004082041792571545
4650,93.0,petronas,9,0.7044193744659424,591.4313354492188,520.284423828125,737.4659423828125,537.2056274414062,146.03460693359375,16.92120361328125,2471.081298828125,0.0011916866060346365
4655,93.1,petronas,9,0.5606995224952698,610.470458984375,530.5501098632812,793.4732055664062,550.5847778320312,183.00274658203125,20.03466796875,3666.399169921875,0.0017681323224678636
4655,93.1,atlasian,1,0.4773186445236206,610.470458984375,530.5501098632812,793.4732055664062,550.5847778320312,183.00274658203125,20.03466796875,3666.399169921875,0.0017681323224678636
4660,93.2,atlasian,1,0.7450148463249207,661.9716186523438,546.2172241210938,789.5037841796875,568.595703125,127.53216552734375,22.37847900390625,2853.975830078125,0.0013763386523351073
4665,93.3,atlasian,1,0.8916983008384705,779.567138671875,569.9193725585938,955.8717041015625,593.87255859375,176.3045654296875,23.95318603515625,4223.05615234375,0.0020365817472338676
4670,93.4,atlasian,1,0.8363701105117798,1017.5594482421875,599.5556030273438,1286.356201171875,628.2308349609375,268.7967529296875,28.67523193359375,7707.80908203125,0.003717114683240652
4675,93.5,atlasian,1,0.6041804552078247,1466.6976318359375,644.6316528320312,1834.9798583984375,684.0731201171875,368.2822265625,39.44146728515625,14525.591796875,0.007005011662840843
4680,93.6,petronas,9,0.4241333603858948,877.630126953125,416.37261962890625,944.4440307617188,425.8618469238281,66.81390380859375,9.489227294921875,634.0123291015625,0.0003057543945033103
4685,93.7,petronas,9,0.4045077860355377,817.1002197265625,413.8606262207031,886.44580078125,423.1847839355469,69.3455810546875,9.32415771484375,646.589111328125,0.00031181960366666317
4695,93.9,atlasian,1,0.6443862915039062,677.6674194335938,403.22467041015625,782.6307983398438,414.69561767578125,104.96337890625,11.470947265625,1204.0294189453125,0.0005806469125673175
4710,94.2,atlasian,1,0.8171551823616028,513.74560546875,397.8667297363281,657.43603515625,410.73095703125,143.6904296875,12.864227294921875,1848.46630859375,0.0008914285572245717
4715,94.3,atlasian,1,0.787510097026825,474.3077697753906,401.5823669433594,628.8429565429688,416.3208312988281,154.53518676757812,14.73846435546875,2277.611328125,0.0010983850806951523
4720,94.4,atlasian,1,0.8438308238983154,442.7842712402344,400.0282897949219,606.9761962890625,416.87322998046875,164.19192504882812,16.844940185546875,2765.80322265625,0.0013338171411305666
4720,94.4,petronas,9,0.5006955862045288,1262.30029296875,332.77294921875,1321.2879638671875,340.5389099121094,58.9876708984375,7.765960693359375,458.095947265625,0.0002209181839134544
4725,94.5,atlasian,1,0.8869927525520325,411.4346618652344,389.9481506347656,578.2494506835938,405.88922119140625,166.81478881835938,15.941070556640625,2659.206298828125,0.0012824104633182287
4730,94.6,atlasian,1,0.91469806432724,412.91571044921875,388.47564697265625,591.4920654296875,406.77056884765625,178.57635498046875,18.294921875,3267.04052734375,0.0015755404019728303
4730,94.6,petronas,9,0.5627264976501465,1039.2652587890625,304.88018798828125,1094.2071533203125,313.0997314453125,54.94189453125,8.21954345703125,451.5972900390625,0.00021778418158646673
4730,94.6,petronas,9,0.4187445044517517,1409.9139404296875,289.21771240234375,1473.7843017578125,298.0509338378906,63.870361328125,8.833221435546875,564.1810302734375,0.00027207803213968873
4735,94.7,petronas,9,0.6430743336677551,960.8521118164062,307.57989501953125,1012.7398681640625,314.86468505859375,51.88775634765625,7.2847900390625,377.9914245605469,0.00018228753469884396
4735,94.7,aramco,0,0.6316552758216858,514.1793823242188,369.8092956542969,642.212890625,382.28143310546875,128.03350830078125,12.472137451171875,1596.8515625,0.0007700865971855819
4735,94.7,petronas,9,0.4352055490016937,1270.09228515625,294.67108154296875,1325.0194091796875,301.4175109863281,54.9271240234375,6.746429443359375,370.5619812011719,0.00017870466399472207
4740,94.8,petronas,9,0.6418341994285583,902.5185546875,310.3896484375,949.5897216796875,317.210693359375,47.0711669921875,6.821044921875,321.0745544433594,0.00015483918832615018
4745,94.9,atlasian,1,0.9157835841178894,812.7239379882812,454.0619201660156,1032.71142578125,480.392822265625,219.98748779296875,26.330902099609375,5792.46923828125,0.0027934361714869738
4745,94.9,kick,5,0.5140646696090698,731.6295776367188,510.1810302734375,760.7362670898438,520.3162231445312,29.106689453125,10.13519287109375,295.0019226074219,0.00014226559142116457
4750,95.0,atlasian,1,0.7662549018859863,1148.2747802734375,499.9178771972656,1445.18994140625,535.0360107421875,296.9151611328125,35.118133544921875,10427.1064453125,0.00502850441262126
4750,95.0,kick,5,0.6473800539970398,849.9227294921875,543.0001831054688,885.4334716796875,558.866943359375,35.5107421875,15.86676025390625,563.4404296875,0.00027172089903615415
4755,95.1,kick,5,0.6313856244087219,1032.114501953125,609.181396484375,1080.7960205078125,630.4525756835938,48.6815185546875,21.27117919921875,1035.5133056640625,0.0004993794718757272
4760,95.2,kick,5,0.7046844363212585,1326.8892822265625,705.6688842773438,1382.96728515625,736.1179809570312,56.0780029296875,30.4490966796875,1707.5245361328125,0.0008234590059146285
4760,95.2,kick,5,0.5311617851257324,751.3646240234375,559.3894653320312,822.2730102539062,627.0663452148438,70.90838623046875,67.6768798828125,4798.8583984375,0.0023142641875892878
4765,95.3,bwt,2,0.5534659028053284,778.4192504882812,492.59210205078125,933.4345092773438,514.618896484375,155.0152587890625,22.02679443359375,3414.4892578125,0.0016466479282826185
4765,95.3,bwt,2,0.5335837602615356,846.6505126953125,591.0848999023438,889.910888671875,601.2841186523438,43.2603759765625,10.19921875,441.2220458984375,0.00021278069471009076
4770,95.4,bwt,2,0.4306831955909729,785.4130859375,496.9932556152344,848.5072021484375,513.4030151367188,63.0941162109375,16.409759521484375,1035.3592529296875,0.0004993051989004016
4775,95.5,bwt,2,0.43763336539268494,809.4122314453125,500.462158203125,870.4573974609375,517.816162109375,61.045166015625,17.35400390625,1059.3780517578125,0.0005108883487991989
4785,95.7,bwt,2,0.6989121437072754,827.3198852539062,503.4129333496094,898.9179077148438,520.1423950195312,71.5980224609375,16.729461669921875,1197.79638671875,0.0005776410107500851
4790,95.8,bwt,2,0.4054826498031616,824.5484008789062,502.4795837402344,887.6412963867188,519.231201171875,63.0928955078125,16.751617431640625,1056.9080810546875,0.0005096971872262657
4795,95.9,bwt,2,0.5831648707389832,811.7522583007812,502.8499450683594,884.7265625,516.7415161132812,72.97430419921875,13.891571044921875,1013.7277221679688,0.0004888733383268118
4800,96.0,bwt,2,0.8056546449661255,795.776611328125,500.4372253417969,863.5046997070312,518.1002197265625,67.72808837890625,17.662994384765625,1196.2808837890625,0.0005769101553596556
4805,96.1,bwt,2,0.7671297788619995,784.60400390625,499.3818054199219,853.4482421875,517.5070190429688,68.84423828125,18.125213623046875,1247.8165283203125,0.0006017633713781834
4810,96.2,bwt,2,0.8088420629501343,769.6563720703125,499.01910400390625,848.0916748046875,515.1122436523438,78.435302734375,16.0931396484375,1262.270263671875,0.0006087337387725711
4815,96.3,bwt,2,0.7801720499992371,764.0211791992188,500.78594970703125,844.2886962890625,516.3564453125,80.26751708984375,15.57049560546875,1249.8050537109375,0.0006027223425917327
4820,96.4,bwt,2,0.7408455014228821,762.7391357421875,500.0176086425781,838.9896850585938,514.6917114257812,76.25054931640625,14.674102783203125,1118.908447265625,0.000539597065653652
4825,96.5,bwt,2,0.6865231394767761,769.9811401367188,500.04083251953125,848.5717163085938,516.0092163085938,78.590576171875,15.9683837890625,1254.9644775390625,0.0006052104872651398
4830,96.6,bwt,2,0.5345826148986816,776.2926025390625,501.0703430175781,848.5355834960938,513.2360229492188,72.24298095703125,12.165679931640625,878.885009765625,0.0004238450201228261
4835,96.7,bwt,2,0.5146089792251587,787.8414916992188,502.4216003417969,876.4917602539062,516.9910888671875,88.6502685546875,14.569488525390625,1291.589111328125,0.0006228728452697396
4850,97.0,bwt,2,0.5691254734992981,813.1731567382812,564.8261108398438,845.4224853515625,598.5469970703125,32.24932861328125,33.72088623046875,1087.4759521484375,0.0005244386265985668
4860,97.2,bwt,2,0.7901920676231384,837.5550537109375,579.7261352539062,896.8507080078125,619.458984375,59.295654296875,39.73284912109375,2355.9853515625,0.001136181177571416
4865,97.3,bwt,2,0.8451623320579529,857.501220703125,594.7616577148438,938.624755859375,636.9185180664062,81.12353515625,42.1568603515625,3419.91357421875,0.0016492638969793916
4870,97.4,bwt,2,0.9157721996307373,879.9679565429688,612.2705688476562,991.2518920898438,659.9647827148438,111.283935546875,47.6942138671875,5307.599609375,0.0025596062187105417
4875,97.5,bwt,2,0.9286270141601562,911.073486328125,632.6268310546875,1049.7127685546875,683.1610717773438,138.6392822265625,50.53424072265625,7006.03076171875,0.0033786799758672714
4880,97.6,bwt,2,0.9309682846069336,968.8380126953125,645.2360229492188,1130.628662109375,692.375732421875,161.7906494140625,47.13970947265625,7626.76416015625,0.0036780305672436953
4885,97.7,bwt,2,0.9171468019485474,1049.3167724609375,635.6446533203125,1200.072509765625,685.9686279296875,150.7557373046875,50.323974609375,7586.6279296875,0.003658674657344818
4890,97.8,bwt,2,0.8983970284461975,1123.5452880859375,612.475830078125,1254.0384521484375,661.3961181640625,130.4931640625,48.9202880859375,6383.76318359375,0.0030785894487053156
4895,97.9,bwt,2,0.8750048279762268,1187.543701171875,586.6441650390625,1288.91064453125,631.5422973632812,101.366943359375,44.89813232421875,4551.1865234375,0.002194823697209358
4900,98.0,bwt,2,0.851629376411438,1222.187744140625,567.9055786132812,1303.7630615234375,607.3462524414062,81.5753173828125,39.440673828125,3217.385498046875,0.0015515941195189953
4905,98.1,bwt,2,0.8406683206558228,1243.39208984375,556.320068359375,1305.900146484375,589.6580810546875,62.508056640625,33.3380126953125,2083.894287109375,0.0010049644624814391
4910,98.2,bwt,2,0.6633962392807007,1243.3763427734375,553.2169799804688,1277.36865234375,574.1768798828125,33.9923095703125,20.95989990234375,712.4754028320312,0.0003435934486333281
4915,98.3,bwt,2,0.731562077999115,1222.7396240234375,544.4961547851562,1248.3837890625,562.4735717773438,25.6441650390625,17.9774169921875,461.0158386230469,0.00022232631454244256
4920,98.4,bwt,2,0.4083995819091797,1202.7318115234375,534.0169677734375,1221.9398193359375,552.461181640625,19.2080078125,18.4442138671875,354.276611328125,0.00017085099534597248
4955,99.1,bwt,2,0.7799293994903564,478.57733154296875,399.16021728515625,609.8944091796875,426.7950439453125,131.31707763671875,27.63482666015625,3628.924560546875,0.001750060124322772
4955,99.1,bwt,2,0.5317434668540955,415.96649169921875,597.2510986328125,556.4142456054688,622.1970825195312,140.44775390625,24.94598388671875,3503.607421875,0.0016896254383027554
4955,99.1,bwt,2,0.4784092605113983,413.628173828125,645.9810180664062,528.3785400390625,680.4991455078125,114.7503662109375,34.51812744140625,3960.9677734375,0.0019101889338344336
4960,99.2,bwt,2,0.8416039347648621,514.7667846679688,411.75189208984375,630.2024536132812,442.30023193359375,115.4356689453125,30.54833984375,3526.3681640625,0.0017006018897518516
4960,99.2,bwt,2,0.8303331136703491,472.7190856933594,472.1526794433594,625.4342041015625,494.56640625,152.71511840820312,22.413726806640625,3422.9150390625,0.0016507112886756659
4960,99.2,bwt,2,0.6640797853469849,456.3851318359375,658.4651489257812,568.9805297851562,685.1149291992188,112.59539794921875,26.6497802734375,3000.642578125,0.0014470691094174981
4965,99.3,bwt,2,0.8265331387519836,508.9092102050781,463.33355712890625,658.4912719726562,490.5721740722656,149.58206176757812,27.238616943359375,4074.408447265625,0.001964895986020565
4965,99.3,bwt,2,0.7816939353942871,494.129150390625,653.2380981445312,613.7289428710938,682.4374389648438,119.59979248046875,29.1993408203125,3492.235107421875,0.0016841411124914885
4965,99.3,bwt,2,0.7370193004608154,538.8574829101562,409.9322814941406,655.2883911132812,438.70703125,116.430908203125,28.774749755859375,3350.270263671875,0.0016156781930476427
4970,99.4,bwt,2,0.7087641358375549,564.4486694335938,639.9070434570312,676.1624145507812,670.4300537109375,111.7137451171875,30.52301025390625,3409.83984375,0.0016444057691842318
4970,99.4,bwt,2,0.6592258214950562,589.7689819335938,400.3575439453125,694.5537109375,424.4366455078125,104.78472900390625,24.0791015625,2523.1220703125,0.001216783421114087
4970,99.4,bwt,2,0.5906038880348206,554.27001953125,596.967041015625,687.0663452148438,615.0816040039062,132.79632568359375,18.11456298828125,2405.54736328125,0.0011600826401263475
4975,99.5,bwt,2,0.8955749869346619,620.7508544921875,436.9888916015625,766.9508056640625,462.7082824707031,146.199951171875,25.719390869140625,3760.173583984375,0.0018133553676307201
4975,99.5,bwt,2,0.7830878496170044,643.853271484375,383.09124755859375,753.8757934570312,409.6080322265625,110.02252197265625,26.51678466796875,2917.443603515625,0.0014069462195038795
4975,99.5,bwt,2,0.7716079354286194,632.8779296875,621.3821411132812,740.7213134765625,648.6194458007812,107.8433837890625,27.2373046875,2937.363037109375,0.001416552346199751
4975,99.5,bwt,2,0.4547184705734253,619.8328247070312,566.6668090820312,761.7210693359375,591.8685302734375,141.88824462890625,25.20172119140625,3575.827880859375,0.0017244539922103286
4980,99.6,bwt,2,0.7572367787361145,717.6529541015625,599.1708374023438,827.5462036132812,636.9531860351562,109.89324951171875,37.7823486328125,4152.02490234375,0.0020023267716169357
4980,99.6,bwt,2,0.5600146055221558,710.0873413085938,367.83636474609375,814.0303955078125,388.4688720703125,103.94305419921875,20.63250732421875,2144.605712890625,0.0010342426830902696
4980,99.6,bwt,2,0.49496403336524963,693.0348510742188,488.06866455078125,828.982666015625,501.3707275390625,135.94781494140625,13.30206298828125,1808.3863525390625,0.0008720998885110021
4980,99.6,bwt,2,0.46723049879074097,695.0489501953125,426.2463684082031,834.6824340820312,447.1248779296875,139.63348388671875,20.878509521484375,2915.339111328125,0.0014059313107281923
4980,99.6,bwt,2,0.4431023895740509,702.0994873046875,558.2234497070312,836.1924438476562,579.3846435546875,134.09295654296875,21.16119384765625,2837.567138671875,0.001368425553664565
4985,99.7,bwt,2,0.6652540564537048,807.633544921875,596.582763671875,911.8206787109375,622.9586181640625,104.1871337890625,26.3758544921875,2748.024658203125,0.0013252433855086565
4985,99.7,bwt,2,0.6437733173370361,781.2611083984375,367.34527587890625,898.1423950195312,392.7702941894531,116.88128662109375,25.425018310546875,2971.708740234375,0.0014331156853586435
4985,99.7,bwt,2,0.48641645908355713,775.3860473632812,488.1198425292969,913.1737060546875,500.6297912597656,137.78765869140625,12.50994873046875,1723.716552734375,0.0008312676218338311
4985,99.7,bwt,2,0.4738899767398834,782.6764526367188,554.4927978515625,917.3670654296875,569.0775756835938,134.69061279296875,14.58477783203125,1964.4326171875,0.0009473537211306393
4990,99.8,bwt,2,0.8136149644851685,905.620361328125,597.0845947265625,1004.0429077148438,625.1944580078125,98.42254638671875,28.10986328125,2766.644287109375,0.0013342227321118116
4990,99.8,bwt,2,0.7754788398742676,855.6871337890625,421.3697814941406,994.9864501953125,444.05914306640625,139.29931640625,22.689361572265625,3160.612548828125,0.0015242150984704494
4990,99.8,bwt,2,0.683294415473938,869.6583862304688,369.80438232421875,971.2566528320312,392.7387390136719,101.5982666015625,22.934356689453125,2330.0908203125,0.0011236935388296843
4990,99.8,bwt,2,0.5491749048233032,872.7366333007812,556.186279296875,1000.2939453125,570.680908203125,127.55731201171875,14.49462890625,1848.8958740234375,0.0008916357182897627
4990,99.8,bwt,2,0.4390912353992462,867.5444946289062,493.52093505859375,1004.0853881835938,507.7759704589844,136.5408935546875,14.255035400390625,1946.395263671875,0.0009386551100760698
4995,99.9,bwt,2,0.9008269906044006,920.0572509765625,437.22833251953125,1063.3927001953125,460.07177734375,143.33544921875,22.84344482421875,3274.275390625,0.0015790293691679835
4995,99.9,bwt,2,0.6736586689949036,933.4168701171875,384.9075012207031,1036.4752197265625,407.2152099609375,103.058349609375,22.307708740234375,2298.99560546875,0.0011086977319791913
4995,99.9,bwt,2,0.6038490533828735,948.336181640625,565.3616943359375,1079.974609375,590.1574096679688,131.638427734375,24.79571533203125,3264.069091796875,0.0015741074457764626
4995,99.9,bwt,2,0.567557156085968,958.3084716796875,612.06787109375,1067.46337890625,645.0800170898438,109.1549072265625,33.01214599609375,3603.437744140625,0.0017377689946442842
5000,100.0,bwt,2,0.7924838066101074,1003.5350341796875,623.0448608398438,1102.0750732421875,651.07763671875,98.5400390625,28.03277587890625,2762.350830078125,0.0013321521691977978
5000,100.0,bwt,2,0.7533594965934753,951.3418579101562,438.9421081542969,1096.87548828125,470.18853759765625,145.53363037109375,31.246429443359375,4547.40625,0.0021930006332695484
5000,100.0,bwt,2,0.6290593147277832,986.06884765625,577.0261840820312,1118.0068359375,600.1480712890625,131.93798828125,23.12188720703125,3050.6552734375,0.0014711879193782806
5005,100.1,bwt,2,0.7673805952072144,1012.125,636.608642578125,1115.1552734375,668.8489379882812,103.0302734375,32.24029541015625,3321.7265625,0.0016019128961488605
5005,100.1,bwt,2,0.7162991762161255,960.3729858398438,458.01727294921875,1103.9532470703125,478.2376708984375,143.58026123046875,20.22039794921875,2903.25,0.0014001012314110994
5005,100.1,bwt,2,0.6815273761749268,966.0889282226562,400.0436706542969,1077.39599609375,427.89697265625,111.30706787109375,27.853302001953125,3100.269287109375,0.001495114411227405
5005,100.1,bwt,2,0.6349225640296936,1007.4454956054688,596.1629028320312,1121.4853515625,613.2363891601562,114.03985595703125,17.073486328125,1947.057861328125,0.0009389746701344848
5010,100.2,bwt,2,0.7594959139823914,1007.1611938476562,637.3436889648438,1110.064208984375,672.8991088867188,102.90301513671875,35.555419921875,3658.760009765625,0.0017644483596086502
5010,100.2,bwt,2,0.5700252056121826,960.29150390625,401.94085693359375,1068.507080078125,424.88385009765625,108.215576171875,22.9429931640625,2482.789306640625,0.0011973327491432428
5010,100.2,bwt,2,0.5501317381858826,948.135498046875,459.4909362792969,1095.605224609375,485.08416748046875,147.4697265625,25.593231201171875,3774.226806640625,0.0018201324855908751
5010,100.2,bwt,2,0.4269481897354126,1008.5570678710938,596.7520751953125,1113.263916015625,614.2898559570312,104.70684814453125,17.53778076171875,1836.3258056640625,0.0008855737978592515
5015,100.3,bwt,2,0.7995716333389282,983.23095703125,635.2960205078125,1091.947265625,671.42138671875,108.71630859375,36.1253662109375,3927.41650390625,0.0018940087174996734
5015,100.3,bwt,2,0.7537795901298523,959.8435668945312,589.1774291992188,1094.4063720703125,612.8934936523438,134.56280517578125,23.716064453125,3191.300048828125,0.0015390142798423767
5015,100.3,bwt,2,0.7443242073059082,936.9920654296875,455.0189208984375,1080.191162109375,476.5078125,143.1990966796875,21.4888916015625,3077.18994140625,0.0014839842915534973
5015,100.3,bwt,2,0.6755207180976868,950.6220092773438,398.672607421875,1054.4512939453125,420.0891418457031,103.82928466796875,21.416534423828125,2223.663330078125,0.001072368468157947
5020,100.4,bwt,2,0.8204478025436401,907.07568359375,448.4851379394531,1055.68408203125,475.5291442871094,148.6083984375,27.04400634765625,4018.966552734375,0.0019381589954718947
5020,100.4,bwt,2,0.4264864921569824,949.6414794921875,641.0371704101562,1056.0264892578125,677.1012573242188,106.385009765625,36.0640869140625,3836.67822265625,0.001850249944254756
5025,100.5,bwt,2,0.8580034375190735,881.7340698242188,444.5338439941406,1027.66015625,471.365234375,145.92608642578125,26.831390380859375,3915.39990234375,0.0018882136791944504
5025,100.5,bwt,2,0.7975810170173645,911.6206665039062,637.8369140625,1025.88330078125,674.1038208007812,114.26263427734375,36.26690673828125,4143.9521484375,0.0019984336104243994
5025,100.5,bwt,2,0.755868673324585,897.1435546875,587.2031860351562,1033.2432861328125,614.6588134765625,136.0997314453125,27.45562744140625,3736.70361328125,0.0018020368879660964
5030,100.6,bwt,2,0.8165848255157471,866.5929565429688,428.9342041015625,1019.2413940429688,454.2806396484375,152.6484375,25.346435546875,3869.09375,0.0018658824265003204
5030,100.6,bwt,2,0.7281681299209595,899.6796264648438,624.8519897460938,1003.2667846679688,654.9998168945312,103.587158203125,30.1478271484375,3122.927734375,0.0015060415025800467
5030,100.6,bwt,2,0.7065532207489014,887.402587890625,369.448974609375,995.815185546875,395.38201904296875,108.41259765625,25.93304443359375,2811.46875,0.0013558394275605679
5030,100.6,bwt,2,0.686231255531311,884.3787231445312,580.2606201171875,1014.8939819335938,599.9872436523438,130.5152587890625,19.72662353515625,2574.62548828125,0.001241621095687151
5035,100.7,bwt,2,0.8604372143745422,831.866455078125,441.5083923339844,981.07958984375,469.520751953125,149.213134765625,28.012359619140625,4179.81201171875,0.002015727339312434
5035,100.7,bwt,2,0.8105093240737915,843.5530395507812,637.9979248046875,963.982421875,674.7438354492188,120.42938232421875,36.74591064453125,4425.287109375,0.0021341084502637386
5035,100.7,bwt,2,0.7169999480247498,835.9678344726562,586.932861328125,973.6680297851562,613.8395385742188,137.7001953125,26.90667724609375,3705.0546875,0.0017867740243673325
5035,100.7,bwt,2,0.652790367603302,852.2757568359375,378.5799865722656,971.5411376953125,410.4512634277344,119.265380859375,31.87127685546875,3801.139892578125,0.0018331113969907165
5040,100.8,bwt,2,0.7672280669212341,806.4322509765625,462.68096923828125,955.0731201171875,490.80340576171875,148.640869140625,28.1224365234375,4180.1435546875,0.0020158870611339808
5040,100.8,bwt,2,0.6932206153869629,809.0418090820312,663.9827880859375,917.8212890625,692.9842529296875,108.77947998046875,29.00146484375,3154.76416015625,0.0015213947044685483
5040,100.8,bwt,2,0.606330931186676,829.3292236328125,400.3905334472656,945.5403442382812,429.71875,116.21112060546875,29.328216552734375,3408.264892578125,0.0016436462756246328
5040,100.8,bwt,2,0.48169025778770447,798.335205078125,618.2965698242188,939.1431884765625,638.0494384765625,140.8079833984375,19.75286865234375,2781.361572265625,0.0013413202250376344
5045,100.9,bwt,2,0.8702330589294434,771.13037109375,477.2311706542969,914.0158081054688,503.0421142578125,142.88543701171875,25.810943603515625,3688.008056640625,0.0017785532400012016
5045,100.9,bwt,2,0.8479766249656677,799.7120971679688,413.1727294921875,911.8729248046875,443.5374755859375,112.16082763671875,30.36474609375,3405.735107421875,0.0016424262430518866
5045,100.9,bwt,2,0.5924674272537231,769.5411376953125,675.0858764648438,876.9227294921875,709.7800903320312,107.381591796875,34.6942138671875,3725.52001953125,0.0017966434825211763
5050,101.0,bwt,2,0.8884997963905334,745.8126831054688,474.7552185058594,884.111083984375,501.71044921875,138.29840087890625,26.955230712890625,3727.865234375,0.001797774457372725
5050,101.0,bwt,2,0.7605372071266174,722.173583984375,621.57568359375,856.9307250976562,645.3456420898438,134.75714111328125,23.76995849609375,3203.171630859375,0.0015447393525391817
5050,101.0,bwt,2,0.7233108282089233,771.7810668945312,409.9624328613281,880.640625,439.17919921875,108.85955810546875,29.216766357421875,3180.524169921875,0.0015338176162913442
5050,101.0,bwt,2,0.5978193283081055,729.9703369140625,668.7173461914062,843.1426391601562,702.7695922851562,113.17230224609375,34.05224609375,3853.77099609375,0.0018584929639473557
5055,101.1,bwt,2,0.7557080984115601,725.7573852539062,446.86810302734375,863.8176879882812,474.928955078125,138.060302734375,28.06085205078125,3874.08984375,0.0018682917580008507
5055,101.1,bwt,2,0.7488538026809692,707.0655517578125,646.2880859375,810.7711181640625,677.7770385742188,103.70556640625,31.48895263671875,3265.57958984375,0.0015748358564451337
5055,101.1,bwt,2,0.708612859249115,761.185791015625,387.689208984375,867.0805053710938,415.3232421875,105.89471435546875,27.634033203125,2926.298095703125,0.0014112163335084915
5055,101.1,bwt,2,0.5285372138023376,715.407958984375,596.8031005859375,831.4642944335938,616.056640625,116.05633544921875,19.2535400390625,2234.495361328125,0.0010775922564789653
5055,101.1,bwt,2,0.4688172936439514,711.127685546875,519.82373046875,841.7271728515625,534.749755859375,130.5994873046875,14.926025390625,1949.331298828125,0.0009400710114277899
5060,101.2,bwt,2,0.8642304539680481,727.1591796875,407.3561096191406,861.6041259765625,429.7694396972656,134.4449462890625,22.413330078125,3013.35888671875,0.0014532016357406974
5060,101.2,bwt,2,0.8167009353637695,763.4413452148438,344.0981750488281,870.162353515625,373.9828796386719,106.72100830078125,29.88470458984375,3189.325927734375,0.001538062235340476
5060,101.2,bwt,2,0.7804417610168457,692.2059326171875,556.4667358398438,821.01123046875,576.5166015625,128.8052978515625,20.04986572265625,2582.52880859375,0.0012454325333237648
5060,101.2,bwt,2,0.5922636389732361,696.993896484375,601.6636352539062,806.844482421875,637.02978515625,109.8505859375,35.36614990234375,3884.9921875,0.0018735494231805205
5065,101.3,bwt,2,0.8900364637374878,705.8286743164062,369.1961669921875,854.001953125,395.36541748046875,148.17327880859375,26.16925048828125,3877.583740234375,0.0018699767533689737
5065,101.3,bwt,2,0.851395308971405,753.71484375,305.381591796875,865.7506103515625,340.05059814453125,112.0357666015625,34.66900634765625,3884.168701171875,0.0018731523305177689
5065,101.3,bwt,2,0.7370690703392029,667.4747924804688,517.80810546875,797.5687866210938,538.3947143554688,130.093994140625,20.58660888671875,2678.194091796875,0.00129156734328717
5065,101.3,bwt,2,0.5089025497436523,667.1928100585938,563.6347045898438,783.6201782226562,601.2182006835938,116.4273681640625,37.58349609375,4375.74755859375,0.002110217697918415
5070,101.4,bwt,2,0.9009713530540466,681.7189331054688,335.6636657714844,821.6190795898438,361.9604187011719,139.900146484375,26.2967529296875,3678.919677734375,0.0017741703195497394
5070,101.4,bwt,2,0.8467401266098022,725.4368896484375,270.6247253417969,840.7920532226562,305.8662109375,115.35516357421875,35.241485595703125,4065.287353515625,0.001960497349500656
5070,101.4,bwt,2,0.6626896858215332,622.1631469726562,489.3049621582031,758.1133422851562,511.42315673828125,135.9501953125,22.118194580078125,3006.972900390625,0.0014501219848170877
5075,101.5,bwt,2,0.8862864375114441,631.5575561523438,331.1816101074219,786.7960815429688,360.0208435058594,155.238525390625,28.8392333984375,4476.9599609375,0.002159027848392725
5075,101.5,bwt,2,0.8391472697257996,686.986083984375,259.76519775390625,810.8035888671875,295.6402587890625,123.8175048828125,35.87506103515625,4441.96044921875,0.0021421490237116814
5075,101.5,bwt,2,0.7236223220825195,569.35888671875,492.72882080078125,699.9970703125,518.1539916992188,130.63818359375,25.4251708984375,3321.498046875,0.0016018026508390903
5075,101.5,bwt,2,0.4027196168899536,546.8882446289062,546.4345092773438,667.5777587890625,585.263427734375,120.68951416015625,38.82891845703125,4686.2431640625,0.0022599552758038044
5080,101.6,bwt,2,0.8577772974967957,574.7799682617188,311.1161804199219,735.4464111328125,341.7783203125,160.66644287109375,30.662139892578125,4926.376953125,0.002375760581344366
5080,101.6,bwt,2,0.7770480513572693,646.4698486328125,234.17115783691406,778.7774658203125,276.86572265625,132.3076171875,42.69456481933594,5648.81591796875,0.0027241588104516268
5080,101.6,bwt,2,0.5053034424781799,712.1566772460938,199.65945434570312,775.3284301757812,224.54429626464844,63.1717529296875,24.884841918945312,1572.01904296875,0.000758111011236906
5085,101.7,bwt,2,0.7460463643074036,506.1139221191406,319.8932189941406,680.6918334960938,358.0216064453125,174.57791137695312,38.128387451171875,6656.3740234375,0.0032100568059831858
5085,101.7,bwt,2,0.5762532353401184,678.3357543945312,199.5281524658203,747.2846069335938,223.91603088378906,68.9488525390625,24.38787841796875,1681.5162353515625,0.0008109164191409945
5085,101.7,bwt,2,0.4758095443248749,458.3957214355469,524.21337890625,522.1195068359375,543.7073974609375,63.723785400390625,19.4940185546875,1242.232666015625,0.0005990705103613436
5085,101.7,bwt,2,0.4366697669029236,619.2637329101562,239.93409729003906,733.4448852539062,280.06744384765625,114.18115234375,40.13334655761719,4582.4716796875,0.002209911122918129
5090,101.8,bwt,2,0.7748656272888184,410.66119384765625,347.51007080078125,606.8799438476562,399.5482482910156,196.21875,52.038177490234375,10210.8662109375,0.004924221895635128
5090,101.8,bwt,2,0.7240869402885437,534.5897827148438,258.2962646484375,683.122314453125,314.8024597167969,148.53253173828125,56.506195068359375,8393.0078125,0.004047553986310959
5090,101.8,bwt,2,0.43690893054008484,622.0438232421875,216.0489959716797,696.59521484375,245.1853485107422,74.5513916015625,29.1363525390625,2172.155517578125,0.0010475286981090903
5095,101.9,bwt,2,0.8148181438446045,334.8643798828125,381.3381652832031,523.4430541992188,453.8490905761719,188.57867431640625,72.51092529296875,13674.0146484375,0.006594335660338402
5125,102.5,bwt,2,0.8955016136169434,693.128173828125,282.0843811035156,1084.9708251953125,523.78271484375,391.8426513671875,241.69833374023438,94707.71875,0.04567309096455574
5130,102.6,bwt,2,0.9388270974159241,785.1813354492188,252.41213989257812,1012.3438720703125,414.32647705078125,227.16253662109375,161.91433715820312,36780.87109375,0.01773768849670887
5135,102.7,bwt,2,0.9031326770782471,816.98583984375,257.9466552734375,953.781982421875,373.40338134765625,136.796142578125,115.45672607421875,15794.03515625,0.007616722024977207
5140,102.8,bwt,2,0.7490391731262207,856.4216918945312,294.98980712890625,921.0904541015625,375.0240478515625,64.66876220703125,80.03424072265625,5175.71533203125,0.0024960048031061888
5150,103.0,bwt,2,0.6905925273895264,1089.2113037109375,407.6295166015625,1298.7393798828125,434.1346435546875,209.528076171875,26.505126953125,5553.568359375,0.002678225515410304
5150,103.0,bwt,2,0.506879985332489,1179.816650390625,526.118408203125,1234.93408203125,533.9065551757812,55.117431640625,7.78814697265625,429.2626647949219,0.00020701324683614075
5150,103.0,moneygram,6,0.40068262815475464,727.3624267578125,480.064697265625,742.43017578125,488.70489501953125,15.0677490234375,8.64019775390625,130.18832397460938,6.278372165979818e-05
5155,103.1,bwt,2,0.567094624042511,1187.6314697265625,540.9190673828125,1249.881591796875,549.2072143554688,62.2501220703125,8.28814697265625,515.9381713867188,0.0002488127793185413
5155,103.1,bwt,2,0.5180981159210205,1103.3502197265625,409.86163330078125,1318.281005859375,437.0885314941406,214.9307861328125,27.226898193359375,5851.8984375,0.0028220959939062595
5160,103.2,bwt,2,0.7118168473243713,832.6744384765625,491.34112548828125,942.7623901367188,511.08258056640625,110.08795166015625,19.741455078125,2173.29638671875,0.0010480788769200444
5160,103.2,bwt,2,0.5976990461349487,1200.51123046875,544.139892578125,1264.308349609375,551.589111328125,63.797119140625,7.44921875,475.23870849609375,0.00022918533068150282
5160,103.2,bwt,2,0.5322917103767395,1123.07470703125,409.07861328125,1335.6885986328125,438.10601806640625,212.6138916015625,29.02740478515625,6171.62939453125,0.0029762873891741037
5165,103.3,bwt,2,0.6397292017936707,1216.8658447265625,546.9940185546875,1272.8665771484375,553.6083374023438,56.000732421875,6.61431884765625,370.4067077636719,0.0001786297798389569
5170,103.4,bwt,2,0.5687331557273865,1229.0330810546875,546.5697631835938,1280.1788330078125,553.2423095703125,51.145751953125,6.67254638671875,341.27239990234375,0.00016457967285532504
5175,103.5,bwt,2,0.6490452885627747,1243.3248291015625,550.1254272460938,1305.95166015625,557.9860229492188,62.6268310546875,7.860595703125,492.2842102050781,0.0002374055766267702
5180,103.6,bwt,2,0.6710065007209778,1264.9813232421875,552.0941162109375,1325.250244140625,559.2288818359375,60.2689208984375,7.134765625,430.004638671875,0.00020737106387969106
5185,103.7,bwt,2,0.5860821008682251,1284.7216796875,556.0770874023438,1334.726806640625,562.6901245117188,50.005126953125,6.613037109375,330.6857604980469,0.00015947423526085913
5190,103.8,bwt,2,0.6743443608283997,1289.06201171875,559.629150390625,1340.0390625,566.9165649414062,50.97705078125,7.28741455078125,371.49090576171875,0.0001791526301531121
5195,103.9,bwt,2,0.5198208093643188,1299.0269775390625,557.7586059570312,1354.0130615234375,567.2364501953125,54.986083984375,9.47784423828125,521.1495361328125,0.0002513259823899716
5195,103.9,bwt,2,0.4747038185596466,1238.57373046875,431.9917907714844,1440.9144287109375,455.74853515625,202.3406982421875,23.756744384765625,4806.9560546875,0.002318169455975294
5200,104.0,bwt,2,0.7496458888053894,1232.4654541015625,437.03564453125,1445.2117919921875,463.0792236328125,212.746337890625,26.0435791015625,5540.67626953125,0.002672008238732815
5200,104.0,bwt,2,0.4599664509296417,1294.7193603515625,577.3285522460938,1350.0201416015625,584.3265380859375,55.30078125,6.99798583984375,386.99407958984375,0.00018662908405531198
5200,104.0,bwt,2,0.43610548973083496,1300.3681640625,559.41552734375,1351.1986083984375,566.3161010742188,50.8304443359375,6.90057373046875,350.75921630859375,0.0001691547076916322
5205,104.1,bwt,2,0.6944550275802612,1241.064208984375,443.460693359375,1442.61376953125,467.7614440917969,201.549560546875,24.300750732421875,4897.8056640625,0.0023619818966835737
5205,104.1,bwt,2,0.6717305183410645,1292.4090576171875,581.8352661132812,1348.36083984375,589.1719970703125,55.9517822265625,7.33673095703125,410.503173828125,0.00019796642300207168
5210,104.2,bwt,2,0.585670530796051,1288.3936767578125,588.7586059570312,1335.0889892578125,595.6091918945312,46.6953125,6.8505859375,319.8902587890625,0.00015426806930918247
5210,104.2,bwt,2,0.5076707601547241,1240.5716552734375,450.54541015625,1440.50634765625,475.5393981933594,199.9346923828125,24.993988037109375,4997.16552734375,0.00240989844314754
5215,104.3,bwt,2,0.7857011556625366,1240.35595703125,462.03216552734375,1435.0252685546875,484.517333984375,194.6693115234375,22.48516845703125,4377.17236328125,0.0021109047811478376
5215,104.3,bwt,2,0.5740504860877991,1283.1922607421875,588.2647705078125,1331.958740234375,595.3966674804688,48.7664794921875,7.13189697265625,347.7975158691406,0.00016772642266005278
5220,104.4,bwt,2,0.5875589847564697,1278.0904541015625,592.2825927734375,1326.351318359375,600.7114868164062,48.2608642578125,8.42889404296875,406.78570556640625,0.00019617365614976734
5220,104.4,bwt,2,0.4705106317996979,1240.838623046875,468.8956298828125,1433.0096435546875,492.76727294921875,192.1710205078125,23.87164306640625,4587.43798828125,0.0022123060189187527
5225,104.5,bwt,2,0.5394020676612854,1269.9285888671875,592.2107543945312,1323.1649169921875,600.7496948242188,53.236328125,8.5389404296875,454.58184814453125,0.00021922349696978927
5225,104.5,bwt,2,0.5188749432563782,1241.9443359375,479.2591857910156,1412.50390625,500.39208984375,170.5595703125,21.132904052734375,3604.4189453125,0.001738242106512189
5230,104.6,bwt,2,0.587658166885376,1231.094482421875,488.3508605957031,1406.708251953125,509.13555908203125,175.61376953125,20.784698486328125,3650.079345703125,0.0017602620646357536
5230,104.6,bwt,2,0.4295697808265686,552.0054931640625,472.0735168457031,685.813720703125,491.1801452636719,133.8082275390625,19.10662841796875,2556.6240234375,0.0012329397723078728
5230,104.6,bwt,2,0.41320428252220154,1241.17919921875,605.2069091796875,1291.7208251953125,614.9041748046875,50.5416259765625,9.697265625,490.1155700683594,0.0002363597450312227
5235,104.7,bwt,2,0.7379274964332581,1213.997802734375,495.4301452636719,1384.4404296875,517.45166015625,170.442626953125,22.021514892578125,3753.40478515625,0.0018100910820066929
5235,104.7,bwt,2,0.5497801303863525,1212.0330810546875,621.2752685546875,1262.7545166015625,629.8050537109375,50.721435546875,8.52978515625,432.6429443359375,0.0002086433960357681
5235,104.7,bwt,2,0.4050866961479187,456.3736572265625,484.45233154296875,625.298828125,504.9275817871094,168.9251708984375,20.475250244140625,3458.78515625,0.0016680097905918956
5240,104.8,bwt,2,0.5087867379188538,1169.2332763671875,627.3868408203125,1215.07958984375,636.3209228515625,45.8463134765625,8.93408203125,409.5947265625,0.00019752832304220647
5240,104.8,bwt,2,0.47591742873191833,355.3773498535156,494.3605041503906,547.0731201171875,518.4852905273438,191.69577026367188,24.124786376953125,4624.61962890625,0.002230237005278468
5245,104.9,bwt,2,0.4229581356048584,1121.1771240234375,627.8485717773438,1175.135498046875,635.6092529296875,53.9583740234375,7.76068115234375,418.75372314453125,0.00020194528042338789
5250,105.0,bwt,2,0.5460279583930969,1186.47314453125,508.2276306152344,1325.2645263671875,536.0610961914062,138.7913818359375,27.833465576171875,3863.045166015625,0.001862965407781303
5250,105.0,bwt,2,0.4820156991481781,1051.759765625,649.3009643554688,1094.9676513671875,657.344482421875,43.2078857421875,8.04351806640625,347.54339599609375,0.0001676038809819147
5255,105.1,bwt,2,0.631996750831604,975.3596801757812,658.125732421875,1025.19091796875,665.8673095703125,49.83123779296875,7.7415771484375,385.7723693847656,0.0001860399206634611
5255,105.1,bwt,2,0.6301756501197815,1152.772216796875,507.4943542480469,1316.9722900390625,543.5325927734375,164.2000732421875,36.038238525390625,5917.4814453125,0.002853723708540201
5260,105.2,bwt,2,0.6771615743637085,1134.175537109375,498.4355773925781,1307.4600830078125,525.9892578125,173.2845458984375,27.553680419921875,4774.626953125,0.0023025786504149437
5260,105.2,bwt,2,0.5324842929840088,884.7936401367188,665.028076171875,931.8447875976562,673.0681762695312,47.0511474609375,8.04010009765625,378.2959289550781,0.0001824343780754134
5265,105.3,petronas,9,0.686703622341156,1149.76025390625,488.6134948730469,1320.6207275390625,517.2885131835938,170.8604736328125,28.675018310546875,4899.42724609375,0.002362763974815607
5265,105.3,bwt,2,0.5773035287857056,791.8684692382812,667.1597900390625,847.4375610351562,677.3114624023438,55.569091796875,10.15167236328125,564.1192016601562,0.00027204822981730103
5265,105.3,bwt,2,0.41049695014953613,1149.76025390625,488.6134948730469,1320.6207275390625,517.2885131835938,170.8604736328125,28.675018310546875,4899.42724609375,0.002362763974815607
5270,105.4,petronas,9,0.42677363753318787,1196.93798828125,479.1435241699219,1380.3492431640625,511.0549621582031,183.4112548828125,31.91143798828125,5852.9169921875,0.002822587266564369
5275,105.5,bwt,2,0.8948068022727966,1177.11083984375,634.6961669921875,1284.8077392578125,705.7450561523438,107.6968994140625,71.04888916015625,7651.7451171875,0.0036900776904076338
5275,105.5,bwt,2,0.41683489084243774,568.5628662109375,682.8140258789062,613.7759399414062,694.548583984375,45.21307373046875,11.73455810546875,530.555419921875,0.0002558619889896363
5280,105.6,bwt,2,0.9245030879974365,1109.3302001953125,644.4849853515625,1276.3258056640625,732.7456665039062,166.99560546875,88.26068115234375,14739.1455078125,0.007107998244464397
5280,105.6,bwt,2,0.7064436674118042,1258.322021484375,556.2109985351562,1359.093994140625,620.1911010742188,100.77197265625,63.9801025390625,6447.4013671875,0.0031092793215066195
5285,105.7,bwt,2,0.9340600371360779,965.6927490234375,669.239013671875,1203.779052734375,759.8732299804688,238.0863037109375,90.63421630859375,21578.765625,0.010406426154077053
5290,105.8,bwt,2,0.948477029800415,810.1218872070312,674.3734741210938,1098.6470947265625,766.7923583984375,288.52520751953125,92.41888427734375,26665.177734375,0.012859364040195942
5295,105.9,bwt,2,0.9506046772003174,747.269775390625,632.9515991210938,990.1275024414062,725.6336669921875,242.85772705078125,92.68206787109375,22508.556640625,0.010854820720851421
5295,105.9,bwt,2,0.4416603147983551,1492.2095947265625,518.3524780273438,1565.9373779296875,560.8087158203125,73.727783203125,42.45623779296875,3130.204345703125,0.0015095507260411978
5300,106.0,bwt,2,0.8728417754173279,760.3492431640625,576.8297119140625,935.9708251953125,657.5721435546875,175.62158203125,80.742431640625,14180.11328125,0.0068384031765162945
5305,106.1,bwt,2,0.8556495904922485,788.82763671875,546.4207763671875,900.3159790039062,608.85205078125,111.48834228515625,62.4312744140625,6960.359375,0.0033566548954695463
5310,106.2,bwt,2,0.7297568321228027,801.51806640625,518.6218872070312,871.8097534179688,575.0609741210938,70.29168701171875,56.4390869140625,3967.19873046875,0.0019131938461214304
5315,106.3,bwt,2,0.7290278673171997,815.82958984375,520.1060180664062,870.7623291015625,559.7832641601562,54.9327392578125,39.67724609375,2179.579833984375,0.0010511090513318777
5320,106.4,bwt,2,0.5713852643966675,829.7208251953125,519.2685546875,859.7640380859375,549.2510375976562,30.043212890625,29.98248291015625,900.7701416015625,0.0004343991749919951
5370,107.4,petronas,9,0.4219709038734436,886.35546875,524.802734375,951.8320922851562,532.9781494140625,65.47662353515625,8.1754150390625,535.298583984375,0.0002581494045443833
5415,108.3,petronas,9,0.40726202726364136,1154.12060546875,517.6829223632812,1195.0689697265625,523.4951782226562,40.9483642578125,5.812255859375,238.0023651123047,0.00011477737280074507
5435,108.7,petronas,9,0.4706001281738281,1268.1597900390625,519.3211059570312,1302.888427734375,526.4180297851562,34.7286376953125,7.096923828125,246.46649169921875,0.00011885922867804766
5435,108.7,oracle,8,0.4533083140850067,835.94482421875,581.3273315429688,884.4175415039062,589.7053833007812,48.47271728515625,8.3780517578125,406.10693359375,0.00019584632536862046
5440,108.8,petronas,9,0.5379631519317627,1277.058837890625,520.8162841796875,1314.2528076171875,528.02099609375,37.1939697265625,7.2047119140625,267.9718322753906,0.00012923024769406766
5440,108.8,oracle,8,0.5103188753128052,821.4910888671875,582.4860229492188,866.7990112304688,589.1918334960938,45.30792236328125,6.705810546875,303.82635498046875,0.00014652119716629386
5445,108.9,petronas,9,0.5098952054977417,1288.15087890625,522.9652099609375,1325.892822265625,529.5590209960938,37.741943359375,6.59381103515625,248.8632354736328,0.000120015065476764
5450,109.0,petronas,9,0.5664560794830322,1296.2744140625,522.7008056640625,1342.028564453125,529.4291381835938,45.754150390625,6.72833251953125,307.8491516113281,0.00014846120029687881
5455,109.1,bwt,2,0.7467572093009949,1442.96337890625,550.44091796875,1494.2568359375,619.125,51.29345703125,68.68408203125,3523.0439453125,0.0016989988507702947
5460,109.2,bwt,2,0.4758881628513336,1091.034912109375,555.6392822265625,1134.1553955078125,564.8060302734375,43.1204833984375,9.166748046875,395.27459716796875,0.00019062239152844995
5460,109.2,petronas,9,0.44237324595451355,1349.8895263671875,438.33648681640625,1487.73046875,462.44482421875,137.8409423828125,24.10833740234375,3323.115966796875,0.0016025829827412963
5475,109.5,petronas,9,0.562444269657135,1232.3974609375,403.4316101074219,1387.01416015625,432.38433837890625,154.61669921875,28.952728271484375,4476.5751953125,0.002158842282369733
5480,109.6,bwt,2,0.4137905538082123,987.1463012695312,525.6683349609375,1035.264404296875,535.9974975585938,48.11810302734375,10.32916259765625,497.01971435546875,0.00023968929599504918
5485,109.7,bwt,2,0.5668710470199585,977.343994140625,510.39190673828125,1036.2581787109375,519.2063598632812,58.9141845703125,8.814453125,519.2963256835938,0.00025043226196430624
5490,109.8,bwt,2,0.5999063849449158,979.1951904296875,493.6231994628906,1036.9163818359375,503.09234619140625,57.72119140625,9.469146728515625,546.5704345703125,0.0002635852724779397
5495,109.9,bwt,2,0.669845700263977,977.311279296875,492.2267150878906,1045.99365234375,502.9054260253906,68.682373046875,10.6787109375,733.439208984375,0.00035370333353057504
5500,110.0,bwt,2,0.6546671986579895,1004.2294921875,488.5191955566406,1064.21533203125,498.4821472167969,59.98583984375,9.96295166015625,597.6360473632812,0.00028821182786487043
5505,110.1,bwt,2,0.7091526985168457,1020.6336669921875,488.1506042480469,1085.327392578125,498.9294738769531,64.6937255859375,10.77886962890625,697.3252563476562,0.0003362872521393001
5510,110.2,bwt,2,0.7093111872673035,1037.2965087890625,480.7794189453125,1109.18212890625,489.41229248046875,71.8856201171875,8.63287353515625,620.5794677734375,0.00029927637660875916
5510,110.2,petronas,9,0.605563223361969,1025.0738525390625,309.5312805175781,1312.3187255859375,345.5263366699219,287.244873046875,35.99505615234375,10339.3955078125,0.004986205603927374
5515,110.3,petronas,9,0.6878804564476013,1021.4664306640625,302.70745849609375,1314.7412109375,337.207763671875,293.2747802734375,34.50030517578125,10118.0693359375,0.004879469983279705
5515,110.3,bwt,2,0.6760161519050598,1042.4962158203125,481.551513671875,1116.4154052734375,489.8600769042969,73.919189453125,8.308563232421875,614.1622314453125,0.0002961816207971424
5520,110.4,bwt,2,0.7300952076911926,1043.993896484375,485.49365234375,1120.2371826171875,495.41766357421875,76.2432861328125,9.92401123046875,756.6392211914062,0.00036489160265773535
5520,110.4,petronas,9,0.7126591801643372,992.6544799804688,296.23907470703125,1287.4073486328125,332.3791809082031,294.75286865234375,36.140106201171875,10652.400390625,0.005137152969837189
5525,110.5,bwt,2,0.675210177898407,1035.936767578125,481.9089660644531,1117.5645751953125,491.38897705078125,81.6278076171875,9.480010986328125,773.83251953125,0.00037318310933187604
5525,110.5,bwt,2,0.48195844888687134,962.0535278320312,285.36328125,1266.697265625,319.6878967285156,304.64373779296875,34.324615478515625,10456.779296875,0.0050428141839802265
5525,110.5,petronas,9,0.4764029085636139,962.0535278320312,285.36328125,1266.697265625,319.6878967285156,304.64373779296875,34.324615478515625,10456.779296875,0.0050428141839802265
5530,110.6,petronas,9,0.822746992111206,938.002197265625,269.8755798339844,1263.79833984375,306.3119201660156,325.796142578125,36.43634033203125,11870.8193359375,0.005724739283323288
5530,110.6,bwt,2,0.6695361733436584,1038.713623046875,472.9705810546875,1117.85791015625,485.0430908203125,79.144287109375,12.072509765625,955.4701538085938,0.0004607784212566912
5535,110.7,bwt,2,0.6845204830169678,1028.5772705078125,464.196533203125,1120.780029296875,475.89617919921875,92.2027587890625,11.69964599609375,1078.7396240234375,0.0005202254978939891
5535,110.7,petronas,9,0.6640698909759521,916.6964721679688,249.85752868652344,1254.587646484375,284.785888671875,337.89117431640625,34.92835998535156,11801.984375,0.005691543221473694
5540,110.8,petronas,9,0.6669929027557373,891.560791015625,227.9669189453125,1232.2884521484375,265.1214599609375,340.7276611328125,37.154541015625,12659.580078125,0.006105121690779924
5540,110.8,bwt,2,0.6272878646850586,1028.500244140625,452.0413818359375,1121.3470458984375,465.1845397949219,92.8468017578125,13.143157958984375,1220.3001708984375,0.0005884935380890965
5540,110.8,bwt,2,0.477998286485672,1041.1417236328125,418.4897155761719,1117.775634765625,427.4376220703125,76.6339111328125,8.947906494140625,685.7130737304688,0.0003306872386019677
5545,110.9,bwt,2,0.687914252281189,1030.428955078125,439.7176208496094,1125.571044921875,456.843994140625,95.14208984375,17.126373291015625,1629.43896484375,0.0007858019671402872
5545,110.9,petronas,9,0.6813070178031921,850.2601928710938,204.456298828125,1219.241943359375,253.41757202148438,368.98175048828125,48.961273193359375,18065.81640625,0.008712295442819595
5545,110.9,bwt,2,0.44051745533943176,850.2601928710938,204.456298828125,1219.241943359375,253.41757202148438,368.98175048828125,48.961273193359375,18065.81640625,0.008712295442819595
5550,111.0,bwt,2,0.5112085342407227,1028.1851806640625,435.79083251953125,1123.361572265625,446.66241455078125,95.1763916015625,10.87158203125,1034.7178955078125,0.0004989958833903074
5550,111.0,bwt,2,0.49151766300201416,1040.8603515625,398.1103820800781,1122.64599609375,408.9517517089844,81.78564453125,10.84136962890625,886.6683959960938,0.0004275985702406615
5550,111.0,bwt,2,0.46014317870140076,1055.3604736328125,526.4971923828125,1130.2275390625,535.162353515625,74.8670654296875,8.6651611328125,648.7351684570312,0.0003128545358777046
5555,111.1,bwt,2,0.6904686093330383,1030.8248291015625,428.3352966308594,1133.1185302734375,444.0523376464844,102.293701171875,15.717041015625,1607.7542724609375,0.0007753444369882345
5555,111.1,bwt,2,0.5343579053878784,1055.549072265625,553.4603271484375,1133.7476806640625,573.2297973632812,78.1986083984375,19.76947021484375,1545.945068359375,0.0007455367594957352
5555,111.1,bwt,2,0.4278019666671753,808.1443481445312,179.4121856689453,1182.583984375,218.47227478027344,374.43963623046875,39.060089111328125,14625.6455078125,0.0070532625541090965
5560,111.2,bwt,2,0.6986661553382874,1018.2467651367188,424.4629821777344,1118.7730712890625,440.3830871582031,100.52630615234375,15.92010498046875,1600.389404296875,0.0007717927219346166
5560,111.2,bwt,2,0.5614736080169678,1044.0850830078125,518.6063232421875,1127.415283203125,529.3280639648438,83.3302001953125,10.72174072265625,893.44482421875,0.0004308665229473263
5560,111.2,bwt,2,0.5450157523155212,764.8657836914062,165.66648864746094,1146.9361572265625,213.35498046875,382.07037353515625,47.68849182128906,18220.359375,0.008786824531853199
5560,111.2,bwt,2,0.4161584675312042,1024.6611328125,384.5159606933594,1101.220947265625,395.1826171875,76.559814453125,10.666656494140625,816.6372680664062,0.00039382584509439766
5565,111.3,bwt,2,0.6898226141929626,1000.3240356445312,416.71124267578125,1100.9981689453125,433.2366943359375,100.67413330078125,16.52545166015625,1663.685546875,0.0008023175178095698
5565,111.3,bwt,2,0.5062969923019409,1031.9454345703125,513.0795288085938,1113.5369873046875,524.2568359375,81.591552734375,11.17730712890625,911.9738159179688,0.0004398021847009659
5570,111.4,bwt,2,0.7775376439094543,977.8645629882812,402.2887878417969,1083.364501953125,425.9706115722656,105.49993896484375,23.68182373046875,2498.430908203125,0.001204875996336341
5570,111.4,bwt,2,0.5280546545982361,1011.6766967773438,506.5115661621094,1097.443115234375,519.3467407226562,85.76641845703125,12.835174560546875,1100.826904296875,0.0005308771505951881
5570,111.4,bwt,2,0.4612492322921753,981.2012939453125,369.6896667480469,1067.524169921875,383.6681213378906,86.3228759765625,13.97845458984375,1206.660400390625,0.0005819157231599092
5575,111.5,bwt,2,0.7485814690589905,965.8403930664062,393.9626159667969,1069.291015625,410.8321228027344,103.45062255859375,16.8695068359375,1745.1610107421875,0.000841609260533005
5575,111.5,bwt,2,0.5321347713470459,1019.818359375,519.4871826171875,1090.62890625,549.1402587890625,70.810546875,29.653076171875,2099.75048828125,0.0010126112028956413
5575,111.5,bwt,2,0.4280160069465637,613.6510009765625,123.73177337646484,795.589111328125,167.8159942626953,181.9381103515625,44.08422088623047,8020.599609375,0.0038679589051753283
5580,111.6,bwt,2,0.7096070647239685,1038.4886474609375,515.4357299804688,1114.4508056640625,533.7822875976562,75.962158203125,18.3465576171875,1393.6441650390625,0.0006720892270095646
5580,111.6,bwt,2,0.6634225845336914,976.557861328125,373.56451416015625,1087.5882568359375,395.6970520019531,111.0303955078125,22.132537841796875,2457.384521484375,0.001185081317089498
5580,111.6,bwt,2,0.5055570602416992,1028.81494140625,477.40826416015625,1112.6383056640625,492.6146240234375,83.8233642578125,15.20635986328125,1274.648193359375,0.000614703050814569
5580,111.6,bwt,2,0.4917561113834381,976.32568359375,334.83734130859375,1056.764404296875,348.7613525390625,80.438720703125,13.92401123046875,1120.0296630859375,0.0005401377566158772
5580,111.6,bwt,2,0.40887123346328735,594.16455078125,99.31149291992188,765.5535278320312,140.1984100341797,171.38897705078125,40.88691711425781,7007.56689453125,0.003379420842975378
5585,111.7,bwt,2,0.7440433502197266,1055.0406494140625,464.8466796875,1147.357666015625,483.65423583984375,92.3170166015625,18.80755615234375,1736.2574462890625,0.0008373155142180622
5585,111.7,bwt,2,0.6230992078781128,1068.65625,504.2149353027344,1149.376220703125,526.0964965820312,80.719970703125,21.881561279296875,1766.2789306640625,0.000851793447509408
5585,111.7,bwt,2,0.6184970736503601,1006.4253540039062,363.2782287597656,1116.077880859375,381.1018981933594,109.65252685546875,17.82366943359375,1954.410400390625,0.0009425204480066895
5585,111.7,bwt,2,0.44472211599349976,576.7515869140625,78.42437744140625,845.8530883789062,148.14352416992188,269.10150146484375,69.71914672851562,18761.52734375,0.009047804400324821
5590,111.8,bwt,2,0.8112885355949402,1109.688232421875,498.8881530761719,1186.1925048828125,522.2510375976562,76.5042724609375,23.362884521484375,1787.3604736328125,0.000861960113979876
5590,111.8,bwt,2,0.6190324425697327,1029.4652099609375,358.7008972167969,1136.5526123046875,375.31298828125,107.08740234375,16.612091064453125,1778.9456787109375,0.0008579020504839718
5590,111.8,bwt,2,0.4578465521335602,1012.5427856445312,309.0267333984375,1106.657470703125,331.8775939941406,94.11468505859375,22.850860595703125,2150.6015625,0.001037134206853807
5595,111.9,bwt,2,0.8708967566490173,1132.85791015625,494.6546936035156,1213.58642578125,517.6321411132812,80.728515625,22.977447509765625,1854.9351806640625,0.000894548196811229
5595,111.9,bwt,2,0.7489796280860901,1043.9951171875,343.9568176269531,1157.8529052734375,369.116943359375,113.8577880859375,25.160125732421875,2864.67626953125,0.0013814989943057299
5595,111.9,bwt,2,0.6327323913574219,1034.3140869140625,296.08795166015625,1110.0423583984375,319.7028503417969,75.728271484375,23.614898681640625,1788.3154296875,0.0008624206529930234
5595,111.9,bwt,2,0.5923839211463928,525.4139404296875,47.5845947265625,842.0341796875,119.573974609375,316.6202392578125,71.9893798828125,22793.294921875,0.010992136783897877
5600,112.0,bwt,2,0.8644734025001526,1134.1036376953125,491.4525451660156,1217.4212646484375,517.5025634765625,83.317626953125,26.050018310546875,2170.42578125,0.0010466945823282003
5600,112.0,bwt,2,0.8240354657173157,1037.9654541015625,336.8177795410156,1149.6834716796875,358.52447509765625,111.718017578125,21.706695556640625,2425.029052734375,0.0011694777058437467
5600,112.0,bwt,2,0.5262823700904846,472.79095458984375,37.325714111328125,796.7344970703125,105.61297607421875,323.94354248046875,68.28726196289062,22121.216796875,0.010668025352060795
5600,112.0,bwt,2,0.5097243189811707,1002.6219482421875,292.4947814941406,1110.7232666015625,314.0189514160156,108.101318359375,21.524169921875,2326.791259765625,0.0011221022577956319
5600,112.0,bwt,2,0.43634501099586487,1077.8575439453125,400.7995300292969,1167.18505859375,413.87652587890625,89.3275146484375,13.076995849609375,1168.135498046875,0.0005633369437418878
5605,112.1,bwt,2,0.8414580225944519,1123.7762451171875,496.9604797363281,1207.1805419921875,522.023193359375,83.404296875,25.062713623046875,2090.337890625,0.0010080719366669655
5605,112.1,bwt,2,0.8318297863006592,1013.3072509765625,340.8936767578125,1124.5118408203125,363.76141357421875,111.20458984375,22.86773681640625,2542.997314453125,0.001226368360221386
5610,112.2,bwt,2,0.8393309116363525,1095.829833984375,502.072021484375,1181.7618408203125,528.895751953125,85.9320068359375,26.82373046875,2305.01708984375,0.0011116015957668424
5610,112.2,bwt,2,0.7930117249488831,971.246826171875,344.56854248046875,1091.4818115234375,368.1266784667969,120.2349853515625,23.558135986328125,2832.51220703125,0.0013659877004101872
5610,112.2,bwt,2,0.4300919473171234,1068.2130126953125,463.3594970703125,1163.6661376953125,477.95806884765625,95.453125,14.59857177734375,1393.479248046875,0.0006720096571370959
5615,112.3,bwt,2,0.8411551117897034,1090.7435302734375,500.01007080078125,1178.920654296875,527.0802001953125,88.1771240234375,27.07012939453125,2386.966064453125,0.0011511218035593629
5615,112.3,bwt,2,0.7811523079872131,1056.89501953125,463.7973937988281,1156.53857421875,479.0649108886719,99.6435546875,15.26751708984375,1521.3096923828125,0.0007336562848649919
5615,112.3,bwt,2,0.6625050902366638,945.5369262695312,341.476318359375,1072.013427734375,365.6451721191406,126.47650146484375,24.168853759765625,3056.7919921875,0.001474147429689765
5620,112.4,bwt,2,0.8661747574806213,1114.859130859375,499.6051025390625,1197.571044921875,525.0606689453125,82.7119140625,25.45556640625,2105.478515625,0.0010153735056519508
5620,112.4,bwt,2,0.7716390490531921,954.2968139648438,342.489501953125,1071.630859375,363.2123107910156,117.33404541015625,20.722808837890625,2431.490966796875,0.0011725940275937319
5620,112.4,bwt,2,0.5894039273262024,903.9267578125,294.9235534667969,992.88037109375,316.46270751953125,88.95361328125,21.539154052734375,1915.985595703125,0.0009239899809472263
5620,112.4,bwt,2,0.5155863165855408,1079.184326171875,465.46856689453125,1173.7332763671875,477.0143737792969,94.5489501953125,11.545806884765625,1091.6439208984375,0.0005264486535452306
5625,112.5,bwt,2,0.8774025440216064,1126.672607421875,501.0399475097656,1209.3553466796875,527.083740234375,82.6827392578125,26.043792724609375,2153.3720703125,0.0010384703055024147
5625,112.5,bwt,2,0.678324818611145,880.2838134765625,291.10443115234375,983.3501586914062,316.6572265625,103.06634521484375,25.55279541015625,2633.63330078125,0.0012700777733698487
5625,112.5,bwt,2,0.5961413383483887,945.9307861328125,342.48486328125,1057.935302734375,360.9405822753906,112.0045166015625,18.455718994140625,2067.123779296875,0.0009968768572434783
5630,112.6,bwt,2,0.6532798409461975,966.357177734375,356.9195861816406,1079.55029296875,374.27734375,113.193115234375,17.357757568359375,1964.7786865234375,0.0009475206024944782
5630,112.6,bwt,2,0.5832538604736328,1033.8365478515625,414.9452209472656,1137.744873046875,424.2513732910156,103.9083251953125,9.30615234375,966.9866943359375,0.0004663323052227497
5630,112.6,bwt,2,0.5146235227584839,1170.5947265625,516.07275390625,1239.4501953125,536.0305786132812,68.85546875,19.95782470703125,1374.205322265625,0.0006627147668041289
5630,112.6,bwt,2,0.5109017491340637,1117.6392822265625,476.6463623046875,1220.0146484375,488.83740234375,102.3753662109375,12.1910400390625,1248.0621337890625,0.0006018818239681423
5630,112.6,bwt,2,0.5088269114494324,888.6115112304688,300.3459167480469,984.640625,326.3706970214844,96.02911376953125,26.0247802734375,2499.136474609375,0.001205216278322041
5635,112.7,bwt,2,0.7496155500411987,999.6240234375,369.7137451171875,1110.802734375,390.5431823730469,111.1787109375,20.829437255859375,2315.7900390625,0.001116796862334013
5635,112.7,bwt,2,0.43752604722976685,918.3746337890625,326.0626525878906,1007.2460327148438,346.6192626953125,88.87139892578125,20.556610107421875,1826.8946533203125,0.000881025567650795
5640,112.8,bwt,2,0.7146928906440735,1048.102783203125,394.89276123046875,1155.189697265625,412.4607238769531,107.0869140625,17.567962646484375,1881.2989501953125,0.0009072622051462531
5645,112.9,bwt,2,0.8272665143013,1110.1131591796875,424.0850830078125,1211.9820556640625,442.6427307128906,101.868896484375,18.557647705078125,1890.4471435546875,0.0009116739965975285
5650,113.0,bwt,2,0.8252962827682495,1181.7572021484375,450.9700622558594,1295.7921142578125,469.4825744628906,114.034912109375,18.51251220703125,2111.07275390625,0.0010180713143199682
5655,113.1,bwt,2,0.5727985501289368,1324.0355224609375,469.17315673828125,1417.5992431640625,492.2200622558594,93.563720703125,23.046905517578125,2156.354248046875,0.0010399085003882647
5665,113.3,bwt,2,0.7917134165763855,323.7078552246094,475.7559509277344,664.406005859375,620.0130615234375,340.6981506347656,144.25711059570312,49148.12890625,0.02370183728635311
5670,113.4,bwt,2,0.5104074478149414,331.4894714355469,515.8820190429688,782.3565673828125,665.2352294921875,450.8670959472656,149.35321044921875,67338.4453125,0.03247417137026787
5680,113.6,kick,5,0.43953919410705566,976.0987548828125,513.5572509765625,1126.2056884765625,577.6450805664062,150.10693359375,64.08782958984375,9620.02734375,0.004639287944883108
5680,113.6,bwt,2,0.4031675159931183,428.0905456542969,561.102294921875,904.3175048828125,727.7628784179688,476.2269592285156,166.66058349609375,79368.265625,0.038275592029094696
5735,114.7,bwt,2,0.8040659427642822,915.572021484375,631.2938842773438,1034.960693359375,666.2366943359375,119.388671875,34.94281005859375,4171.77587890625,0.0020118518732488155
5735,114.7,bwt,2,0.8018370866775513,1148.2215576171875,634.5119018554688,1258.8900146484375,665.257080078125,110.66845703125,30.74517822265625,3402.521484375,0.0016408765222877264
5735,114.7,bwt,2,0.609423041343689,1110.205078125,530.1577758789062,1200.89306640625,555.5136108398438,90.68798828125,25.3558349609375,2299.4697265625,0.0011089263716712594
5740,114.8,bwt,2,0.800439715385437,913.7365112304688,632.4037475585938,1037.9515380859375,666.8968505859375,124.21502685546875,34.49310302734375,4284.5615234375,0.0020662429742515087
5740,114.8,bwt,2,0.798389732837677,1114.20703125,529.2686767578125,1204.52001953125,556.775390625,90.31298828125,27.5067138671875,2484.213623046875,0.0011980197159573436
5740,114.8,bwt,2,0.7687925696372986,1140.424072265625,633.0857543945312,1268.6229248046875,670.4497680664062,128.1988525390625,37.364013671875,4790.0234375,0.0023100036196410656
5745,114.9,bwt,2,0.8462711572647095,1114.873291015625,529.72900390625,1202.84814453125,556.992919921875,87.974853515625,27.263916015625,2398.5390625,0.001156702870503068
5745,114.9,bwt,2,0.82444167137146,914.1049194335938,632.6146850585938,1040.3499755859375,667.4501342773438,126.24505615234375,34.83544921875,4397.80322265625,0.002120854100212455
5745,114.9,bwt,2,0.8097888231277466,1138.42236328125,633.3644409179688,1269.9609375,670.9683227539062,131.53857421875,37.6038818359375,4946.36083984375,0.0023853976745158434
5745,114.9,oracle,8,0.7302662134170532,977.1767578125,142.63284301757812,1099.261474609375,160.4713134765625,122.084716796875,17.838470458984375,2177.8046875,0.0010502530494704843
5750,115.0,bwt,2,0.8512221574783325,1118.2459716796875,529.9195556640625,1203.017578125,556.79248046875,84.7716064453125,26.8729248046875,2278.06103515625,0.0010986019624397159
5750,115.0,bwt,2,0.8436787128448486,1139.9710693359375,633.3943481445312,1271.26611328125,670.2232055664062,131.2950439453125,36.828857421875,4835.4462890625,0.002331908792257309
5750,115.0,bwt,2,0.828159749507904,913.4495849609375,632.400146484375,1039.60986328125,666.8121337890625,126.1602783203125,34.4119873046875,4341.42578125,0.002093666000291705
5750,115.0,oracle,8,0.48407459259033203,970.8739624023438,137.05955505371094,1091.788818359375,154.62591552734375,120.91485595703125,17.566360473632812,2124.033935546875,0.0010243218857795
5755,115.1,bwt,2,0.8466506004333496,1140.250732421875,633.2861328125,1272.0401611328125,670.3118286132812,131.7894287109375,37.02569580078125,4879.59521484375,0.0023531997576355934
5755,115.1,bwt,2,0.8443958163261414,1117.04443359375,529.7847900390625,1203.659423828125,556.3840942382812,86.614990234375,26.59930419921875,2303.8984375,0.0011110621271654963
5755,115.1,bwt,2,0.8193888664245605,914.1771850585938,632.804443359375,1038.606201171875,667.0964965820312,124.42901611328125,34.29205322265625,4266.92626953125,0.002057738369330764
5760,115.2,bwt,2,0.8214017152786255,1115.3638916015625,529.8871459960938,1203.7633056640625,556.1069946289062,88.3994140625,26.2198486328125,2317.8193359375,0.001117775565944612
5760,115.2,bwt,2,0.8118081092834473,1140.1331787109375,633.8594360351562,1272.286865234375,670.0671997070312,132.1536865234375,36.207763671875,4784.9892578125,0.0023075758945196867
5760,115.2,bwt,2,0.8063035011291504,914.13720703125,632.449462890625,1038.9444580078125,667.2401123046875,124.8072509765625,34.7906494140625,4342.12548828125,0.0020940033718943596
5765,115.3,bwt,2,0.8312801718711853,1112.1693115234375,529.6769409179688,1203.21484375,555.93701171875,91.0455322265625,26.26007080078125,2390.862060546875,0.0011530006304383278
5765,115.3,bwt,2,0.8204766511917114,1140.4091796875,633.9559326171875,1273.057373046875,670.2560424804688,132.648193359375,36.30010986328125,4815.14404296875,0.00232211803086102
5765,115.3,bwt,2,0.8128822445869446,914.330078125,632.3021850585938,1039.23046875,666.7276000976562,124.900390625,34.4254150390625,4299.74755859375,0.0020735664293169975
5770,115.4,bwt,2,0.8221022486686707,1115.005859375,529.5222778320312,1203.4332275390625,555.877685546875,88.4273681640625,26.35540771484375,2330.539306640625,0.0011239097220823169
5770,115.4,bwt,2,0.8136696815490723,913.9715576171875,632.6052856445312,1041.2137451171875,666.77783203125,127.2421875,34.17254638671875,4348.189453125,0.002096927724778652
5770,115.4,bwt,2,0.804613471031189,1140.149169921875,633.7213134765625,1273.60302734375,669.8949584960938,133.453857421875,36.17364501953125,4827.5126953125,0.0023280829191207886
5775,115.5,bwt,2,0.9050511717796326,1141.7322998046875,633.7714233398438,1267.5030517578125,669.2694091796875,125.770751953125,35.49798583984375,4464.6083984375,0.0021530711092054844
5775,115.5,bwt,2,0.8759526610374451,915.1614990234375,633.2503662109375,1038.2337646484375,666.72705078125,123.072265625,33.4766845703125,4120.05126953125,0.0019869073294103146
5775,115.5,bwt,2,0.8021443486213684,1118.116943359375,529.8201904296875,1202.7977294921875,556.6539306640625,84.6807861328125,26.833740234375,2272.30224609375,0.0010958247585222125
5780,115.6,bwt,2,0.9008684754371643,1141.2547607421875,633.360595703125,1266.138427734375,669.1168212890625,124.8836669921875,35.7562255859375,4465.36865234375,0.0021534378174692392
5780,115.6,bwt,2,0.8875159025192261,913.7660522460938,633.1402587890625,1038.53662109375,666.2584228515625,124.77056884765625,33.1181640625,4132.17236328125,0.0019927527755498886
5780,115.6,bwt,2,0.8277913928031921,1118.18212890625,529.7694702148438,1201.4112548828125,556.281982421875,83.2291259765625,26.51251220703125,2206.61328125,0.0010641460539773107
5785,115.7,bwt,2,0.898679792881012,1138.27734375,633.6228637695312,1267.703125,669.830810546875,129.42578125,36.20794677734375,4686.24169921875,0.0022599545773118734
5785,115.7,bwt,2,0.8665186762809753,913.596923828125,632.814697265625,1039.888916015625,665.9454345703125,126.2919921875,33.1307373046875,4184.14697265625,0.0020178176928311586
5785,115.7,bwt,2,0.8488305807113647,1119.22705078125,529.4598999023438,1202.1173095703125,556.82958984375,82.8902587890625,27.36968994140625,2268.6806640625,0.0010940782958641648
5785,115.7,oracle,8,0.6377450823783875,964.72412109375,139.29281616210938,1083.0498046875,155.02313232421875,118.32568359375,15.730316162109375,1861.3004150390625,0.0008976178942248225
5790,115.8,bwt,2,0.8916099667549133,1138.3681640625,633.5261840820312,1271.4998779296875,669.71875,133.1317138671875,36.19256591796875,4818.37841796875,0.0023236777633428574
5790,115.8,bwt,2,0.8470595479011536,915.1353759765625,632.3851318359375,1039.2738037109375,666.0064086914062,124.138427734375,33.62127685546875,4173.6923828125,0.0020127759780734777
5790,115.8,bwt,2,0.8317922353744507,1115.0545654296875,529.4605102539062,1202.2952880859375,556.6990966796875,87.24072265625,27.23858642578125,2376.31396484375,0.0011459847446531057
5795,115.9,bwt,2,0.9058076739311218,1138.5892333984375,633.69580078125,1270.915283203125,670.1953125,132.3260498046875,36.49951171875,4829.83642578125,0.0023292035330086946
5795,115.9,bwt,2,0.8728539943695068,914.8692016601562,632.601806640625,1040.571533203125,666.1231689453125,125.70233154296875,33.5213623046875,4213.71337890625,0.0020320762414485216
5795,115.9,bwt,2,0.8646701574325562,1110.7974853515625,529.8453979492188,1201.436767578125,556.7403564453125,90.6392822265625,26.89495849609375,2437.73974609375,0.001175607554614544
5795,115.9,oracle,8,0.579152524471283,934.05078125,141.55467224121094,1051.1842041015625,157.78639221191406,117.1334228515625,16.231719970703125,1901.2769775390625,0.0009168966789729893
5800,116.0,bwt,2,0.906292200088501,1136.6884765625,633.2640991210938,1270.066162109375,667.4124145507812,133.377685546875,34.1483154296875,4554.623046875,0.0021964809857308865
5800,116.0,bwt,2,0.8868603706359863,913.531494140625,633.2680053710938,1039.2200927734375,666.7559814453125,125.6885986328125,33.48797607421875,4209.056640625,0.00202983058989048
5800,116.0,bwt,2,0.879264235496521,1116.3011474609375,529.577880859375,1200.691162109375,556.9303588867188,84.3900146484375,27.35247802734375,2308.276123046875,0.0011131733190268278
5805,116.1,bwt,2,0.9131348133087158,1136.61181640625,632.9791259765625,1271.6981201171875,669.2666625976562,135.0863037109375,36.28753662109375,4901.94921875,0.0023639800492674112
5805,116.1,bwt,2,0.885627031326294,913.8203735351562,633.1350708007812,1040.132080078125,666.7439575195312,126.31170654296875,33.60888671875,4245.19580078125,0.002047258662059903
5805,116.1,bwt,2,0.8492453098297119,1115.16552734375,529.7188110351562,1200.7401123046875,556.790771484375,85.5745849609375,27.07196044921875,2316.671875,0.0011172221275046468
5810,116.2,bwt,2,0.8961679339408875,1134.2596435546875,632.8196411132812,1261.4488525390625,668.4332275390625,127.189208984375,35.61358642578125,4529.6640625,0.002184444572776556
5810,116.2,bwt,2,0.8814056515693665,912.468994140625,633.0389404296875,1040.3807373046875,666.918212890625,127.9117431640625,33.8792724609375,4333.556640625,0.0020898710936307907
5810,116.2,bwt,2,0.8560434579849243,1117.499267578125,529.8228759765625,1199.6134033203125,555.8819580078125,82.1141357421875,26.05908203125,2139.819091796875,0.001031934400089085
5815,116.3,bwt,2,0.8633376955986023,1108.337158203125,529.3263549804688,1199.74755859375,555.4317626953125,91.410400390625,26.10540771484375,2386.3056640625,0.0011508032912388444
5815,116.3,bwt,2,0.8573224544525146,913.3508911132812,632.244873046875,1041.144775390625,666.8919677734375,127.79388427734375,34.6470947265625,4427.68701171875,0.0021352656185626984
5815,116.3,bwt,2,0.4643350839614868,1128.231689453125,631.8714599609375,1213.6331787109375,660.2111206054688,85.4014892578125,28.33966064453125,2420.249267578125,0.0011671726824715734
5820,116.4,bwt,2,0.8659353852272034,1113.630126953125,530.1932373046875,1199.76953125,555.4447021484375,86.139404296875,25.25146484375,2175.146240234375,0.0010489709675312042
5820,116.4,bwt,2,0.8237679600715637,912.6693115234375,632.3568725585938,1040.248046875,666.8318481445312,127.5787353515625,34.4749755859375,4398.27392578125,0.0021210811100900173
5820,116.4,oracle,8,0.6876534223556519,892.710205078125,135.9671630859375,1007.2459106445312,147.35812377929688,114.53570556640625,11.390960693359375,1304.6717529296875,0.0006291819736361504
5825,116.5,bwt,2,0.8714377284049988,1098.112060546875,529.9635009765625,1201.7818603515625,555.9389038085938,103.6697998046875,25.97540283203125,2692.86474609375,0.00129864236805588
5825,116.5,oracle,8,0.6729464530944824,878.212890625,140.3125,990.2885131835938,153.2521209716797,112.07562255859375,12.939620971679688,1450.216064453125,0.0006993711576797068
5830,116.6,bwt,2,0.8150285482406616,1102.693115234375,529.5243530273438,1200.767333984375,555.7894287109375,98.07421875,26.26507568359375,2575.9267578125,0.0012422485742717981
5830,116.6,oracle,8,0.5382989048957825,886.6657104492188,137.7930908203125,997.100341796875,148.67535400390625,110.43463134765625,10.88226318359375,1201.7786865234375,0.0005795614561066031
5830,116.6,bwt,2,0.50738924741745,913.5796508789062,632.2785034179688,1038.9981689453125,667.2393798828125,125.41851806640625,34.96087646484375,4384.7412109375,0.0021145548671483994
5830,116.6,bwt,2,0.4330488443374634,1078.8564453125,779.4110717773438,1217.8797607421875,857.2772216796875,139.0233154296875,77.86614990234375,10825.2099609375,0.005220490973442793
5835,116.7,bwt,2,0.7912315726280212,1112.88916015625,529.8980712890625,1201.5556640625,555.9241943359375,88.66650390625,26.026123046875,2307.645263671875,0.0011128690093755722
5835,116.7,oracle,8,0.5413785576820374,891.0833129882812,139.76512145996094,1000.1826171875,151.6139678955078,109.09930419921875,11.848846435546875,1292.700927734375,0.0006234089960344136
5835,116.7,bwt,2,0.5346037149429321,913.1781616210938,632.739501953125,1039.2794189453125,666.9486083984375,126.10125732421875,34.2091064453125,4313.8115234375,0.0020803490187972784
5840,116.8,bwt,2,0.7581170797348022,1115.0892333984375,530.1697387695312,1200.640380859375,555.0155639648438,85.5511474609375,24.8458251953125,2125.5888671875,0.0010250718332827091
5840,116.8,bwt,2,0.535620927810669,912.5389404296875,632.1394653320312,1039.0091552734375,666.8165893554688,126.47021484375,34.6771240234375,4385.62353515625,0.0021149804815649986
5845,116.9,bwt,2,0.7700504064559937,1106.6243896484375,528.9816284179688,1202.65234375,556.3816528320312,96.0279541015625,27.4000244140625,2631.168212890625,0.001268888940103352
5845,116.9,bwt,2,0.5415143370628357,912.4186401367188,631.8827514648438,1037.82861328125,666.8430786132812,125.40997314453125,34.9603271484375,4384.37353515625,0.0021143776830285788
5845,116.9,oracle,8,0.4530053436756134,905.00634765625,134.75839233398438,1020.0078125,147.1356201171875,115.00146484375,12.377227783203125,1423.3992919921875,0.0006864386959932745
5850,117.0,bwt,2,0.8203881978988647,1109.18896484375,529.484375,1202.7545166015625,556.6725463867188,93.5655517578125,27.18817138671875,2543.876220703125,0.001226792111992836
5850,117.0,oracle,8,0.7777566313743591,919.351806640625,138.36318969726562,1041.8128662109375,152.33953857421875,122.4610595703125,13.976348876953125,1711.5584716796875,0.0008254043641500175
5850,117.0,bwt,2,0.5713398456573486,913.0760498046875,632.2236938476562,1039.1339111328125,666.8307495117188,126.057861328125,34.6070556640625,4362.4912109375,0.0021038248669356108
5850,117.0,bwt,2,0.4665864109992981,1075.398193359375,783.8450927734375,1213.188720703125,855.754150390625,137.79052734375,71.9090576171875,9908.38671875,0.0047783502377569675
5850,117.0,bwt,2,0.43782418966293335,1133.51806640625,632.5437622070312,1269.265380859375,670.8109130859375,135.747314453125,38.26715087890625,5194.6630859375,0.002505142241716385
5855,117.1,bwt,2,0.8446494936943054,1110.9139404296875,529.6853637695312,1203.1883544921875,556.4995727539062,92.2744140625,26.814208984375,2474.265380859375,0.0011932221241295338
5855,117.1,bwt,2,0.7031381130218506,1134.9248046875,632.30615234375,1270.9041748046875,671.8741455078125,135.9793701171875,39.5679931640625,5380.4306640625,0.0025947291869670153
5855,117.1,bwt,2,0.6657485961914062,1077.7979736328125,776.9139404296875,1219.391357421875,862.1277465820312,141.5933837890625,85.21380615234375,12065.7109375,0.005818726494908333
5855,117.1,bwt,2,0.6501979231834412,913.8027954101562,632.0789184570312,1040.4366455078125,667.3715209960938,126.63385009765625,35.2926025390625,4469.23828125,0.002155303955078125
5855,117.1,oracle,8,0.40365880727767944,921.5039672851562,137.54541015625,1038.28759765625,150.62969970703125,116.78363037109375,13.08428955078125,1528.0308837890625,0.0007368976366706192
5860,117.2,bwt,2,0.8359131813049316,1114.5714111328125,530.0078735351562,1203.34375,556.9151611328125,88.7723388671875,26.90728759765625,2388.622802734375,0.0011519207619130611
5860,117.2,bwt,2,0.6952810883522034,913.4495239257812,631.6632080078125,1039.1275634765625,667.5646362304688,125.67803955078125,35.90142822265625,4512.02099609375,0.002175936009734869
5860,117.2,oracle,8,0.616747260093689,933.4263916015625,145.33175659179688,1038.3746337890625,156.94703674316406,104.9482421875,11.615280151367188,1219.003173828125,0.0005878680385649204
5860,117.2,bwt,2,0.5611129999160767,1071.73046875,778.6279907226562,1211.37548828125,857.8161010742188,139.64501953125,79.1881103515625,11058.2255859375,0.005332863423973322
5860,117.2,bwt,2,0.4728950560092926,1136.2772216796875,632.5725708007812,1269.1884765625,671.4027709960938,132.9112548828125,38.8302001953125,5160.970703125,0.0024888941552489996
5865,117.3,bwt,2,0.8395156860351562,1113.359375,530.0232543945312,1203.77099609375,557.0253295898438,90.41162109375,27.0020751953125,2441.30126953125,0.0011773250298574567
5865,117.3,bwt,2,0.7089492678642273,913.0899047851562,631.8413696289062,1039.06591796875,668.1114501953125,125.97601318359375,36.27008056640625,4569.16015625,0.0022034915164113045
5865,117.3,bwt,2,0.6172001361846924,1133.8758544921875,632.6401977539062,1271.0389404296875,671.5939331054688,137.1630859375,38.9537353515625,5343.0146484375,0.0025766852777451277
5870,117.4,bwt,2,0.868699312210083,1112.73681640625,530.0388793945312,1203.4814453125,556.3496704101562,90.74462890625,26.310791015625,2387.56298828125,0.001151409582234919
5870,117.4,bwt,2,0.7263581156730652,912.8211059570312,632.46826171875,1038.298583984375,667.9892578125,125.47747802734375,35.52099609375,4457.0849609375,0.002149442909285426
5870,117.4,bwt,2,0.6899057626724243,1134.53857421875,633.116455078125,1270.6265869140625,671.1622314453125,136.0880126953125,38.0457763671875,5177.57421875,0.002496901201084256
5875,117.5,bwt,2,0.8561167120933533,1113.9896240234375,529.6473999023438,1203.1455078125,556.4385375976562,89.1558837890625,26.7911376953125,2388.587646484375,0.0011519037652760744
5875,117.5,bwt,2,0.7540590763092041,1135.85302734375,632.64306640625,1270.7889404296875,671.390869140625,134.9359130859375,38.747802734375,5228.47021484375,0.0025214459747076035
5875,117.5,bwt,2,0.7450666427612305,913.8145141601562,632.6123046875,1038.1982421875,667.7867431640625,124.38372802734375,35.1744384765625,4375.1279296875,0.002109918976202607
5880,117.6,bwt,2,0.8593665957450867,1112.717041015625,529.5601196289062,1203.1287841796875,555.4353637695312,90.4117431640625,25.875244140625,2339.426025390625,0.0011281954357400537
5880,117.6,bwt,2,0.785270631313324,1135.0076904296875,632.9244995117188,1270.937255859375,670.5556640625,135.9295654296875,37.63116455078125,5115.18798828125,0.0024668152909725904
5880,117.6,bwt,2,0.7672160267829895,914.1768798828125,632.4214477539062,1039.2178955078125,667.1774291992188,125.041015625,34.7559814453125,4345.92333984375,0.0020958350505679846
5885,117.7,bwt,2,0.8609529137611389,1113.181640625,529.8863525390625,1202.3712158203125,555.8588256835938,89.1895751953125,25.97247314453125,2316.473876953125,0.0011171266669407487
5885,117.7,bwt,2,0.7660604119300842,1133.8316650390625,632.4967041015625,1270.902099609375,670.025634765625,137.0704345703125,37.5289306640625,5144.10693359375,0.00248076138086617
5885,117.7,bwt,2,0.7428911924362183,914.5289306640625,632.5979614257812,1039.2283935546875,666.8823852539062,124.699462890625,34.284423828125,4275.2490234375,0.002061752136796713
5890,117.8,bwt,2,0.7746027112007141,1133.4561767578125,632.055419921875,1270.5904541015625,669.2904052734375,137.13427734375,37.2349853515625,5106.19287109375,0.0024624771904200315
5890,117.8,bwt,2,0.7466588616371155,1113.4837646484375,529.28515625,1204.0772705078125,556.1608276367188,90.593505859375,26.87567138671875,2434.76123046875,0.0011741711059585214
5890,117.8,bwt,2,0.7331006526947021,913.6353759765625,632.4014892578125,1040.46923828125,667.2800903320312,126.8338623046875,34.87860107421875,4423.78759765625,0.0021333852782845497
5890,117.8,oracle,8,0.5212624669075012,926.773193359375,146.0057830810547,1042.95361328125,156.31219482421875,116.180419921875,10.306411743164062,1197.4031982421875,0.000577451370190829
5895,117.9,bwt,2,0.8075927495956421,1109.6435546875,529.5730590820312,1204.0936279296875,556.455078125,94.4500732421875,26.88201904296875,2539.0087890625,0.0012244448298588395
5895,117.9,bwt,2,0.7643988132476807,1133.66845703125,631.9879760742188,1271.52001953125,670.0603637695312,137.8515625,38.0723876953125,5248.337890625,0.002531027188524604
5895,117.9,bwt,2,0.696989893913269,913.70556640625,632.2555541992188,1039.564208984375,666.8778076171875,125.858642578125,34.62225341796875,4357.509765625,0.00210142252035439
5900,118.0,bwt,2,0.8365032076835632,1112.3154296875,529.7771606445312,1204.5538330078125,555.8414306640625,92.2384033203125,26.06427001953125,2404.126708984375,0.001159397535957396
5900,118.0,bwt,2,0.7372493743896484,1133.8658447265625,632.0475463867188,1270.1365966796875,669.41015625,136.270751953125,37.36260986328125,5091.43115234375,0.0024553583934903145
5900,118.0,bwt,2,0.7055653929710388,913.041259765625,632.7863159179688,1039.22314453125,666.9273071289062,126.181884765625,34.1409912109375,4307.974609375,0.002077534096315503
5905,118.1,bwt,2,0.8253614902496338,1110.5279541015625,530.0075073242188,1204.34130859375,555.4823608398438,93.8133544921875,25.474853515625,2389.88134765625,0.001152527634985745
5905,118.1,bwt,2,0.7754678726196289,1136.298828125,632.6689453125,1270.58447265625,669.0537109375,134.28564453125,36.384765625,4885.95166015625,0.0023562652058899403
5905,118.1,bwt,2,0.7067995667457581,914.2887573242188,632.9517822265625,1038.8006591796875,666.5899047851562,124.51190185546875,33.63812255859375,4188.3466796875,0.0020198430866003036
5905,118.1,oracle,8,0.5003410577774048,910.1991577148438,143.09939575195312,1021.724853515625,156.0497283935547,111.52569580078125,12.950332641601562,1444.2947998046875,0.0006965156062506139
5910,118.2,bwt,2,0.8332586288452148,1111.0167236328125,529.4544067382812,1203.2728271484375,555.6752319335938,92.256103515625,26.2208251953125,2419.03125,0.0011665852507576346
5910,118.2,bwt,2,0.754367470741272,1135.4476318359375,632.2941284179688,1270.314453125,669.0421142578125,134.8668212890625,36.74798583984375,4956.083984375,0.0023900868836790323
5910,118.2,bwt,2,0.6917144656181335,914.6439819335938,632.3241577148438,1039.088134765625,666.3726196289062,124.44415283203125,34.0484619140625,4237.1318359375,0.002043369924649596
5910,118.2,oracle,8,0.5217288732528687,900.14404296875,134.15435791015625,1022.9487915039062,146.21658325195312,122.80474853515625,12.062225341796875,1481.298583984375,0.0007143607945181429
5915,118.3,bwt,2,0.7575913667678833,1109.4051513671875,529.5286865234375,1203.911865234375,555.2132568359375,94.5067138671875,25.6845703125,2427.3642578125,0.0011706039076671004
5915,118.3,bwt,2,0.6692272424697876,913.6033935546875,632.0457153320312,1042.32080078125,666.2470703125,128.7174072265625,34.20135498046875,4402.3095703125,0.00212302734144032
5915,118.3,bwt,2,0.6515637040138245,1137.5172119140625,632.7936401367188,1272.3148193359375,668.8676147460938,134.797607421875,36.073974609375,4862.685546875,0.0023450450971722603
5920,118.4,bwt,2,0.7263006567955017,1112.135986328125,531.0201416015625,1202.4298095703125,554.5169067382812,90.2938232421875,23.49676513671875,2121.61279296875,0.0010231543565168977
5925,118.5,moneygram,6,0.7442222237586975,1322.744873046875,542.3138427734375,1489.5330810546875,607.3582763671875,166.7882080078125,65.04443359375,10848.64453125,0.005231792107224464
5935,118.7,bwt,2,0.7759537696838379,1107.9725341796875,534.27294921875,1195.6580810546875,555.2230224609375,87.685546875,20.9500732421875,1837.0186767578125,0.0008859079098328948
5940,118.8,bwt,2,0.8218445777893066,1089.4127197265625,531.969970703125,1200.9246826171875,555.1064453125,111.511962890625,23.136474609375,2579.99365234375,0.0012442099396139383
5945,118.9,bwt,2,0.8086081147193909,1090.1241455078125,529.6162109375,1200.58984375,554.5346069335938,110.4656982421875,24.91839599609375,2752.6279296875,0.0013274633092805743
5950,119.0,bwt,2,0.705028772354126,1091.30712890625,529.6779174804688,1202.9735107421875,554.8684692382812,111.6663818359375,25.1905517578125,2812.937744140625,0.0013565479312092066
5950,119.0,oracle,8,0.5457774996757507,889.3876953125,140.49710083007812,1018.98974609375,152.00477600097656,129.60205078125,11.507675170898438,1491.4183349609375,0.0007192410994321108
5955,119.1,bwt,2,0.7493698000907898,914.757568359375,631.703369140625,1042.5064697265625,664.7225952148438,127.7489013671875,33.01922607421875,4218.169921875,0.0020342255011200905
5955,119.1,bwt,2,0.6542713642120361,1134.992431640625,632.9561157226562,1265.5582275390625,669.21728515625,130.5657958984375,36.26116943359375,4734.46826171875,0.0022832120303064585
5955,119.1,oracle,8,0.4303300678730011,879.9014892578125,143.30186462402344,1013.9395751953125,155.80162048339844,134.0380859375,12.499755859375,1675.443359375,0.0008079877588897943
5960,119.2,bwt,2,0.7958042025566101,914.5545654296875,631.564208984375,1042.676025390625,664.8125610351562,128.1214599609375,33.24835205078125,4259.82763671875,0.002054315060377121
5960,119.2,bwt,2,0.7224501371383667,1134.726318359375,632.3372192382812,1267.284912109375,668.5107421875,132.55859375,36.17352294921875,4795.111328125,0.00231245718896389
5960,119.2,capp,3,0.4033292829990387,876.1569213867188,135.4425811767578,992.7312622070312,146.15357971191406,116.5743408203125,10.71099853515625,1248.6275634765625,0.000602154468651861
5965,119.3,bwt,2,0.8216778039932251,913.62744140625,631.8928833007812,1040.703857421875,665.08349609375,127.076416015625,33.19061279296875,4217.744140625,0.0020340201444923878
5965,119.3,bwt,2,0.7597092986106873,1133.7996826171875,632.1444091796875,1269.3538818359375,668.7286376953125,135.55419921875,36.584228515625,4959.14599609375,0.002391563495621085
5970,119.4,bwt,2,0.8252245187759399,913.7470703125,631.9588012695312,1040.8115234375,665.1099853515625,127.064453125,33.15118408203125,4212.3369140625,0.0020314124412834644
5970,119.4,bwt,2,0.7507790327072144,1135.9473876953125,632.9494018554688,1266.3524169921875,668.8072509765625,130.405029296875,35.85784912109375,4676.0439453125,0.0022550367284566164
5975,119.5,bwt,2,0.8316870927810669,912.3502807617188,631.9205932617188,1039.570068359375,664.9126586914062,127.21978759765625,32.9920654296875,4197.24365234375,0.002024133689701557
5975,119.5,bwt,2,0.7719911336898804,1135.1146240234375,633.0443115234375,1266.014892578125,669.1224365234375,130.9002685546875,36.078125,4722.63623046875,0.0022775058168917894
5980,119.6,bwt,2,0.8304978609085083,914.2730102539062,632.4088134765625,1043.1937255859375,665.1668090820312,128.92071533203125,32.75799560546875,4223.18408203125,0.002036643447354436
5980,119.6,bwt,2,0.7218506336212158,1136.59033203125,633.2885131835938,1267.6741943359375,669.1529541015625,131.0838623046875,35.86444091796875,4701.24951171875,0.002267192117869854
5985,119.7,bwt,2,0.8410987257957458,912.228271484375,632.22509765625,1041.10791015625,665.2791137695312,128.879638671875,33.05401611328125,4259.98974609375,0.0020543932914733887
5985,119.7,bwt,2,0.7538862824440002,1134.5885009765625,632.4088134765625,1267.12353515625,669.4066772460938,132.5350341796875,36.99786376953125,4903.51318359375,0.0023647344205528498
5990,119.8,bwt,2,0.8193640112876892,912.9231567382812,632.0966796875,1042.8885498046875,665.5018920898438,129.96539306640625,33.40521240234375,4341.521484375,0.0020937121007591486
5990,119.8,bwt,2,0.7439842820167542,1135.1077880859375,632.682373046875,1270.2684326171875,669.4981079101562,135.16064453125,36.81573486328125,4976.03857421875,0.0023997100070118904
5990,119.8,oracle,8,0.5692993402481079,658.0135498046875,147.295166015625,811.0571899414062,163.37908935546875,153.04364013671875,16.08392333984375,2461.542236328125,0.0011870863381773233
5995,119.9,bwt,2,0.8136847615242004,913.63720703125,632.041015625,1042.8465576171875,665.3165893554688,129.2093505859375,33.27557373046875,4299.51513671875,0.0020734544377774
5995,119.9,bwt,2,0.7404970526695251,1136.1658935546875,632.7025146484375,1271.1123046875,669.21240234375,134.9464111328125,36.5098876953125,4926.87841796875,0.002376002259552479
5995,119.9,oracle,8,0.45668503642082214,669.1610107421875,145.56686401367188,856.3565673828125,164.39747619628906,187.195556640625,18.830612182617188,3525.0068359375,0.0016999454237520695
6000,120.0,bwt,2,0.8097410798072815,914.3530883789062,632.2510986328125,1042.69921875,665.4894409179688,128.34613037109375,33.23834228515625,4266.0126953125,0.0020572978537529707
6000,120.0,bwt,2,0.6958493590354919,1135.78125,632.7150268554688,1270.8377685546875,669.0590209960938,135.0565185546875,36.343994140625,4908.4931640625,0.0023671360686421394
6000,120.0,oracle,8,0.6648898720741272,702.3338012695312,150.6667938232422,860.4959716796875,172.7326202392578,158.16217041015625,22.065826416015625,3489.97900390625,0.001683053094893694
6005,120.1,bwt,2,0.8141438961029053,912.5359497070312,632.3427734375,1041.285400390625,665.5449829101562,128.74945068359375,33.20220947265625,4274.76611328125,0.0020615190733224154
6005,120.1,bwt,2,0.7157431244850159,1134.3404541015625,632.9412231445312,1268.4388427734375,669.6744384765625,134.098388671875,36.73321533203125,4925.86474609375,0.0023755135480314493
6005,120.1,oracle,8,0.4694141745567322,640.8883056640625,152.3821563720703,823.1392211914062,176.8458709716797,182.25091552734375,24.463714599609375,4458.5341796875,0.002150141866877675
6010,120.2,bwt,2,0.7966073155403137,911.558837890625,632.3867797851562,1039.6466064453125,665.6815795898438,128.0877685546875,33.2947998046875,4264.65673828125,0.002056643832474947
6010,120.2,oracle,8,0.7340381145477295,595.5328979492188,144.81680297851562,851.3614501953125,177.40377807617188,255.82855224609375,32.58697509765625,8336.6787109375,0.004020389169454575
6010,120.2,bwt,2,0.6898141503334045,1132.5849609375,632.830078125,1267.676025390625,670.2680053710938,135.091064453125,37.43792724609375,5057.529296875,0.0024390090256929398
6015,120.3,bwt,2,0.8130241632461548,911.509521484375,632.22607421875,1040.1639404296875,665.6668090820312,128.6544189453125,33.44073486328125,4302.29833984375,0.0020747967064380646
6015,120.3,bwt,2,0.6895413994789124,1132.6026611328125,632.6884765625,1267.3955078125,669.4736328125,134.7928466796875,36.78515625,4958.3759765625,0.0023911921307444572
6015,120.3,oracle,8,0.6185510158538818,518.2833862304688,156.29147338867188,795.2735595703125,186.90402221679688,276.99017333984375,30.612548828125,8479.375,0.004089204594492912
6020,120.4,bwt,2,0.8149800300598145,912.3521118164062,632.10693359375,1043.16259765625,665.5108642578125,130.81048583984375,33.4039306640625,4369.58447265625,0.0021072456147521734
6020,120.4,oracle,8,0.6919448375701904,408.6185607910156,165.39805603027344,676.9407348632812,204.45370483398438,268.3221740722656,39.05564880371094,10479.4970703125,0.005053769797086716
6020,120.4,bwt,2,0.6804911494255066,1135.2415771484375,632.4490966796875,1270.2889404296875,669.1965942382812,135.04736328125,36.74749755859375,4962.65283203125,0.0023932545445859432
6025,120.5,oracle,8,0.9434416890144348,328.25213623046875,168.53875732421875,661.0556030273438,230.85287475585938,332.803466796875,62.314117431640625,20738.353515625,0.010001135058701038
6025,120.5,bwt,2,0.7728268504142761,914.5526733398438,632.478759765625,1045.1572265625,665.38037109375,130.60455322265625,32.901611328125,4297.10009765625,0.0020722898188978434
6025,120.5,bwt,2,0.6278859376907349,1136.5712890625,632.7915649414062,1271.2156982421875,669.111328125,134.6444091796875,36.31976318359375,4890.2529296875,0.0023583394940942526
6030,120.6,oracle,8,0.9145231246948242,185.72764587402344,179.9701385498047,552.1954345703125,250.0125732421875,366.4677734375,70.04243469238281,25668.294921875,0.012378614395856857
6030,120.6,bwt,2,0.8161273002624512,911.795654296875,632.2200927734375,1040.6710205078125,665.504150390625,128.8753662109375,33.2840576171875,4289.4951171875,0.0020686222705990076
6030,120.6,bwt,2,0.679862916469574,1131.9188232421875,632.5734252929688,1267.9044189453125,669.3554077148438,135.985595703125,36.781982421875,5001.81982421875,0.002412143163383007
6035,120.7,bwt,2,0.7760112881660461,911.8333129882812,631.0698852539062,1043.0904541015625,665.2943115234375,131.25714111328125,34.22442626953125,4492.2001953125,0.002166377380490303
6035,120.7,bwt,2,0.5707811117172241,1135.492919921875,631.306640625,1269.049072265625,668.5425415039062,133.55615234375,37.23590087890625,4973.08349609375,0.002398284850642085
6040,120.8,bwt,2,0.8171105980873108,912.6700439453125,631.2149047851562,1041.96875,664.7332763671875,129.2987060546875,33.51837158203125,4333.8818359375,0.0020900277886539698
6040,120.8,bwt,2,0.6800656914710999,1134.354736328125,631.4791259765625,1270.1109619140625,668.4635009765625,135.7562255859375,36.984375,5020.859375,0.0024213248398154974
6045,120.9,bwt,2,0.7960202693939209,913.9282836914062,631.4321899414062,1044.284912109375,665.3614501953125,130.35662841796875,33.92926025390625,4422.90380859375,0.0021329589653760195
6045,120.9,bwt,2,0.7370821833610535,1137.0025634765625,631.7063598632812,1272.6552734375,668.4999389648438,135.6527099609375,36.7935791015625,4991.14892578125,0.0024069969076663256
6050,121.0,bwt,2,0.766424298286438,910.0225830078125,632.2158813476562,1042.382080078125,665.9697265625,132.3594970703125,33.75384521484375,4467.64208984375,0.0021545342169702053
6050,121.0,bwt,2,0.661279559135437,1133.795654296875,633.0715942382812,1267.605224609375,669.53662109375,133.8095703125,36.46502685546875,4879.36962890625,0.002353091025725007
6055,121.1,bwt,2,0.7542567849159241,911.2547607421875,632.3812866210938,1041.899658203125,665.6419067382812,130.6448974609375,33.2606201171875,4345.330078125,0.002095548901706934
6055,121.1,bwt,2,0.7239115834236145,1135.3720703125,633.4562377929688,1269.705810546875,669.486328125,134.333740234375,36.03009033203125,4840.056640625,0.0023341323249042034
6060,121.2,bwt,2,0.7506253719329834,911.3892211914062,632.1959838867188,1040.75537109375,666.353759765625,129.36614990234375,34.15777587890625,4418.85986328125,0.0021310087759047747
6060,121.2,bwt,2,0.6761409640312195,1135.832763671875,633.18408203125,1268.1641845703125,669.3707275390625,132.3314208984375,36.1866455078125,4788.63037109375,0.0023093316704034805
6065,121.3,bwt,2,0.6957483887672424,910.0332641601562,632.3023071289062,1039.83837890625,666.4011840820312,129.80511474609375,34.098876953125,4426.20849609375,0.00213455269113183
6065,121.3,bwt,2,0.5920248031616211,1134.5025634765625,633.2199096679688,1266.70068359375,669.2698364257812,132.1981201171875,36.0499267578125,4765.732421875,0.0022982892114669085
6070,121.4,bwt,2,0.6391617655754089,912.7578735351562,632.5066528320312,1041.365234375,666.7633056640625,128.60736083984375,34.25665283203125,4405.65771484375,0.0021246420219540596
6070,121.4,bwt,2,0.5269119143486023,1136.2662353515625,633.90576171875,1268.98779296875,670.3428344726562,132.7215576171875,36.43707275390625,4835.98486328125,0.0023321686312556267
6075,121.5,bwt,2,0.7013288736343384,911.23388671875,632.1989135742188,1040.930908203125,667.0037231445312,129.697021484375,34.8048095703125,4514.080078125,0.0021769290324300528
6075,121.5,bwt,2,0.5746750235557556,1135.0587158203125,633.769287109375,1267.9326171875,670.0128173828125,132.8739013671875,36.2435302734375,4815.8193359375,0.002322443760931492
6080,121.6,bwt,2,0.7266321778297424,910.5128173828125,632.34326171875,1040.92041015625,667.0931396484375,130.4075927734375,34.7498779296875,4531.64794921875,0.0021854012738913298
6080,121.6,bwt,2,0.5635278820991516,1135.4737548828125,633.7628784179688,1267.896728515625,671.0260009765625,132.4229736328125,37.26312255859375,4934.49365234375,0.0023796746972948313
6085,121.7,bwt,2,0.7570371627807617,912.8132934570312,632.3109741210938,1043.0003662109375,666.495849609375,130.18707275390625,34.18487548828125,4450.4287109375,0.0021462328732013702
6085,121.7,bwt,2,0.6240434646606445,1135.9669189453125,634.1565551757812,1269.4866943359375,670.2700805664062,133.519775390625,36.113525390625,4821.86962890625,0.002325361594557762
6090,121.8,bwt,2,0.8131344318389893,912.7171630859375,631.8547973632812,1042.0738525390625,665.883056640625,129.356689453125,34.02825927734375,4401.783203125,0.0021227735560387373
6090,121.8,bwt,2,0.727750301361084,1134.70263671875,633.8772583007812,1269.5113525390625,669.8958740234375,134.8087158203125,36.01861572265625,4855.62353515625,0.002341639483347535
6095,121.9,bwt,2,0.7608783841133118,912.146484375,632.6136474609375,1039.9404296875,665.75341796875,127.7939453125,33.1397705078125,4235.06201171875,0.002042371779680252
6095,121.9,bwt,2,0.6525627374649048,1134.5089111328125,634.0689086914062,1269.0406494140625,669.8829956054688,134.53173828125,35.8140869140625,4818.13134765625,0.0023235587868839502
6100,122.0,bwt,2,0.8074046969413757,912.677734375,631.6097412109375,1042.258056640625,665.6264038085938,129.580322265625,34.01666259765625,4407.89013671875,0.002125718630850315
6100,122.0,bwt,2,0.6186510920524597,1135.0303955078125,633.470703125,1233.3133544921875,661.8239135742188,98.282958984375,28.35321044921875,2786.637451171875,0.001343864481896162
6105,122.1,bwt,2,0.7810545563697815,911.2813720703125,631.8125,1041.4468994140625,665.98388671875,130.16552734375,34.17138671875,4447.9365234375,0.002145031001418829
6105,122.1,bwt,2,0.6561229228973389,1133.8046875,633.8568115234375,1266.9957275390625,670.2095336914062,133.1910400390625,36.35272216796875,4841.85693359375,0.0023350005503743887
6110,122.2,bwt,2,0.7477505207061768,912.0103759765625,631.9729614257812,1041.4508056640625,665.75048828125,129.4404296875,33.77752685546875,4372.177734375,0.0021084961481392384
6110,122.2,bwt,2,0.5655311942100525,1133.922607421875,633.528076171875,1267.561279296875,669.6842041015625,133.638671875,36.1561279296875,4831.85693359375,0.002330177929252386
6115,122.3,bwt,2,0.7609361410140991,911.13916015625,631.694091796875,1040.9324951171875,665.6152954101562,129.7933349609375,33.92120361328125,4402.74609375,0.002123237820342183
6115,122.3,bwt,2,0.6812224984169006,1132.548583984375,633.96435546875,1267.8250732421875,669.9825439453125,135.2764892578125,36.0181884765625,4872.4140625,0.0023497366346418858
6120,122.4,bwt,2,0.7537183165550232,911.1799926757812,632.0511474609375,1041.23876953125,665.8203735351562,130.05877685546875,33.76922607421875,4391.984375,0.0021180480252951384
6120,122.4,bwt,2,0.6950296759605408,1130.84130859375,633.7213134765625,1268.121826171875,669.8603515625,137.280517578125,36.1390380859375,4961.18603515625,0.0023925472050905228
6125,122.5,bwt,2,0.8199549913406372,912.2164306640625,631.7026977539062,1041.8914794921875,666.1921997070312,129.675048828125,34.489501953125,4472.427734375,0.0021568420343101025
6125,122.5,bwt,2,0.7742398977279663,1130.6575927734375,633.6270751953125,1268.92724609375,669.72216796875,138.2696533203125,36.0950927734375,4990.85595703125,0.0024068555794656277
6130,122.6,bwt,2,0.8340113759040833,912.4308471679688,632.0696411132812,1041.3153076171875,666.3787841796875,128.88446044921875,34.30914306640625,4421.91552734375,0.00213248236104846
6130,122.6,bwt,2,0.7777464985847473,1131.5133056640625,633.6484375,1267.7373046875,669.811279296875,136.2239990234375,36.162841796875,4926.2470703125,0.002375697949901223
6135,122.7,bwt,2,0.8536071181297302,912.6131591796875,632.0264282226562,1039.619140625,666.326416015625,127.0059814453125,34.29998779296875,4356.3037109375,0.0021008409094065428
6135,122.7,bwt,2,0.8034709692001343,1132.8380126953125,633.7973022460938,1267.570068359375,670.8484497070312,134.7320556640625,37.0511474609375,4991.97705078125,0.0024073964450508356
6140,122.8,bwt,2,0.8246532082557678,911.6258544921875,631.7230224609375,1040.069091796875,665.7860107421875,128.4432373046875,34.06298828125,4375.16064453125,0.0021099348086863756
6140,122.8,bwt,2,0.7729910612106323,1130.5894775390625,633.2036743164062,1268.0916748046875,669.6339111328125,137.502197265625,36.43023681640625,5009.23779296875,0.002415720373392105
6145,122.9,bwt,2,0.840247392654419,913.67822265625,632.106201171875,1042.570556640625,666.5718994140625,128.892333984375,34.4656982421875,4442.3642578125,0.0021423439029604197
6145,122.9,bwt,2,0.7726835608482361,1133.5679931640625,633.197265625,1270.7705078125,669.5659790039062,137.2025146484375,36.36871337890625,4989.87890625,0.002406384563073516
6145,122.9,oracle,8,0.4047892093658447,912.7425537109375,118.61493682861328,976.332763671875,124.78427124023438,63.5902099609375,6.169334411621094,392.30926513671875,0.00018919236026704311
6150,123.0,bwt,2,0.8493521809577942,913.6156616210938,631.9481201171875,1042.4383544921875,665.734130859375,128.82269287109375,33.7860107421875,4352.40478515625,0.002098960569128394
6150,123.0,bwt,2,0.7839395403862,1134.1546630859375,633.61279296875,1269.83740234375,669.6646118164062,135.6827392578125,36.05181884765625,4891.609375,0.00235899374820292
6155,123.1,bwt,2,0.8406307697296143,911.3988647460938,632.1107788085938,1039.829345703125,665.7575073242188,128.43048095703125,33.646728515625,4321.265625,0.0020839436911046505
6155,123.1,bwt,2,0.7581133246421814,1133.3651123046875,633.5845336914062,1266.576171875,669.2882690429688,133.2110595703125,35.7037353515625,4756.13232421875,0.002293659606948495
6160,123.2,bwt,2,0.8668564558029175,911.8892822265625,632.1610717773438,1040.021728515625,665.82373046875,128.1324462890625,33.66265869140625,4313.27880859375,0.0020800919737666845
6160,123.2,bwt,2,0.8182862997055054,1132.9139404296875,633.7125854492188,1266.867431640625,669.74755859375,133.9534912109375,36.03497314453125,4827.01025390625,0.002327840542420745
6165,123.3,bwt,2,0.8515548706054688,912.7032470703125,632.0841674804688,1040.9635009765625,665.9075927734375,128.26025390625,33.82342529296875,4338.201171875,0.002092110924422741
6165,123.3,bwt,2,0.7914179563522339,1134.5997314453125,633.7498168945312,1267.994873046875,669.7005004882812,133.3951416015625,35.95068359375,4795.646484375,0.0023127153981477022
6170,123.4,bwt,2,0.8350685238838196,912.3027954101562,632.2174072265625,1040.96875,666.3291015625,128.66595458984375,34.1116943359375,4389.013671875,0.002116615418344736
6170,123.4,bwt,2,0.7674350142478943,1134.485107421875,633.6234741210938,1267.209716796875,670.0274658203125,132.724609375,36.40399169921875,4831.70556640625,0.0023301048204302788
6175,123.5,bwt,2,0.8631649613380432,912.0020751953125,631.8282470703125,1040.4375,666.0758666992188,128.4354248046875,34.24761962890625,4398.607421875,0.002121241996064782
6175,123.5,bwt,2,0.8227590918540955,1133.7977294921875,633.4627685546875,1267.3956298828125,669.90771484375,133.597900390625,36.4449462890625,4868.96826171875,0.002348074922338128
6180,123.6,bwt,2,0.8399282097816467,912.324951171875,631.9010009765625,1041.40625,666.2368774414062,129.081298828125,34.33587646484375,4432.11962890625,0.002137403469532728
6180,123.6,bwt,2,0.7484237551689148,1133.5064697265625,633.4636840820312,1268.3994140625,669.8831176757812,134.8929443359375,36.41943359375,4912.724609375,0.002369176596403122
6185,123.7,bwt,2,0.8320373296737671,911.7359619140625,631.4968872070312,1040.7362060546875,666.5056762695312,129.000244140625,35.0087890625,4516.142578125,0.002177923684939742
6185,123.7,bwt,2,0.7217012643814087,1133.721435546875,632.9078979492188,1268.271484375,669.1748657226562,134.550048828125,36.2669677734375,4879.72216796875,0.0023532609920948744
6190,123.8,bwt,2,0.8321848511695862,912.129150390625,632.26953125,1040.4508056640625,666.2662963867188,128.3216552734375,33.99676513671875,4362.52099609375,0.0021038393024355173
6190,123.8,bwt,2,0.7628762125968933,1133.370361328125,633.3479614257812,1268.4072265625,669.8834838867188,135.036865234375,36.5355224609375,4933.642578125,0.002379264449700713
6195,123.9,bwt,2,0.8406404256820679,912.7756958007812,631.864990234375,1041.41357421875,666.3716430664062,128.63787841796875,34.50665283203125,4438.86279296875,0.002140655182301998
6195,123.9,bwt,2,0.7933482527732849,1134.935791015625,633.3548583984375,1270.163330078125,669.6663818359375,135.2275390625,36.3115234375,4910.31787109375,0.0023680159356445074
6200,124.0,bwt,2,0.8240955471992493,911.4281005859375,632.0661010742188,1040.4844970703125,666.2261352539062,129.056396484375,34.1600341796875,4408.57080078125,0.002126046922057867
6200,124.0,bwt,2,0.7437461018562317,1133.5670166015625,633.3342895507812,1267.9749755859375,670.1605834960938,134.407958984375,36.8262939453125,4949.7470703125,0.0023870307486504316
6205,124.1,bwt,2,0.8192399144172668,912.4927368164062,631.5165405273438,1041.4669189453125,666.009521484375,128.97418212890625,34.49298095703125,4448.7041015625,0.0021454012021422386
6205,124.1,bwt,2,0.7244377136230469,1134.47265625,633.0661010742188,1270.8763427734375,669.07177734375,136.4036865234375,36.00567626953125,4911.30712890625,0.002368493005633354
6210,124.2,bwt,2,0.7954782843589783,913.1092529296875,631.719970703125,1041.30810546875,666.1913452148438,128.1988525390625,34.47137451171875,4419.1904296875,0.0021311682648956776
6210,124.2,bwt,2,0.6962307691574097,1134.4249267578125,633.367431640625,1269.489013671875,669.3190307617188,135.0640869140625,35.95159912109375,4855.77001953125,0.0023417100310325623
6215,124.3,bwt,2,0.7615553140640259,909.0444946289062,632.4957275390625,1045.40087890625,668.1143188476562,136.35638427734375,35.61859130859375,4856.822265625,0.0023422176018357277
6220,124.4,bwt,2,0.7364587187767029,912.4623413085938,632.1864624023438,1039.40478515625,665.6802978515625,126.94244384765625,33.49383544921875,4251.78955078125,0.0020504386629909277
6220,124.4,bwt,2,0.5752517580986023,1135.1636962890625,633.9202270507812,1268.258544921875,669.38525390625,133.0948486328125,35.46502685546875,4720.21240234375,0.002276337007060647
6225,124.5,bwt,2,0.790604829788208,912.7918090820312,632.1991577148438,1040.74267578125,666.2215576171875,127.95086669921875,34.02239990234375,4353.1953125,0.002099341945722699
6225,124.5,bwt,2,0.6348235607147217,1135.8150634765625,633.8528442382812,1269.028076171875,669.8942260742188,133.2130126953125,36.0413818359375,4801.18115234375,0.0023153843358159065
6225,124.5,bwt,2,0.4649309515953064,273.541259765625,264.3441162109375,371.9352111816406,332.19384765625,98.39395141601562,67.8497314453125,6676.00341796875,0.003219523234292865
6230,124.6,bwt,2,0.7739806771278381,913.3442993164062,632.1620483398438,1040.55224609375,666.1156005859375,127.20794677734375,33.95355224609375,4319.16162109375,0.002082929015159607
6230,124.6,bwt,2,0.5423461198806763,1135.575439453125,634.06982421875,1269.093017578125,669.56689453125,133.517578125,35.4970703125,4739.48291015625,0.0022856302093714476
6235,124.7,bwt,2,0.7858518958091736,911.6702880859375,632.1173095703125,1042.1739501953125,665.864501953125,130.503662109375,33.7471923828125,4404.13232421875,0.002123906509950757
6235,124.7,bwt,2,0.5840327739715576,1136.1925048828125,634.0771484375,1268.4320068359375,669.9163208007812,132.239501953125,35.83917236328125,4739.3544921875,0.0022855682764202356
6235,124.7,bwt,2,0.41608697175979614,467.50604248046875,202.02493286132812,518.8265991210938,241.1582489013672,51.320556640625,39.13331604003906,2008.343505859375,0.0009685298427939415
6240,124.8,bwt,2,0.8128303289413452,913.0850219726562,632.1223754882812,1042.8287353515625,665.97021484375,129.74371337890625,33.84783935546875,4391.54443359375,0.0021178359165787697
6240,124.8,bwt,2,0.6877208948135376,1136.643798828125,633.7910766601562,1270.3306884765625,669.8114013671875,133.6868896484375,36.02032470703125,4815.4453125,0.00232226331718266
6245,124.9,bwt,2,0.7782037854194641,912.4494018554688,631.9624633789062,1041.1466064453125,665.7456665039062,128.69720458984375,33.783203125,4347.8037109375,0.0020967416930943727
6245,124.9,bwt,2,0.6433809399604797,1136.6412353515625,633.80517578125,1269.0146484375,669.9326171875,132.3734130859375,36.12744140625,4782.3125,0.002306284848600626
6250,125.0,bwt,2,0.8012565970420837,913.65283203125,632.0070190429688,1041.5010986328125,665.773193359375,127.8482666015625,33.76617431640625,4316.94677734375,0.0020818610209971666
6250,125.0,bwt,2,0.6829581260681152,1135.931884765625,633.7998657226562,1271.2330322265625,670.2420654296875,135.3011474609375,36.44219970703125,4930.67138671875,0.0023778316099196672
6255,125.1,bwt,2,0.8006353974342346,913.6843872070312,631.8726196289062,1041.0584716796875,665.8040161132812,127.37408447265625,33.931396484375,4321.98046875,0.002084288513287902
6255,125.1,bwt,2,0.6913347840309143,1135.36083984375,633.680908203125,1269.7451171875,670.0360717773438,134.38427734375,36.35516357421875,4885.5625,0.0023560775443911552
6260,125.2,bwt,2,0.7972415089607239,913.0725708007812,631.96044921875,1041.1502685546875,665.7371215820312,128.07769775390625,33.77667236328125,4326.03857421875,0.0020862454548478127
6260,125.2,bwt,2,0.6637846827507019,1135.37744140625,633.583251953125,1269.5120849609375,670.120849609375,134.1346435546875,36.53759765625,4900.95751953125,0.002363501815125346
6265,125.3,bwt,2,0.8033351302146912,912.135498046875,631.65625,1041.95703125,665.609375,129.821533203125,33.953125,4407.8466796875,0.0021256976760923862
6265,125.3,bwt,2,0.6923558115959167,1134.9501953125,633.6599731445312,1268.364501953125,670.1481323242188,133.414306640625,36.4881591796875,4868.04248046875,0.0023476285859942436
6270,125.4,bwt,2,0.8054962754249573,912.8707275390625,631.697265625,1041.504638671875,665.713623046875,128.6339111328125,34.016357421875,4375.6572265625,0.002110174158588052
6270,125.4,bwt,2,0.6317263245582581,1134.49560546875,633.5367431640625,1269.217529296875,669.837890625,134.721923828125,36.3011474609375,4890.560546875,0.00235848780721426
6270,125.4,capp,3,0.4775259792804718,950.3251953125,110.66595458984375,1009.7142944335938,117.34194946289062,59.38909912109375,6.675994873046875,396.4813232421875,0.00019120433717034757
6275,125.5,bwt,2,0.8272154331207275,913.5584716796875,631.71240234375,1041.0435791015625,665.521240234375,127.485107421875,33.808837890625,4310.12353515625,0.0020785704255104065
6275,125.5,bwt,2,0.7351668477058411,1134.6358642578125,633.72705078125,1268.977294921875,670.2073364257812,134.3414306640625,36.48028564453125,4900.81396484375,0.002363432664424181
6280,125.6,bwt,2,0.8247347474098206,913.0245971679688,631.7288818359375,1041.6083984375,665.6505126953125,128.58380126953125,33.921630859375,4361.7724609375,0.00210347818210721
6280,125.6,bwt,2,0.730763852596283,1134.6041259765625,633.6649780273438,1268.9078369140625,669.89013671875,134.3037109375,36.22515869140625,4865.17333984375,0.0023462448734790087
6285,125.7,bwt,2,0.8364816904067993,912.6007690429688,631.7852172851562,1040.003662109375,665.4082641601562,127.40289306640625,33.623046875,4283.67333984375,0.0020658147986978292
6285,125.7,bwt,2,0.7685192823410034,1132.8870849609375,633.5640258789062,1267.834228515625,669.8659057617188,134.9471435546875,36.3018798828125,4898.8349609375,0.0023624782916158438
6290,125.8,bwt,2,0.8302063941955566,913.0472412109375,631.6272583007812,1040.2933349609375,665.5806884765625,127.24609375,33.95343017578125,4320.44140625,0.0020835462491959333
6290,125.8,bwt,2,0.778113603591919,1133.3870849609375,633.4522094726562,1268.55615234375,669.6300048828125,135.1690673828125,36.17779541015625,4890.11865234375,0.002358274767175317
6295,125.9,bwt,2,0.8313864469528198,912.2100830078125,631.7222900390625,1040.1708984375,665.7054443359375,127.9608154296875,33.983154296875,4348.51220703125,0.0020970834884792566
6295,125.9,bwt,2,0.7721042037010193,1133.071044921875,633.3875732421875,1268.1676025390625,669.8865356445312,135.0965576171875,36.49896240234375,4930.88427734375,0.002377934055402875
6300,126.0,bwt,2,0.8281413316726685,911.9939575195312,631.684814453125,1041.077392578125,665.73193359375,129.08343505859375,34.047119140625,4394.9189453125,0.0021194631699472666
6300,126.0,bwt,2,0.7531569004058838,1132.62744140625,633.3513793945312,1269.2861328125,670.0956420898438,136.65869140625,36.7442626953125,5021.4228515625,0.0024215965531766415
6305,126.1,bwt,2,0.820098876953125,912.3945922851562,631.699462890625,1040.835205078125,665.78515625,128.44061279296875,34.085693359375,4377.9873046875,0.0021112977992743254
6305,126.1,bwt,2,0.7219458222389221,1132.824951171875,633.4081420898438,1268.8546142578125,670.2718505859375,136.0296630859375,36.86370849609375,5014.5576171875,0.002418285934254527
6310,126.2,bwt,2,0.8237888216972351,912.34814453125,631.8385620117188,1040.823486328125,666.00634765625,128.475341796875,34.16778564453125,4389.7177734375,0.0021169548854231834
6310,126.2,bwt,2,0.7153604030609131,1132.5377197265625,633.3925170898438,1268.104736328125,670.2891845703125,135.5670166015625,36.89666748046875,5001.97119140625,0.0024122160393744707
6315,126.3,bwt,2,0.8326104879379272,913.0567016601562,631.8577880859375,1040.528564453125,665.7504272460938,127.47186279296875,33.89263916015625,4320.35791015625,0.0020835059694945812
6315,126.3,bwt,2,0.7226560711860657,1132.9547119140625,633.4441528320312,1268.3055419921875,670.3136596679688,135.350830078125,36.8695068359375,4990.318359375,0.002406596438959241
6320,126.4,bwt,2,0.8266939520835876,911.9297485351562,631.863525390625,1040.4437255859375,665.6678466796875,128.51397705078125,33.8043212890625,4344.32763671875,0.002095065312460065
6320,126.4,bwt,2,0.7247039675712585,1132.6036376953125,633.1456909179688,1267.95849609375,670.1419067382812,135.3548583984375,36.9962158203125,5007.61767578125,0.0024149389937520027
6325,126.5,bwt,2,0.8180971741676331,912.4451904296875,631.8215942382812,1040.6646728515625,665.8370971679688,128.219482421875,34.0155029296875,4361.4501953125,0.002103322884067893
6325,126.5,bwt,2,0.7107533812522888,1133.5894775390625,633.6448974609375,1267.6700439453125,670.4393920898438,134.08056640625,36.79449462890625,4933.4267578125,0.002379160374403
6330,126.6,bwt,2,0.8188817501068115,912.4254760742188,631.8400268554688,1040.988525390625,665.95654296875,128.56304931640625,34.11651611328125,4386.12353515625,0.002115221694111824
6330,126.6,bwt,2,0.7340257167816162,1134.884521484375,633.5765991210938,1267.6959228515625,670.08447265625,132.8114013671875,36.50787353515625,4848.66162109375,0.0023382820654660463
6335,126.7,bwt,2,0.8087950348854065,911.799072265625,631.8683471679688,1040.2979736328125,665.9570922851562,128.4989013671875,34.0887451171875,4380.3662109375,0.0021124451886862516
6335,126.7,bwt,2,0.7261763215065002,1133.2640380859375,633.2421264648438,1267.73828125,669.9383544921875,134.4742431640625,36.69622802734375,4934.697265625,0.002379772951826453
6340,126.8,bwt,2,0.8057371377944946,912.3846435546875,632.0740356445312,1040.8751220703125,665.9013671875,128.490478515625,33.82733154296875,4346.490234375,0.0020961083937436342
6340,126.8,bwt,2,0.7126200199127197,1134.356201171875,633.6893310546875,1268.0726318359375,670.4921264648438,133.7164306640625,36.80279541015625,4921.138671875,0.0023732343688607216
6345,126.9,bwt,2,0.8145241141319275,912.7889404296875,631.9866943359375,1040.92138671875,665.8154907226562,128.1324462890625,33.82879638671875,4334.56640625,0.002090357942506671
6345,126.9,bwt,2,0.7247911691665649,1134.688720703125,633.4987182617188,1268.894287109375,670.4057006835938,134.20556640625,36.906982421875,4953.12255859375,0.0023886587005108595
6350,127.0,bwt,2,0.8212947845458984,912.4102783203125,631.9928588867188,1040.6978759765625,665.5565185546875,128.28759765625,33.56365966796875,4305.80126953125,0.0020764858927577734
6350,127.0,bwt,2,0.7392196655273438,1134.2020263671875,633.213623046875,1268.081298828125,670.32080078125,133.8792724609375,37.107177734375,4967.8818359375,0.0023957763332873583
6355,127.1,bwt,2,0.8518528938293457,913.2947998046875,632.812744140625,1042.136474609375,666.6796875,128.8416748046875,33.866943359375,4363.4736328125,0.0021042986772954464
6355,127.1,bwt,2,0.5652672052383423,1134.441162109375,631.8319091796875,1266.3846435546875,669.3671875,131.9434814453125,37.5352783203125,4952.53515625,0.0023883753456175327
6505,130.1,bwt,2,0.4176025390625,1846.7003173828125,922.8125610351562,1872.74755859375,952.2647705078125,26.0472412109375,29.45220947265625,767.1488037109375,0.00036995988921262324
6520,130.4,bwt,2,0.5058152675628662,1727.6693115234375,838.2283325195312,1772.9449462890625,867.0584106445312,45.275634765625,28.830078125,1305.300048828125,0.0006294850027188659
6530,130.6,bwt,2,0.42492252588272095,1627.502685546875,802.8837280273438,1665.117919921875,825.2703857421875,37.615234375,22.38665771484375,842.0794067382812,0.00040609537973068655
6555,131.1,bwt,2,0.5308054685592651,1240.0689697265625,798.2127685546875,1299.333984375,819.6522216796875,59.2650146484375,21.439453125,1270.6094970703125,0.0006127553642727435
6560,131.2,bwt,2,0.44155001640319824,1151.7010498046875,800.4077758789062,1205.7745361328125,822.77197265625,54.073486328125,22.36419677734375,1209.31005859375,0.0005831934977322817
6570,131.4,bwt,2,0.41163021326065063,994.4842529296875,792.4266967773438,1040.386962890625,812.3514404296875,45.9027099609375,19.92474365234375,914.5997314453125,0.0004410685505717993
6575,131.5,bwt,2,0.4039861559867859,920.0311279296875,776.1751708984375,953.2259521484375,795.3804931640625,33.19482421875,19.205322265625,637.5172729492188,0.0003074446867685765
6650,133.0,bwt,2,0.4165099263191223,1650.9124755859375,726.1011962890625,1679.4254150390625,745.4742431640625,28.512939453125,19.373046875,552.3825073242188,0.0002663881750777364
6655,133.1,petronas,9,0.5449395179748535,996.104248046875,392.54229736328125,1060.4974365234375,399.1444091796875,64.3931884765625,6.60211181640625,425.13104248046875,0.00020502075494732708
6680,133.6,oracle,8,0.4348665177822113,984.834228515625,1024.9786376953125,1019.2667846679688,1053.052734375,34.43255615234375,28.0740966796875,966.6629028320312,0.00046617616317234933
6690,133.8,atlasian,1,0.4326673448085785,1146.356689453125,512.760986328125,1196.9970703125,524.2888793945312,50.640380859375,11.52789306640625,583.7769165039062,0.0002815282205119729
6700,134.0,oracle,8,0.46977895498275757,809.547607421875,492.2677917480469,868.8294677734375,498.2711486816406,59.2818603515625,6.00335693359375,355.8901672363281,0.00017162912990897894
6705,134.1,atlasian,1,0.5492474436759949,801.5640869140625,488.7010192871094,863.1311645507812,495.06768798828125,61.56707763671875,6.366668701171875,391.9771728515625,0.0001890322018880397
6720,134.4,atlasian,1,0.4160604774951935,775.3968505859375,482.7537536621094,838.246337890625,489.4314880371094,62.8494873046875,6.677734375,419.6921691894531,0.0002023978449869901
6770,135.4,oracle,8,0.503235399723053,868.6033935546875,481.1405334472656,949.52685546875,495.9214782714844,80.9234619140625,14.78094482421875,1196.125244140625,0.0005768350674770772
6805,136.1,bwt,2,0.5750994086265564,808.7965087890625,458.08734130859375,849.312744140625,492.7209167480469,40.5162353515625,34.633575439453125,1403.2220458984375,0.000676708179526031
6920,138.4,hp,4,0.40753787755966187,1354.1964111328125,648.2957153320312,1377.826904296875,664.192626953125,23.6304931640625,15.89691162109375,375.65185546875,0.00018115926650352776
6935,138.7,okx,7,0.5723965167999268,520.939208984375,314.1051025390625,558.1331176757812,334.9684143066406,37.19390869140625,20.863311767578125,775.9880981445312,0.0003742226690519601
6940,138.8,okx,7,0.6364747285842896,577.599609375,319.1512145996094,620.316650390625,342.3813781738281,42.717041015625,23.23016357421875,992.3238525390625,0.00047855122829787433
6945,138.9,okx,7,0.49489226937294006,655.05908203125,324.2962646484375,691.14013671875,344.52398681640625,36.0810546875,20.22772216796875,729.8375244140625,0.0003519663878250867
6950,139.0,okx,7,0.4282505512237549,675.8174438476562,282.0792236328125,714.327392578125,291.91510009765625,38.50994873046875,9.83587646484375,378.7790832519531,0.00018266738334205002
6955,139.1,okx,7,0.5757265686988831,738.54345703125,285.152099609375,788.609619140625,295.3139343261719,50.066162109375,10.161834716796875,508.7640686035156,0.0002453530323691666
6960,139.2,okx,7,0.6285403966903687,801.8709106445312,288.9320068359375,845.8568725585938,299.4699401855469,43.9859619140625,10.537933349609375,463.5211486816406,0.00022353450185619295
6970,139.4,okx,7,0.6490320563316345,882.5504760742188,296.6730651855469,930.8609008789062,306.6116027832031,48.3104248046875,9.93853759765625,480.1349792480469,0.00023154658265411854
6975,139.5,oracle,8,0.5824394226074219,486.21453857421875,314.6983642578125,553.8903198242188,331.3810729980469,67.67578125,16.682708740234375,1129.015380859375,0.0005444711423479021
6980,139.6,oracle,8,0.6724282503128052,560.6639404296875,316.42962646484375,634.41552734375,333.4168701171875,73.7515869140625,16.98724365234375,1252.836181640625,0.0006041841115802526
6985,139.7,okx,7,0.6165974736213684,1015.425537109375,307.4606628417969,1048.1195068359375,317.6311340332031,32.6939697265625,10.17047119140625,332.5130920410156,0.00016035547014325857
6990,139.8,okx,7,0.6944918036460876,994.0484619140625,310.7900390625,1042.0037841796875,320.754638671875,47.955322265625,9.964599609375,477.8555908203125,0.0002304473309777677
6995,139.9,okx,7,0.6436073780059814,975.124755859375,312.57342529296875,1023.75390625,324.1705322265625,48.629150390625,11.59710693359375,563.9574584960938,0.000271970231551677
7000,140.0,okx,7,0.6930894255638123,921.1396484375,314.76312255859375,972.2586669921875,325.0594787597656,51.1190185546875,10.296356201171875,526.339599609375,0.00025382888270542026
7005,140.1,okx,7,0.6488161683082581,872.212646484375,318.5472412109375,921.5331420898438,330.85650634765625,49.32049560546875,12.30926513671875,607.0990600585938,0.00029277539579197764
7010,140.2,okx,7,0.40809983015060425,794.9612426757812,388.9114074707031,821.5802001953125,421.1084289550781,26.61895751953125,32.197021484375,857.0511474609375,0.00041331557440571487
7015,140.3,okx,7,0.6505408883094788,691.204833984375,327.1941833496094,748.11767578125,339.111083984375,56.912841796875,11.916900634765625,678.2246704101562,0.0003270759480074048
7020,140.4,okx,7,0.5836243033409119,633.2249755859375,333.81768798828125,684.1531372070312,345.2135925292969,50.92816162109375,11.395904541015625,580.3724975585938,0.00027988641522824764
7020,140.4,petronas,9,0.48387834429740906,890.980224609375,310.7927551269531,970.050537109375,323.5346984863281,79.0703125,12.741943359375,1007.5094604492188,0.00048587453784421086
7025,140.5,okx,7,0.7259858846664429,552.7012329101562,338.5684509277344,610.6011352539062,352.3653259277344,57.89990234375,13.796875,798.8377075195312,0.0003852419613394886
7030,140.6,okx,7,0.7245216965675354,464.0444030761719,345.2477722167969,530.2711181640625,357.7391052246094,66.22671508789062,12.4913330078125,827.2599487304688,0.0003989486722275615
7030,140.6,okx,7,0.45197567343711853,490.8136901855469,419.50909423828125,521.5575561523438,463.04693603515625,30.743865966796875,43.537841796875,1338.5216064453125,0.0006455061957240105
7035,140.7,okx,7,0.7431854009628296,396.44073486328125,355.333984375,461.6477355957031,367.98529052734375,65.20700073242188,12.65130615234375,824.9537353515625,0.00039783649845048785
7035,140.7,oracle,8,0.4834287166595459,731.787353515625,375.5912170410156,784.5211791992188,394.541015625,52.73382568359375,18.949798583984375,999.2953491210938,0.00048191327368840575
7040,140.8,okx,7,0.7307971119880676,339.745361328125,362.8813781738281,402.1681213378906,375.3540954589844,62.422760009765625,12.47271728515625,778.5814208984375,0.0003754732897505164
7040,140.8,oracle,8,0.6698042154312134,648.5109252929688,387.866943359375,707.913330078125,412.2178955078125,59.40240478515625,24.3509521484375,1446.505126953125,0.0006975815631449223
7045,140.9,okx,7,0.622144877910614,333.6602478027344,373.50946044921875,370.4906005859375,386.5177001953125,36.830352783203125,13.00823974609375,479.0980529785156,0.00023104652063921094
7085,141.7,okx,7,0.6073866486549377,366.628662109375,541.6856689453125,470.8201599121094,561.4081420898438,104.19149780273438,19.72247314453125,2054.9140625,0.0009909886866807938
7090,141.8,okx,7,0.7656552791595459,505.4611511230469,552.8802490234375,632.2152099609375,574.7457275390625,126.75405883789062,21.865478515625,2771.5380859375,0.001336582819931209
7095,141.9,okx,7,0.9181613922119141,745.5187377929688,829.5806274414062,829.9613647460938,957.8209228515625,84.442626953125,128.24029541015625,10828.947265625,0.005222293082624674
7095,141.9,okx,7,0.5707383751869202,459.0177307128906,579.7763671875,559.0369873046875,632.28515625,100.01925659179688,52.5087890625,5251.89013671875,0.0025327401235699654
7095,141.9,okx,7,0.544236958026886,680.1416625976562,596.3246459960938,820.2024536132812,620.369384765625,140.060791015625,24.04473876953125,3367.72509765625,0.0016240958357229829
7095,141.9,okx,7,0.40978875756263733,831.141845703125,828.5513916015625,903.4701538085938,887.005859375,72.32830810546875,58.4544677734375,4227.91259765625,0.002038923790678382
7100,142.0,okx,7,0.8083431124687195,666.4525146484375,623.4890747070312,789.666015625,683.7860107421875,123.2135009765625,60.29693603515625,7429.396484375,0.0035828494001179934
7100,142.0,okx,7,0.7378484606742859,940.212890625,660.39892578125,1087.3565673828125,690.1246948242188,147.1436767578125,29.72576904296875,4373.958984375,0.002109355293214321
7100,142.0,okx,7,0.6019096970558167,1087.8624267578125,960.1961669921875,1184.3697509765625,1079.4613037109375,96.50732421875,119.26513671875,11509.958984375,0.005550713278353214
7100,142.0,okx,7,0.45006927847862244,1199.4296875,951.0507202148438,1363.34521484375,1031.9283447265625,163.91552734375,80.87762451171875,13257.0986328125,0.006393276620656252
7105,142.1,okx,7,0.8795304894447327,968.3508911132812,695.9091796875,1160.4097900390625,770.4418334960938,192.05889892578125,74.53265380859375,14314.6591796875,0.006903288420289755
7105,142.1,petronas,9,0.6683361530303955,843.78125,515.584716796875,1126.760498046875,552.298583984375,282.979248046875,36.7138671875,10389.2626953125,0.005010254215449095
7110,142.2,oracle,8,0.6215783953666687,1417.62744140625,807.43701171875,1686.2498779296875,900.2625122070312,268.6224365234375,92.82550048828125,24935.01171875,0.012024986557662487
7115,142.3,petronas,9,0.5490430593490601,1774.19921875,693.3656616210938,1920.5518798828125,744.1672973632812,146.3526611328125,50.8016357421875,7434.95458984375,0.0035855297464877367
7170,143.4,okx,7,0.6749147176742554,1125.8934326171875,624.7048950195312,1181.135498046875,635.8673095703125,55.2420654296875,11.16241455078125,616.6348266601562,0.0002973740338347852
7175,143.5,okx,7,0.7534053325653076,1137.4654541015625,625.5635986328125,1190.8016357421875,636.9685668945312,53.336181640625,11.40496826171875,608.2974853515625,0.00029335333965718746
7175,143.5,petronas,9,0.43348708748817444,1372.5986328125,621.6896362304688,1517.835205078125,639.1348266601562,145.236572265625,17.4451904296875,2533.6796875,0.001221874845214188
7180,143.6,okx,7,0.6889439821243286,1159.06396484375,626.4683227539062,1208.572265625,636.872802734375,49.50830078125,10.40447998046875,515.108154296875,0.0002484124852344394
7180,143.6,okx,7,0.4394335150718689,591.4464111328125,520.93896484375,630.022705078125,529.5786743164062,38.5762939453125,8.63970947265625,333.2879638671875,0.0001607291487744078
7185,143.7,okx,7,0.740201473236084,1176.450439453125,624.0053100585938,1227.0633544921875,635.9552612304688,50.6129150390625,11.949951171875,604.8218383789062,0.00029167719185352325
7185,143.7,aramco,0,0.6459221243858337,685.8654174804688,552.1691284179688,738.1038208007812,564.944091796875,52.2384033203125,12.77496337890625,667.3436889648438,0.0003218285564798862
7190,143.8,okx,7,0.7193160653114319,1203.301025390625,630.72802734375,1250.9581298828125,640.8849487304688,47.6571044921875,10.15692138671875,484.0494689941406,0.00023343434440903366
7190,143.8,aramco,0,0.6439917087554932,758.9973754882812,553.585693359375,823.37890625,567.6581420898438,64.38153076171875,14.07244873046875,906.0057983398438,0.0004369241069070995
7195,143.9,okx,7,0.6743670701980591,1234.6734619140625,630.4515991210938,1282.5228271484375,643.4252319335938,47.849365234375,12.9736328125,620.7800903320312,0.00029937311774119735
7195,143.9,aramco,0,0.4861465096473694,850.3790893554688,555.526123046875,897.2974853515625,567.4716796875,46.91839599609375,11.945556640625,560.4663696289062,0.00027028663316741586
7200,144.0,okx,7,0.6473226547241211,1250.5748291015625,632.72216796875,1294.0699462890625,643.8627319335938,43.4951171875,11.14056396484375,484.5601501464844,0.00023368062102235854
7200,144.0,okx,7,0.5421870350837708,1336.7139892578125,633.5662231445312,1372.8125,647.2781982421875,36.0985107421875,13.71197509765625,494.98187255859375,0.00023870653240010142
7200,144.0,aramco,0,0.4016594886779785,929.7973022460938,549.6084594726562,990.8826904296875,562.302001953125,61.08538818359375,12.69354248046875,775.3899536132812,0.00037393419188447297
7205,144.1,okx,7,0.6405766010284424,1264.46337890625,627.5401000976562,1305.894287109375,637.6341552734375,41.430908203125,10.09405517578125,418.20587158203125,0.00020168107585050166
7205,144.1,aramco,0,0.5862573981285095,1004.0119018554688,541.0819091796875,1061.6832275390625,553.2861328125,57.67132568359375,12.2042236328125,703.833740234375,0.000339425983838737
7205,144.1,okx,7,0.45880192518234253,1392.15185546875,616.2908325195312,1440.3607177734375,632.9518432617188,48.2088623046875,16.6610107421875,803.2083740234375,0.0003873497189488262
7210,144.2,okx,7,0.6491260528564453,1268.163330078125,617.7124633789062,1311.9049072265625,629.1455078125,43.7415771484375,11.43304443359375,500.0993957519531,0.00024117447901517153
7210,144.2,okx,7,0.4528236985206604,1353.773681640625,616.8984375,1397.8170166015625,630.1652221679688,44.0433349609375,13.26678466796875,584.3134155273438,0.00028178695356473327
7215,144.3,okx,7,0.5945960879325867,1264.61962890625,609.4033813476562,1302.95849609375,621.3323364257812,38.3388671875,11.928955078125,457.3426208496094,0.00022055489534977823
7215,144.3,okx,7,0.41819387674331665,1351.8162841796875,612.4876098632812,1397.4608154296875,625.4190063476562,45.64453125,12.931396484375,590.24755859375,0.00028464870410971344
7220,144.4,okx,7,0.5582423210144043,1264.76708984375,608.1021728515625,1306.671142578125,621.4551391601562,41.904052734375,13.35296630859375,559.5433959960938,0.00026984151918441057
7220,144.4,okx,7,0.533300518989563,1345.3564453125,611.837158203125,1396.6234130859375,624.2113037109375,51.2669677734375,12.3741455078125,634.3849487304688,0.00030593411065638065
7225,144.5,okx,7,0.6743833422660828,1337.1265869140625,625.0908203125,1388.9951171875,636.2907104492188,51.8685302734375,11.19989013671875,580.9218139648438,0.0002801513473968953
7230,144.6,okx,7,0.7316343188285828,1299.3441162109375,624.3568115234375,1355.63671875,636.3515625,56.2926025390625,11.9947509765625,675.2157592773438,0.000325624889228493
7235,144.7,okx,7,0.6908202767372131,1262.1181640625,624.56298828125,1319.7552490234375,636.7205810546875,57.6370849609375,12.1575927734375,700.7282104492188,0.00033792832982726395
7240,144.8,okx,7,0.6529739499092102,1221.724853515625,615.9104614257812,1287.708740234375,628.5436401367188,65.98388671875,12.6331787109375,833.5862426757812,0.0004019995394628495
7245,144.9,okx,7,0.716646671295166,1202.492919921875,600.6617431640625,1262.830322265625,613.0070190429688,60.33740234375,12.34527587890625,744.8818969726562,0.0003592215944081545
7250,145.0,okx,7,0.7338594198226929,1187.5670166015625,589.6931762695312,1255.9830322265625,603.5789794921875,68.416015625,13.88580322265625,950.0113525390625,0.0004581458924803883
7255,145.1,okx,7,0.7580132484436035,1186.9609375,571.0796508789062,1250.1822509765625,585.7675170898438,63.2213134765625,14.6878662109375,928.586181640625,0.00044781353790313005
7260,145.2,okx,7,0.7138242125511169,1170.331298828125,563.8568725585938,1233.2685546875,580.3527221679688,62.937255859375,16.495849609375,1038.2034912109375,0.0005006768624298275
7265,145.3,okx,7,0.7824861407279968,1149.5721435546875,573.2310791015625,1215.723388671875,588.4791259765625,66.1512451171875,15.248046875,1008.6773071289062,0.0004864377551712096
7270,145.4,okx,7,0.6836123466491699,1127.1334228515625,578.5732421875,1192.175048828125,594.1063232421875,65.0416259765625,15.5330810546875,1010.296875,0.0004872187855653465
7275,145.5,okx,7,0.7493618726730347,1109.7191162109375,581.9655151367188,1172.8836669921875,600.5948486328125,63.16455078125,18.62933349609375,1176.7135009765625,0.000567473703995347
7280,145.6,okx,7,0.7685382962226868,1108.7381591796875,583.4161376953125,1175.551025390625,601.1068725585938,66.8128662109375,17.69073486328125,1181.96875,0.0005700080655515194
7285,145.7,okx,7,0.4836038649082184,1029.859375,587.9893798828125,1081.6976318359375,602.536376953125,51.8382568359375,14.5469970703125,754.0909423828125,0.00036366269341669977
7285,145.7,okx,7,0.472458153963089,1141.02783203125,591.1424560546875,1198.4588623046875,604.8468017578125,57.4310302734375,13.704345703125,787.0546875,0.0003795595548581332
7290,145.8,okx,7,0.7156937122344971,1009.77197265625,589.9542846679688,1074.862060546875,606.863525390625,65.090087890625,16.90924072265625,1100.6240234375,0.0005307793035171926
7295,145.9,okx,7,0.6562460064888,1024.3277587890625,597.2892456054688,1095.496337890625,614.0421752929688,71.1685791015625,16.7529296875,1192.2822265625,0.0005749817937612534
7300,146.0,okx,7,0.7397419214248657,1055.560546875,603.7263793945312,1140.00537109375,621.4136352539062,84.44482421875,17.687255859375,1493.59716796875,0.0007202918641269207
7305,146.1,okx,7,0.7470132112503052,1153.5828857421875,619.6775512695312,1236.7093505859375,633.5878295898438,83.12646484375,13.9102783203125,1156.312255859375,0.0005576351541094482
7310,146.2,okx,7,0.6545467376708984,1301.5645751953125,631.6388549804688,1404.6710205078125,652.068115234375,103.1064453125,20.42926025390625,2106.388427734375,0.0010158122749999166
7315,146.3,okx,7,0.4975811541080475,1543.2938232421875,675.7320556640625,1648.3116455078125,698.0940551757812,105.017822265625,22.36199951171875,2348.408447265625,0.001132527249865234
7335,146.7,oracle,8,0.8737438917160034,749.9469604492188,638.99658203125,887.5516357421875,686.91748046875,137.60467529296875,47.9208984375,6594.1396484375,0.003180044237524271
7335,146.7,petronas,9,0.5740147233009338,662.5558471679688,521.6558837890625,849.7086791992188,547.8916625976562,187.15283203125,26.23577880859375,4910.10009765625,0.0023679109290242195
7340,146.8,oracle,8,0.9361518621444702,708.4252319335938,651.2662963867188,895.7785034179688,706.1785278320312,187.353271484375,54.9122314453125,10287.986328125,0.0049614133313298225
7345,146.9,oracle,8,0.9515542387962341,579.7068481445312,690.781005859375,853.30126953125,750.9837646484375,273.59442138671875,60.2027587890625,16471.138671875,0.007943257689476013
7350,147.0,oracle,8,0.9522924423217773,524.640625,738.7579956054688,895.9103393554688,800.3493041992188,371.26971435546875,61.59130859375,22866.98828125,0.011027676053345203
7355,147.1,oracle,8,0.9346832036972046,633.8475952148438,768.8428955078125,981.0968627929688,855.2219848632812,347.249267578125,86.37908935546875,29995.076171875,0.014465218409895897
7360,147.2,oracle,8,0.9517663717269897,851.130126953125,735.9260864257812,1064.929443359375,821.9974365234375,213.79931640625,86.07135009765625,18401.99609375,0.008874419145286083
7365,147.3,oracle,8,0.935421347618103,985.6678466796875,701.633056640625,1102.73681640625,761.98583984375,117.0689697265625,60.352783203125,7065.43798828125,0.0034073293209075928
7370,147.4,oracle,8,0.8996402025222778,1037.0272216796875,674.968017578125,1125.1622314453125,722.3896484375,88.135009765625,47.421630859375,4179.505859375,0.002015579491853714
7370,147.4,oracle,8,0.6325245499610901,689.734130859375,642.430419921875,888.93896484375,670.0333251953125,199.204833984375,27.6029052734375,5498.63232421875,0.002651732414960861
7375,147.5,oracle,8,0.8567350506782532,838.811279296875,623.8798217773438,1004.8155517578125,641.5771484375,166.0042724609375,17.69732666015625,2937.831787109375,0.0014167784247547388
7380,147.6,oracle,8,0.8099748492240906,946.607177734375,612.2799072265625,1102.046142578125,626.4271240234375,155.43896484375,14.147216796875,2199.02880859375,0.0010604884009808302
7385,147.7,oracle,8,0.7015366554260254,1029.510009765625,609.5709228515625,1165.315185546875,620.3978271484375,135.80517578125,10.826904296875,1470.349609375,0.0007090806611813605
7390,147.8,oracle,8,0.6820065975189209,1086.137451171875,598.5516967773438,1247.91796875,612.679931640625,161.780517578125,14.12823486328125,2285.673095703125,0.0011022728867828846
7440,148.8,okx,7,0.44070032238960266,796.2847290039062,551.8253173828125,817.1985473632812,557.7977294921875,20.913818359375,5.972412109375,124.90594482421875,6.02362779318355e-05
7445,148.9,okx,7,0.415652871131897,834.3187255859375,557.3053588867188,858.1962280273438,564.2147216796875,23.87750244140625,6.90936279296875,164.97833251953125,7.956130866659805e-05
7450,149.0,okx,7,0.46763673424720764,891.1788940429688,566.0379028320312,923.8568115234375,572.8955688476562,32.67791748046875,6.857666015625,224.09423828125,0.00010807014041347429
7480,149.6,oracle,8,0.7772084474563599,629.03271484375,534.3001708984375,674.1571044921875,553.1494750976562,45.1243896484375,18.84930419921875,850.5633544921875,0.00041018679621629417
7485,149.7,oracle,8,0.8530794978141785,581.4326171875,593.7069091796875,701.899658203125,625.547607421875,120.467041015625,31.8406982421875,3835.754638671875,0.0018498045392334461
7490,149.8,oracle,8,0.8043588995933533,970.0250244140625,664.0399169921875,1196.931640625,703.4507446289062,226.9066162109375,39.41082763671875,8942.5771484375,0.004312585573643446
7495,149.9,oracle,8,0.7448743581771851,1223.330322265625,571.3892822265625,1296.976806640625,612.9559936523438,73.646484375,41.56671142578125,3061.2421875,0.0014762935461476445
7495,149.9,okx,7,0.4029768109321594,1223.330322265625,571.3892822265625,1296.976806640625,612.9559936523438,73.646484375,41.56671142578125,3061.2421875,0.0014762935461476445
7505,150.1,oracle,8,0.593361496925354,913.3121337890625,504.719970703125,967.9525146484375,512.7003784179688,54.640380859375,7.98040771484375,436.0525207519531,0.00021028767514508218
7550,151.0,okx,7,0.43501588702201843,1116.5394287109375,533.8634033203125,1151.584228515625,542.017333984375,35.0447998046875,8.1539306640625,285.75286865234375,0.00013780519657302648
7555,151.1,okx,7,0.6681443452835083,1135.828369140625,533.7593994140625,1175.6279296875,541.7557983398438,39.799560546875,7.99639892578125,318.253173828125,0.00015347856970038265
7560,151.2,okx,7,0.7179133296012878,1163.3604736328125,538.4118041992188,1206.9718017578125,549.3717041015625,43.611328125,10.95989990234375,477.9757995605469,0.00023050530580803752
7565,151.3,okx,7,0.7171306610107422,1176.7540283203125,544.2100830078125,1232.450927734375,556.8212280273438,55.6968994140625,12.61114501953125,702.4016723632812,0.0003387353790458292
7570,151.4,okx,7,0.7550248503684998,1178.711181640625,548.8211669921875,1235.66162109375,562.4277954101562,56.950439453125,13.60662841796875,774.9034423828125,0.00037369958590716124
7575,151.5,okx,7,0.7932647466659546,1177.894287109375,545.0955200195312,1238.402099609375,561.3287353515625,60.5078125,16.23321533203125,982.236328125,0.00047368649393320084
7580,151.6,okx,7,0.7364205718040466,1176.20703125,536.2268676757812,1234.237060546875,552.3818359375,58.030029296875,16.15496826171875,937.4732666015625,0.00045209936797618866
7580,151.6,okx,7,0.6945467591285706,1287.21435546875,538.812255859375,1346.8829345703125,554.5022583007812,59.6685791015625,15.69000244140625,936.2001342773438,0.0004514853935688734
7585,151.7,okx,7,0.7013346552848816,1278.939453125,522.576904296875,1344.9853515625,538.768798828125,66.0458984375,16.19189453125,1069.408203125,0.000515725405421108
7585,151.7,okx,7,0.6549318432807922,1163.1339111328125,521.6394653320312,1217.2012939453125,539.7720947265625,54.0673828125,18.13262939453125,980.3837890625,0.0004727930936496705
7590,151.8,okx,7,0.6676406264305115,1257.863037109375,507.1695556640625,1325.9434814453125,525.5625,68.0804443359375,18.3929443359375,1252.1998291015625,0.0006038772407919168
7590,151.8,okx,7,0.6275612115859985,1126.173095703125,504.8304138183594,1184.755859375,522.296142578125,58.582763671875,17.465728759765625,1023.190673828125,0.0004934368771500885
7595,151.9,okx,7,0.77549809217453,1217.4884033203125,497.38385009765625,1299.5860595703125,518.3519287109375,82.09765625,20.96807861328125,1721.4300537109375,0.0008301649359054863
7600,152.0,okx,7,0.8234978914260864,1146.113037109375,492.4556579589844,1237.779052734375,514.7501220703125,91.666015625,22.294464111328125,2043.6446533203125,0.0009855539537966251
7605,152.1,okx,7,0.8167442083358765,1051.3485107421875,488.5577392578125,1138.6810302734375,512.243408203125,87.33251953125,23.6856689453125,2068.529052734375,0.0009975545108318329
7610,152.2,okx,7,0.4703289270401001,814.9269409179688,492.448974609375,988.8353271484375,519.7767944335938,173.90838623046875,27.32781982421875,4752.537109375,0.0022919257171452045
7615,152.3,okx,7,0.7668934464454651,560.9705200195312,664.2874145507812,648.2348022460938,708.9976806640625,87.2642822265625,44.71026611328125,3901.609375,0.001881563221104443
7615,152.3,okx,7,0.47018709778785706,569.1517944335938,496.2676086425781,652.2923583984375,522.2274169921875,83.14056396484375,25.959808349609375,2158.31298828125,0.0010408530943095684
7615,152.3,okx,7,0.4032651484012604,693.58935546875,502.83013916015625,798.7911987304688,526.93505859375,105.20184326171875,24.10491943359375,2535.8818359375,0.0012229367857798934
7645,152.9,oracle,8,0.9038500785827637,1464.0823974609375,535.190185546875,1576.4356689453125,568.959716796875,112.353271484375,33.76953125,3794.117431640625,0.001829724875278771
7650,153.0,oracle,8,0.9219610095024109,1479.5123291015625,560.83251953125,1638.0709228515625,600.9067993164062,158.55859375,40.07427978515625,6354.12158203125,0.0030642948113381863
7655,153.1,oracle,8,0.9576408267021179,1408.1236572265625,594.2933959960938,1644.0224609375,641.2818603515625,235.8988037109375,46.98846435546875,11084.5224609375,0.005345545243471861
7660,153.2,oracle,8,0.9492997527122498,1190.437255859375,633.0759887695312,1519.3233642578125,683.4656372070312,328.8861083984375,50.3896484375,16572.455078125,0.007992117665708065
7665,153.3,oracle,8,0.905199408531189,870.0997924804688,633.9957885742188,1242.8485107421875,708.3810424804688,372.74871826171875,74.38525390625,27727.0078125,0.01337143499404192
7670,153.4,oracle,8,0.9054940342903137,698.3544311523438,591.9044189453125,964.4559936523438,669.9539794921875,266.1015625,78.049560546875,20769.109375,0.010015967302024364
7675,153.5,oracle,8,0.60451340675354,663.72021484375,557.9657592773438,802.2240600585938,618.7405395507812,138.50384521484375,60.7747802734375,8417.541015625,0.004059385042637587
7680,153.6,oracle,8,0.9183874726295471,995.8751831054688,477.6200256347656,1185.156494140625,510.1879577636719,189.28131103515625,32.56793212890625,6164.5009765625,0.0029728496447205544
7680,153.6,oracle,8,0.6876578330993652,697.8558959960938,532.6123046875,779.2684936523438,578.9015502929688,81.41259765625,46.28924560546875,3768.52783203125,0.0018173841526731849
7685,153.7,oracle,8,0.7609624266624451,937.6263427734375,474.9602355957031,1108.9112548828125,501.82489013671875,171.284912109375,26.864654541015625,4601.509765625,0.002219092333689332
7690,153.8,oracle,8,0.45198673009872437,948.8277587890625,491.58990478515625,1066.9912109375,507.1989440917969,118.1634521484375,15.609039306640625,1844.41796875,0.000889476272277534
7705,154.1,oracle,8,0.4466266930103302,1066.1832275390625,532.7348022460938,1134.654541015625,544.378662109375,68.4713134765625,11.64385986328125,797.2703857421875,0.0003844861057586968
7710,154.2,oracle,8,0.5960700511932373,1081.6151123046875,532.7515869140625,1151.9974365234375,547.1056518554688,70.38232421875,14.35406494140625,1010.2724609375,0.0004872069985140115
7725,154.5,oracle,8,0.4684276580810547,1111.669921875,549.6650390625,1161.272705078125,560.989013671875,49.602783203125,11.323974609375,561.70068359375,0.00027088189381174743
7730,154.6,oracle,8,0.4756152033805847,1047.18359375,555.835205078125,1131.2354736328125,570.2709350585938,84.0518798828125,14.43572998046875,1213.3502197265625,0.0005851418827660382
7735,154.7,okx,7,0.6589497327804565,1156.048583984375,472.7346496582031,1201.1322021484375,479.963134765625,45.0836181640625,7.228485107421875,325.8862609863281,0.00015715965128038079
7740,154.8,okx,7,0.5304318070411682,1080.047607421875,477.4965515136719,1121.0419921875,484.9136657714844,40.994384765625,7.4171142578125,304.0600280761719,0.00014663388719782233
7745,154.9,okx,7,0.6795966625213623,999.7808227539062,479.5762634277344,1045.2552490234375,486.888916015625,45.47442626953125,7.312652587890625,332.5386657714844,0.000160367795615457
7750,155.0,okx,7,0.6097880601882935,934.0914306640625,481.86016845703125,972.37060546875,489.405517578125,38.2791748046875,7.54534912109375,288.8297424316406,0.00013928904081694782
7755,155.1,okx,7,0.682954728603363,873.6163940429688,473.4040222167969,916.7750244140625,481.39581298828125,43.15863037109375,7.991790771484375,344.91473388671875,0.00016633619088679552
7760,155.2,okx,7,0.6821458339691162,823.6249389648438,470.4127502441406,871.7664794921875,478.251953125,48.14154052734375,7.839202880859375,377.39129638671875,0.00018199811165686697
7815,156.3,moneygram,6,0.5568996071815491,735.6798095703125,484.27398681640625,967.450927734375,572.3386840820312,231.7711181640625,88.064697265625,20410.853515625,0.009843196719884872
7820,156.4,oracle,8,0.8937264680862427,737.1260375976562,483.6064758300781,968.2662963867188,572.4601440429688,231.1402587890625,88.85366821289062,20537.66015625,0.009904350154101849
7825,156.5,oracle,8,0.8842465877532959,736.4280395507812,484.0412902832031,970.2727661132812,573.8346557617188,233.8447265625,89.79336547851562,20997.705078125,0.010126207955181599
7830,156.6,oracle,8,0.7492563128471375,737.4405517578125,484.31488037109375,970.1670532226562,573.4275512695312,232.72650146484375,89.1126708984375,20738.880859375,0.010001389309763908
7835,156.7,oracle,8,0.7397560477256775,736.9346313476562,484.38641357421875,971.7867431640625,573.4724731445312,234.85211181640625,89.0860595703125,20922.048828125,0.010089722461998463
7840,156.8,oracle,8,0.7335052490234375,736.0359497070312,483.499267578125,972.6697387695312,573.877197265625,236.6337890625,90.3779296875,21386.47265625,0.01031369250267744
7845,156.9,oracle,8,0.7623745799064636,735.1898803710938,484.98681640625,973.7138061523438,574.817138671875,238.52392578125,89.830322265625,21426.681640625,0.01033308357000351
7870,157.4,oracle,8,0.5179418325424194,735.5748291015625,483.9498291015625,970.0973510742188,577.1791381835938,234.52252197265625,93.22930908203125,21864.373046875,0.010544161312282085
7875,157.5,oracle,8,0.879348635673523,738.0010375976562,483.6443786621094,971.5892333984375,577.0509643554688,233.58819580078125,93.40658569335938,21818.67578125,0.01052212342619896
7880,157.6,oracle,8,0.9220758676528931,736.3518676757812,483.37750244140625,970.2991943359375,575.8711547851562,233.94732666015625,92.49365234375,21638.642578125,0.010435301810503006
7885,157.7,oracle,8,0.9370365738868713,736.9703369140625,484.6714782714844,969.7205810546875,575.731689453125,232.750244140625,91.06021118164062,21194.287109375,0.010221010074019432
7890,157.8,oracle,8,0.9347238540649414,736.0519409179688,484.8406677246094,968.8160400390625,575.3646240234375,232.76409912109375,90.52395629882812,21070.7265625,0.01016142312437296
7895,157.9,oracle,8,0.9394667148590088,734.0884399414062,483.8798828125,968.2081298828125,575.045166015625,234.11968994140625,91.165283203125,21343.587890625,0.01029301155358553
7900,158.0,oracle,8,0.933037519454956,734.111572265625,483.7961120605469,970.072265625,574.7371826171875,235.960693359375,90.94107055664062,21458.517578125,0.010348436422646046
7905,158.1,oracle,8,0.9181013703346252,734.5740356445312,484.1523132324219,971.4644775390625,575.8031005859375,236.89044189453125,91.65078735351562,21711.1953125,0.010470290668308735
7910,158.2,oracle,8,0.8122861385345459,734.0804443359375,484.3616027832031,967.4938354492188,576.172607421875,233.41339111328125,91.81100463867188,21429.91796875,0.010334644466638565
7940,158.8,oracle,8,0.6648398041725159,735.58984375,487.7137756347656,968.5540161132812,574.46484375,232.96417236328125,86.75106811523438,20209.890625,0.009746282361447811
7945,158.9,oracle,8,0.8729499578475952,735.8209228515625,483.9983825683594,971.412841796875,573.2619018554688,235.5919189453125,89.26351928710938,21029.763671875,0.01014166884124279
7950,159.0,oracle,8,0.7832406759262085,737.4390869140625,483.4206848144531,970.755615234375,573.8489379882812,233.3165283203125,90.42825317382812,21098.40625,0.010174771770834923
7955,159.1,oracle,8,0.7843630313873291,736.0654296875,483.5894775390625,968.9954833984375,573.385498046875,232.9300537109375,89.7960205078125,20916.19140625,0.010086897760629654
7960,159.2,oracle,8,0.8439180850982666,734.739501953125,483.9668884277344,968.1351318359375,574.1956176757812,233.3956298828125,90.22872924804688,21058.990234375,0.010155763477087021
7965,159.3,oracle,8,0.8693363666534424,736.3876342773438,484.1444091796875,968.8651733398438,573.8250732421875,232.4775390625,89.6806640625,20848.740234375,0.010054369457066059
7970,159.4,oracle,8,0.8982872366905212,736.4881591796875,484.0451965332031,969.10009765625,573.859130859375,232.6119384765625,89.81393432617188,20891.79296875,0.010075131431221962
7975,159.5,oracle,8,0.9182475209236145,735.160888671875,484.53125,968.3311767578125,574.0245971679688,233.1702880859375,89.49334716796875,20867.189453125,0.01006326638162136
7980,159.6,oracle,8,0.9311816692352295,734.5128784179688,484.59503173828125,968.8109130859375,573.572021484375,234.29803466796875,88.97698974609375,20847.134765625,0.010053595528006554
7985,159.7,oracle,8,0.9418342709541321,737.8658447265625,485.11920166015625,969.6756591796875,574.4627685546875,231.809814453125,89.34356689453125,20710.71484375,0.009987805970013142
7990,159.8,oracle,8,0.9473786950111389,735.100341796875,485.8772888183594,969.25732421875,574.4241333007812,234.156982421875,88.54684448242188,20733.861328125,0.009998968802392483
7995,159.9,oracle,8,0.9405779838562012,737.1033935546875,485.315185546875,969.503662109375,574.1767578125,232.4002685546875,88.861572265625,20651.453125,0.009959227405488491
8000,160.0,oracle,8,0.9434777498245239,736.1798706054688,485.0626220703125,969.8828735351562,574.2252197265625,233.7030029296875,89.16259765625,20837.56640625,0.010048980824649334
8005,160.1,oracle,8,0.9469369053840637,735.600830078125,485.03851318359375,969.3909301757812,574.3133544921875,233.79010009765625,89.27484130859375,20871.57421875,0.010065381415188313
8010,160.2,oracle,8,0.941964328289032,736.517578125,485.666015625,969.4037475585938,574.592529296875,232.88616943359375,88.926513671875,20709.755859375,0.009987344034016132
8015,160.3,oracle,8,0.9382089376449585,737.71044921875,484.2150573730469,969.5289306640625,574.0392456054688,231.8184814453125,89.82418823242188,20822.90625,0.010041911154985428
8020,160.4,oracle,8,0.9338524341583252,736.940673828125,484.25274658203125,969.8505859375,574.1583251953125,232.909912109375,89.90557861328125,20939.900390625,0.010098331607878208
8025,160.5,oracle,8,0.9381902813911438,737.0123291015625,484.21917724609375,970.6717529296875,574.654052734375,233.659423828125,90.43487548828125,21130.9609375,0.010190471075475216
8030,160.6,oracle,8,0.935416042804718,738.1742553710938,484.33721923828125,969.823974609375,574.8439331054688,231.64971923828125,90.5067138671875,20965.85546875,0.01011084858328104
8035,160.7,oracle,8,0.9267971515655518,736.7330322265625,483.983154296875,967.6876831054688,574.9558715820312,230.95465087890625,90.97271728515625,21010.572265625,0.010132413357496262
8040,160.8,oracle,8,0.9061470031738281,735.70361328125,484.03399658203125,965.6897583007812,574.6627197265625,229.98614501953125,90.62872314453125,20843.3515625,0.010051771067082882
8045,160.9,oracle,8,0.9237871170043945,733.2352294921875,484.33135986328125,968.4957275390625,574.3369140625,235.260498046875,90.00555419921875,21174.751953125,0.010211589746177197
8050,161.0,oracle,8,0.908621609210968,737.3750610351562,484.3883361816406,969.572998046875,574.0734252929688,232.19793701171875,89.68508911132812,20824.693359375,0.010042772628366947
8050,161.0,okx,7,0.41775086522102356,1406.966064453125,236.97457885742188,1470.729736328125,281.58197021484375,63.763671875,44.607391357421875,2844.3310546875,0.001371687394566834
8055,161.1,oracle,8,0.9177037477493286,734.9693603515625,483.2379150390625,966.287841796875,573.5315551757812,231.3184814453125,90.29364013671875,20886.587890625,0.010072621516883373
8060,161.2,oracle,8,0.9094757437705994,736.4039306640625,484.3857421875,970.93310546875,574.36865234375,234.5291748046875,89.98291015625,21103.6171875,0.010177284479141235
8065,161.3,oracle,8,0.8924649953842163,735.6727905273438,484.4827880859375,965.569580078125,575.2327270507812,229.89678955078125,90.74993896484375,20863.119140625,0.010061303153634071
8070,161.4,oracle,8,0.8742551803588867,739.1105346679688,483.9786376953125,970.398681640625,574.7950439453125,231.28814697265625,90.81640625,21004.7578125,0.010129609145224094
8070,161.4,okx,7,0.4697169363498688,1289.6923828125,290.17755126953125,1319.787109375,319.1375732421875,30.0947265625,28.96002197265625,871.5439453125,0.0004203047719784081
8075,161.5,oracle,8,0.8512961864471436,733.5383911132812,483.71185302734375,967.4240112304688,574.36962890625,233.8856201171875,90.65777587890625,21203.55078125,0.010225477628409863
8080,161.6,oracle,8,0.8682899475097656,734.1212158203125,482.673583984375,971.579833984375,574.1649780273438,237.4586181640625,91.49139404296875,21725.419921875,0.010477150790393353
8085,161.7,oracle,8,0.8818639516830444,737.8816528320312,484.2644958496094,972.22412109375,574.4115600585938,234.34246826171875,90.14706420898438,21125.28515625,0.010187733918428421
8090,161.8,oracle,8,0.9199605584144592,737.8682250976562,484.59722900390625,971.185546875,573.7032470703125,233.31732177734375,89.10601806640625,20789.9765625,0.010026030242443085
8095,161.9,oracle,8,0.9195559024810791,736.546875,484.1946716308594,969.578369140625,574.1646118164062,233.031494140625,89.96994018554688,20965.830078125,0.01011083647608757
8100,162.0,oracle,8,0.9134382009506226,736.4664916992188,483.4591979980469,971.2489624023438,573.481201171875,234.782470703125,90.02200317382812,21135.587890625,0.010192702524363995
8105,162.1,oracle,8,0.9160411357879639,738.5097045898438,483.5201721191406,970.3292236328125,573.0211791992188,231.81951904296875,89.50100708007812,20748.080078125,0.010005825199186802
8110,162.2,oracle,8,0.9233341217041016,737.1165161132812,484.3094787597656,970.8121337890625,572.7306518554688,233.69561767578125,88.42117309570312,20663.640625,0.009965104050934315
8115,162.3,oracle,8,0.9062699675559998,734.142578125,483.1485290527344,965.4651489257812,574.2044067382812,231.32257080078125,91.05587768554688,21063.279296875,0.010157831013202667
8120,162.4,oracle,8,0.9146203398704529,735.726806640625,484.5443420410156,970.2978515625,573.6233520507812,234.571044921875,89.07901000976562,20895.357421875,0.010076850652694702
8125,162.5,oracle,8,0.9214198589324951,738.7772827148438,484.50299072265625,969.7999267578125,573.9309692382812,231.02264404296875,89.427978515625,20659.888671875,0.009963295422494411
8130,162.6,oracle,8,0.9278106689453125,738.8359375,484.37249755859375,970.1067504882812,572.610107421875,231.27081298828125,88.23760986328125,20406.783203125,0.009841234423220158
8135,162.7,oracle,8,0.9047630429267883,737.8019409179688,483.7864990234375,964.5994873046875,574.1223754882812,226.79754638671875,90.33587646484375,20487.955078125,0.009880379773676395
8140,162.8,oracle,8,0.9210045337677002,738.1736450195312,484.2915344238281,969.2387084960938,574.040771484375,231.0650634765625,89.74923706054688,20737.9140625,0.010000922717154026
8145,162.9,oracle,8,0.9293185472488403,737.0631103515625,484.1971130371094,969.1094970703125,574.1557006835938,232.04638671875,89.95858764648438,20874.564453125,0.010066823102533817
8150,163.0,oracle,8,0.9168312549591064,738.3896484375,483.4005126953125,969.4583129882812,573.8338012695312,231.06866455078125,90.43328857421875,20896.298828125,0.01007730420678854
8155,163.1,oracle,8,0.9229788780212402,735.1096801757812,484.318115234375,969.5476684570312,573.9951782226562,234.43798828125,89.67706298828125,21023.7109375,0.01013874914497137
8160,163.2,oracle,8,0.9042887091636658,737.609375,484.4598693847656,969.2478637695312,573.3095092773438,231.63848876953125,88.84963989257812,20580.99609375,0.00992524903267622
8165,163.3,oracle,8,0.9155619144439697,738.2456665039062,483.8142395019531,969.4309692382812,573.299072265625,231.185302734375,89.48483276367188,20687.578125,0.009976648725569248
8170,163.4,oracle,8,0.9186108112335205,738.9326782226562,483.30242919921875,969.1071166992188,573.9522094726562,230.1744384765625,90.6497802734375,20865.26171875,0.010062336921691895
8175,163.5,oracle,8,0.9188438653945923,739.2786865234375,483.4074401855469,969.9661865234375,573.7160034179688,230.6875,90.30856323242188,20833.056640625,0.010046806186437607
8180,163.6,oracle,8,0.9229820370674133,734.9721069335938,483.9693908691406,969.2017211914062,573.61279296875,234.2296142578125,89.64340209960938,20997.138671875,0.010125935077667236
8185,163.7,oracle,8,0.923387885093689,737.8076782226562,482.73968505859375,967.5910034179688,573.9287109375,229.7833251953125,91.18902587890625,20953.716796875,0.010104994289577007
8190,163.8,oracle,8,0.9258866310119629,736.0030517578125,484.8453369140625,969.7764892578125,573.1773681640625,233.7734375,88.33203125,20649.681640625,0.009958372451364994
8195,163.9,oracle,8,0.918106734752655,736.80078125,484.7210998535156,970.573974609375,572.86572265625,233.773193359375,88.14462280273438,20605.849609375,0.009937234222888947
8200,164.0,oracle,8,0.9272294044494629,734.3401489257812,483.8809814453125,970.364013671875,573.4212036132812,236.02386474609375,89.54022216796875,21133.62890625,0.010191758163273335
8205,164.1,oracle,8,0.9029337763786316,739.1421508789062,484.8658447265625,970.1373901367188,572.9589233398438,230.9952392578125,88.09307861328125,20349.08203125,0.009813407436013222
8210,164.2,oracle,8,0.9062624573707581,734.5950317382812,482.563232421875,970.0518188476562,573.268798828125,235.456787109375,90.70556640625,21357.2421875,0.01029959600418806
8215,164.3,oracle,8,0.8997500538825989,736.54638671875,483.7264099121094,971.143798828125,573.6055908203125,234.597412109375,89.87918090820312,21085.423828125,0.010168510489165783
8220,164.4,oracle,8,0.8996599316596985,737.8452758789062,484.4892272949219,970.5615234375,573.5612182617188,232.71624755859375,89.07199096679688,20728.5,0.00999638345092535
8225,164.5,oracle,8,0.8938566446304321,738.1488037109375,484.5213623046875,970.3892822265625,573.623291015625,232.240478515625,89.1019287109375,20693.07421875,0.009979299269616604
8230,164.6,oracle,8,0.8851922154426575,738.6909790039062,484.31695556640625,972.5748901367188,572.7717895507812,233.8839111328125,88.454833984375,20688.162109375,0.009976929984986782
8235,164.7,oracle,8,0.8772256374359131,736.974609375,483.3204040527344,973.1226806640625,573.06103515625,236.1480712890625,89.74063110351562,21192.076171875,0.010219943709671497
8240,164.8,oracle,8,0.8790457844734192,734.8646240234375,483.82989501953125,976.565673828125,571.8468627929688,241.7010498046875,88.0169677734375,21273.79296875,0.010259352624416351
8245,164.9,oracle,8,0.7289056181907654,782.3978271484375,485.0025329589844,977.3186645507812,562.7681274414062,194.92083740234375,77.76559448242188,15158.134765625,0.007310057058930397
8315,166.3,oracle,8,0.8180142641067505,738.0067138671875,483.0835876464844,970.5765380859375,578.1839599609375,232.56982421875,95.10037231445312,22117.4765625,0.010666221380233765
8320,166.4,oracle,8,0.9295029640197754,737.291259765625,483.29327392578125,967.6685791015625,576.9219970703125,230.3773193359375,93.62872314453125,21569.93359375,0.010402167215943336
8325,166.5,oracle,8,0.9294092655181885,739.7713623046875,484.0787048339844,972.5036010742188,577.0140380859375,232.73223876953125,92.93533325195312,21629.048828125,0.010430675931274891
8330,166.6,oracle,8,0.9259788393974304,738.086181640625,483.35455322265625,972.6604614257812,577.0252685546875,234.57427978515625,93.67071533203125,21972.740234375,0.010596421547234058
8335,166.7,oracle,8,0.9320936799049377,738.6613159179688,483.3436279296875,971.5220336914062,577.0966186523438,232.8607177734375,93.75299072265625,21831.388671875,0.010528254322707653
8340,166.8,oracle,8,0.9443830251693726,737.50439453125,484.26690673828125,970.8983154296875,576.0509643554688,233.3939208984375,91.7840576171875,21421.841796875,0.010330749675631523
8345,166.9,oracle,8,0.9437689185142517,737.5885620117188,484.3313293457031,969.5654296875,574.7361450195312,231.97686767578125,90.40481567382812,20971.826171875,0.010113728232681751
8350,167.0,oracle,8,0.9479392170906067,738.450439453125,484.5264892578125,968.6156005859375,576.1362915039062,230.1651611328125,91.60980224609375,21085.384765625,0.01016849186271429
8355,167.1,oracle,8,0.9493182301521301,737.5509643554688,485.02581787109375,968.5447387695312,575.9381103515625,230.9937744140625,90.91229248046875,21000.173828125,0.010127398185431957
8360,167.2,oracle,8,0.9497116208076477,738.876708984375,485.1205749511719,969.255859375,576.09326171875,230.379150390625,90.97268676757812,20958.2109375,0.010107161477208138
8365,167.3,oracle,8,0.9476083517074585,736.7200317382812,484.0311279296875,968.468994140625,575.8128051757812,231.74896240234375,91.78167724609375,21270.30859375,0.01025767158716917
8370,167.4,oracle,8,0.9476578831672668,738.85986328125,485.2166748046875,967.9297485351562,575.7059326171875,229.06988525390625,90.4892578125,20728.36328125,0.009996317327022552
8375,167.5,oracle,8,0.945685625076294,737.2273559570312,484.4051513671875,968.5021362304688,575.2127685546875,231.2747802734375,90.8076171875,21001.51171875,0.010128043591976166
8380,167.6,oracle,8,0.9455487728118896,734.421875,484.3116149902344,969.598388671875,574.6316528320312,235.176513671875,90.32003784179688,21241.15234375,0.0102436114102602
8385,167.7,oracle,8,0.950329065322876,739.2615356445312,485.090087890625,969.4125366210938,575.1987915039062,230.1510009765625,90.10870361328125,20738.607421875,0.010001257061958313
8390,167.8,oracle,8,0.9474740028381348,737.4138793945312,484.1613464355469,969.4385375976562,575.266845703125,232.024658203125,91.10549926757812,21138.72265625,0.010194214060902596
8395,167.9,oracle,8,0.9514784812927246,736.7613525390625,485.0809326171875,969.1434936523438,574.6947021484375,232.38214111328125,89.61376953125,20824.638671875,0.010042746551334858
8400,168.0,oracle,8,0.9530728459358215,736.864013671875,484.58843994140625,968.6268920898438,574.9649658203125,231.76287841796875,90.37652587890625,20945.923828125,0.010101236402988434
8405,168.1,oracle,8,0.9547100067138672,736.889404296875,484.57171630859375,968.6005859375,574.9166870117188,231.711181640625,90.344970703125,20933.939453125,0.01009545661509037
8410,168.2,oracle,8,0.9585862159729004,737.199462890625,484.2191162109375,969.4613037109375,575.41748046875,232.2618408203125,91.1983642578125,21181.900390625,0.010215036571025848
8415,168.3,oracle,8,0.9591192007064819,736.9235229492188,484.42279052734375,969.5291748046875,574.8729248046875,232.60565185546875,90.45013427734375,21039.212890625,0.010146225802600384
8420,168.4,oracle,8,0.9566222429275513,738.1002807617188,485.1199035644531,967.2147216796875,575.1181640625,229.11444091796875,89.99826049804688,20619.900390625,0.009944010525941849
8425,168.5,oracle,8,0.9443005323410034,738.70263671875,485.91351318359375,967.591064453125,575.8244018554688,228.888427734375,89.910888671875,20579.5625,0.009924557991325855
8430,168.6,oracle,8,0.8553770184516907,740.1339111328125,481.8464660644531,970.5994873046875,575.8916625976562,230.465576171875,94.04519653320312,21674.1796875,0.01045244000852108
8585,171.7,bwt,2,0.48815658688545227,629.7064819335938,399.41729736328125,692.27783203125,473.4676818847656,62.57135009765625,74.05038452148438,4633.4326171875,0.002234487095847726
8705,174.1,capp,3,0.4033094346523285,1321.2142333984375,167.62155151367188,1631.66064453125,207.8868408203125,310.4464111328125,40.265289306640625,12500.21484375,0.006028267089277506
8720,174.4,capp,3,0.41622430086135864,1206.5626220703125,389.7632141113281,1251.875244140625,436.2490539550781,45.3126220703125,46.48583984375,2106.395263671875,0.0010158156510442495
8730,174.6,capp,3,0.4601939022541046,834.4571533203125,607.68505859375,1324.881591796875,803.9286499023438,490.4244384765625,196.24359130859375,96242.65625,0.04641331732273102
8760,175.2,capp,3,0.7067362666130066,1379.0762939453125,389.1312255859375,1564.2490234375,423.034423828125,185.1727294921875,33.9031982421875,6277.94775390625,0.0030275597237050533
8875,177.5,hp,4,0.4476251006126404,763.9934692382812,88.80674743652344,837.190673828125,113.93927001953125,73.19720458984375,25.132522583007812,1839.63037109375,0.0008871674071997404
9370,187.4,atlasian,1,0.41872045397758484,1214.7996826171875,561.4996948242188,1273.3369140625,567.4634399414062,58.5372314453125,5.9637451171875,349.10113525390625,0.00016835509450174868
9375,187.5,atlasian,1,0.47550031542778015,1266.197021484375,569.6928100585938,1331.6611328125,575.4959106445312,65.464111328125,5.8031005859375,379.89483642578125,0.0001832054549595341
9380,187.6,atlasian,1,0.4621289372444153,1307.5909423828125,573.7813110351562,1373.181640625,580.1109619140625,65.5906982421875,6.32965087890625,415.1662292480469,0.00020021518866997212
9420,188.4,petronas,9,0.5948285460472107,1245.2308349609375,526.5825805664062,1303.4869384765625,532.646484375,58.256103515625,6.06390380859375,353.2593994140625,0.000170360435731709
9430,188.6,petronas,9,0.4923873841762543,1260.4718017578125,523.4058837890625,1309.9766845703125,528.0250854492188,49.5048828125,4.61920166015625,228.67303466796875,0.00011027827713405713
9430,188.6,petronas,9,0.44523531198501587,1055.828369140625,476.9975280761719,1110.3814697265625,483.77703857421875,54.5531005859375,6.779510498046875,369.84332275390625,0.00017835808102972806
9435,188.7,petronas,9,0.5691460371017456,1096.685546875,478.5093688964844,1148.22998046875,485.52423095703125,51.54443359375,7.014862060546875,361.57708740234375,0.00017437167116440833
9440,188.8,petronas,9,0.5161330699920654,1121.724609375,482.4765930175781,1163.163818359375,487.8442077636719,41.439208984375,5.36761474609375,222.42970275878906,0.00010726741311373189
9445,188.9,petronas,9,0.5506154894828796,1132.5841064453125,482.62493896484375,1175.6280517578125,487.8835754394531,43.0439453125,5.258636474609375,226.3524627685547,0.00010915917664533481
9450,189.0,petronas,9,0.5714292526245117,1138.4681396484375,481.992919921875,1185.874267578125,486.8646240234375,47.4061279296875,4.8717041015625,230.94862365722656,0.00011137568799313158
9450,189.0,petronas,9,0.4922771751880646,955.3041381835938,449.9880065917969,1007.0323486328125,456.0028991699219,51.72821044921875,6.014892578125,311.1396179199219,0.00015004804299678653
9475,189.5,atlasian,1,0.5125728845596313,1070.105224609375,544.9430541992188,1136.1524658203125,551.015380859375,66.0472412109375,6.07232666015625,401.0604248046875,0.00019341263396199793
9475,189.5,petronas,9,0.4101331830024719,1758.3284912109375,676.0817260742188,1918.4547119140625,702.598388671875,160.126220703125,26.51666259765625,4246.01318359375,0.002047653077170253
9485,189.7,petronas,9,0.45735591650009155,881.0549926757812,482.4166564941406,933.8756713867188,487.7665710449219,52.8206787109375,5.34991455078125,282.58612060546875,0.0001362780312774703
9490,189.8,petronas,9,0.41466236114501953,996.0081787109375,528.4588012695312,1059.3232421875,535.9341430664062,63.3150634765625,7.475341796875,473.3017272949219,0.0002282512141391635
9510,190.2,moneygram,6,0.6902322173118591,1511.5067138671875,743.0484008789062,1574.9813232421875,780.2263793945312,63.474609375,37.177978515625,2359.857666015625,0.0011380485957488418
9535,190.7,atlasian,1,0.46150273084640503,1224.625732421875,524.166015625,1341.7088623046875,535.9329223632812,117.0831298828125,11.76690673828125,1377.706298828125,0.0006644031382165849
9685,193.7,hp,4,0.40882107615470886,1254.4471435546875,862.35400390625,1273.677490234375,878.11279296875,19.2303466796875,15.7587890625,303.0469665527344,0.00014614533574786037
9710,194.2,hp,4,0.43765532970428467,1541.3681640625,798.9714965820312,1574.192626953125,812.278564453125,32.824462890625,13.30706787109375,436.79736328125,0.00021064687462057918
9815,196.3,aramco,0,0.5533456206321716,350.1980895996094,624.1433715820312,743.9631958007812,735.333251953125,393.7651062011719,111.18988037109375,43782.6953125,0.02111434005200863
9825,196.5,oracle,8,0.40074145793914795,342.158935546875,615.2879028320312,821.7112426757812,746.560302734375,479.55230712890625,131.27239990234375,62951.98046875,0.03035878762602806
9885,197.7,aramco,0,0.4694333076477051,352.36822509765625,615.4070434570312,826.8671875,736.1232299804688,474.49896240234375,120.7161865234375,57279.70703125,0.027623316273093224
9980,199.6,capp,3,0.5739293098449707,336.96923828125,613.1393432617188,819.5966796875,747.2920532226562,482.62744140625,134.1527099609375,64745.77734375,0.031223850324749947
10010,200.2,oracle,8,0.41392138600349426,341.3508605957031,621.3532104492188,835.0368041992188,766.1412353515625,493.6859436035156,144.78802490234375,71479.8125,0.034471359103918076
10125,202.5,petronas,9,0.46134644746780396,1285.6090087890625,154.7570343017578,1364.9713134765625,166.84585571289062,79.3623046875,12.088821411132812,959.396728515625,0.00046267203288152814
10205,204.1,aramco,0,0.4337136447429657,344.38818359375,615.252685546875,823.7743530273438,733.3461303710938,479.38616943359375,118.09344482421875,56612.36328125,0.02730148658156395
10250,205.0,aramco,0,0.4214758276939392,348.2355651855469,614.62841796875,826.8026733398438,736.113037109375,478.5671081542969,121.484619140625,58138.54296875,0.02803749218583107
10260,205.2,aramco,0,0.4547033905982971,347.20037841796875,614.6781005859375,825.0460205078125,736.032470703125,477.84564208984375,121.3543701171875,57988.65625,0.027965208515524864
10530,210.6,aramco,0,0.43331512808799744,355.9127502441406,615.9971923828125,834.68798828125,742.840576171875,478.7752380371094,126.8433837890625,60729.47265625,0.029286975041031837
10550,211.0,aramco,0,0.423490047454834,359.9614562988281,616.7411499023438,833.5468139648438,740.5740966796875,473.5853576660156,123.83294677734375,58645.46875,0.028281958773732185
10650,213.0,bwt,2,0.4109704792499542,504.0888977050781,653.678955078125,658.0595703125,672.4971313476562,153.97067260742188,18.81817626953125,2897.447265625,0.0013973028399050236
10655,213.1,bwt,2,0.6133281588554382,508.97760009765625,504.8924560546875,663.609375,526.7353515625,154.63177490234375,21.8428955078125,3377.605712890625,0.0016288608312606812
10655,213.1,bwt,2,0.4890030026435852,583.0774536132812,425.78228759765625,693.1297607421875,444.4905090332031,110.05230712890625,18.708221435546875,2058.8828125,0.0009929025545716286
10655,213.1,hp,4,0.4184510111808777,810.633056640625,41.03399658203125,875.1608276367188,60.91283416748047,64.52777099609375,19.87883758544922,1282.737060546875,0.0006186038954183459
10660,213.2,hp,4,0.8952673673629761,736.3798217773438,609.00048828125,838.029296875,697.3247680664062,101.64947509765625,88.32427978515625,8978.1162109375,0.004329724237322807
10665,213.3,hp,4,0.8697659373283386,727.458984375,594.730712890625,829.24169921875,680.9466552734375,101.78271484375,86.2159423828125,8775.29296875,0.004231912083923817
10670,213.4,hp,4,0.7869871854782104,742.3740844726562,593.0228881835938,840.8177490234375,678.7000122070312,98.44366455078125,85.6771240234375,8434.3701171875,0.004067501053214073
10675,213.5,hp,4,0.7145354747772217,765.3389892578125,608.8970947265625,866.777587890625,696.0586547851562,101.4385986328125,87.16156005859375,8841.546875,0.004263863433152437
10680,213.6,hp,4,0.9138607382774353,787.2423706054688,618.800048828125,886.2149047851562,705.8070068359375,98.9725341796875,87.0069580078125,8611.298828125,0.004152825567871332
10685,213.7,hp,4,0.9007415771484375,805.4383544921875,622.7847900390625,911.2091064453125,708.6903076171875,105.770751953125,85.905517578125,9086.291015625,0.004381891805678606
10690,213.8,capp,3,0.515461266040802,897.3468017578125,754.3980102539062,1319.2987060546875,793.4806518554688,421.951904296875,39.0826416015625,16490.994140625,0.007952832616865635
10700,214.0,hp,4,0.880694568157196,928.3309326171875,714.8508911132812,1027.8662109375,799.9964599609375,99.5352783203125,85.14556884765625,8474.98828125,0.004087089095264673
10700,214.0,hp,4,0.5345118045806885,1358.79248046875,0.6170917749404907,1410.0743408203125,30.341032028198242,51.2818603515625,29.723939895629883,1524.2989501953125,0.0007350978557951748
10705,214.1,hp,4,0.8831380009651184,984.5562744140625,720.915283203125,1075.0797119140625,797.346923828125,90.5234375,76.431640625,6918.85498046875,0.003336639143526554
10705,214.1,hp,4,0.8057484030723572,1378.4822998046875,45.69743728637695,1431.43408203125,84.41735076904297,52.9517822265625,38.719913482666016,2050.288330078125,0.0009887578198686242
10705,214.1,hp,4,0.6467725038528442,1200.4195556640625,44.116416931152344,1246.45751953125,80.4938735961914,46.0379638671875,36.37745666503906,1674.7440185546875,0.0008076504454948008
10710,214.2,hp,4,0.8665714859962463,1002.736572265625,708.3324584960938,1092.4132080078125,775.2608642578125,89.6766357421875,66.92840576171875,6001.9140625,0.002894441597163677
10710,214.2,hp,4,0.7862157225608826,1372.3504638671875,83.6429214477539,1423.26953125,120.71171569824219,50.9190673828125,37.06879425048828,1887.5084228515625,0.0009102567564696074
10715,214.3,hp,4,0.8809133768081665,1015.6759643554688,682.0071411132812,1096.319091796875,746.7178344726562,80.64312744140625,64.710693359375,5218.47265625,0.002516624517738819
10720,214.4,hp,4,0.8384665250778198,1019.5801391601562,674.1123657226562,1095.6363525390625,729.6294555664062,76.05621337890625,55.51708984375,4222.41943359375,0.002036274876445532
10720,214.4,hp,4,0.7593862414360046,1325.7508544921875,155.7004852294922,1371.56591796875,186.46054077148438,45.8150634765625,30.760055541992188,1409.27392578125,0.0006796267116442323
10720,214.4,hp,4,0.5373062491416931,1187.8994140625,153.17417907714844,1229.4981689453125,182.9677734375,41.5987548828125,29.793594360351562,1239.37646484375,0.0005976931424811482
10725,214.5,hp,4,0.862518310546875,1013.2040405273438,664.1792602539062,1082.6385498046875,719.000244140625,69.43450927734375,54.82098388671875,3806.468017578125,0.0018356809159740806
10725,214.5,hp,4,0.4721636176109314,1163.22705078125,194.05618286132812,1327.648681640625,221.44068908691406,164.421630859375,27.384506225585938,4502.60498046875,0.0021713951136916876
10730,214.6,hp,4,0.7904074788093567,1001.4777221679688,659.8355712890625,1068.0518798828125,705.095458984375,66.57415771484375,45.2598876953125,3013.138916015625,0.001453095581382513
10745,214.9,hp,4,0.8025332689285278,726.7192993164062,630.6931762695312,775.0365600585938,670.4486083984375,48.3172607421875,39.75543212890625,1920.87353515625,0.000926347216591239
10750,215.0,hp,4,0.7921025156974792,723.542724609375,624.2892456054688,779.6151123046875,666.8258056640625,56.0723876953125,42.53656005859375,2385.12646484375,0.0011502346023917198
10755,215.1,hp,4,0.8057732582092285,721.5720825195312,626.7343139648438,774.0111083984375,668.8412475585938,52.43902587890625,42.10693359375,2208.046630859375,0.001064837328158319
10760,215.2,hp,4,0.7827016711235046,713.4526977539062,633.0947875976562,770.035400390625,671.7680053710938,56.58270263671875,38.6732177734375,2188.235107421875,0.0010552831226959825
10760,215.2,bwt,2,0.40338531136512756,913.2026977539062,468.2865905761719,988.802978515625,480.0047912597656,75.60028076171875,11.71820068359375,885.8992919921875,0.0004272276710253209
10765,215.3,hp,4,0.707467257976532,708.5096435546875,656.34716796875,756.1838989257812,698.3640747070312,47.67425537109375,42.01690673828125,2003.124755859375,0.0009660131181590259
10765,215.3,bwt,2,0.5015044212341309,890.02099609375,497.4007263183594,977.1546630859375,513.3976440429688,87.1336669921875,15.996917724609375,1393.8701171875,0.0006721981917507946
10770,215.4,hp,4,0.8140881061553955,697.0657958984375,650.4059448242188,742.73779296875,691.2049560546875,45.6719970703125,40.79901123046875,1863.372314453125,0.0008986170287244022
10770,215.4,bwt,2,0.480133980512619,882.8104858398438,499.90594482421875,968.5489501953125,514.7453002929688,85.73846435546875,14.83935546875,1272.3035888671875,0.000613572308793664
10775,215.5,hp,4,0.6861869096755981,678.4815063476562,646.4949340820312,735.266845703125,689.8990478515625,56.78533935546875,43.40411376953125,2464.71728515625,0.001188617548905313
10780,215.6,hp,4,0.8411886096000671,641.55126953125,663.580078125,703.7171630859375,708.872802734375,62.1658935546875,45.292724609375,2815.66259765625,0.001357862027361989
10780,215.6,hp,4,0.7610472440719604,894.507568359375,678.7037353515625,971.880126953125,726.1563110351562,77.37255859375,47.45257568359375,3671.527099609375,0.0017706053331494331
10785,215.7,hp,4,0.7250922322273254,595.7899780273438,679.212158203125,658.8645629882812,730.9863891601562,63.0745849609375,51.77423095703125,3265.63818359375,0.0015748641453683376
10785,215.7,hp,4,0.7034912705421448,880.23388671875,697.254150390625,945.3906860351562,745.458984375,65.15679931640625,48.204833984375,3140.872802734375,0.0015146955847740173
10790,215.8,hp,4,0.564713716506958,832.5359497070312,727.7372436523438,917.8587646484375,783.1177368164062,85.32281494140625,55.3804931640625,4725.2197265625,0.0022787516936659813
10790,215.8,hp,4,0.5432407259941101,514.4420776367188,708.4351806640625,598.0150756835938,762.7723999023438,83.572998046875,54.33721923828125,4541.12451171875,0.002189971273764968
10790,215.8,hp,4,0.49820676445961,1020.8046264648438,272.584228515625,1179.5504150390625,299.9693908691406,158.74578857421875,27.385162353515625,4347.279296875,0.0020964888390153646
10795,215.9,hp,4,0.7616348266601562,1154.770263671875,236.26414489746094,1192.7337646484375,266.58099365234375,37.9635009765625,30.316848754882812,1150.9337158203125,0.0005550413625314832
10795,215.9,hp,4,0.6914339661598206,756.5673217773438,775.0414428710938,843.1715087890625,841.8909301757812,86.60418701171875,66.8494873046875,5789.4453125,0.0027919779531657696
10795,215.9,hp,4,0.6686937808990479,1029.1812744140625,233.21742248535156,1067.690185546875,262.392822265625,38.5089111328125,29.175399780273438,1123.5128173828125,0.000541817513294518
10795,215.9,hp,4,0.545669436454773,373.60052490234375,747.2877197265625,468.46002197265625,816.0693969726562,94.8594970703125,68.78167724609375,6524.59521484375,0.0031465061474591494
10800,216.0,hp,4,0.6859187483787537,673.7965087890625,806.552734375,755.9560546875,881.9285278320312,82.1595458984375,75.37579345703125,6192.8408203125,0.002986516570672393
10800,216.0,hp,4,0.6252167820930481,1202.260498046875,170.32626342773438,1239.8885498046875,202.53672790527344,37.6280517578125,32.21046447753906,1212.0169677734375,0.000584498920943588
10800,216.0,hp,4,0.6219873428344727,1055.770751953125,162.5863494873047,1094.76904296875,196.1280975341797,38.998291015625,33.541748046875,1308.07080078125,0.0006308211595751345
10805,216.1,hp,4,0.7851741909980774,597.9508056640625,817.0473022460938,705.6000366210938,902.3651123046875,107.64923095703125,85.31781005859375,9184.396484375,0.00442920345813036
10805,216.1,hp,4,0.7073283195495605,1265.1875,115.30372619628906,1309.21630859375,150.0354461669922,44.02880859375,34.731719970703125,1529.1962890625,0.0007374596316367388
10805,216.1,hp,4,0.6680992245674133,1114.1793212890625,109.7890625,1152.8348388671875,145.10328674316406,38.655517578125,35.31422424316406,1365.089599609375,0.0006583186914213002
10810,216.2,hp,4,0.6938323378562927,1399.1959228515625,66.58084106445312,1445.1396484375,100.81420135498047,45.9437255859375,34.233360290527344,1572.80810546875,0.0007584915729239583
10810,216.2,hp,4,0.6682886481285095,520.6444091796875,861.0296020507812,626.2205810546875,956.8698120117188,105.576171875,95.8402099609375,10118.4423828125,0.004879650194197893
10815,216.3,hp,4,0.8856104016304016,401.94134521484375,922.2579345703125,516.9114379882812,1034.4859619140625,114.9700927734375,112.22802734375,12902.8671875,0.006222447380423546
10825,216.5,hp,4,0.4112994074821472,1192.0777587890625,165.68223571777344,1264.904541015625,193.19451904296875,72.8267822265625,27.512283325195312,2003.631103515625,0.0009662572992965579
10830,216.6,hp,4,0.5584940910339355,327.0660095214844,160.15496826171875,383.451904296875,246.4158935546875,56.385894775390625,86.26092529296875,4863.8994140625,0.002345630433410406
10860,217.2,hp,4,0.8066142797470093,976.7667236328125,361.5359802246094,1051.3343505859375,427.3288879394531,74.567626953125,65.79290771484375,4906.02099609375,0.002365943742915988
10865,217.3,hp,4,0.6976736783981323,965.9590454101562,424.6875305175781,1012.3158569335938,468.3573303222656,46.3568115234375,43.6697998046875,2024.3927001953125,0.0009762695990502834
10910,218.2,capp,3,0.4474729001522064,1101.271484375,569.519287109375,1125.21337890625,589.9248657226562,23.94189453125,20.40557861328125,488.5482177734375,0.00023560388945043087
10915,218.3,capp,3,0.444834440946579,1112.2183837890625,568.9411010742188,1135.270263671875,585.3680419921875,23.0518798828125,16.42694091796875,378.671875,0.00018261568038724363
10945,218.9,petronas,9,0.4115374684333801,1090.2308349609375,409.9870300292969,1134.4246826171875,424.343505859375,44.19384765625,14.356475830078125,634.4678955078125,0.0003059740993194282
11020,220.4,petronas,9,0.5556045174598694,1328.924072265625,422.74749755859375,1444.57080078125,437.0282287597656,115.646728515625,14.280731201171875,1651.5198974609375,0.0007964505930431187
11025,220.5,bwt,2,0.543420135974884,1423.7611083984375,482.7266540527344,1477.2154541015625,528.3755493164062,53.454345703125,45.648895263671875,2440.1318359375,0.001176761114038527
11030,220.6,hp,4,0.7577696442604065,1399.5233154296875,422.25921630859375,1439.123779296875,455.5484313964844,39.6004638671875,33.289215087890625,1318.268310546875,0.0006357389502227306
11035,220.7,hp,4,0.8355903029441833,1379.0478515625,424.0033874511719,1431.5125732421875,469.8800354003906,52.4647216796875,45.87664794921875,2406.905517578125,0.0011607375927269459
11035,220.7,hp,4,0.4480600953102112,867.6585693359375,494.0804748535156,907.758056640625,520.5914916992188,40.0994873046875,26.511016845703125,1063.078125,0.0005126727046445012
11040,220.8,hp,4,0.8542746305465698,1300.443359375,442.41876220703125,1355.305908203125,496.45648193359375,54.862548828125,54.0377197265625,2964.64697265625,0.0014297101879492402
11040,220.8,hp,4,0.6549245715141296,658.789794921875,520.5433959960938,699.3561401367188,548.4617309570312,40.56634521484375,27.9183349609375,1132.5447998046875,0.0005461732507683337
11045,220.9,hp,4,0.9013934135437012,1266.813232421875,453.7486572265625,1348.7803955078125,524.8452758789062,81.9671630859375,71.09661865234375,5827.58837890625,0.002810372505337
11045,220.9,hp,4,0.8515059947967529,506.5458984375,518.518310546875,556.72607421875,553.2260131835938,50.18017578125,34.70770263671875,1741.638671875,0.0008399106445722282
11050,221.0,hp,4,0.8799831867218018,606.4196166992188,481.88848876953125,658.860595703125,516.9417114257812,52.44097900390625,35.05322265625,1838.225341796875,0.0008864898700267076
11050,221.0,hp,4,0.7342780232429504,1304.66796875,448.79827880859375,1406.7288818359375,524.5322875976562,102.0609130859375,75.7340087890625,7729.48193359375,0.0037275664508342743
11055,221.1,hp,4,0.8408414721488953,767.6849365234375,448.6466064453125,815.9921875,478.642822265625,48.3072509765625,29.9962158203125,1449.03466796875,0.0006988014210946858
11055,221.1,hp,4,0.8261828422546387,1227.521240234375,439.3328857421875,1318.78515625,502.33026123046875,91.263916015625,62.99737548828125,5749.38720703125,0.0027726597618311644
11060,221.2,hp,4,0.8735596537590027,1288.771484375,422.15521240234375,1359.8223876953125,477.0780029296875,71.0509033203125,54.92279052734375,3902.31396484375,0.001881902921013534
11065,221.3,hp,4,0.8052882552146912,1290.8873291015625,415.91802978515625,1344.2528076171875,455.8382873535156,53.365478515625,39.920257568359375,2130.36376953125,0.001027374528348446
11070,221.4,hp,4,0.6127778887748718,1256.7066650390625,421.75811767578125,1289.2691650390625,451.9419860839844,32.5625,30.183868408203125,982.8622436523438,0.0004739883588626981
11075,221.5,capp,3,0.6054603457450867,1295.4508056640625,437.4311828613281,1404.83544921875,450.9477233886719,109.3846435546875,13.51654052734375,1478.501953125,0.0007130121230147779
11105,222.1,capp,3,0.45842644572257996,1079.127685546875,457.5487365722656,1136.3499755859375,466.1679382324219,57.2222900390625,8.61920166015625,493.21044921875,0.00023785226221662015
11135,222.7,petronas,9,0.5474158525466919,891.009521484375,517.87060546875,1034.682373046875,534.5861206054688,143.6728515625,16.71551513671875,2401.565673828125,0.001158162485808134
11145,222.9,hp,4,0.49004969000816345,868.1637573242188,592.6435546875,901.64697265625,605.2862548828125,33.48321533203125,12.6427001953125,423.3182678222656,0.0002041465340880677
11160,223.2,hp,4,0.42848047614097595,1207.2774658203125,460.6931457519531,1234.5029296875,479.7760314941406,27.2254638671875,19.0828857421875,519.5404052734375,0.00025054995785467327
11165,223.3,hp,4,0.5479116439819336,1270.8040771484375,460.868408203125,1300.478515625,483.65496826171875,29.6744384765625,22.78656005859375,676.1783447265625,0.0003260890953242779
11170,223.4,hp,4,0.5952162742614746,1297.8385009765625,467.76708984375,1325.3372802734375,487.2099304199219,27.498779296875,19.442840576171875,534.6543579101562,0.00025783872115425766
11175,223.5,hp,4,0.577407956123352,1262.133056640625,467.03424072265625,1292.4898681640625,490.54669189453125,30.3568115234375,23.512451171875,713.7630615234375,0.0003442144370637834
11180,223.6,hp,4,0.8113462924957275,1197.8817138671875,469.46429443359375,1234.478271484375,494.15887451171875,36.5965576171875,24.694580078125,903.7366333007812,0.00043582977377809584
11185,223.7,hp,4,0.6535035371780396,1135.5927734375,475.823486328125,1168.06884765625,501.1870422363281,32.47607421875,25.363555908203125,823.708740234375,0.00039723608642816544
11190,223.8,hp,4,0.6150764226913452,1071.036865234375,480.6589050292969,1102.0391845703125,504.2447204589844,31.0023193359375,23.5858154296875,731.2149658203125,0.00035263068275526166
11195,223.9,hp,4,0.7041200995445251,1029.548095703125,481.4299011230469,1056.7520751953125,505.6243591308594,27.2039794921875,24.1944580078125,658.185546875,0.0003174120211042464
11200,224.0,hp,4,0.5565651655197144,1025.744873046875,485.2062683105469,1054.4173583984375,506.9308776855469,28.6724853515625,21.724609375,622.8985595703125,0.00030039474950172007
11205,224.1,hp,4,0.7832930684089661,1021.3203125,483.2729187011719,1062.6524658203125,510.84930419921875,41.3321533203125,27.576385498046875,1139.7913818359375,0.0005496679223142564
11210,224.2,hp,4,0.6818516254425049,1018.0220947265625,487.5264587402344,1055.8446044921875,513.6032104492188,37.822509765625,26.076751708984375,986.2882080078125,0.00047564052511006594
11215,224.3,hp,4,0.6859737634658813,1009.0958251953125,493.0750427246094,1042.862060546875,517.835205078125,33.7662353515625,24.760162353515625,836.0574951171875,0.0004031913122162223
11245,224.9,capp,3,0.507418155670166,996.4486083984375,536.9990234375,1046.797607421875,545.9415893554688,50.3489990234375,8.94256591796875,450.2492370605469,0.00021713408932555467
11250,225.0,capp,3,0.43825018405914307,969.5650634765625,537.30615234375,1029.288818359375,548.1052856445312,59.7237548828125,10.79913330078125,644.9647827148438,0.0003110362449660897
11265,225.3,capp,3,0.48236626386642456,953.4381103515625,538.2794189453125,1009.030517578125,547.40234375,55.5924072265625,9.1229248046875,507.16534423828125,0.0002445820427965373
11320,226.4,capp,3,0.41322287917137146,1023.51513671875,697.9339599609375,1069.5579833984375,714.5023193359375,46.0428466796875,16.568359375,762.8544311523438,0.0003678888897411525
11325,226.5,capp,3,0.4402391016483307,796.7657470703125,682.46875,908.0865478515625,702.0098266601562,111.32080078125,19.54107666015625,2175.328369140625,0.0010490588610991836
11330,226.6,capp,3,0.8707699179649353,674.3148803710938,676.2069091796875,780.068359375,690.48291015625,105.75347900390625,14.2760009765625,1509.73681640625,0.0007280752179212868
11335,226.7,capp,3,0.8333935737609863,610.164794921875,671.6332397460938,704.402587890625,685.2545776367188,94.23779296875,13.621337890625,1283.644775390625,0.0006190416752360761
11340,226.8,capp,3,0.775866687297821,566.7337036132812,663.4803466796875,656.5759887695312,676.2160034179688,89.84228515625,12.73565673828125,1144.2005615234375,0.0005517942481674254
11345,226.9,capp,3,0.7811312079429626,556.6854858398438,653.416015625,645.7164306640625,664.7904663085938,89.03094482421875,11.37445068359375,1012.6781005859375,0.0004883671645075083
11350,227.0,capp,3,0.8649752736091614,560.3370971679688,643.2572631835938,642.2879028320312,655.5814819335938,81.9508056640625,12.32421875,1009.9796752929688,0.0004870658158324659
11355,227.1,capp,3,0.7616598606109619,573.991455078125,635.3374633789062,644.5283813476562,645.5367431640625,70.53692626953125,10.19927978515625,719.4258422851562,0.0003469453367870301
11365,227.3,capp,3,0.7608648538589478,634.1900634765625,622.1945190429688,688.120361328125,630.294677734375,53.9302978515625,8.10015869140625,436.8439636230469,0.00021066934277769178
11370,227.4,capp,3,0.5336933135986328,676.5281372070312,612.9544067382812,733.685791015625,622.4067993164062,57.15765380859375,9.452392578125,540.276611328125,0.0002605500631034374
11470,229.4,petronas,9,0.4683813154697418,581.1441040039062,836.7061157226562,719.6516723632812,858.239013671875,138.507568359375,21.53289794921875,2982.46923828125,0.001438305014744401
11475,229.5,petronas,9,0.46875274181365967,414.37286376953125,828.270263671875,558.9323120117188,846.3043823242188,144.5594482421875,18.03411865234375,2607.002197265625,0.0012572348350659013
11810,236.2,bwt,2,0.4037681818008423,448.11151123046875,366.18902587890625,510.12261962890625,435.5118103027344,62.0111083984375,69.32278442382812,4298.78271484375,0.002073101233690977
11820,236.4,aramco,0,0.48427385091781616,1234.7099609375,443.3816833496094,1528.7745361328125,499.5265808105469,294.0645751953125,56.1448974609375,16510.224609375,0.007962106727063656
11825,236.5,aramco,0,0.5948925018310547,1228.7587890625,445.5356140136719,1533.8115234375,501.6141052246094,305.052734375,56.0784912109375,17106.896484375,0.008249853737652302
11830,236.6,aramco,0,0.6205295324325562,1225.6405029296875,444.50146484375,1538.826416015625,500.564697265625,313.1859130859375,56.063232421875,17558.21484375,0.008467502892017365
11990,239.8,capp,3,0.6075140237808228,563.8838500976562,439.8515319824219,621.044921875,463.2357177734375,57.16107177734375,23.384185791015625,1336.6651611328125,0.0006446109036915004
11990,239.8,capp,3,0.4965820610523224,1117.8326416015625,492.6465759277344,1179.7115478515625,553.4005126953125,61.87890625,60.753936767578125,3759.38720703125,0.001812976086512208
11995,239.9,capp,3,0.5932778120040894,530.1611328125,441.73388671875,577.2630615234375,463.2389221191406,47.1019287109375,21.505035400390625,1012.9286499023438,0.0004884879454039037
12015,240.3,capp,3,0.4463663697242737,809.138427734375,461.2889709472656,909.1567993164062,506.6866760253906,100.01837158203125,45.397705078125,4540.6044921875,0.0021897205151617527
12020,240.4,bwt,2,0.4353989064693451,722.7449340820312,507.34588623046875,886.5232543945312,666.5697021484375,163.7783203125,159.22381591796875,26077.408203125,0.012575910426676273
12030,240.6,capp,3,0.8257373571395874,1219.1773681640625,434.0283508300781,1414.98046875,472.4046936035156,195.8031005859375,38.3763427734375,7514.20703125,0.0036237495951354504
12035,240.7,capp,3,0.6153102517127991,1210.28076171875,450.0787048339844,1347.1724853515625,474.4993896484375,136.8917236328125,24.420684814453125,3342.98974609375,0.0016121671069413424
12045,240.9,oracle,8,0.41195857524871826,1096.798095703125,441.2182312011719,1214.3818359375,457.7201232910156,117.583740234375,16.50189208984375,1940.354248046875,0.0009357418166473508
12050,241.0,capp,3,0.4619022309780121,1046.09619140625,437.71649169921875,1158.2764892578125,452.5238342285156,112.1802978515625,14.807342529296875,1661.092041015625,0.0008010667515918612
12110,242.2,capp,3,0.45712900161743164,847.9783935546875,446.4361877441406,906.8828735351562,455.10809326171875,58.90447998046875,8.671905517578125,510.8140869140625,0.0002463416603859514
12405,248.1,atlasian,1,0.4172941744327545,1309.0875244140625,418.12957763671875,1377.8543701171875,423.4346923828125,68.766845703125,5.30511474609375,364.8160095214844,0.00017593364464119077
12490,249.8,petronas,9,0.5318567156791687,1248.6514892578125,299.6900329589844,1340.6619873046875,308.4479064941406,92.010498046875,8.75787353515625,805.8162841796875,0.00038860738277435303
12510,250.2,petronas,9,0.6742033958435059,1377.2281494140625,357.56097412109375,1602.875,388.6462097167969,225.6468505859375,31.085235595703125,7014.28564453125,0.0033826609142124653
12515,250.3,petronas,9,0.7740921378135681,1668.78369140625,642.3034057617188,1846.284423828125,719.45947265625,177.500732421875,77.15606689453125,13695.2587890625,0.006604580674320459
12540,250.8,petronas,9,0.7779103517532349,829.2748413085938,395.7195129394531,950.0050659179688,406.925048828125,120.730224609375,11.205535888671875,1352.846923828125,0.0006524146301671863
12545,250.9,petronas,9,0.7267017960548401,845.588623046875,396.67333984375,942.4422607421875,406.1142272949219,96.8536376953125,9.440887451171875,914.38427734375,0.00044096464989706874
12550,251.0,petronas,9,0.7294326424598694,838.3721313476562,400.146728515625,917.4902954101562,408.16973876953125,79.1181640625,8.02301025390625,634.765869140625,0.00030611781403422356
12555,251.1,petronas,9,0.6564497351646423,840.6788330078125,413.7041015625,911.0656127929688,421.24920654296875,70.38677978515625,7.54510498046875,531.0756225585938,0.00025611286400817335
12575,251.5,petronas,9,0.6440452337265015,1126.9278564453125,510.5697326660156,1244.0562744140625,522.23193359375,117.12841796875,11.662200927734375,1365.97509765625,0.0006587457028217614
12580,251.6,petronas,9,0.7139202952384949,1043.564453125,507.91015625,1139.2415771484375,516.478271484375,95.6771240234375,8.568115234375,819.7726440429688,0.00039533787639811635
12585,251.7,petronas,9,0.5312374234199524,996.2109375,507.37921142578125,1081.3492431640625,516.60400390625,85.1383056640625,9.22479248046875,785.3831787109375,0.00037875346606597304
12590,251.8,petronas,9,0.672482430934906,964.271484375,505.07989501953125,1047.7999267578125,514.1005249023438,83.5284423828125,9.0206298828125,753.4791870117188,0.00036336766788735986
12650,253.0,petronas,9,0.5959898233413696,1176.956787109375,519.4775390625,1235.27587890625,526.5382080078125,58.319091796875,7.0606689453125,411.77178955078125,0.00019857821462210268
12655,253.1,petronas,9,0.6162770390510559,1210.2279052734375,522.755859375,1272.3734130859375,528.525146484375,62.1455078125,5.769287109375,358.5352783203125,0.00017290475079789758
12660,253.2,petronas,9,0.4995843172073364,1242.0550537109375,519.3908081054688,1308.03369140625,525.9135131835938,65.9786376953125,6.522705078125,430.35919189453125,0.00020754204888362437
12675,253.5,atlasian,1,0.5384864211082458,971.71337890625,448.85552978515625,1047.4769287109375,455.1817932128906,75.7635498046875,6.326263427734375,479.3001708984375,0.00023114398936741054
12710,254.2,petronas,9,0.4061146676540375,1054.4478759765625,409.2520751953125,1118.242919921875,415.2437744140625,63.7950439453125,5.99169921875,382.24072265625,0.00018433676450513303
12720,254.4,petronas,9,0.5856775045394897,1133.1932373046875,407.00848388671875,1203.7447509765625,414.58355712890625,70.551513671875,7.5750732421875,534.432861328125,0.00025773191009648144
12725,254.5,petronas,9,0.534630298614502,1156.9359130859375,404.0783996582031,1225.989013671875,411.027587890625,69.0531005859375,6.949188232421875,479.8630065917969,0.00023141541169025004
12730,254.6,petronas,9,0.4529886543750763,839.8086547851562,346.7878112792969,917.5427856445312,352.5225524902344,77.734130859375,5.7347412109375,445.7851257324219,0.00021498124988283962
12735,254.7,petronas,9,0.536425769329071,890.518310546875,349.064453125,963.0390625,355.5534973144531,72.520751953125,6.489044189453125,470.5903625488281,0.0002269436517963186
12735,254.7,atlasian,1,0.5072947144508362,1148.285888671875,438.8849792480469,1256.1868896484375,446.067138671875,107.9010009765625,7.182159423828125,774.9622192382812,0.0003737279330380261
12740,254.8,petronas,9,0.5936301946640015,927.4000854492188,348.4748229980469,989.9556884765625,355.086181640625,62.55560302734375,6.611358642578125,413.5775146484375,0.0001994490303331986
12740,254.8,atlasian,1,0.4081105589866638,1078.589111328125,524.6309814453125,1278.4708251953125,536.9449462890625,199.8817138671875,12.31396484375,2461.33642578125,0.001186987035907805
12745,254.9,petronas,9,0.6055309772491455,930.7923583984375,343.99359130859375,996.58056640625,351.1224670410156,65.7882080078125,7.128875732421875,468.9959716796875,0.00022617475769948214
12750,255.0,atlasian,1,0.47438281774520874,1068.387939453125,517.0347290039062,1184.6868896484375,535.5673217773438,116.2989501953125,18.5325927734375,2155.321044921875,0.0010394102428108454
12750,255.0,atlasian,1,0.4702414870262146,1070.6339111328125,517.0936279296875,1273.67431640625,536.0159912109375,203.0404052734375,18.92236328125,3842.00439453125,0.0018528185319155455
12755,255.1,atlasian,1,0.6633927226066589,1063.5689697265625,490.7746276855469,1263.924072265625,511.0904235839844,200.3551025390625,20.3157958984375,4070.373291015625,0.001962949987500906
12760,255.2,atlasian,1,0.5694436430931091,1023.4293212890625,478.8523254394531,1239.65625,501.1077575683594,216.2269287109375,22.25543212890625,4812.2236328125,0.002320709638297558
12810,256.2,atlasian,1,0.5583271384239197,1449.2833251953125,508.4662780761719,1626.9091796875,528.4191284179688,177.6258544921875,19.952850341796875,3544.14208984375,0.001709173433482647
12820,256.4,atlasian,1,0.830991804599762,1384.749267578125,568.5101928710938,1490.708740234375,581.6401977539062,105.95947265625,13.1300048828125,1391.2484130859375,0.0006709338631480932
13080,261.6,hp,4,0.4115622043609619,1323.1561279296875,482.4172058105469,1348.602783203125,495.0860900878906,25.4466552734375,12.66888427734375,322.3807373046875,0.00015546911163255572
13095,261.9,hp,4,0.6836300492286682,1420.91748046875,437.497802734375,1453.09130859375,450.8123474121094,32.173828125,13.314544677734375,428.3798828125,0.00020658751600421965
13095,261.9,bwt,2,0.4602214992046356,1562.1383056640625,288.47430419921875,1685.9073486328125,304.8318786621094,123.76904296875,16.357574462890625,2024.561279296875,0.0009763509151525795
13100,262.0,bwt,2,0.40346986055374146,1343.775390625,399.03839111328125,1380.7921142578125,407.6065673828125,37.0167236328125,8.56817626953125,317.1658020019531,0.00015295419143512845
13105,262.1,hp,4,0.6899670958518982,1533.8714599609375,309.33984375,1571.807861328125,349.991455078125,37.9364013671875,40.651611328125,1542.1759033203125,0.0007437191088683903
13110,262.2,hp,4,0.7006636261940002,859.3928833007812,322.9233703613281,975.1819458007812,396.0298767089844,115.7890625,73.10650634765625,8464.93359375,0.004082240164279938
13175,263.5,petronas,9,0.43249377608299255,932.094970703125,479.061279296875,974.8370361328125,486.71343994140625,42.7420654296875,7.65216064453125,327.06915283203125,0.00015773011546116322
13210,264.2,hp,4,0.41067835688591003,745.2515258789062,419.2784729003906,760.5833740234375,434.7480773925781,15.33184814453125,15.4696044921875,237.17762756347656,0.00011437963985372335
13215,264.3,hp,4,0.5273011922836304,722.6627807617188,426.3548889160156,737.0414428710938,439.8920593261719,14.378662109375,13.53717041015625,194.64639282226562,9.386882447870448e-05
13220,264.4,hp,4,0.5018918514251709,706.2000122070312,449.5361633300781,722.1217041015625,462.9001159667969,15.92169189453125,13.36395263671875,212.7767333984375,0.00010261223360430449
13220,264.4,hp,4,0.4084516167640686,639.494384765625,403.8194274902344,657.9293212890625,423.012451171875,18.4349365234375,19.193023681640625,353.8221740722656,0.00017063182895071805
13225,264.5,hp,4,0.5051655173301697,726.5490112304688,482.22113037109375,740.54443359375,495.0356140136719,13.99542236328125,12.814483642578125,179.3441162109375,8.648924995213747e-05
13225,264.5,hp,4,0.4197544455528259,623.8010864257812,437.9187316894531,639.645751953125,455.81976318359375,15.84466552734375,17.901031494140625,283.6358642578125,0.00013678427785634995
13230,264.6,okx,7,0.5873597860336304,121.05393981933594,401.853271484375,156.80955505371094,410.993408203125,35.755615234375,9.14013671875,326.81121826171875,0.00015760572568979114
13235,264.7,hp,4,0.5760705471038818,759.0086059570312,588.57177734375,781.6145629882812,607.8544311523438,22.60595703125,19.28265380859375,435.90283203125,0.00021021548309363425
13235,264.7,okx,7,0.4400787651538849,127.63446807861328,402.21856689453125,158.9988555908203,411.04583740234375,31.36438751220703,8.8272705078125,276.8619384765625,0.00013351751840673387
13240,264.8,hp,4,0.6493077278137207,817.267333984375,626.5547485351562,841.6216430664062,643.8303833007812,24.35430908203125,17.275634765625,420.73614501953125,0.0002029012975981459
13240,264.8,okx,7,0.6222128868103027,119.09012603759766,401.88275146484375,156.64187622070312,411.8150939941406,37.55175018310547,9.932342529296875,372.9768371582031,0.0001798692246666178
13240,264.8,okx,7,0.48670104146003723,400.7644958496094,398.0514831542969,430.7156066894531,405.4334411621094,29.95111083984375,7.3819580078125,221.09783935546875,0.00010662511340342462
13245,264.9,okx,7,0.5674024820327759,118.86293029785156,401.76934814453125,157.99583435058594,410.9100036621094,39.132904052734375,9.140655517578125,357.7004089355469,0.00017250212840735912
13245,264.9,okx,7,0.483141154050827,399.60906982421875,395.64434814453125,432.2535095214844,403.1153564453125,32.644439697265625,7.47100830078125,243.8868865966797,0.00011761520727304742
13250,265.0,okx,7,0.6207091808319092,122.56486511230469,401.99920654296875,160.79202270507812,411.3834533691406,38.22715759277344,9.384246826171875,358.73309326171875,0.00017300013860221952
13255,265.1,okx,7,0.5779220461845398,118.7171859741211,401.7252502441406,158.49594116210938,411.30645751953125,39.77875518798828,9.581207275390625,381.1285095214844,0.00018380039546173066
13260,265.2,okx,7,0.6460382342338562,116.98081970214844,400.7135314941406,157.6389923095703,410.21124267578125,40.658172607421875,9.497711181640625,386.1595764160156,0.0001862266508396715
13265,265.3,okx,7,0.5826253890991211,116.79839324951172,401.0430908203125,157.84002685546875,409.9863586425781,41.04163360595703,8.943267822265625,367.04632568359375,0.00017700922035146505
13270,265.4,okx,7,0.4903765022754669,118.29952239990234,400.6279602050781,157.26007080078125,409.24151611328125,38.960548400878906,8.613555908203125,335.5888671875,0.00016183876141440123
13280,265.6,okx,7,0.4086335599422455,117.66532897949219,401.04840087890625,156.85694885253906,409.6185607910156,39.191619873046875,8.570159912109375,335.8784484863281,0.00016197841614484787
13285,265.7,okx,7,0.5506478548049927,120.17121887207031,400.8036804199219,156.7884521484375,408.9705505371094,36.61723327636719,8.1668701171875,299.0481872558594,0.0001442169159417972
13285,265.7,okx,7,0.44091373682022095,400.6684875488281,399.423095703125,433.4809875488281,407.4149475097656,32.8125,7.991851806640625,262.2326354980469,0.00012646250252146274
13295,265.9,okx,7,0.5929811000823975,120.16197967529297,400.92462158203125,157.81126403808594,409.3052673339844,37.64928436279297,8.380645751953125,315.52532958984375,0.00015216306201182306
13295,265.9,okx,7,0.46547025442123413,402.1446838378906,398.50830078125,434.9687194824219,406.4261779785156,32.82403564453125,7.917877197265625,259.8966979980469,0.00012533598055597395
13300,266.0,okx,7,0.6230997443199158,120.08969116210938,400.9782409667969,157.8545379638672,409.79534912109375,37.76484680175781,8.817108154296875,332.97674560546875,0.00016057906032074243
13305,266.1,okx,7,0.6175572276115417,119.00489807128906,400.891357421875,156.3700408935547,409.3233947753906,37.365142822265625,8.432037353515625,315.06427001953125,0.00015194072329904884
13305,266.1,bwt,2,0.5544594526290894,938.2349853515625,580.4364013671875,1013.0774536132812,596.7963256835938,74.84246826171875,16.35992431640625,1224.4171142578125,0.000590478943195194
13310,266.2,okx,7,0.6614169478416443,117.85932922363281,400.96356201171875,156.00668334960938,408.978515625,38.14735412597656,8.01495361328125,305.749267578125,0.00014744853251613677
13315,266.3,okx,7,0.6623749732971191,120.24237060546875,401.42022705078125,158.75099182128906,409.8194885253906,38.50862121582031,8.399261474609375,323.4439697265625,0.00015598184836562723
13320,266.4,hp,4,0.7066619992256165,866.0205688476562,547.527587890625,886.7660522460938,559.4387817382812,20.7454833984375,11.91119384765625,247.1034698486328,0.00011916641233256087
13320,266.4,okx,7,0.6303543448448181,117.99165344238281,400.9601745605469,157.3368682861328,409.1809387207031,39.34521484375,8.22076416015625,323.4477233886719,0.00015598366735503078
13325,266.5,okx,7,0.6219412684440613,118.62178802490234,400.8179016113281,158.80862426757812,409.81939697265625,40.18683624267578,9.001495361328125,361.7416076660156,0.00017445100820623338
13330,266.6,okx,7,0.6388046741485596,115.9173583984375,401.3302307128906,155.94200134277344,410.5296325683594,40.02464294433594,9.19940185546875,368.2027893066406,0.00017756693705450743
13330,266.6,atlasian,1,0.5917274951934814,579.5745239257812,348.5594177246094,732.0376586914062,364.18963623046875,152.463134765625,15.630218505859375,2383.0322265625,0.0011492246994748712
13335,266.7,okx,7,0.5877636075019836,119.03153991699219,402.2647705078125,156.96742248535156,411.47015380859375,37.935882568359375,9.20538330078125,349.2143249511719,0.0001684096932876855
13335,266.7,hp,4,0.5303397178649902,793.7049560546875,370.28863525390625,816.93994140625,398.0977783203125,23.2349853515625,27.80914306640625,646.14501953125,0.00031160542857833207
13335,266.7,atlasian,1,0.5080446004867554,592.94140625,336.909912109375,757.4203491210938,353.7681884765625,164.47894287109375,16.8582763671875,2772.83154296875,0.0013372065732255578
13340,266.8,okx,7,0.627419650554657,118.05192565917969,401.06207275390625,157.8500213623047,410.2711486816406,39.798095703125,9.209075927734375,366.5036926269531,0.00017674753325991333
13340,266.8,hp,4,0.47810453176498413,1103.817626953125,563.0067138671875,1127.637451171875,580.1258544921875,23.81982421875,17.119140625,407.7749328613281,0.00019665072613861412
13345,266.9,hp,4,0.8141551613807678,1102.467041015625,568.2418212890625,1131.6378173828125,589.2744140625,29.1707763671875,21.0325927734375,613.5370483398438,0.0002958801342174411
13345,266.9,hp,4,0.7404436469078064,642.0779418945312,320.03814697265625,665.3120727539062,335.3366394042969,23.234130859375,15.298492431640625,355.4471740722656,0.00017141549324151129
13345,266.9,okx,7,0.6118943095207214,117.41437530517578,400.7861022949219,157.9576416015625,409.7294006347656,40.54326629638672,8.94329833984375,362.59051513671875,0.00017486039723735303
13345,266.9,okx,7,0.46939578652381897,405.71929931640625,402.68060302734375,434.0238952636719,412.41748046875,28.304595947265625,9.73687744140625,275.598388671875,0.00013290817150846124
13350,267.0,hp,4,0.7656382918357849,1062.663330078125,578.3866577148438,1096.512939453125,599.7967529296875,33.849609375,21.41009521484375,724.723388671875,0.00034950010012835264
13350,267.0,okx,7,0.579534113407135,118.0673828125,401.29669189453125,157.67633056640625,410.1136779785156,39.60894775390625,8.816986083984375,349.2315368652344,0.00016841798787936568
13350,267.0,okx,7,0.4473026394844055,400.499267578125,398.583984375,432.4383544921875,410.0142517089844,31.9390869140625,11.430267333984375,365.0722961425781,0.00017605724860914052
13350,267.0,hp,4,0.41849184036254883,1212.7474365234375,572.9802856445312,1240.043701171875,594.2858276367188,27.2962646484375,21.3055419921875,581.5617065429688,0.00028045993531122804
13355,267.1,okx,7,0.6155601143836975,118.08699035644531,400.7528991699219,158.11195373535156,409.7425231933594,40.02496337890625,8.9896240234375,359.80938720703125,0.00017351919086650014
13355,267.1,okx,7,0.5119282007217407,399.1739196777344,399.2972717285156,435.8471984863281,407.358642578125,36.67327880859375,8.061370849609375,295.63690185546875,0.0001425718073733151
13360,267.2,hp,4,0.8015362024307251,906.0203247070312,600.7280883789062,953.7237548828125,627.9448852539062,47.70343017578125,27.216796875,1298.3345947265625,0.0006261258386075497
13360,267.2,okx,7,0.6323081254959106,118.97960662841797,401.09014892578125,158.4032745361328,409.7140808105469,39.423667907714844,8.623931884765625,339.9870300292969,0.00016395979037042707
13365,267.3,okx,7,0.581206738948822,120.31288146972656,401.2004089355469,157.83763122558594,409.9608154296875,37.524749755859375,8.760406494140625,328.7320556640625,0.00015853204240556806
13365,267.3,hp,4,0.45704999566078186,1077.4271240234375,642.4957885742188,1113.7010498046875,661.9354248046875,36.27392578125,19.43963623046875,705.1519165039062,0.00034006169880740345
13370,267.4,hp,4,0.8557550311088562,562.5609741210938,256.3691101074219,605.177734375,284.8194580078125,42.61676025390625,28.450347900390625,1212.461669921875,0.0005847133579663932
13370,267.4,okx,7,0.5429598689079285,120.79513549804688,401.9298400878906,157.60011291503906,410.6546936035156,36.80497741699219,8.724853515625,321.1180419921875,0.00015486017218790948
13370,267.4,hp,4,0.44159865379333496,752.0809936523438,384.88885498046875,779.47998046875,395.83160400390625,27.39898681640625,10.9427490234375,299.82025146484375,0.0001445892412448302
13375,267.5,hp,4,0.8262937664985657,781.0846557617188,725.058349609375,837.2398071289062,758.3467407226562,56.1551513671875,33.28839111328125,1869.314697265625,0.0009014827664941549
13375,267.5,hp,4,0.7824411392211914,613.2677612304688,282.0361022949219,650.323486328125,308.26263427734375,37.05572509765625,26.226531982421875,971.8431396484375,0.000468674348667264
13375,267.5,hp,4,0.7608717679977417,488.3582458496094,283.7576904296875,524.3130493164062,310.5220642089844,35.954803466796875,26.764373779296875,962.3078002929688,0.0004640759143512696
13375,267.5,hp,4,0.45123040676116943,756.2275390625,415.3750305175781,781.720703125,428.3854675292969,25.4931640625,13.01043701171875,331.6772155761719,0.00015995236753951758
13375,267.5,hp,4,0.4147668778896332,1015.885498046875,730.3695678710938,1054.0841064453125,752.1229858398438,38.1986083984375,21.75341796875,830.9503173828125,0.0004007283423561603
13380,267.6,hp,4,0.7963141798973083,803.0516357421875,734.7949829101562,849.5458984375,766.6033935546875,46.4942626953125,31.80841064453125,1478.9085693359375,0.0007132082246243954
13380,267.6,hp,4,0.6632140278816223,808.8056030273438,419.8805236816406,839.7295532226562,434.6049499511719,30.9239501953125,14.72442626953125,455.3374328613281,0.00021958787692710757
13380,267.6,hp,4,0.46472862362861633,688.1057739257812,406.9969482421875,715.0896606445312,430.1004943847656,26.98388671875,23.103546142578125,623.4234619140625,0.00030064789461903274
13385,267.7,hp,4,0.6930271983146667,1114.5224609375,713.6103515625,1163.8602294921875,745.569091796875,49.3377685546875,31.958740234375,1576.77294921875,0.0007604036363773048
13385,267.7,hp,4,0.5331229567527771,890.9279174804688,717.3231811523438,931.2779541015625,748.4776611328125,40.35003662109375,31.15447998046875,1257.0843505859375,0.000606232788413763
13385,267.7,okx,7,0.4304525554180145,119.9393539428711,401.58984375,157.56614685058594,411.85089111328125,37.626792907714844,10.26104736328125,386.0903015136719,0.00018619323964230716
13390,267.8,hp,4,0.7536417245864868,1100.078125,217.41635131835938,1136.7701416015625,241.1593475341797,36.6920166015625,23.742996215820312,871.1784057617188,0.0004201284609735012
13390,267.8,hp,4,0.7486762404441833,983.5780029296875,218.1205291748047,1019.3245849609375,242.6320343017578,35.74658203125,24.511505126953125,876.2025146484375,0.0004225513548590243
13390,267.8,hp,4,0.6765328049659729,1179.882080078125,685.22412109375,1228.6190185546875,719.0189208984375,48.7369384765625,33.7947998046875,1647.0550537109375,0.0007942973752506077
13390,267.8,hp,4,0.5419849753379822,1058.2064208984375,350.8833312988281,1096.30859375,373.27099609375,38.1021728515625,22.387664794921875,853.0186767578125,0.0004113708855584264
13390,267.8,hp,4,0.4752020537853241,962.8292236328125,689.3925170898438,1007.780029296875,716.6103515625,44.9508056640625,27.21783447265625,1223.463623046875,0.0005900191026739776
13395,267.9,hp,4,0.7265801429748535,1249.1317138671875,169.463623046875,1283.318603515625,193.83920288085938,34.1868896484375,24.375579833984375,833.3252563476562,0.0004018736653961241
13395,267.9,hp,4,0.6591355800628662,1213.896728515625,668.6508178710938,1265.758544921875,705.7128295898438,51.86181640625,37.06201171875,1922.103271484375,0.0009269402362406254
13395,267.9,hp,4,0.6540070176124573,1128.835205078125,174.6975555419922,1166.385009765625,198.82754516601562,37.5498046875,24.129989624023438,906.076416015625,0.00043695815838873386
13395,267.9,hp,4,0.6381714940071106,1204.461669921875,300.12744140625,1237.559814453125,328.0352783203125,33.09814453125,27.9078369140625,923.6976318359375,0.00044545604032464325
13395,267.9,hp,4,0.43867984414100647,1143.556640625,321.43243408203125,1177.6585693359375,347.78564453125,34.1019287109375,26.35321044921875,898.6953125,0.0004333985853008926
13400,268.0,hp,4,0.7618662714958191,991.1484375,665.6304931640625,1037.8792724609375,700.0648193359375,46.7308349609375,34.434326171875,1609.144775390625,0.0007760150474496186
13400,268.0,hp,4,0.729459822177887,1217.8912353515625,664.04296875,1262.9830322265625,699.9108276367188,45.091796875,35.86785888671875,1617.34619140625,0.0007799701998010278
13400,268.0,hp,4,0.6973365545272827,1297.4683837890625,266.7410583496094,1340.06103515625,296.54638671875,42.5926513671875,29.805328369140625,1269.4879150390625,0.0006122144404798746
13400,268.0,hp,4,0.693738579750061,1381.7203369140625,127.44337463378906,1421.6611328125,153.9817657470703,39.9407958984375,26.53839111328125,1059.9644775390625,0.0005111711216159165
13400,268.0,hp,4,0.6928231716156006,1266.7269287109375,131.2330780029297,1305.2823486328125,157.4924774169922,38.555419921875,26.2593994140625,1012.4421997070312,0.00048825336853042245
13400,268.0,hp,4,0.4131840467453003,915.8819580078125,446.4168395996094,959.7779541015625,484.54443359375,43.89599609375,38.127593994140625,1673.648681640625,0.000807122269179672
13405,268.1,hp,4,0.8327129483222961,909.1326904296875,471.6065368652344,953.9263305664062,510.5345764160156,44.79364013671875,38.92803955078125,1743.7286376953125,0.0008409185102209449
13405,268.1,hp,4,0.6813706755638123,1155.6575927734375,713.2456665039062,1206.2255859375,752.74365234375,50.5679931640625,39.49798583984375,1997.3338623046875,0.0009632204310037196
13405,268.1,hp,4,0.6746305227279663,1500.3646240234375,131.5719451904297,1538.2271728515625,156.21194458007812,37.862548828125,24.639999389648438,932.9331665039062,0.0004499098868109286
13405,268.1,hp,4,0.6673910617828369,1386.142822265625,131.23544311523438,1428.927734375,157.00881958007812,42.784912109375,25.77337646484375,1102.711669921875,0.0005317861214280128
13405,268.1,hp,4,0.5587111115455627,1371.0418701171875,275.497802734375,1400.3018798828125,305.339599609375,29.260009765625,29.841796875,873.1712646484375,0.00042108952766284347
13405,268.1,okx,7,0.40645283460617065,118.52947998046875,401.16021728515625,158.98585510253906,411.12115478515625,40.45637512207031,9.9609375,402.9834289550781,0.0001943399984156713
13410,268.2,hp,4,0.8138899803161621,892.2822875976562,535.828369140625,936.7064208984375,575.8649291992188,44.42413330078125,40.03656005859375,1778.5894775390625,0.0008577302796766162
13410,268.2,hp,4,0.7314538359642029,1066.557373046875,803.8922729492188,1114.7664794921875,845.0560302734375,48.2091064453125,41.16375732421875,1984.468017578125,0.0009570158435963094
13410,268.2,hp,4,0.7144856452941895,1393.1722412109375,328.36492919921875,1431.5479736328125,361.7226867675781,38.375732421875,33.357757568359375,1280.12841796875,0.0006173458532430232
13410,268.2,hp,4,0.6108641624450684,1579.7802734375,178.01165771484375,1615.0277099609375,202.84759521484375,35.2474365234375,24.8359375,875.4031372070312,0.00042216587462462485
13410,268.2,hp,4,0.5982987880706787,1288.272216796875,376.3455810546875,1324.0665283203125,406.5827331542969,35.7943115234375,30.237152099609375,1082.3179931640625,0.0005219511804170907
13410,268.2,hp,4,0.5266203284263611,1480.631591796875,174.0948486328125,1530.790283203125,199.3172607421875,50.15869140625,25.222412109375,1265.1231689453125,0.0006101095350459218
13410,268.2,okx,7,0.4894634783267975,118.09222412109375,400.8105163574219,157.35679626464844,410.8017883300781,39.26457214355469,9.99127197265625,392.3030090332031,0.0001891893334686756
13410,268.2,hp,4,0.44673073291778564,1377.0689697265625,293.31610107421875,1410.014892578125,324.0688781738281,32.9459228515625,30.752777099609375,1013.1786499023438,0.0004886085516773164
13415,268.3,hp,4,0.8617352843284607,874.8525390625,600.4180908203125,923.423095703125,644.3656616210938,48.570556640625,43.94757080078125,2134.557861328125,0.001029397128149867
13415,268.3,hp,4,0.810405433177948,1456.6943359375,370.72760009765625,1505.055908203125,439.8581237792969,48.361572265625,69.13052368164062,3343.2607421875,0.001612297841347754
13415,268.3,okx,7,0.5811822414398193,117.74283599853516,400.0388488769531,156.89047241210938,410.4248352050781,39.14763641357422,10.385986328125,406.5868225097656,0.00019607774447649717
13415,268.3,hp,4,0.495821475982666,1731.8253173828125,245.0724334716797,1764.742919921875,271.3166198730469,32.9176025390625,26.244186401367188,863.8956909179688,0.00041661635623313487
13420,268.4,hp,4,0.9112246036529541,750.0027465820312,648.8790893554688,815.1611938476562,703.690673828125,65.158447265625,54.81158447265625,3571.437744140625,0.001722336863167584
13420,268.4,hp,4,0.7888792753219604,1341.4322509765625,539.816650390625,1431.79248046875,618.3360595703125,90.3602294921875,78.5194091796875,7095.03173828125,0.0034216009080410004
13420,268.4,okx,7,0.5763710737228394,116.84947967529297,400.14654541015625,157.74838256835938,409.60845947265625,40.898902893066406,9.4619140625,386.9819030761719,0.00018662321963347495
13425,268.5,hp,4,0.898078203201294,1346.3360595703125,607.5457153320312,1455.044921875,716.8705444335938,108.7088623046875,109.3248291015625,11884.578125,0.005731374491006136
13425,268.5,hp,4,0.8444879055023193,355.82904052734375,590.7357788085938,436.9855041503906,657.175537109375,81.15646362304688,66.43975830078125,5392.015625,0.0026003161910921335
13425,268.5,okx,7,0.6316948533058167,116.46087646484375,399.9980773925781,156.9241485595703,409.3968200683594,40.46327209472656,9.39874267578125,380.30389404296875,0.00018340272072236985
13430,268.6,hp,4,0.8711315989494324,734.0485229492188,602.3543701171875,838.233154296875,708.704345703125,104.18463134765625,106.3499755859375,11080.033203125,0.005343380384147167
13435,268.7,okx,7,0.46350178122520447,123.09542846679688,401.572509765625,162.452880859375,411.6891174316406,39.357452392578125,10.116607666015625,398.1639099121094,0.00019201578106731176
13435,268.7,hp,4,0.4533516764640808,391.93646240234375,456.1763916015625,479.63287353515625,529.0240478515625,87.6964111328125,72.84765625,6388.47802734375,0.0030808632727712393
13440,268.8,hp,4,0.8717114925384521,452.1518859863281,360.4241943359375,510.2591552734375,425.3846740722656,58.107269287109375,64.96047973632812,3774.676025390625,0.001820349134504795
13440,268.8,okx,7,0.4432052671909332,119.65385437011719,399.492919921875,161.3567352294922,409.90093994140625,41.702880859375,10.40802001953125,434.04443359375,0.00020931927429046482
13445,268.9,hp,4,0.7884817719459534,612.9710693359375,359.4209289550781,659.50244140625,407.9855651855469,46.5313720703125,48.56463623046875,2259.779052734375,0.0010897854808717966
13445,268.9,okx,7,0.5379425287246704,116.79689025878906,401.59283447265625,155.0641632080078,409.9165344238281,38.26727294921875,8.323699951171875,318.5252990722656,0.0001536098134238273
13460,269.2,okx,7,0.6056525111198425,118.57170867919922,401.0390625,158.24917602539062,409.8042297363281,39.677467346191406,8.765167236328125,347.7796325683594,0.00016771780792623758
13465,269.3,okx,7,0.5221300721168518,117.24022674560547,401.94659423828125,156.85504150390625,409.46099853515625,39.61481475830078,7.514404296875,297.6817321777344,0.0001435579324606806
13465,269.3,petronas,9,0.45436882972717285,1090.9459228515625,713.1947021484375,1150.2020263671875,718.6827392578125,59.256103515625,5.488037109375,325.19970703125,0.00015682856610510498
13470,269.4,petronas,9,0.5166364312171936,1114.5689697265625,712.3848876953125,1181.439697265625,719.2348022460938,66.8707275390625,6.84991455078125,458.05877685546875,0.00022090025595389307
13475,269.5,okx,7,0.6369451880455017,117.56031799316406,402.35198974609375,157.12960815429688,410.40472412109375,39.56929016113281,8.052734375,318.6409912109375,0.00015366560546681285
13475,269.5,petronas,9,0.6030886173248291,1132.795654296875,714.9878540039062,1202.20703125,721.0025024414062,69.411376953125,6.0146484375,417.4850158691406,0.00020133343059569597
13480,269.6,okx,7,0.645984947681427,117.81037139892578,402.2070617675781,157.6315155029297,410.88079833984375,39.821144104003906,8.673736572265625,345.3981018066406,0.00016656929801683873
13485,269.7,okx,7,0.6448760032653809,118.68681335449219,402.3858337402344,157.0287628173828,411.0220642089844,38.341949462890625,8.63623046875,331.1299133300781,0.00015968842490110546
13490,269.8,okx,7,0.6179779171943665,118.29086303710938,402.414794921875,157.17929077148438,410.7058410644531,38.888427734375,8.291046142578125,322.4257507324219,0.00015549080853816122
13490,269.8,atlasian,1,0.478252649307251,1191.612060546875,733.4658203125,1271.863525390625,738.8759765625,80.25146484375,5.41015625,434.1729736328125,0.00020938125089742243
13495,269.9,okx,7,0.6210997700691223,116.43897247314453,401.72784423828125,155.7336883544922,409.9419860839844,39.294715881347656,8.214141845703125,322.7723693847656,0.00015565796638838947
13495,269.9,atlasian,1,0.5870312452316284,1205.7198486328125,737.6456909179688,1281.98095703125,744.3424072265625,76.2611083984375,6.69671630859375,510.6990051269531,0.0002462861593812704
13500,270.0,atlasian,1,0.5638269782066345,1221.5450439453125,743.563720703125,1297.9019775390625,750.9642944335938,76.35693359375,7.40057373046875,565.0851440429688,0.0002725140657275915
13500,270.0,okx,7,0.5165681838989258,115.46402740478516,400.6153564453125,154.76414489746094,409.2076110839844,39.30011749267578,8.592254638671875,337.6766052246094,0.00016284557932522148
13505,270.1,petronas,9,0.5663790106773376,1233.2454833984375,754.3545532226562,1310.783935546875,761.98291015625,77.5384521484375,7.62835693359375,591.490966796875,0.0002852483303286135
13505,270.1,okx,7,0.5059583783149719,115.822509765625,399.9789123535156,155.813720703125,408.9037780761719,39.9912109375,8.92486572265625,356.91619873046875,0.0001721239386824891
13510,270.2,okx,7,0.515076220035553,115.8922348022461,400.4223327636719,155.7804412841797,409.1801452636719,39.888206481933594,8.7578125,349.33343505859375,0.00016846712969709188
13510,270.2,okx,7,0.46922850608825684,402.5862121582031,395.6432189941406,439.99212646484375,403.1423034667969,37.405914306640625,7.49908447265625,280.5101013183594,0.00013527685950975865
13515,270.3,atlasian,1,0.5920445919036865,1265.7017822265625,769.3670043945312,1339.3184814453125,778.410888671875,73.61669921875,9.04388427734375,665.7808837890625,0.0003210748836863786
13515,270.3,okx,7,0.5238109230995178,115.4561767578125,400.9001159667969,154.2628936767578,409.9700927734375,38.80671691894531,9.069976806640625,351.97601318359375,0.0001697415136732161
13520,270.4,okx,7,0.5179828405380249,115.85689544677734,401.12774658203125,154.72337341308594,410.0754699707031,38.866477966308594,8.947723388671875,347.7664794921875,0.00016771146329119802
13520,270.4,atlasian,1,0.4109969139099121,1274.95751953125,779.0955810546875,1350.9813232421875,788.5042114257812,76.0238037109375,9.40863037109375,715.2798461914062,0.0003449459036346525
13525,270.5,okx,7,0.48507848381996155,116.35693359375,401.13311767578125,154.77488708496094,410.112060546875,38.41795349121094,8.97894287109375,344.9526062011719,0.00016635445354040712
13525,270.5,atlasian,1,0.4019489884376526,1282.7882080078125,789.3145751953125,1374.2562255859375,798.2149047851562,91.468017578125,8.90032958984375,814.0955200195312,0.0003926000790670514
13530,270.6,okx,7,0.5069539546966553,117.1430892944336,401.380126953125,155.1213836669922,410.4989318847656,37.978294372558594,9.118804931640625,346.316650390625,0.00016701227286830544
13530,270.6,petronas,9,0.4287111461162567,1294.326171875,798.2640380859375,1380.1199951171875,805.1358642578125,85.7938232421875,6.871826171875,589.5602416992188,0.0002843172405846417
13535,270.7,okx,7,0.5762161016464233,116.46674346923828,400.72003173828125,154.57713317871094,409.7987365722656,38.110389709472656,9.078704833984375,345.99298095703125,0.00016685618902556598
13535,270.7,petronas,9,0.5088080763816833,1294.6851806640625,807.311767578125,1385.228515625,815.2791137695312,90.5433349609375,7.96734619140625,721.3900756835938,0.0003478925791569054
13540,270.8,okx,7,0.5515428185462952,116.63058471679688,401.0902404785156,154.1229248046875,410.16656494140625,37.492340087890625,9.076324462890625,340.2926330566406,0.00016410717216785997
13540,270.8,okx,7,0.44962987303733826,401.4848937988281,389.9971008300781,439.7546081542969,398.56695556640625,38.26971435546875,8.569854736328125,327.96588134765625,0.0001581625547260046
13545,270.9,okx,7,0.5395071506500244,116.25393676757812,400.8605041503906,154.27696228027344,409.96649169921875,38.02302551269531,9.105987548828125,346.2371826171875,0.00016697394312359393
13550,271.0,okx,7,0.5648044347763062,116.52879333496094,401.7264404296875,154.8220672607422,410.9907531738281,38.29327392578125,9.264312744140625,354.7608642578125,0.0001710845244815573
13550,271.0,okx,7,0.5471845269203186,403.72979736328125,388.5101013183594,440.9093017578125,397.69403076171875,37.17950439453125,9.183929443359375,341.4539489746094,0.0001646672171773389
13555,271.1,okx,7,0.5537859797477722,115.13431549072266,400.6463317871094,154.68138122558594,409.9434509277344,39.54706573486328,9.297119140625,367.67376708984375,0.0001773118128767237
13555,271.1,petronas,9,0.40323036909103394,1232.49853515625,837.244384765625,1317.396728515625,845.9512329101562,84.898193359375,8.70684814453125,739.1956787109375,0.0003564794023986906
13560,271.2,okx,7,0.619662344455719,111.31966400146484,398.9868469238281,152.26979064941406,408.4630126953125,40.95012664794922,9.476165771484375,388.0502014160156,0.00018713840108830482
13560,271.2,okx,7,0.484276682138443,404.25140380859375,392.7374267578125,441.8116149902344,400.7203063964844,37.560211181640625,7.982879638671875,299.8386535644531,0.0001445981179131195
13565,271.3,okx,7,0.584477424621582,113.2635498046875,397.5054016113281,156.2452392578125,407.7688293457031,42.981689453125,10.263427734375,441.13946533203125,0.00021274086611811072
13570,271.4,okx,7,0.6315084099769592,117.24929809570312,395.47772216796875,158.92221069335938,405.1767883300781,41.67291259765625,9.699066162109375,404.1883239746094,0.0001949210709426552
13570,271.4,okx,7,0.4153377413749695,398.9349670410156,394.8821716308594,437.24761962890625,402.9419860839844,38.312652587890625,8.059814453125,308.7928771972656,0.000148916311445646
13575,271.5,okx,7,0.5569790005683899,116.06149291992188,399.716552734375,153.33932495117188,409.4165954589844,37.27783203125,9.700042724609375,361.5965576171875,0.00017438105714973062
13575,271.5,okx,7,0.46825486421585083,399.8306884765625,394.92218017578125,436.41748046875,402.3288879394531,36.5867919921875,7.406707763671875,270.9876708984375,0.00013068463886156678
13580,271.6,okx,7,0.5042715668678284,112.99523162841797,399.9522399902344,152.5067596435547,409.2615661621094,39.51152801513672,9.309326171875,367.8257141113281,0.00017738508176989853
13580,271.6,okx,7,0.44451579451560974,399.2679138183594,394.87939453125,435.67059326171875,401.8946533203125,36.402679443359375,7.0152587890625,255.3742218017578,0.00012315501226112247
13585,271.7,okx,7,0.4588495194911957,399.43231201171875,394.8857116699219,436.6679382324219,401.84637451171875,37.235626220703125,6.960662841796875,259.18463134765625,0.00012499258446041495
13595,271.9,okx,7,0.4331957995891571,113.64911651611328,395.3582763671875,156.85227966308594,404.5863342285156,43.203163146972656,9.228057861328125,398.6812744140625,0.0001922652736539021
13600,272.0,oracle,8,0.4029427468776703,206.28604125976562,394.4844665527344,245.20895385742188,407.7816162109375,38.92291259765625,13.297149658203125,517.5637817382812,0.00024959672009572387
13635,272.7,okx,7,0.40224409103393555,117.22682189941406,398.5879821777344,158.9355010986328,407.155029296875,41.70867919921875,8.567047119140625,357.3202209472656,0.0001723187742754817
13640,272.8,okx,7,0.5013211965560913,114.63114929199219,399.1950988769531,155.86904907226562,407.4842224121094,41.23789978027344,8.28912353515625,341.8260498046875,0.00016484667139593512
13645,272.9,okx,7,0.571951687335968,113.79695892333984,399.46087646484375,154.01187133789062,408.0050964355469,40.21491241455078,8.544219970703125,343.6050720214844,0.00016570460866205394
13650,273.0,okx,7,0.5741063952445984,112.40898132324219,399.0999450683594,155.84715270996094,407.6371154785156,43.43817138671875,8.53717041015625,370.8390808105469,0.00017883829423226416
13655,273.1,okx,7,0.5673554539680481,112.96631622314453,399.5881652832031,155.10890197753906,408.1051025390625,42.14258575439453,8.516937255859375,358.9257507324219,0.00017309305258095264
13655,273.1,hp,4,0.5037643313407898,1364.3861083984375,485.0069885253906,1381.1517333984375,496.70904541015625,16.765625,11.702056884765625,196.19229125976562,9.461434092372656e-05
13660,273.2,okx,7,0.5760478377342224,112.25784301757812,399.3948669433594,153.10723876953125,408.600341796875,40.849395751953125,9.205474853515625,376.0380859375,0.00018134553101845086
13660,273.2,hp,4,0.545462965965271,1393.356689453125,486.4287414550781,1412.403564453125,497.3994445800781,19.046875,10.970703125,208.95761108398438,0.00010077045590151101
13665,273.3,hp,4,0.584035336971283,1404.5325927734375,500.9709167480469,1426.9423828125,515.8640747070312,22.4097900390625,14.893157958984375,333.7525329589844,0.00016095319006126374
13665,273.3,okx,7,0.41906288266181946,113.4101791381836,399.1132507324219,155.40701293945312,408.53765869140625,41.99683380126953,9.424407958984375,395.7952880859375,0.00019087349937763065
13675,273.5,hp,4,0.7915270328521729,1309.109619140625,524.9331665039062,1341.1099853515625,551.1370849609375,32.0003662109375,26.20391845703125,838.5349731445312,0.0004043860826641321
13680,273.6,hp,4,0.7724887132644653,1223.45947265625,536.938232421875,1263.947265625,565.57080078125,40.48779296875,28.632568359375,1159.26953125,0.0005590613000094891
13685,273.7,hp,4,0.7099353075027466,1141.92138671875,539.5770874023438,1179.8983154296875,564.7578125,37.9769287109375,25.18072509765625,956.28662109375,0.00046117216697894037
13695,273.9,hp,4,0.5808034539222717,1017.41650390625,527.6924438476562,1039.5665283203125,545.4747924804688,22.1500244140625,17.7823486328125,393.87945556640625,0.0001899495837278664
13695,273.9,oracle,8,0.4256182909011841,218.90553283691406,371.17120361328125,259.3271789550781,381.6339416503906,40.42164611816406,10.462738037109375,422.92108154296875,0.00020395500177983195
13715,274.3,okx,7,0.5858700275421143,111.98834991455078,401.06878662109375,150.20611572265625,410.71331787109375,38.21776580810547,9.64453125,368.5924377441406,0.00017775484593585134
13720,274.4,okx,7,0.49533072113990784,112.9592056274414,398.8935546875,152.819091796875,408.8962707519531,39.859886169433594,10.002716064453125,398.7071228027344,0.00019227774464525282
13735,274.7,okx,7,0.5890194773674011,115.51773834228516,401.2491455078125,154.62741088867188,410.8553466796875,39.10967254638672,9.606201171875,375.69537353515625,0.00018118025036528707
13740,274.8,okx,7,0.5175421237945557,115.3876953125,401.0061950683594,154.5194854736328,410.5005187988281,39.13179016113281,9.49432373046875,371.5298767089844,0.00017917143122758716
13745,274.9,okx,7,0.5307193994522095,115.74568939208984,401.19232177734375,157.49957275390625,410.2784729003906,41.753883361816406,9.086151123046875,379.382080078125,0.00018295817426405847
13750,275.0,okx,7,0.5881802439689636,118.48008728027344,401.31976318359375,160.4200439453125,411.22381591796875,41.93995666503906,9.904052734375,415.37554931640625,0.0002003161353059113
13755,275.1,okx,7,0.5666416883468628,116.27906799316406,400.7315368652344,156.30360412597656,409.7745056152344,40.0245361328125,9.04296875,361.9406433105469,0.0001745469926390797
13760,275.2,okx,7,0.5815902948379517,116.67863464355469,399.9780578613281,157.4222412109375,409.1489562988281,40.74360656738281,9.1708984375,373.6554870605469,0.000180196511792019
13760,275.2,okx,7,0.5329204201698303,408.3520812988281,395.3036804199219,439.6689453125,403.1621398925781,31.316864013671875,7.85845947265625,246.10231018066406,0.0001186836016131565
13765,275.3,okx,7,0.5626627802848816,408.3512268066406,394.02886962890625,440.26434326171875,401.5120544433594,31.913116455078125,7.483184814453125,238.81175231933594,0.00011516770609887317
13765,275.3,okx,7,0.5379602909088135,115.97020721435547,400.5610046386719,156.5760498046875,409.7728271484375,40.60584259033203,9.211822509765625,374.0538024902344,0.00018038859707303345
13770,275.4,okx,7,0.500164270401001,406.3041076660156,395.8135986328125,437.7509765625,403.62982177734375,31.446868896484375,7.81622314453125,245.79574584960938,0.00011853575415443629
13770,275.4,okx,7,0.49241161346435547,115.54554748535156,400.0069885253906,154.6042022705078,409.2364807128906,39.05865478515625,9.2294921875,360.4915466308594,0.00017384816601406783
13775,275.5,okx,7,0.5034316182136536,115.75241088867188,399.7849426269531,155.45648193359375,408.9226379394531,39.704071044921875,9.1376953125,362.8037109375,0.00017496320651844144
13775,275.5,okx,7,0.4833775758743286,404.64898681640625,395.8580627441406,437.1214294433594,403.8956298828125,32.472442626953125,8.037567138671875,260.99945068359375,0.00012586779484990984
13815,276.3,bwt,2,0.43288007378578186,1207.3695068359375,662.5944213867188,1231.5302734375,688.3585815429688,24.1607666015625,25.76416015625,622.4818725585938,0.0003001938166562468
13885,277.7,capp,3,0.47412872314453125,1076.07861328125,509.5573425292969,1151.832275390625,552.8867797851562,75.753662109375,43.329437255859375,3282.363525390625,0.0015829299809411168
13890,277.8,aramco,0,0.7294945120811462,1183.6822509765625,469.99810791015625,1325.6640625,484.8529052734375,141.9818115234375,14.85479736328125,2109.111083984375,0.0010171253234148026
13890,277.8,petronas,9,0.6134061813354492,950.294677734375,663.911376953125,1088.8199462890625,694.7191162109375,138.5252685546875,30.8077392578125,4267.650390625,0.0020580876152962446
13890,277.8,kick,5,0.43827706575393677,846.2841186523438,670.245849609375,870.6456298828125,685.6766967773438,24.36151123046875,15.43084716796875,375.91876220703125,0.00018128797819372267
13895,277.9,aramco,0,0.8020225167274475,1214.0615234375,465.24542236328125,1368.64501953125,485.8843688964844,154.58349609375,20.638946533203125,3190.4404296875,0.001538599724881351
13895,277.9,aramco,0,0.7528648376464844,947.275634765625,671.6771240234375,1082.469970703125,702.6409301757812,135.1943359375,30.96380615234375,4186.13134765625,0.0020187748596072197
13900,278.0,aramco,0,0.8070606589317322,898.4273681640625,674.6279296875,1052.962158203125,708.6556396484375,154.5347900390625,34.0277099609375,5258.46484375,0.0025359108112752438
13900,278.0,aramco,0,0.6617034673690796,1233.6566162109375,468.4999694824219,1361.7027587890625,488.2934875488281,128.046142578125,19.79351806640625,2534.483642578125,0.0012222625082358718
13905,278.1,aramco,0,0.8654396533966064,1260.4984130859375,469.7624206542969,1412.7496337890625,492.70245361328125,152.251220703125,22.940032958984375,3492.64794921875,0.0016843402991071343
13905,278.1,aramco,0,0.8265407085418701,868.520751953125,675.64697265625,1025.8028564453125,714.666015625,157.2821044921875,39.01904296875,6136.9970703125,0.0029595857486128807
13910,278.2,aramco,0,0.7729833126068115,846.5267944335938,683.6870727539062,1003.2540893554688,721.83154296875,156.727294921875,38.14447021484375,5978.27978515625,0.0028830438386648893
13910,278.2,aramco,0,0.760787308216095,1291.3818359375,474.5569152832031,1442.6334228515625,496.29779052734375,151.2515869140625,21.740875244140625,3288.341796875,0.0015858130063861609
13915,278.3,aramco,0,0.8067015409469604,1321.29345703125,481.21282958984375,1474.955078125,502.7314453125,153.66162109375,21.51861572265625,3306.58544921875,0.0015946110943332314
13915,278.3,aramco,0,0.77586829662323,827.8067626953125,687.656494140625,982.89599609375,728.536865234375,155.0892333984375,40.88037109375,6340.10546875,0.0030575355049222708
13920,278.4,aramco,0,0.8631463050842285,804.8146362304688,688.6420288085938,953.1898803710938,729.4014892578125,148.375244140625,40.75946044921875,6047.69482421875,0.0029165195301175117
13920,278.4,aramco,0,0.8516753911972046,1329.66650390625,486.37908935546875,1474.792236328125,507.2681884765625,145.125732421875,20.88909912109375,3031.5458984375,0.0014619723660871387
13925,278.5,aramco,0,0.8359329700469971,1275.2156982421875,585.5177001953125,1355.7650146484375,611.8391723632812,80.54931640625,26.32147216796875,2120.176513671875,0.0010224616853520274
13925,278.5,aramco,0,0.7777401208877563,765.0587158203125,692.0167846679688,903.938720703125,730.8346557617188,138.8800048828125,38.81787109375,5391.0263671875,0.0025998391211032867
13925,278.5,aramco,0,0.7334520220756531,1330.0103759765625,491.5094299316406,1453.92041015625,513.0851440429688,123.9100341796875,21.575714111328125,2673.447509765625,0.001289278268814087
13930,278.6,aramco,0,0.7995700836181641,1311.2137451171875,494.2536315917969,1456.631591796875,516.82177734375,145.4178466796875,22.568145751953125,3281.811279296875,0.0015826636226847768
13930,278.6,aramco,0,0.4299919009208679,1243.75390625,585.3573608398438,1334.80615234375,613.1044311523438,91.05224609375,27.7470703125,2526.43310546875,0.0012183801736682653
13935,278.7,aramco,0,0.7798736095428467,1291.4376220703125,495.3668212890625,1420.6201171875,516.2781982421875,129.1824951171875,20.911376953125,2701.3837890625,0.0013027506647631526
13935,278.7,aramco,0,0.7702724933624268,1211.5296630859375,585.3460083007812,1297.2734375,610.28076171875,85.7437744140625,24.93475341796875,2137.999755859375,0.0010310569778084755
13940,278.8,aramco,0,0.6917210817337036,1182.57763671875,582.2653198242188,1284.7672119140625,611.1139526367188,102.1895751953125,28.8486328125,2948.029541015625,0.0014216963900253177
13945,278.9,aramco,0,0.715811550617218,1162.9327392578125,587.544921875,1285.54833984375,618.8433837890625,122.6156005859375,31.2984619140625,3837.6796875,0.001850732835009694
13950,279.0,aramco,0,0.8496710062026978,1130.9937744140625,597.5169067382812,1273.6942138671875,631.5593872070312,142.700439453125,34.04248046875,4857.876953125,0.0023427261039614677
13955,279.1,aramco,0,0.927951991558075,1105.330810546875,604.8843383789062,1275.969482421875,643.80810546875,170.638671875,38.92376708984375,6641.89990234375,0.0032030767761170864
13955,279.1,petronas,9,0.45091256499290466,1417.463623046875,478.0866394042969,1520.9351806640625,501.31610107421875,103.4715576171875,23.229461669921875,2403.588623046875,0.0011591380462050438
13960,279.2,aramco,0,0.9310657382011414,1093.5579833984375,610.8690185546875,1299.816650390625,653.5686645507812,206.2586669921875,42.69964599609375,8807.171875,0.004247285891324282
13965,279.3,aramco,0,0.9449742436408997,1068.918212890625,613.3804321289062,1307.1912841796875,667.668212890625,238.2730712890625,54.28778076171875,12935.31640625,0.00623809639364481
13970,279.4,aramco,0,0.9356725215911865,1021.2764892578125,625.5634155273438,1275.260986328125,681.6127319335938,253.9844970703125,56.04931640625,14235.6572265625,0.0068651894107460976
13975,279.5,aramco,0,0.9404541850090027,947.9442749023438,632.4190673828125,1211.3123779296875,695.3226928710938,263.36810302734375,62.90362548828125,16566.80859375,0.00798939447849989
13980,279.6,aramco,0,0.9293873906135559,853.2106323242188,632.8054809570312,1122.399169921875,701.72802734375,269.18853759765625,68.92254638671875,18553.16015625,0.00894731841981411
13985,279.7,aramco,0,0.9337401986122131,753.3255615234375,633.1893920898438,1007.4481201171875,702.4705810546875,254.12255859375,69.28118896484375,17605.912109375,0.008490505628287792
13990,279.8,aramco,0,0.9378992319107056,654.1319580078125,631.7872924804688,892.1863403320312,702.0090942382812,238.05438232421875,70.2218017578125,16716.607421875,0.008061635307967663
13995,279.9,aramco,0,0.9227232336997986,564.7490234375,631.7379150390625,785.9527587890625,699.30322265625,221.2037353515625,67.5653076171875,14945.6982421875,0.007207609247416258
14000,280.0,aramco,0,0.8723729848861694,490.05517578125,628.2831420898438,690.0723876953125,695.0760498046875,200.0172119140625,66.79290771484375,13359.7314453125,0.0064427717588841915
14005,280.1,aramco,0,0.6365568041801453,447.78729248046875,629.277099609375,619.9724731445312,691.8385009765625,172.1851806640625,62.5614013671875,10772.146484375,0.005194901023060083
14015,280.3,okx,7,0.44444963335990906,944.1509399414062,517.0014038085938,1005.9630126953125,556.9832763671875,61.81207275390625,39.98187255859375,2471.3623046875,0.001191822113469243
14020,280.4,okx,7,0.5835380554199219,861.8524169921875,517.5258178710938,936.594970703125,557.94873046875,74.7425537109375,40.42291259765625,3021.311767578125,0.0014570369385182858
14060,281.2,aramco,0,0.6182005405426025,776.333740234375,482.7250061035156,904.91748046875,503.9186096191406,128.583740234375,21.193603515625,2725.15283203125,0.00131421338301152
14080,281.6,aramco,0,0.6127022504806519,806.1071166992188,473.1192932128906,970.5916137695312,497.6026611328125,164.4844970703125,24.483367919921875,4027.134521484375,0.001942098024301231
14200,284.0,petronas,9,0.47170567512512207,794.077392578125,472.68524169921875,993.9312744140625,504.4135437011719,199.8538818359375,31.728302001953125,6341.0244140625,0.003057978581637144
14220,284.4,petronas,9,0.496203750371933,788.7821655273438,472.1151123046875,991.6519775390625,504.24908447265625,202.86981201171875,32.13397216796875,6519.0126953125,0.0031438139267265797
14225,284.5,petronas,9,0.5754661560058594,791.59130859375,473.23876953125,992.0191040039062,504.7128601074219,200.42779541015625,31.474090576171875,6308.28271484375,0.0030421887058764696
14225,284.5,capp,3,0.46151837706565857,483.9859313964844,887.9100341796875,620.1495361328125,921.7188720703125,136.16360473632812,33.808837890625,4603.533203125,0.0022200681269168854
14230,284.6,petronas,9,0.44336235523223877,794.990234375,475.2604064941406,992.7744140625,504.7643737792969,197.7841796875,29.50396728515625,5835.41796875,0.0028141483198851347
14235,284.7,moneygram,6,0.5133816003799438,817.3956298828125,776.150634765625,1175.85546875,820.7237548828125,358.4598388671875,44.5731201171875,15977.673828125,0.007705282419919968
14245,284.9,petronas,9,0.5342549085617065,1635.279296875,789.9588012695312,1922.236572265625,839.864013671875,286.957275390625,49.90521240234375,14320.6640625,0.006906184367835522
14255,285.1,aramco,0,0.406294584274292,794.628173828125,474.1614990234375,993.982177734375,504.9014892578125,199.35400390625,30.739990234375,6128.14013671875,0.0029553144704550505
14260,285.2,aramco,0,0.4187379777431488,794.460205078125,473.35589599609375,993.52294921875,504.4175720214844,199.062744140625,31.061676025390625,6183.22265625,0.0029818781185895205
14265,285.3,aramco,0,0.4572465121746063,796.2380981445312,472.7729797363281,993.7964477539062,504.11767578125,197.558349609375,31.344696044921875,6192.40625,0.0029863070230931044
14315,286.3,aramco,0,0.41770511865615845,796.1403198242188,469.8865051269531,992.6190795898438,501.60504150390625,196.478759765625,31.718536376953125,6232.0185546875,0.0030054100789129734
14360,287.2,petronas,9,0.45866477489471436,786.9723510742188,474.4422912597656,990.37158203125,507.678466796875,203.39923095703125,33.236175537109375,6760.21240234375,0.003260133322328329
14375,287.5,petronas,9,0.5213940739631653,794.5308837890625,476.729248046875,993.1436767578125,506.8730773925781,198.61279296875,30.143829345703125,5986.9501953125,0.002887225244194269
14385,287.7,kick,5,0.6590057611465454,795.7255859375,478.51837158203125,992.910888671875,509.6011962890625,197.185302734375,31.08282470703125,6129.076171875,0.0029557659290730953
14390,287.8,kick,5,0.5650447010993958,793.1707763671875,482.634033203125,992.4635620117188,511.20843505859375,199.29278564453125,28.57440185546875,5694.67236328125,0.002746273297816515
14455,289.1,aramco,0,0.4436762034893036,795.22216796875,485.9032897949219,993.8444213867188,515.689453125,198.62225341796875,29.786163330078125,5916.19482421875,0.0028531032148748636
14460,289.2,aramco,0,0.44186586141586304,794.5863647460938,485.2968444824219,993.3148803710938,515.3795776367188,198.728515625,30.082733154296875,5978.296875,0.002883052220568061
14465,289.3,aramco,0,0.44929686188697815,795.4473266601562,485.32147216796875,993.65478515625,515.5767822265625,198.20745849609375,30.25531005859375,5996.828125,0.0028919889591634274
14480,289.6,kick,5,0.43758463859558105,797.4411010742188,484.7992248535156,993.2064208984375,514.808837890625,195.76531982421875,30.009613037109375,5874.84130859375,0.002833160338923335
14485,289.7,kick,5,0.5484991073608398,795.7596435546875,483.677978515625,994.1589965820312,514.9636840820312,198.39935302734375,31.28570556640625,6207.06396484375,0.002993375761434436
14490,289.8,kick,5,0.5180933475494385,796.0281372070312,484.4023742675781,994.2918701171875,515.2177124023438,198.26373291015625,30.815338134765625,6109.56396484375,0.002946356078609824
14495,289.9,kick,5,0.5697630047798157,796.4542846679688,484.99835205078125,994.3427124023438,515.7125854492188,197.888427734375,30.7142333984375,6077.9912109375,0.0029311301186680794
14505,290.1,aramco,0,0.46259963512420654,796.98193359375,485.9450988769531,994.0768432617188,515.3834228515625,197.09490966796875,29.438323974609375,5802.14404296875,0.0027981018647551537
14510,290.2,aramco,0,0.46699047088623047,797.3408203125,486.27117919921875,995.436279296875,515.8350830078125,198.095458984375,29.56390380859375,5856.47509765625,0.0028243032284080982
14515,290.3,kick,5,0.6262558102607727,798.5264892578125,485.12786865234375,993.1062622070312,515.070556640625,194.57977294921875,29.94268798828125,5826.2412109375,0.0028097229078412056
14525,290.5,kick,5,0.5140606164932251,796.5291748046875,484.9593200683594,992.3458251953125,515.3302001953125,195.816650390625,30.370880126953125,5947.1240234375,0.002868018811568618
14535,290.7,moneygram,6,0.5303468108177185,428.5927734375,781.2476806640625,524.9136962890625,890.8419799804688,96.3209228515625,109.59429931640625,10556.2236328125,0.005090771242976189
14540,290.8,kick,5,0.5720245242118835,795.9569702148438,486.1189880371094,992.55615234375,515.3965454101562,196.59918212890625,29.277557373046875,5755.94384765625,0.002775821601971984
14540,290.8,moneygram,6,0.5688814520835876,776.1245727539062,789.1774291992188,870.4204711914062,889.6776123046875,94.2958984375,100.50018310546875,9476.7548828125,0.004570194520056248
14545,290.9,moneygram,6,0.5541805624961853,1119.2122802734375,794.7857055664062,1202.365234375,895.6068115234375,83.1529541015625,100.82110595703125,8383.5732421875,0.004043004009872675
14545,290.9,kick,5,0.40555262565612793,794.0945434570312,485.6983947753906,993.0225830078125,515.550537109375,198.92803955078125,29.852142333984375,5938.42822265625,0.002863825298845768
14550,291.0,bwt,2,0.568304717540741,923.5814208984375,795.277099609375,1369.677490234375,852.3062133789062,446.0960693359375,57.02911376953125,25440.462890625,0.012268741615116596
14555,291.1,bwt,2,0.4879750907421112,1259.176025390625,802.1324462890625,1718.0408935546875,858.9937744140625,458.8648681640625,56.861328125,26091.666015625,0.01258278638124466
14555,291.1,kick,5,0.4772169888019562,792.9249877929688,485.4433898925781,992.3560791015625,516.5970458984375,199.43109130859375,31.153656005859375,6213.0078125,0.0029962421394884586
14560,291.2,kick,5,0.4704991281032562,796.2501831054688,486.07281494140625,992.3787841796875,517.038330078125,196.12860107421875,30.96551513671875,6073.22314453125,0.0029288306832313538
14560,291.2,aramco,0,0.4109984338283539,796.2501831054688,486.07281494140625,992.3787841796875,517.038330078125,196.12860107421875,30.96551513671875,6073.22314453125,0.0029288306832313538
14565,291.3,aramco,0,0.4055953025817871,795.59765625,485.740478515625,992.7472534179688,516.0092163085938,197.14959716796875,30.26873779296875,5967.46923828125,0.0028778305277228355
14570,291.4,kick,5,0.42858707904815674,796.6347045898438,485.3672790527344,992.2296752929688,515.6146240234375,195.594970703125,30.247344970703125,5916.228515625,0.0028531195130199194
14575,291.5,kick,5,0.49084845185279846,796.6217041015625,485.228271484375,992.764892578125,516.0975952148438,196.1431884765625,30.86932373046875,6054.8076171875,0.0029199495911598206
14580,291.6,kick,5,0.45845088362693787,798.483642578125,484.8319091796875,992.470458984375,514.5801391601562,193.98681640625,29.74822998046875,5770.7646484375,0.0027829690370708704
14585,291.7,kick,5,0.6633347272872925,800.4224853515625,484.5522766113281,993.2677612304688,515.1604614257812,192.84527587890625,30.608184814453125,5902.64404296875,0.0028465683571994305
14590,291.8,kick,5,0.5388558506965637,799.5795288085938,484.65167236328125,993.5010986328125,514.6456298828125,193.92156982421875,29.99395751953125,5816.47509765625,0.0028050129767507315
14590,291.8,aramco,0,0.42037591338157654,799.5795288085938,484.65167236328125,993.5010986328125,514.6456298828125,193.92156982421875,29.99395751953125,5816.47509765625,0.0028050129767507315
14595,291.9,kick,5,0.6560044288635254,799.4426879882812,484.21881103515625,993.9715576171875,514.7452392578125,194.52886962890625,30.52642822265625,5938.271484375,0.002863749861717224
14600,292.0,kick,5,0.6902347803115845,799.3453979492188,484.4531555175781,993.138671875,514.4159545898438,193.79327392578125,29.962799072265625,5806.5888671875,0.002800245303660631
14605,292.1,kick,5,0.6152957081794739,796.7930297851562,484.134765625,993.142333984375,514.33251953125,196.34930419921875,30.19775390625,5929.30810546875,0.0028594271279871464
14610,292.2,kick,5,0.5100170969963074,796.8017578125,485.4599914550781,993.2515869140625,514.995361328125,196.4498291015625,29.535369873046875,5802.21826171875,0.0027981377206742764
14615,292.3,kick,5,0.4991189241409302,797.022216796875,484.3931579589844,992.3607788085938,514.3405151367188,195.33856201171875,29.947357177734375,5849.87353515625,0.002821119502186775
14625,292.5,kick,5,0.45823603868484497,800.09814453125,483.87921142578125,992.1399536132812,513.9816284179688,192.04180908203125,30.1024169921875,5780.9228515625,0.002787867793813348
14675,293.5,atlasian,1,0.6326543092727661,1278.34912109375,476.34185791015625,1379.964599609375,487.48919677734375,101.615478515625,11.1473388671875,1132.7421875,0.0005462684202939272
14675,293.5,petronas,9,0.6002682447433472,607.4647827148438,419.0758056640625,686.1534423828125,427.7530822753906,78.68865966796875,8.677276611328125,682.8032836914062,0.0003292839974164963
14680,293.6,atlasian,1,0.7052029967308044,1328.771240234375,491.1988525390625,1448.7119140625,503.3583984375,119.940673828125,12.1595458984375,1458.424072265625,0.0007033295114524662
14680,293.6,petronas,9,0.6733693480491638,699.3182983398438,414.4814758300781,825.824462890625,424.8658752441406,126.50616455078125,10.3843994140625,1313.6905517578125,0.0006335313082672656
14685,293.7,petronas,9,0.7729074954986572,780.1982421875,411.46612548828125,868.668701171875,423.30499267578125,88.470458984375,11.8388671875,1047.3900146484375,0.0005051070475019515
14685,293.7,petronas,9,0.6821231245994568,1393.5042724609375,502.58892822265625,1501.237060546875,514.1906127929688,107.7327880859375,11.6016845703125,1249.8818359375,0.0006027593626640737
14685,293.7,petronas,9,0.5297635197639465,968.8599243164062,512.2494506835938,1027.4158935546875,522.8050537109375,58.55596923828125,10.55560302734375,618.0935668945312,0.0002980775316245854
14690,293.8,petronas,9,0.4175660014152527,1004.9722900390625,516.919921875,1072.9525146484375,526.1268310546875,67.980224609375,9.2069091796875,625.8877563476562,0.00030183629132807255
14695,293.9,petronas,9,0.6647340655326843,890.9906005859375,410.8645935058594,982.5122680664062,421.1087341308594,91.52166748046875,10.244140625,937.5608520507812,0.00045214162673801184
14700,294.0,petronas,9,0.653977632522583,910.0813598632812,410.5085144042969,996.5933837890625,420.4217834472656,86.51202392578125,9.91326904296875,857.616943359375,0.00041358842281624675
14705,294.1,petronas,9,0.662025511264801,916.9414672851562,410.4866638183594,995.6749877929688,420.35699462890625,78.7335205078125,9.870330810546875,777.1259155273438,0.0003747713635675609
14710,294.2,petronas,9,0.6861642599105835,901.5043334960938,409.041748046875,992.8074951171875,419.54119873046875,91.30316162109375,10.49945068359375,958.633056640625,0.00046230375301092863
14715,294.3,petronas,9,0.46668002009391785,887.296875,409.91070556640625,975.1937255859375,419.03839111328125,87.8968505859375,9.127685546875,802.2947998046875,0.00038690914516337216
14720,294.4,atlasian,1,0.535579264163971,1448.38525390625,469.8537902832031,1545.4783935546875,483.15484619140625,97.0931396484375,13.301055908203125,1291.4412841796875,0.0006228015408851206
14720,294.4,petronas,9,0.48099324107170105,881.11767578125,409.561767578125,969.3909301757812,418.8783264160156,88.27325439453125,9.316558837890625,822.4029541015625,0.0003966063668485731
14725,294.5,petronas,9,0.6785507798194885,877.9478759765625,404.745849609375,968.629638671875,414.2456359863281,90.6817626953125,9.499786376953125,861.4573974609375,0.0004154405032750219
14725,294.5,petronas,9,0.5453943610191345,1410.87744140625,454.30499267578125,1500.30517578125,471.4042663574219,89.427734375,17.099273681640625,1529.1492919921875,0.0007374369888566434
14730,294.6,petronas,9,0.6729673743247986,905.3095703125,391.17218017578125,991.6620483398438,399.5018005371094,86.35247802734375,8.329620361328125,719.2833862304688,0.00034687662264332175
14730,294.6,atlasian,1,0.5680691599845886,1388.507568359375,441.237548828125,1483.3802490234375,459.1431579589844,94.8726806640625,17.905609130859375,1698.753173828125,0.000819228938780725
14735,294.7,petronas,9,0.6008378863334656,949.4046630859375,384.78948974609375,1030.9298095703125,393.05517578125,81.525146484375,8.26568603515625,673.8612670898438,0.00032497168285772204
14735,294.7,petronas,9,0.4532712697982788,1383.7962646484375,429.77276611328125,1551.9595947265625,441.55657958984375,168.163330078125,11.7838134765625,1981.6053466796875,0.0009556352742947638
14735,294.7,petronas,9,0.44311460852622986,1190.3804931640625,495.1833801269531,1231.8165283203125,502.99395751953125,41.43603515625,7.810577392578125,323.6393737792969,0.00015607608656864613
14740,294.8,petronas,9,0.7110626697540283,1009.5003662109375,382.26953125,1089.5216064453125,391.4140930175781,80.021240234375,9.144561767578125,731.7591552734375,0.00035289311199449003
14740,294.8,petronas,9,0.5372471809387207,1366.51513671875,422.235107421875,1519.27294921875,440.02490234375,152.7578125,17.789794921875,2717.5302734375,0.0013105373363941908
14740,294.8,atlasian,1,0.40528368949890137,1366.51513671875,422.235107421875,1519.27294921875,440.02490234375,152.7578125,17.789794921875,2717.5302734375,0.0013105373363941908
14745,294.9,petronas,9,0.4854426980018616,1062.6661376953125,381.0370788574219,1143.263671875,388.76678466796875,80.5975341796875,7.729705810546875,622.9952392578125,0.00030044137383811176
14745,294.9,petronas,9,0.43866682052612305,637.3999633789062,316.1588134765625,704.2479858398438,322.9014892578125,66.8480224609375,6.74267578125,450.7345275878906,0.00021736811322625726
14750,295.0,petronas,9,0.5660375356674194,793.1517944335938,404.0967102050781,840.0693359375,412.90667724609375,46.91754150390625,8.809967041015625,413.34197998046875,0.0001993354526348412
14750,295.0,petronas,9,0.4486474096775055,1123.197509765625,380.4588623046875,1210.3988037109375,389.5738220214844,87.2012939453125,9.114959716796875,794.8363037109375,0.00038331226096488535
14750,295.0,petronas,9,0.43510791659355164,711.3921508789062,326.4135437011719,771.043701171875,332.0246887207031,59.65155029296875,5.61114501953125,334.7135009765625,0.00016141662490554154
14755,295.1,petronas,9,0.44418707489967346,790.4493408203125,333.4759826660156,851.2059326171875,339.3594055175781,60.756591796875,5.8834228515625,357.45672607421875,0.00017238460713997483
14755,295.1,petronas,9,0.4168379306793213,863.6695556640625,405.5471496582031,913.5390625,413.61102294921875,49.8695068359375,8.063873291015625,402.1413879394531,0.0001939339272212237
14760,295.2,petronas,9,0.6168600916862488,1189.9837646484375,379.307861328125,1290.95458984375,389.3904724121094,100.9708251953125,10.082611083984375,1018.049560546875,0.0004909575218334794
14760,295.2,petronas,9,0.5569406747817993,857.9163818359375,334.6420593261719,922.034423828125,341.4443664550781,64.1180419921875,6.80230712890625,436.1506042480469,0.00021033496886957437
14760,295.2,petronas,9,0.49068915843963623,936.3944091796875,415.5623779296875,983.5010375976562,423.23577880859375,47.10662841796875,7.67340087890625,361.4680480957031,0.000174319080542773
14940,298.8,okx,7,0.40461814403533936,1409.0404052734375,367.8726806640625,1444.80712890625,374.4768371582031,35.7667236328125,6.604156494140625,236.20904541015625,0.000113912537926808
14945,298.9,okx,7,0.5520977973937988,1405.67138671875,370.789794921875,1445.1734619140625,377.9696350097656,39.5020751953125,7.179840087890625,283.61859130859375,0.0001367759396089241
14950,299.0,okx,7,0.604339063167572,1398.631103515625,371.2825927734375,1442.103759765625,378.0949401855469,43.47265625,6.812347412109375,296.1508483886719,0.00014281965559348464
14955,299.1,okx,7,0.5927296876907349,1395.291748046875,374.5984191894531,1437.8621826171875,381.4068908691406,42.5704345703125,6.8084716796875,289.839599609375,0.00013977603521198034
14975,299.5,okx,7,0.6318302750587463,1347.6334228515625,381.41693115234375,1391.6568603515625,388.82073974609375,44.0234375,7.40380859375,325.94110107421875,0.00015718610666226596
14980,299.6,okx,7,0.5679529905319214,1328.691162109375,383.30926513671875,1374.02783203125,391.1929016113281,45.336669921875,7.883636474609375,357.4178161621094,0.00017236584972124547
14985,299.7,okx,7,0.5982002019882202,1304.16357421875,386.4999694824219,1360.958984375,395.2599182128906,56.79541015625,8.75994873046875,497.5248718261719,0.00023993290960788727
14990,299.8,okx,7,0.569552481174469,1295.87353515625,388.3646545410156,1348.238525390625,395.59259033203125,52.364990234375,7.227935791015625,378.49078369140625,0.0001825283543439582
14995,299.9,okx,7,0.5205504894256592,1277.934814453125,391.513671875,1329.3677978515625,398.77423095703125,51.4329833984375,7.26055908203125,373.4322204589844,0.00018008884217124432
15000,300.0,okx,7,0.5271726846694946,1245.069580078125,393.6446228027344,1311.796630859375,402.15185546875,66.72705078125,8.507232666015625,567.6625366210938,0.00027375700301490724
15005,300.1,okx,7,0.6613963842391968,1228.611083984375,395.4634704589844,1292.9964599609375,405.4618835449219,64.3853759765625,9.9984130859375,643.7515869140625,0.00031045119976624846
15010,300.2,okx,7,0.6270111799240112,1214.60400390625,398.5118103027344,1275.2900390625,408.69879150390625,60.68603515625,10.186981201171875,618.20751953125,0.0002981324796564877
15020,300.4,okx,7,0.7818132042884827,1069.4241943359375,405.65557861328125,1223.850341796875,425.8414611816406,154.4261474609375,20.185882568359375,3117.22802734375,0.001503292820416391
15025,300.5,okx,7,0.5709890723228455,1103.8458251953125,417.4853210449219,1181.579833984375,437.7951354980469,77.7340087890625,20.309814453125,1578.7633056640625,0.0007613634807057679
15025,300.5,okx,7,0.4299260973930359,736.2199096679688,707.43408203125,954.9200439453125,833.8436279296875,218.70013427734375,126.4095458984375,27645.78515625,0.013332265429198742
15025,300.5,okx,7,0.4109335243701935,1007.6283569335938,413.9977111816406,1183.9927978515625,438.0110168457031,176.36444091796875,24.0133056640625,4235.09326171875,0.002042386680841446
15030,300.6,okx,7,0.8152517676353455,921.624755859375,425.09515380859375,1129.6712646484375,454.7969970703125,208.0465087890625,29.70184326171875,6179.36474609375,0.002980017801746726
15035,300.7,okx,7,0.5684751272201538,935.0801391601562,446.8631591796875,1032.8985595703125,480.199951171875,97.81842041015625,33.3367919921875,3260.952392578125,0.001572604407556355
15035,300.7,okx,7,0.4553759694099426,75.98471069335938,560.036865234375,628.18994140625,726.5379638671875,552.2052001953125,166.5010986328125,91942.7734375,0.04433968663215637
15040,300.8,okx,7,0.49398067593574524,637.3934326171875,469.1279296875,882.8181762695312,524.3507080078125,245.42474365234375,55.2227783203125,13553.0361328125,0.0065359934233129025
15205,304.1,aramco,0,0.6850181818008423,148.32749938964844,635.9681396484375,642.4708862304688,743.4461059570312,494.14337158203125,107.47796630859375,53109.5234375,0.025612231343984604
15335,306.7,oracle,8,0.457012802362442,184.8328094482422,614.32568359375,816.1133422851562,773.2142333984375,631.280517578125,158.8885498046875,100303.2421875,0.04837154969573021
15350,307.0,oracle,8,0.49727678298950195,207.1964569091797,617.9119873046875,835.9295654296875,775.8314819335938,628.7330932617188,157.91949462890625,99289.2109375,0.047882527112960815
15355,307.1,oracle,8,0.4624411165714264,203.67337036132812,617.573486328125,834.1168212890625,776.7171020507812,630.4434814453125,159.14361572265625,100331.0546875,0.04838496074080467
15590,311.8,atlasian,1,0.444949209690094,842.7490234375,217.12684631347656,979.7799682617188,231.9081268310547,137.03094482421875,14.781280517578125,2025.4927978515625,0.0009768001036718488
15625,312.5,petronas,9,0.45601770281791687,1319.870361328125,904.0550537109375,1584.9947509765625,1071.6798095703125,265.1243896484375,167.624755859375,44441.41015625,0.02143200673162937
15655,313.1,petronas,9,0.448409765958786,83.16240692138672,922.8458251953125,253.6874542236328,1073.08837890625,170.52505493164062,150.2425537109375,25620.119140625,0.0123553816229105
15660,313.2,petronas,9,0.5779159069061279,88.62883758544922,933.5950317382812,239.79144287109375,1074.7027587890625,151.16259765625,141.10772705078125,21330.2109375,0.010286560282111168
15685,313.7,petronas,9,0.7155847549438477,134.30514526367188,1006.0744018554688,197.04603576660156,1076.12451171875,62.74089050292969,70.05010986328125,4395.00634765625,0.002119505312293768
15685,313.7,petronas,9,0.5500068664550781,325.7768249511719,478.9346008300781,363.903564453125,511.2450866699219,38.126739501953125,32.31048583984375,1231.8934326171875,0.0005940843839198351
15690,313.8,petronas,9,0.6811174154281616,136.44638061523438,1019.3258666992188,193.36282348632812,1078.0123291015625,56.91644287109375,58.68646240234375,3340.224609375,0.0016108335694298148
15690,313.8,petronas,9,0.4470430910587311,324.8922119140625,488.20477294921875,363.1461486816406,521.6639404296875,38.253936767578125,33.45916748046875,1279.94482421875,0.0006172573193907738
15695,313.9,petronas,9,0.60017329454422,143.37649536132812,1033.2877197265625,193.30889892578125,1078.6624755859375,49.932403564453125,45.374755859375,2265.670654296875,0.0010926267132163048
15695,313.9,petronas,9,0.46768835186958313,325.5218811035156,491.69268798828125,364.77105712890625,528.155517578125,39.249176025390625,36.46282958984375,1431.135986328125,0.0006901697488501668
15700,314.0,petronas,9,0.6570776700973511,326.5071716308594,499.38385009765625,370.14007568359375,535.78564453125,43.632904052734375,36.40179443359375,1588.3160400390625,0.0007659703260287642
15705,314.1,petronas,9,0.6981344223022461,326.7503967285156,505.6446533203125,371.90576171875,541.8759155273438,45.155364990234375,36.23126220703125,1636.035888671875,0.0007889833650551736
15710,314.2,petronas,9,0.6006208062171936,328.72760009765625,513.831298828125,369.5447692871094,546.6696166992188,40.817169189453125,32.83831787109375,1340.3671875,0.0006463961908593774
15720,314.4,petronas,9,0.4096498489379883,740.4786987304688,766.3319091796875,777.5720825195312,788.3682250976562,37.0933837890625,22.03631591796875,817.4015502929688,0.00039419441600330174
15725,314.5,petronas,9,0.5239383578300476,443.5779724121094,1047.3421630859375,522.8901977539062,1080.60546875,79.31222534179688,33.2633056640625,2638.186767578125,0.0012722737155854702
15725,314.5,petronas,9,0.4839763939380646,326.1494140625,535.386962890625,370.2349548339844,570.5535278320312,44.085540771484375,35.16656494140625,1550.3370361328125,0.0007476548198610544
15735,314.7,petronas,9,0.46122226119041443,333.0995788574219,553.4625854492188,373.2434997558594,581.4619140625,40.1439208984375,27.99932861328125,1124.0028076171875,0.0005420538363978267
15735,314.7,petronas,9,0.446946918964386,520.4402465820312,1030.6571044921875,580.3329467773438,1077.8973388671875,59.8927001953125,47.240234375,2829.34521484375,0.0013644604478031397
15740,314.8,petronas,9,0.41597506403923035,792.1758422851562,796.4041137695312,827.8441772460938,821.03564453125,35.6683349609375,24.63153076171875,878.565673828125,0.00042369100265204906
15750,315.0,petronas,9,0.4185172915458679,338.25189208984375,566.7589111328125,385.03326416015625,604.4160766601562,46.7813720703125,37.65716552734375,1761.6539306640625,0.0008495630463585258
15750,315.0,petronas,9,0.41828033328056335,1514.990478515625,1012.03271484375,1608.4500732421875,1060.855712890625,93.4595947265625,48.822998046875,4562.9775390625,0.002200509887188673
15750,315.0,bwt,2,0.4175882637500763,841.33203125,596.4700927734375,869.4189453125,626.2614135742188,28.0869140625,29.79132080078125,836.7462768554688,0.000403523474233225
15750,315.0,bwt,2,0.4099694788455963,840.1348876953125,594.301025390625,870.0692749023438,627.8531494140625,29.93438720703125,33.5521240234375,1004.3622436523438,0.00048435680218972266
15770,315.4,petronas,9,0.4005984365940094,374.6632080078125,599.1250610351562,428.59063720703125,635.2050170898438,53.92742919921875,36.0799560546875,1945.69921875,0.0009383194264955819
15785,315.7,petronas,9,0.5853725671768188,287.079833984375,1009.8463134765625,329.4300842285156,1062.66650390625,42.350250244140625,52.8201904296875,2236.9482421875,0.0010787751525640488
15785,315.7,petronas,9,0.4916256368160248,992.6981811523438,894.7935791015625,1022.9474487304688,919.1703491210938,30.249267578125,24.37677001953125,737.3794555664062,0.0003556035226210952
15790,315.8,petronas,9,0.7692200541496277,292.99945068359375,1025.4552001953125,345.90057373046875,1078.2410888671875,52.901123046875,52.785888671875,2792.432861328125,0.001346659380942583
15795,315.9,petronas,9,0.6842136979103088,308.21563720703125,1042.3314208984375,353.9565124511719,1080.4495849609375,45.740875244140625,38.1181640625,1743.5582275390625,0.0008408363210037351
15795,315.9,petronas,9,0.5365808010101318,1042.44775390625,914.7274169921875,1077.6044921875,939.700439453125,35.15673828125,24.9730224609375,877.9700317382812,0.0004234037478454411
15795,315.9,petronas,9,0.4920349717140198,1097.0625,1036.82177734375,1120.9039306640625,1077.744873046875,23.8414306640625,40.923095703125,975.6651611328125,0.0004705175233539194
15800,316.0,petronas,9,0.5176240801811218,329.054931640625,1056.8333740234375,363.5207824707031,1081.1932373046875,34.465850830078125,24.35986328125,839.5834350585938,0.00040489170351065695
15805,316.1,petronas,9,0.4404948651790619,1138.669677734375,1060.0867919921875,1162.218994140625,1080.131591796875,23.54931640625,20.0447998046875,472.04132080078125,0.0002276433806400746
15810,316.2,petronas,9,0.5027527809143066,1154.593994140625,1066.0423583984375,1185.1710205078125,1081.162841796875,30.5770263671875,15.1204833984375,462.33941650390625,0.00022296460520010442
15815,316.3,petronas,9,0.5710697770118713,1115.7373046875,959.7010498046875,1142.2237548828125,976.1841430664062,26.4864501953125,16.48309326171875,436.5786437988281,0.00021054140233900398
15820,316.4,petronas,9,0.4512940049171448,420.7230224609375,674.2752685546875,489.1422119140625,717.1329345703125,68.419189453125,42.857666015625,2932.286865234375,0.0014141043648123741
15835,316.7,petronas,9,0.438239723443985,1227.3753662109375,993.1964111328125,1256.236083984375,1013.7078247070312,28.8607177734375,20.51141357421875,591.97412109375,0.00028548133559525013
15840,316.8,hp,4,0.40644675493240356,1042.9583740234375,691.9996948242188,1071.7418212890625,714.1361694335938,28.783447265625,22.136474609375,637.1640625,0.00030727434204891324
15940,318.8,oracle,8,0.4465796649456024,1756.65478515625,781.3081665039062,1785.62939453125,789.6312255859375,28.974609375,8.32305908203125,241.15737915039062,0.00011629889195319265
15970,319.4,bwt,2,0.49330395460128784,1009.6558837890625,489.6039733886719,1085.115234375,512.9070434570312,75.4593505859375,23.303070068359375,1758.4345703125,0.0008480104734189808
16360,327.2,hp,4,0.5942432880401611,258.595458984375,628.373291015625,368.8205871582031,713.1615600585938,110.22512817382812,84.78826904296875,9345.7978515625,0.004507039673626423
16370,327.4,bwt,2,0.41957128047943115,257.7816162109375,517.9552001953125,363.004638671875,601.4732666015625,105.2230224609375,83.51806640625,8788.0234375,0.004238051362335682
16395,327.9,hp,4,0.46984368562698364,262.3556213378906,231.54762268066406,362.39306640625,305.4073486328125,100.03744506835938,73.85972595214844,7388.73828125,0.0035632418002933264
16605,332.1,petronas,9,0.5336852669715881,733.84521484375,608.0436401367188,783.6493530273438,617.1503295898438,49.80413818359375,9.106689453125,453.5508117675781,0.0002187262725783512
16610,332.2,petronas,9,0.4474867582321167,671.3699951171875,636.65185546875,728.1007690429688,648.9080810546875,56.73077392578125,12.2562255859375,695.30517578125,0.00033531305962242186
16615,332.3,petronas,9,0.4935098886489868,1083.7122802734375,183.30111694335938,1133.361572265625,192.06338500976562,49.6492919921875,8.76226806640625,435.0404052734375,0.0002097995748044923
16620,332.4,petronas,9,0.6035314798355103,1131.1199951171875,153.2537841796875,1188.668212890625,164.39608764648438,57.5482177734375,11.142303466796875,641.2197265625,0.00030923017766326666
16625,332.5,petronas,9,0.6531111598014832,1187.3720703125,147.6371307373047,1252.4600830078125,164.98191833496094,65.0880126953125,17.34478759765625,1128.937744140625,0.0005444337148219347
16630,332.6,petronas,9,0.7893459796905518,1241.8123779296875,160.58984375,1315.6436767578125,184.70437622070312,73.831298828125,24.114532470703125,1780.4072265625,0.000858606887049973
16635,332.7,petronas,9,0.7376776933670044,1289.6727294921875,170.72288513183594,1373.2679443359375,206.88729858398438,83.59521484375,36.16441345214844,3023.171875,0.0014579339185729623
16640,332.8,petronas,9,0.7911005616188049,991.5957641601562,520.8653564453125,1053.0379638671875,549.2865600585938,61.44219970703125,28.42120361328125,1746.26123046875,0.0008421398815698922
16640,332.8,petronas,9,0.744890034198761,1333.957763671875,190.6670684814453,1423.0225830078125,244.1143341064453,89.0648193359375,53.447265625,4760.27099609375,0.002295655431225896
16645,332.9,petronas,9,0.825701892375946,1365.16748046875,237.70767211914062,1440.2471923828125,306.5485534667969,75.0797119140625,68.84088134765625,5168.5537109375,0.0024925509933382273
16650,333.0,petronas,9,0.7194112539291382,1341.5535888671875,326.4386291503906,1403.2607421875,416.59503173828125,61.7071533203125,90.15640258789062,5563.294921875,0.002682916121557355
16655,333.1,petronas,9,0.40238234400749207,689.4029541015625,574.89306640625,736.3677978515625,599.1343994140625,46.96484375,24.2413330078125,1138.4903564453125,0.0005490405019372702
16675,333.5,oracle,8,0.4567444622516632,1156.8572998046875,558.2925415039062,1212.830810546875,596.8803100585938,55.9735107421875,38.5877685546875,2159.892822265625,0.0010416150325909257
16700,334.0,hp,4,0.46171295642852783,379.3631591796875,752.673583984375,410.11895751953125,774.26611328125,30.75579833984375,21.592529296875,664.095458984375,0.00032026207190938294
16770,335.4,oracle,8,0.5042481422424316,1759.6763916015625,840.1054077148438,1795.702880859375,874.697265625,36.0264892578125,34.59185791015625,1246.22314453125,0.0006009949720464647
16775,335.5,oracle,8,0.4801645874977112,1749.203857421875,812.404052734375,1792.2509765625,848.6876831054688,43.047119140625,36.28363037109375,1561.90576171875,0.0007532338495366275
16810,336.2,atlasian,1,0.4837625026702881,790.2373657226562,533.641845703125,851.4720458984375,546.016845703125,61.23468017578125,12.375,757.7791748046875,0.0003654413449112326
16820,336.4,oracle,8,0.5442501306533813,1272.18212890625,763.3145751953125,1328.306640625,786.616943359375,56.12451171875,23.3023681640625,1307.833984375,0.0006307069561444223
16830,336.6,oracle,8,0.5419793128967285,1094.7440185546875,761.965576171875,1151.4368896484375,784.3475341796875,56.69287109375,22.3819580078125,1268.8974609375,0.0006119296886026859
16845,336.9,atlasian,1,0.520159900188446,822.3036499023438,498.8426208496094,866.0924072265625,505.94805908203125,43.78875732421875,7.105438232421875,311.1383056640625,0.0001500474027125165
16860,337.2,atlasian,1,0.42197057604789734,869.1192016601562,491.7348327636719,908.8605346679688,497.3170471191406,39.7413330078125,5.58221435546875,221.84463500976562,0.00010698525875341147
16890,337.8,aramco,0,0.7814342379570007,332.5281066894531,502.1316833496094,409.3712463378906,524.3743286132812,76.8431396484375,22.242645263671875,1709.1947021484375,0.0008242644253186882
16890,337.8,petronas,9,0.5881015062332153,962.85986328125,541.3986206054688,1147.682861328125,570.422119140625,184.822998046875,29.02349853515625,5364.2099609375,0.002586906775832176
16895,337.9,aramco,0,0.8041260838508606,508.0331726074219,510.287109375,601.9327392578125,534.4111938476562,93.89956665039062,24.12408447265625,2265.240966796875,0.0010924194939434528
16895,337.9,petronas,9,0.6613284945487976,962.599853515625,545.3345336914062,1150.1463623046875,571.0701904296875,187.5465087890625,25.73565673828125,4826.6328125,0.0023276584688574076
16900,338.0,petronas,9,0.8662780523300171,962.9794921875,542.9271850585938,1150.1632080078125,569.1599731445312,187.1837158203125,26.2327880859375,4910.3505859375,0.002368031768128276
16900,338.0,aramco,0,0.7236315011978149,724.05810546875,508.43096923828125,816.4578857421875,529.5205688476562,92.3997802734375,21.089599609375,1948.67431640625,0.0009397541871294379
16905,338.1,petronas,9,0.7653451561927795,961.9852294921875,545.430908203125,1151.7435302734375,572.1087646484375,189.75830078125,26.6778564453125,5062.3447265625,0.0024413312785327435
16905,338.1,petronas,9,0.46906352043151855,891.698974609375,690.5582885742188,939.7901611328125,704.1741333007812,48.0911865234375,13.6158447265625,654.8021240234375,0.00031578034395352006
16910,338.2,petronas,9,0.7831920385360718,969.7111206054688,547.1854248046875,1160.6646728515625,577.0174560546875,190.95355224609375,29.83203125,5696.5322265625,0.0027471701614558697
16910,338.2,bwt,2,0.4276473820209503,1329.39794921875,449.9390869140625,1377.768798828125,473.1956481933594,48.370849609375,23.256561279296875,1124.9395751953125,0.0005425055860541761
16915,338.3,petronas,9,0.7154309749603271,945.12451171875,553.3297119140625,1169.1707763671875,577.248291015625,224.0462646484375,23.9185791015625,5358.8681640625,0.00258433073759079
16915,338.3,aramco,0,0.4780803322792053,1386.2684326171875,528.5750122070312,1505.61328125,554.185546875,119.3448486328125,25.61053466796875,3056.4853515625,0.001473999465815723
16920,338.4,petronas,9,0.6749498844146729,973.807861328125,554.4757690429688,1174.42236328125,579.5484008789062,200.614501953125,25.0726318359375,5029.93359375,0.002425700891762972
16920,338.4,petronas,9,0.5718338489532471,902.477294921875,710.4871215820312,954.4664306640625,724.9376831054688,51.9891357421875,14.4505615234375,751.272216796875,0.0003623033408075571
16920,338.4,aramco,0,0.4854595959186554,1622.8189697265625,524.5642700195312,1724.9307861328125,550.0599975585938,102.11181640625,25.4957275390625,2603.4150390625,0.001255504903383553
16925,338.5,petronas,9,0.5298935770988464,889.907470703125,711.4635009765625,944.3358764648438,725.5894165039062,54.42840576171875,14.12591552734375,768.85107421875,0.00037078079185448587
16930,338.6,petronas,9,0.6307531595230103,880.8500366210938,720.714599609375,930.6458740234375,732.7874145507812,49.79583740234375,12.07281494140625,601.1759033203125,0.0002899189421441406
16930,338.6,okx,7,0.4786894619464874,587.406494140625,493.92132568359375,730.3968505859375,554.4534301757812,142.9903564453125,60.5321044921875,8655.5068359375,0.004174144938588142
16930,338.6,petronas,9,0.4552072286605835,1136.9361572265625,726.1909790039062,1196.78076171875,745.4432373046875,59.8446044921875,19.25225830078125,1152.143798828125,0.0005556248943321407
16935,338.7,petronas,9,0.7640382051467896,948.0643310546875,544.8663940429688,1167.9158935546875,575.2827758789062,219.8515625,30.4163818359375,6687.0888671875,0.0032248692587018013
16935,338.7,petronas,9,0.6311355233192444,865.3931884765625,715.9857788085938,922.7843017578125,730.6181640625,57.39111328125,14.63238525390625,839.7688598632812,0.00040498111047782004
16935,338.7,petronas,9,0.6260570287704468,1131.8795166015625,723.6148071289062,1194.972412109375,743.0072021484375,63.0928955078125,19.39239501953125,1223.5223388671875,0.0005900474498048425
16940,338.8,petronas,9,0.5998154878616333,874.6065673828125,716.3160400390625,926.4097900390625,729.1172485351562,51.80322265625,12.80120849609375,663.1438598632812,0.00031980316271074116
16940,338.8,petronas,9,0.43440502882003784,1143.940673828125,721.8152465820312,1203.9686279296875,739.8502807617188,60.0279541015625,18.0350341796875,1082.606201171875,0.000522090180311352
16945,338.9,petronas,9,0.8433990478515625,960.712646484375,536.1460571289062,1194.7528076171875,566.843994140625,234.0401611328125,30.69793701171875,7184.55029296875,0.00346477166749537
16945,338.9,petronas,9,0.6471785306930542,872.9437255859375,713.6117553710938,929.0427856445312,727.5306396484375,56.09906005859375,13.91888427734375,780.8363037109375,0.0003765607252717018
16945,338.9,petronas,9,0.48330116271972656,1149.1138916015625,719.44140625,1210.4273681640625,738.080322265625,61.3134765625,18.638916015625,1142.8167724609375,0.0005511268973350525
16950,339.0,petronas,9,0.6607440114021301,872.4193725585938,712.1094970703125,931.5694580078125,726.1698608398438,59.15008544921875,14.06036376953125,831.6716918945312,0.0004010762495454401
16950,339.0,petronas,9,0.5311839580535889,1154.9697265625,718.2803955078125,1219.852294921875,738.9763793945312,64.882568359375,20.69598388671875,1342.80859375,0.000647573615424335
16950,339.0,petronas,9,0.48966020345687866,968.8690795898438,513.1253662109375,1202.5615234375,559.16650390625,233.69244384765625,46.0411376953125,10759.4658203125,0.005188785493373871
16955,339.1,petronas,9,0.7834166884422302,965.1057739257812,523.3231201171875,1215.8199462890625,560.599609375,250.71417236328125,37.2764892578125,9345.744140625,0.004507014062255621
16955,339.1,petronas,9,0.6724890470504761,874.9712524414062,722.0607299804688,929.6682739257812,736.5750732421875,54.697021484375,14.51434326171875,793.891357421875,0.0003828565531875938
16955,339.1,petronas,9,0.6069923639297485,1159.2254638671875,728.60107421875,1224.9837646484375,749.423828125,65.75830078125,20.82275390625,1369.2689208984375,0.0006603341898880899
16960,339.2,petronas,9,0.8321606516838074,972.0521240234375,527.61669921875,1219.6285400390625,561.8484497070312,247.576416015625,34.23175048828125,8474.9736328125,0.004087082110345364
16960,339.2,petronas,9,0.6624654531478882,1164.7532958984375,729.4408569335938,1230.453857421875,749.7465209960938,65.7005615234375,20.3056640625,1334.093505859375,0.0006433707312680781
16960,339.2,petronas,9,0.6355655193328857,871.1129760742188,722.6642456054688,928.8238525390625,738.2539672851562,57.71087646484375,15.5897216796875,899.6964721679688,0.00043388138874433935
16965,339.3,petronas,9,0.8710941672325134,969.1980590820312,522.9761352539062,1224.7998046875,556.7338256835938,255.60174560546875,33.7576904296875,8628.5244140625,0.004161132499575615
16965,339.3,petronas,9,0.6223662495613098,859.7714233398438,716.3423461914062,924.108642578125,732.8692016601562,64.33721923828125,16.52685546875,1063.2918701171875,0.000512775790411979
16965,339.3,petronas,9,0.5794022083282471,1161.2242431640625,722.4840087890625,1228.521484375,742.8460693359375,67.2972412109375,20.362060546875,1370.310546875,0.0006608364637941122
16970,339.4,petronas,9,0.862848162651062,961.7455444335938,521.2529296875,1222.5482177734375,556.8120727539062,260.80267333984375,35.55914306640625,9273.919921875,0.004472376313060522
16970,339.4,petronas,9,0.6845074892044067,919.1202392578125,469.65594482421875,1118.567138671875,493.83880615234375,199.4468994140625,24.182861328125,4823.19677734375,0.0023260016459971666
16970,339.4,petronas,9,0.6675374507904053,1153.796142578125,721.5564575195312,1219.863525390625,741.6149291992188,66.0673828125,20.0584716796875,1325.210693359375,0.0006390869384631515
16970,339.4,petronas,9,0.5286018252372742,852.5472412109375,716.4463500976562,915.0606079101562,731.863037109375,62.51336669921875,15.41668701171875,963.7490234375,0.00046477094292640686
16975,339.5,petronas,9,0.8838628530502319,960.7040405273438,516.3632202148438,1212.326904296875,552.1392822265625,251.62286376953125,35.77606201171875,9002.0751953125,0.004341278690844774
16975,339.5,petronas,9,0.8115613460540771,1147.4886474609375,723.6583862304688,1215.4183349609375,743.9985961914062,67.9296875,20.3402099609375,1381.7041015625,0.0006663310923613608
16975,339.5,petronas,9,0.718901515007019,846.0969848632812,715.2735595703125,909.9183959960938,730.1676635742188,63.8214111328125,14.89410400390625,950.562744140625,0.00045841181417927146
16980,339.6,petronas,9,0.8896960616111755,957.5982055664062,506.46014404296875,1216.865478515625,542.0059204101562,259.26727294921875,35.5457763671875,9215.8564453125,0.004444375168532133
16980,339.6,petronas,9,0.6374451518058777,1144.8043212890625,717.4598388671875,1212.9012451171875,737.8696899414062,68.096923828125,20.40985107421875,1389.8480224609375,0.0006702584796585143
16980,339.6,petronas,9,0.49398043751716614,835.818359375,708.7166137695312,900.332275390625,725.2974243164062,64.513916015625,16.580810546875,1069.6929931640625,0.0005158627755008638
16980,339.6,petronas,9,0.4671655595302582,932.2597045898438,450.0434265136719,1142.1280517578125,478.5525817871094,209.86834716796875,28.5091552734375,5983.16943359375,0.0028854019474238157
16985,339.7,petronas,9,0.8862336277961731,963.7706298828125,502.3627624511719,1224.9517822265625,536.58349609375,261.18115234375,34.220733642578125,8937.810546875,0.004310286603868008
16985,339.7,petronas,9,0.714307427406311,1142.868896484375,713.04833984375,1209.8255615234375,733.0625,66.9566650390625,20.01416015625,1340.0814208984375,0.0006462584133259952
16985,339.7,petronas,9,0.6341978311538696,838.1023559570312,704.7730712890625,900.694091796875,722.7615966796875,62.59173583984375,17.988525390625,1125.9329833984375,0.0005429846351034939
16985,339.7,petronas,9,0.5651627779006958,966.3851318359375,443.1863098144531,1163.881591796875,472.6753234863281,197.4964599609375,29.489013671875,5823.9755859375,0.002808630233630538
16990,339.8,petronas,9,0.8957813382148743,965.3202514648438,500.61993408203125,1225.6634521484375,532.4591674804688,260.34320068359375,31.8392333984375,8289.1279296875,0.003997457679361105
16990,339.8,petronas,9,0.6302963495254517,829.1844482421875,703.2210693359375,894.9503173828125,721.8118896484375,65.765869140625,18.5908203125,1222.6414794921875,0.000589622650295496
16990,339.8,petronas,9,0.5961518883705139,1136.930908203125,711.8782348632812,1208.2606201171875,734.0222778320312,71.3297119140625,22.14404296875,1579.5281982421875,0.0007617323426529765
16990,339.8,petronas,9,0.4713267385959625,855.2570190429688,560.9488525390625,898.8143920898438,570.3062133789062,43.557373046875,9.35736083984375,407.5820617675781,0.0001965577102964744
16995,339.9,petronas,9,0.9089521169662476,949.3052978515625,495.4761657714844,1203.9796142578125,529.7302856445312,254.67431640625,34.254119873046875,8723.64453125,0.004207004327327013
16995,339.9,petronas,9,0.4934755563735962,822.5360717773438,699.4000244140625,878.587158203125,713.631591796875,56.05108642578125,14.2315673828125,797.69482421875,0.000384690792998299
16995,339.9,petronas,9,0.40289998054504395,839.6051025390625,555.5673217773438,879.7138061523438,566.7279052734375,40.10870361328125,11.16058349609375,447.63653564453125,0.0002158740971935913
17000,340.0,petronas,9,0.8797786831855774,926.9906005859375,498.3784484863281,1182.2177734375,529.6882934570312,255.2271728515625,31.309844970703125,7991.123046875,0.003853743663057685
17000,340.0,petronas,9,0.7934725284576416,804.7019653320312,697.1959838867188,862.23095703125,712.3385009765625,57.52899169921875,15.14251708984375,871.1337280273438,0.0004201069241389632
17000,340.0,petronas,9,0.6819542646408081,1104.56494140625,705.0527954101562,1169.885498046875,724.3555908203125,65.320556640625,19.30279541015625,1260.869384765625,0.0006080581806600094
17005,340.1,petronas,9,0.9063831567764282,919.9143676757812,508.85040283203125,1167.7806396484375,541.0499267578125,247.86627197265625,32.19952392578125,7981.17578125,0.0038489466533064842
17005,340.1,petronas,9,0.8644587397575378,1076.74951171875,444.5278015136719,1265.53955078125,469.20904541015625,188.7900390625,24.681243896484375,4659.5732421875,0.002247093478217721
17005,340.1,petronas,9,0.7805707454681396,1087.6981201171875,715.9608764648438,1150.3934326171875,735.5888671875,62.6953125,19.62799072265625,1230.5830078125,0.0005934524815529585
17005,340.1,petronas,9,0.6309718489646912,786.1962890625,709.37939453125,844.9467163085938,725.8296508789062,58.75042724609375,16.45025634765625,966.4595947265625,0.0004660781123675406
17010,340.2,petronas,9,0.8936629891395569,901.0324096679688,521.0372924804688,1150.941650390625,553.8455810546875,249.90924072265625,32.80828857421875,8199.0947265625,0.003954038955271244
17010,340.2,petronas,9,0.6593012809753418,1077.1561279296875,733.5132446289062,1139.71826171875,754.48095703125,62.5621337890625,20.96771240234375,1311.7847900390625,0.0006326122675091028
17010,340.2,petronas,9,0.47162991762161255,773.8016357421875,724.4679565429688,834.1082153320312,737.8042602539062,60.30657958984375,13.3363037109375,804.266845703125,0.00038786017103120685
17010,340.2,petronas,9,0.45234209299087524,1106.838623046875,455.0979919433594,1300.8291015625,480.7546081542969,193.990478515625,25.6566162109375,4977.13916015625,0.0024002406280487776
17015,340.3,petronas,9,0.8908091187477112,889.3742065429688,529.8313598632812,1147.3028564453125,566.2719116210938,257.92864990234375,36.4405517578125,9399.0625,0.00453272694721818
17015,340.3,petronas,9,0.45425426959991455,1066.9412841796875,744.169189453125,1130.718994140625,764.1280517578125,63.7777099609375,19.9588623046875,1272.9305419921875,0.0006138746975921094
17020,340.4,petronas,9,0.9041584730148315,895.5026245117188,539.2135620117188,1138.2767333984375,571.9222412109375,242.77410888671875,32.70867919921875,7940.8203125,0.0038294850382953882
17020,340.4,atlasian,1,0.5613799691200256,1174.76171875,466.0062255859375,1361.0416259765625,489.3104553222656,186.2799072265625,23.304229736328125,4341.10986328125,0.0020935137290507555
17025,340.5,petronas,9,0.9109326004981995,886.9476318359375,545.2923583984375,1125.5560302734375,575.7356567382812,238.6083984375,30.44329833984375,7264.02685546875,0.0035030993167310953
17025,340.5,petronas,9,0.803876519203186,1207.118896484375,468.2555236816406,1386.782958984375,493.2712097167969,179.6640625,25.01568603515625,4494.419921875,0.0021674479357898235
17025,340.5,petronas,9,0.7044157385826111,1051.743896484375,755.2572631835938,1119.1953125,777.3771362304688,67.451416015625,22.119873046875,1492.0167236328125,0.0007195296930149198
17025,340.5,petronas,9,0.5476909279823303,742.8133544921875,745.211181640625,807.8472290039062,758.3107299804688,65.03387451171875,13.09954833984375,851.9143676757812,0.00041083834366872907
17030,340.6,petronas,9,0.8173685669898987,1037.4014892578125,755.6956176757812,1102.842529296875,774.6698608398438,65.4410400390625,18.9742431640625,1241.6942138671875,0.0005988108459860086
17030,340.6,petronas,9,0.8132069706916809,868.22705078125,541.1927490234375,1118.0762939453125,573.3469848632812,249.8492431640625,32.15423583984375,8033.71142578125,0.00387428211979568
17030,340.6,atlasian,1,0.7990559935569763,1230.6812744140625,464.65576171875,1409.87060546875,487.68341064453125,179.1893310546875,23.02764892578125,4126.30908203125,0.001989925280213356
17030,340.6,petronas,9,0.47695812582969666,729.315185546875,746.7571411132812,791.8318481445312,760.554443359375,62.51666259765625,13.79730224609375,862.561279296875,0.000415972841437906
17035,340.7,petronas,9,0.8620167970657349,860.4573974609375,527.5802001953125,1107.704345703125,562.8362426757812,247.2469482421875,35.25604248046875,8716.94921875,0.0042037758976221085
17035,340.7,petronas,9,0.7548500895500183,1027.474609375,752.5446166992188,1089.6077880859375,772.0368041992188,62.1331787109375,19.4921875,1211.111572265625,0.0005840623052790761
17035,340.7,atlasian,1,0.6584109663963318,1247.5794677734375,455.9755859375,1419.4814453125,477.0515441894531,171.9019775390625,21.075958251953125,3622.9990234375,0.0017472024774178863
17035,340.7,petronas,9,0.5370925068855286,716.9178466796875,739.5072631835938,772.8670654296875,756.8390502929688,55.94921875,17.331787109375,969.699951171875,0.000467640784336254
17040,340.8,petronas,9,0.9034180641174316,851.9539184570312,515.8535766601562,1105.07275390625,552.1334838867188,253.11883544921875,36.2799072265625,9183.1279296875,0.004428591579198837
17040,340.8,petronas,9,0.8112166523933411,1010.8814697265625,748.960205078125,1082.04248046875,769.795166015625,71.1610107421875,20.8349609375,1482.6368408203125,0.0007150062010623515
17040,340.8,petronas,9,0.734790563583374,694.8488159179688,736.33447265625,753.1590576171875,750.84619140625,58.31024169921875,14.51171875,846.1818237304688,0.0004080737999174744
17040,340.8,petronas,9,0.6086708307266235,1258.7276611328125,438.1698303222656,1434.91650390625,460.2498474121094,176.1888427734375,22.08001708984375,3890.252685546875,0.001876086345873773
17045,340.9,petronas,9,0.8975556492805481,836.47607421875,496.1338806152344,1099.137939453125,531.8197631835938,262.661865234375,35.685882568359375,9373.3203125,0.004520312882959843
17045,340.9,petronas,9,0.8017144799232483,999.6280517578125,735.7172241210938,1068.752685546875,757.2545166015625,69.1246337890625,21.53729248046875,1488.7574462890625,0.0007179578533396125
17045,340.9,petronas,9,0.7553040385246277,672.639404296875,721.6048583984375,738.9656982421875,735.79833984375,66.3262939453125,14.1934814453125,941.4010009765625,0.00045399353257380426
17045,340.9,atlasian,1,0.6456276774406433,1261.3731689453125,423.53094482421875,1439.784912109375,445.0343017578125,178.4117431640625,21.50335693359375,3836.451416015625,0.0018501405138522387
17050,341.0,petronas,9,0.8954751491546631,823.9979858398438,490.1947937011719,1086.997314453125,525.5888671875,262.99932861328125,35.394073486328125,9308.6171875,0.004489109385758638
17050,341.0,petronas,9,0.7638722062110901,982.0313720703125,740.555908203125,1050.96923828125,760.921875,68.9378662109375,20.365966796875,1403.986328125,0.0006770767504349351
17050,341.0,petronas,9,0.7031040191650391,1272.0858154296875,408.94451904296875,1446.71484375,429.0549621582031,174.6290283203125,20.110443115234375,3511.8671875,0.0016936088213697076
17055,341.1,petronas,9,0.8596938252449036,971.4596557617188,749.3871459960938,1047.3653564453125,773.65771484375,75.90570068359375,24.27056884765625,1842.2745361328125,0.0008884425624273717
17055,341.1,petronas,9,0.8082156181335449,820.6717529296875,491.4303894042969,1081.021484375,526.3475952148438,260.3497314453125,34.917205810546875,9090.685546875,0.0043840110301971436
17055,341.1,atlasian,1,0.7429068088531494,1292.4964599609375,400.76025390625,1463.9893798828125,419.9096984863281,171.492919921875,19.149444580078125,3283.994140625,0.0015837163664400578
17055,341.1,petronas,9,0.7379232048988342,630.5867309570312,733.8438110351562,695.958251953125,750.6389770507812,65.37152099609375,16.795166015625,1097.925537109375,0.0005294779548421502
17060,341.2,petronas,9,0.8687297105789185,810.6329956054688,489.4250793457031,1085.1065673828125,526.3888549804688,274.47357177734375,36.963775634765625,10145.5791015625,0.0048927366733551025
17060,341.2,petronas,9,0.8257095813751221,967.158935546875,757.4912719726562,1044.0765380859375,782.0546875,76.9176025390625,24.56341552734375,1889.3590087890625,0.0009111491963267326
17060,341.2,petronas,9,0.6846073865890503,1313.72802734375,397.5631103515625,1490.975341796875,418.93670654296875,177.247314453125,21.37359619140625,3788.41259765625,0.001826973631978035
17060,341.2,petronas,9,0.5240683555603027,1052.4888916015625,585.8007202148438,1102.768310546875,597.0492553710938,50.2794189453125,11.24853515625,565.56982421875,0.00027274779858998954
17060,341.2,petronas,9,0.46542081236839294,610.9832763671875,744.154296875,685.6367797851562,759.4337768554688,74.65350341796875,15.27947998046875,1140.666748046875,0.0005500900442712009
17065,341.3,petronas,9,0.8891983032226562,804.6975708007812,493.80413818359375,1080.15478515625,532.7521362304688,275.45721435546875,38.947998046875,10728.5068359375,0.00517385546118021
17065,341.3,petronas,9,0.812704861164093,966.4473876953125,776.1981201171875,1043.6080322265625,800.1953735351562,77.16064453125,23.99725341796875,1851.6435546875,0.0008929608156904578
17065,341.3,atlasian,1,0.6039139032363892,1326.3013916015625,394.8253173828125,1501.3194580078125,416.7498779296875,175.01806640625,21.924560546875,3837.194091796875,0.0018504987237975001
17065,341.3,petronas,9,0.4193318486213684,1326.3013916015625,394.8253173828125,1501.3194580078125,416.7498779296875,175.01806640625,21.924560546875,3837.194091796875,0.0018504987237975001
17070,341.4,petronas,9,0.8979100584983826,781.2174072265625,508.2593688964844,1067.75927734375,545.2449951171875,286.5418701171875,36.985626220703125,10597.9306640625,0.005110884550958872
17070,341.4,petronas,9,0.868651807308197,982.2232666015625,799.2040405273438,1065.65185546875,825.0673217773438,83.4285888671875,25.86328125,2157.737060546875,0.0010405753273516893
17070,341.4,petronas,9,0.7689121961593628,604.890380859375,787.39892578125,681.5955810546875,805.4578857421875,76.7052001953125,18.0589599609375,1385.2161865234375,0.00066802476067096
17070,341.4,atlasian,1,0.5218610763549805,1337.4295654296875,399.1795349121094,1504.5810546875,420.5314636230469,167.1514892578125,21.3519287109375,3569.006591796875,0.0017211644444614649
17075,341.5,petronas,9,0.9056630730628967,756.7608642578125,526.0142822265625,1054.5538330078125,564.4977416992188,297.79296875,38.48345947265625,11460.103515625,0.005526670254766941
17075,341.5,petronas,9,0.7853772640228271,1041.4344482421875,835.2371215820312,1121.6171875,859.4199829101562,80.1827392578125,24.182861328125,1939.048095703125,0.0009351119515486062
17075,341.5,petronas,9,0.7602413296699524,644.6453247070312,825.9405517578125,730.1152954101562,844.9240112304688,85.469970703125,18.98345947265625,1622.5157470703125,0.0007824632339179516
17075,341.5,petronas,9,0.7232570052146912,1314.1292724609375,409.2259826660156,1481.963134765625,430.4918212890625,167.8338623046875,21.265838623046875,3569.1279296875,0.0017212230013683438
17080,341.6,petronas,9,0.8895490765571594,787.2119750976562,550.4472045898438,1085.54345703125,587.1807861328125,298.33148193359375,36.73358154296875,10958.7841796875,0.005284907296299934
17080,341.6,petronas,9,0.7994664311408997,1270.064453125,417.2480163574219,1441.691162109375,438.4733581542969,171.626708984375,21.225341796875,3642.83544921875,0.001756768673658371
17080,341.6,petronas,9,0.6112492680549622,759.6627197265625,875.2916870117188,841.5693359375,895.5225830078125,81.9066162109375,20.23089599609375,1657.044189453125,0.0007991146994754672
17080,341.6,petronas,9,0.45297765731811523,1172.841552734375,880.7208251953125,1264.4375,906.7924194335938,91.595947265625,26.07159423828125,2388.052490234375,0.001151645672507584
17085,341.7,petronas,9,0.9026997089385986,857.1967163085938,579.7886352539062,1171.70458984375,616.9500122070312,314.50787353515625,37.161376953125,11687.5458984375,0.00563635490834713
17085,341.7,petronas,9,0.7419769167900085,1222.8116455078125,431.0114440917969,1387.6068115234375,452.591064453125,164.795166015625,21.579620361328125,3556.217041015625,0.001714996644295752
17090,341.8,petronas,9,0.9106888175010681,1014.73974609375,615.0047607421875,1285.0076904296875,653.8084106445312,270.2679443359375,38.80364990234375,10487.3828125,0.005057572852820158
17095,341.9,petronas,9,0.9090306162834167,1265.5130615234375,659.4600219726562,1620.727783203125,702.4776611328125,355.2147216796875,43.01763916015625,15280.4990234375,0.00736906798556447
17095,341.9,petronas,9,0.7667551040649414,1102.88818359375,446.410400390625,1267.8685302734375,468.02838134765625,164.9803466796875,21.61798095703125,3566.5419921875,0.0017199758440256119
17100,342.0,petronas,9,0.8629917502403259,1648.7249755859375,722.4254760742188,1910.523681640625,774.270751953125,261.7987060546875,51.84527587890625,13573.0263671875,0.006545634008944035
17100,342.0,petronas,9,0.5924755930900574,1043.85400390625,452.55816650390625,1205.47607421875,470.9810791015625,161.6220703125,18.42291259765625,2977.54931640625,0.0014359323540702462
17120,342.4,petronas,9,0.5660417079925537,856.1102905273438,468.12652587890625,988.0042724609375,486.5358581542969,131.89398193359375,18.409332275390625,2428.080078125,0.0011709490790963173
17125,342.5,atlasian,1,0.732347846031189,764.552734375,462.11651611328125,936.427490234375,482.2613220214844,171.874755859375,20.144805908203125,3462.383544921875,0.0016697451937943697
17130,342.6,atlasian,1,0.7953645586967468,640.7269897460938,440.4324645996094,835.0739135742188,465.9742431640625,194.346923828125,25.541778564453125,4963.96630859375,0.0023938880767673254
17135,342.7,atlasian,1,0.830879271030426,684.4500732421875,510.81378173828125,795.19970703125,545.8878784179688,110.7496337890625,35.0740966796875,3884.443359375,0.001873284811154008
17135,342.7,atlasian,1,0.5466418266296387,517.0681762695312,417.520263671875,716.6550903320312,446.9942321777344,199.5869140625,29.473968505859375,5882.61865234375,0.0028369110077619553
17140,342.8,atlasian,1,0.8743257522583008,524.5668334960938,526.374755859375,730.3125,574.7199096679688,205.74566650390625,48.34515380859375,9946.8056640625,0.004796877503395081
17140,342.8,atlasian,1,0.45845291018486023,1473.131591796875,883.91845703125,1714.2835693359375,925.5473022460938,241.1519775390625,41.62884521484375,10038.8779296875,0.004841279704123735
17145,342.9,atlasian,1,0.869500994682312,350.3710632324219,593.0720825195312,659.2265014648438,646.8869018554688,308.8554382324219,53.8148193359375,16621.0,0.008015528321266174
17150,343.0,atlasian,1,0.8517635464668274,386.87701416015625,665.813720703125,744.7230224609375,707.857421875,357.84600830078125,42.043701171875,15045.1708984375,0.007255580276250839
17155,343.1,atlasian,1,0.9139916300773621,715.8844604492188,634.2601928710938,979.3033447265625,685.2992553710938,263.41888427734375,51.0390625,13444.6533203125,0.0064837257377803326
17160,343.2,atlasian,1,0.7140578627586365,1005.943359375,573.9443969726562,1151.6976318359375,607.219970703125,145.7542724609375,33.27557373046875,4850.05712890625,0.002338954946026206
17175,343.5,atlasian,1,0.5019067525863647,1162.3533935546875,459.89801025390625,1288.687744140625,468.5023193359375,126.3343505859375,8.60430908203125,1087.019775390625,0.0005242186598479748
17200,344.0,capp,3,0.4610438048839569,1273.729248046875,496.2276306152344,1343.4730224609375,505.89324951171875,69.7437744140625,9.665618896484375,674.1167602539062,0.0003250948793720454
17215,344.3,oracle,8,0.7714646458625793,860.2050170898438,619.9669799804688,1109.7633056640625,643.0846557617188,249.55828857421875,23.11767578125,5769.20751953125,0.0027822181582450867
17225,344.5,oracle,8,0.7459149956703186,1261.055419921875,576.466796875,1444.5570068359375,596.0342407226562,183.5015869140625,19.56744384765625,3590.656982421875,0.0017316053854301572
17230,344.6,capp,3,0.5940721035003662,1355.9769287109375,569.6510009765625,1516.437744140625,587.4288940429688,160.4608154296875,17.77789306640625,2852.6552734375,0.001375701860524714
17235,344.7,capp,3,0.687900185585022,1408.9420166015625,560.6126708984375,1553.7802734375,577.3768310546875,144.8382568359375,16.76416015625,2428.091796875,0.0011709547834470868
17240,344.8,capp,3,0.4422125816345215,1428.9461669921875,550.4895629882812,1545.6053466796875,563.1614379882812,116.6591796875,12.671875,1478.29052734375,0.0007129101431928575
17245,344.9,oracle,8,0.675310492515564,1396.6597900390625,538.1663208007812,1522.6312255859375,553.55224609375,125.971435546875,15.38592529296875,1938.1871337890625,0.0009346967563033104
17250,345.0,oracle,8,0.7363517880439758,1354.40576171875,523.2538452148438,1501.010986328125,537.33447265625,146.605224609375,14.08062744140625,2064.29345703125,0.0009955118875950575
17255,345.1,oracle,8,0.6119424700737,1307.5400390625,516.0252075195312,1424.334716796875,528.1881103515625,116.794677734375,12.16290283203125,1420.562255859375,0.0006850705249235034
17260,345.2,oracle,8,0.7630100250244141,1245.4688720703125,499.451171875,1367.283203125,512.7900390625,121.8143310546875,13.3388671875,1624.865234375,0.0007835962460376322
17265,345.3,petronas,9,0.8676191568374634,883.5576171875,349.5451354980469,1246.55224609375,388.7807312011719,362.99462890625,39.235595703125,14242.310546875,0.006868398282676935
17265,345.3,petronas,9,0.6697720289230347,1042.04345703125,680.821044921875,1144.758056640625,705.1207275390625,102.714599609375,24.2996826171875,2495.93212890625,0.0012036709813401103
17270,345.4,petronas,9,0.8755356669425964,593.3270263671875,396.50665283203125,965.3048095703125,433.27685546875,371.977783203125,36.77020263671875,13677.6982421875,0.006596112158149481
17270,345.4,petronas,9,0.7819992899894714,892.6078491210938,709.1167602539062,996.6161499023438,735.3147583007812,104.00830078125,26.197998046875,2724.809326171875,0.0013140477240085602
17275,345.5,petronas,9,0.8773501515388489,457.4557800292969,418.8031311035156,834.2942504882812,455.0569763183594,376.8384704589844,36.25384521484375,13661.84375,0.006588466465473175
17275,345.5,petronas,9,0.7390604615211487,848.5848999023438,736.1358032226562,956.1011352539062,765.9619140625,107.5162353515625,29.82611083984375,3206.791259765625,0.0015464850002899766
17275,345.5,moneygram,6,0.5998002886772156,580.02099609375,494.8807373046875,638.3668823242188,539.0701904296875,58.34588623046875,44.189453125,2578.272705078125,0.0012433800147846341
17275,345.5,petronas,9,0.42366981506347656,363.72357177734375,736.6947631835938,449.8136901855469,763.4526977539062,86.09011840820312,26.7579345703125,2303.59375,0.0011109152110293508
17275,345.5,petronas,9,0.41311365365982056,340.2856750488281,506.15216064453125,405.8388977050781,518.3929443359375,65.55322265625,12.24078369140625,802.4227905273438,0.0003869708743877709
17280,345.6,petronas,9,0.8455652594566345,891.8877563476562,771.8823852539062,998.95556640625,801.8307495117188,107.06781005859375,29.9483642578125,3206.505859375,0.0015463473973795772
17280,345.6,petronas,9,0.8118731379508972,450.20147705078125,446.532470703125,837.3853149414062,482.139892578125,387.183837890625,35.607421875,13786.6181640625,0.006648639217019081
17285,345.7,petronas,9,0.8593424558639526,512.4298095703125,424.6302490234375,924.3953857421875,465.7856140136719,411.965576171875,41.155364990234375,16954.59375,0.008176404982805252
17285,345.7,petronas,9,0.4608463943004608,984.4793701171875,808.0556030273438,1099.0623779296875,838.1273193359375,114.5830078125,30.07171630859375,3445.707763671875,0.001661703223362565
17285,345.7,petronas,9,0.40627986192703247,426.900390625,801.0136108398438,543.5086059570312,831.3623657226562,116.60821533203125,30.3487548828125,3538.9140625,0.001706652226857841
17290,345.8,petronas,9,0.8306625485420227,590.6553955078125,447.9057312011719,1018.7581787109375,494.7801818847656,428.102783203125,46.87445068359375,20067.08203125,0.009677411988377571
17290,345.8,petronas,9,0.7024291753768921,1060.0318603515625,876.5376586914062,1184.341552734375,914.5884399414062,124.3096923828125,38.05078125,4730.0810546875,0.0022810962982475758
17290,345.8,petronas,9,0.5448694825172424,477.306396484375,864.7753295898438,577.6854248046875,893.4754028320312,100.3790283203125,28.7000732421875,2880.885498046875,0.001389315933920443
17295,345.9,petronas,9,0.8480701446533203,639.0486450195312,485.6695556640625,1118.008056640625,552.2473754882812,478.95941162109375,66.57781982421875,31888.07421875,0.015378122217953205
17295,345.9,petronas,9,0.5009329319000244,1057.3065185546875,991.1536865234375,1198.980224609375,1041.280517578125,141.6737060546875,50.1268310546875,7101.65380859375,0.003424794413149357
17295,345.9,petronas,9,0.48177430033683777,397.7671813964844,959.8102416992188,532.1136474609375,995.2769165039062,134.34646606445312,35.4666748046875,4764.822265625,0.002297850325703621
17300,346.0,petronas,9,0.9036777019500732,613.2667846679688,574.2989501953125,1142.9327392578125,646.1994018554688,529.6659545898438,71.90045166015625,38083.22265625,0.018365751951932907
17305,346.1,petronas,9,0.848330557346344,621.40966796875,732.1686401367188,1024.54052734375,809.7509765625,403.130859375,77.58233642578125,31275.833984375,0.015082867816090584
17310,346.2,atlasian,1,0.7317699193954468,973.4882202148438,361.1800842285156,1202.0496826171875,384.4964599609375,228.56146240234375,23.316375732421875,5329.22509765625,0.002570035168901086
17315,346.3,petronas,9,0.45757123827934265,920.72607421875,380.697998046875,1140.3935546875,400.829833984375,219.66748046875,20.1318359375,4422.3095703125,0.0021326723508536816
17320,346.4,atlasian,1,0.7975602746009827,902.2227783203125,387.72808837890625,1114.5333251953125,407.95001220703125,212.310546875,20.221923828125,4293.32763671875,0.002070470480248332
17325,346.5,atlasian,1,0.7242279648780823,913.8577880859375,380.27880859375,1111.13671875,399.32080078125,197.2789306640625,19.0419921875,3756.583740234375,0.0018116241553798318
17330,346.6,atlasian,1,0.8811994194984436,950.2527465820312,377.041015625,1125.9713134765625,394.3978576660156,175.71856689453125,17.356842041015625,3049.91943359375,0.0014708330854773521
17335,346.7,atlasian,1,0.8914690613746643,985.5202026367188,380.249755859375,1164.7896728515625,397.5041809082031,179.26947021484375,17.254425048828125,3093.191650390625,0.0014917012304067612
17340,346.8,atlasian,1,0.8798374533653259,1028.6361083984375,380.01171875,1192.9464111328125,402.135498046875,164.310302734375,22.123779296875,3635.164794921875,0.0017530694603919983
17345,346.9,atlasian,1,0.5026200413703918,1152.596923828125,404.6824951171875,1246.2618408203125,422.5882873535156,93.6649169921875,17.905792236328125,1677.14453125,0.0008088081376627088
17350,347.0,atlasian,1,0.797008752822876,1155.949462890625,410.3391418457031,1274.01220703125,431.24432373046875,118.062744140625,20.905181884765625,2468.123046875,0.0011902599362656474
17355,347.1,atlasian,1,0.8527200818061829,1126.306640625,393.1942138671875,1288.0506591796875,416.9828186035156,161.7440185546875,23.788604736328125,3847.66455078125,0.0018555481219664216
17360,347.2,atlasian,1,0.551537036895752,798.8186645507812,807.0122680664062,1108.384765625,852.9008178710938,309.56610107421875,45.8885498046875,14205.5390625,0.006850664969533682
17420,348.4,petronas,9,0.8275813460350037,1074.5601806640625,590.174072265625,1239.139892578125,628.5477294921875,164.5797119140625,38.3736572265625,6315.525390625,0.003045681631192565
17420,348.4,kick,5,0.7597840428352356,1033.71923828125,40.41450881958008,1297.16943359375,111.30376434326172,263.4501953125,70.88925170898438,18675.787109375,0.009006455540657043
17425,348.5,petronas,9,0.8113288283348083,1131.2718505859375,46.41852569580078,1749.1356201171875,127.47325134277344,617.86376953125,81.05472564697266,50080.77734375,0.02415161021053791
17430,348.6,petronas,9,0.8984462022781372,1256.5650634765625,61.585914611816406,1923.03515625,152.27537536621094,666.4700927734375,90.68946075439453,60441.8125,0.029148250818252563
17435,348.7,petronas,9,0.8272777795791626,1272.966796875,55.15298080444336,1926.2294921875,154.76980590820312,653.2626953125,99.6168212890625,65075.953125,0.031383078545331955
17435,348.7,petronas,9,0.754192054271698,670.0136108398438,806.259033203125,873.4077758789062,855.1668090820312,203.3941650390625,48.90777587890625,9947.556640625,0.004797239787876606
17435,348.7,kick,5,0.46216118335723877,1272.966796875,55.15298080444336,1926.2294921875,154.76980590820312,653.2626953125,99.6168212890625,65075.953125,0.031383078545331955
17440,348.8,petronas,9,0.6017457842826843,1221.733642578125,27.187267303466797,1922.8541259765625,135.03675842285156,701.1204833984375,107.8494873046875,75615.484375,0.03646580129861832
17440,348.8,petronas,9,0.4436781108379364,1481.6654052734375,911.057373046875,1738.171875,979.7269287109375,256.5064697265625,68.6695556640625,17614.185546875,0.008494495414197445
17440,348.8,kick,5,0.42194637656211853,1221.733642578125,27.187267303466797,1922.8541259765625,135.03675842285156,701.1204833984375,107.8494873046875,75615.484375,0.03646580129861832
17440,348.8,aramco,0,0.4061535596847534,1481.6654052734375,911.057373046875,1738.171875,979.7269287109375,256.5064697265625,68.6695556640625,17614.185546875,0.008494495414197445
17445,348.9,aramco,0,0.5491141080856323,1226.1507568359375,969.3486938476562,1509.0338134765625,1045.1817626953125,282.883056640625,75.83306884765625,21451.890625,0.010345240123569965
17445,348.9,petronas,9,0.4393051862716675,877.8284912109375,4.713472843170166,1870.67041015625,122.47665405273438,992.8419189453125,117.76318359375,116920.2265625,0.056385140866041183
17450,349.0,petronas,9,0.879078209400177,531.9046630859375,72.01727294921875,1424.8619384765625,179.6066131591797,892.957275390625,107.58934020996094,96072.6875,0.04633134976029396
17455,349.1,petronas,9,0.5311017632484436,1042.4334716796875,1032.9351806640625,1288.4664306640625,1082.458251953125,246.032958984375,49.5230712890625,12184.3076171875,0.005875919945538044
17455,349.1,kick,5,0.4984872341156006,332.4194641113281,48.61779022216797,1086.067626953125,154.66209411621094,753.648193359375,106.04430389404297,79920.1015625,0.03854171559214592
17460,349.2,petronas,9,0.6774086952209473,1379.4095458984375,911.669921875,1611.25341796875,967.8255615234375,231.8438720703125,56.1556396484375,13019.3408203125,0.006278617307543755
17465,349.3,petronas,9,0.7685300707817078,415.2229309082031,100.91278839111328,1022.7755126953125,176.79608154296875,607.5526123046875,75.88329315185547,46103.09375,0.02223335951566696
17470,349.4,petronas,9,0.9223125576972961,506.79083251953125,243.17898559570312,977.0069580078125,309.0345764160156,470.21612548828125,65.8555908203125,30966.361328125,0.014933623373508453
17475,349.5,petronas,9,0.9220269918441772,727.305419921875,327.43414306640625,1132.5457763671875,381.2965393066406,405.2403564453125,53.862396240234375,21827.216796875,0.010526242665946484
17480,349.6,petronas,9,0.9166982173919678,942.358642578125,397.82012939453125,1333.902099609375,451.0548095703125,391.54345703125,53.23468017578125,20843.69140625,0.01005193404853344
17485,349.7,petronas,9,0.8847056031227112,1378.378662109375,472.925048828125,1779.6324462890625,541.5289916992188,401.2537841796875,68.60394287109375,27527.591796875,0.01327526569366455
17495,349.9,atlasian,1,0.4880165457725525,664.05810546875,247.97239685058594,785.1886596679688,258.9950866699219,121.13055419921875,11.022689819335938,1335.1845703125,0.0006438968703150749
17500,350.0,atlasian,1,0.8577695488929749,615.979736328125,252.4997100830078,754.2254028320312,265.86944580078125,138.24566650390625,13.369735717773438,1848.3079833984375,0.0008913522469811141
17515,350.3,atlasian,1,0.7837719321250916,645.5581665039062,296.43267822265625,820.894287109375,330.801513671875,175.33612060546875,34.36883544921875,6026.09814453125,0.002906104316934943
17520,350.4,atlasian,1,0.7599833607673645,759.1629638671875,339.4909973144531,999.701416015625,373.01788330078125,240.5384521484375,33.526885986328125,8064.50537109375,0.003889132523909211
17525,350.5,aramco,0,0.5012670755386353,1126.22705078125,431.9259948730469,1231.303466796875,443.0270080566406,105.076416015625,11.10101318359375,1166.4547119140625,0.0005625264020636678
17530,350.6,petronas,9,0.4203876554965973,1118.2879638671875,432.1614074707031,1225.5570068359375,443.51348876953125,107.26904296875,11.352081298828125,1217.7269287109375,0.0005872525507584214
17535,350.7,petronas,9,0.7841885089874268,1112.2645263671875,430.1404724121094,1226.686279296875,442.8603210449219,114.4217529296875,12.7198486328125,1455.4273681640625,0.0007018843316473067
17540,350.8,petronas,9,0.8438412547111511,1114.4056396484375,425.34075927734375,1235.2874755859375,437.4186096191406,120.8818359375,12.077850341796875,1459.99267578125,0.0007040859782136977
17545,350.9,petronas,9,0.7246231436729431,1134.7681884765625,422.3108825683594,1235.0244140625,433.8489685058594,100.2562255859375,11.5380859375,1156.764892578125,0.0005578534328378737
17545,350.9,petronas,9,0.5387042164802551,1287.5899658203125,397.6614074707031,1354.4974365234375,407.2793273925781,66.907470703125,9.617919921875,643.5106811523438,0.0003103350172750652
17550,351.0,petronas,9,0.4716542065143585,1200.0545654296875,394.74462890625,1277.147705078125,404.8377380371094,77.0931396484375,10.093109130859375,778.1094970703125,0.00037524569779634476
17550,351.0,petronas,9,0.40583476424217224,1145.642333984375,412.7355041503906,1261.6654052734375,425.520751953125,116.0230712890625,12.785247802734375,1483.3836669921875,0.0007153663318604231
17555,351.1,petronas,9,0.5085641145706177,1133.726806640625,390.7759094238281,1204.3079833984375,398.26287841796875,70.5811767578125,7.486968994140625,528.4390869140625,0.00025484137586317956
17560,351.2,petronas,9,0.7316877245903015,1160.6385498046875,407.1230163574219,1282.0958251953125,419.877197265625,121.457275390625,12.754180908203125,1549.0880126953125,0.0007470524869859219
17565,351.3,petronas,9,0.8779820799827576,1164.23583984375,397.6678771972656,1295.2470703125,409.8532409667969,131.01123046875,12.18536376953125,1596.4195556640625,0.0007698782719671726
17565,351.3,petronas,9,0.5785294771194458,1174.2264404296875,500.66748046875,1212.0072021484375,510.6134948730469,37.78076171875,9.946014404296875,375.76800537109375,0.00018121527682524174
17570,351.4,petronas,9,0.8500952124595642,1180.919921875,390.9579162597656,1304.2738037109375,403.05419921875,123.3538818359375,12.096282958984375,1492.1234130859375,0.0007195811485871673
17570,351.4,petronas,9,0.5266910791397095,927.5949096679688,368.4532470703125,994.5423583984375,377.4788513183594,66.94744873046875,9.025604248046875,604.2411499023438,0.00029139715479686856
17570,351.4,petronas,9,0.42762845754623413,1191.90673828125,495.8669128417969,1220.3587646484375,508.0757751464844,28.4520263671875,12.2088623046875,347.36688232421875,0.00016751875227782875
17575,351.5,petronas,9,0.8344188332557678,1197.86767578125,384.4346008300781,1322.8988037109375,395.4329833984375,125.0311279296875,10.998382568359375,1375.14013671875,0.0006631655851379037
17580,351.6,petronas,9,0.7368382215499878,1199.791748046875,381.41973876953125,1316.512939453125,392.6604919433594,116.72119140625,11.240753173828125,1312.0340576171875,0.0006327324663288891
17585,351.7,petronas,9,0.6822680234909058,1205.021728515625,384.0970153808594,1331.125244140625,394.8781433105469,126.103515625,10.7811279296875,1359.5380859375,0.0006556414300575852
17585,351.7,atlasian,1,0.6453826427459717,714.6005859375,365.5345764160156,830.1958618164062,374.4745178222656,115.59527587890625,8.93994140625,1033.4150390625,0.0004983675898984075
17590,351.8,petronas,9,0.7193446159362793,1204.0577392578125,391.9310302734375,1322.4893798828125,403.1779479980469,118.431640625,11.246917724609375,1331.990966796875,0.0006423567538149655
17595,351.9,petronas,9,0.7838504910469055,1197.92529296875,390.1624755859375,1316.571044921875,402.22772216796875,118.645751953125,12.06524658203125,1431.490234375,0.0006903405883349478
17595,351.9,atlasian,1,0.606209933757782,644.6845703125,378.8209533691406,748.9805908203125,386.6478576660156,104.2960205078125,7.826904296875,816.31494140625,0.00039367040153592825
17600,352.0,petronas,9,0.8755043148994446,1168.74365234375,383.8587951660156,1288.1417236328125,395.947021484375,119.3980712890625,12.088226318359375,1443.3109130859375,0.0006960411556065083
17600,352.0,atlasian,1,0.6489317417144775,607.139404296875,373.2922668457031,718.287841796875,384.4520263671875,111.1484375,11.159759521484375,1240.389892578125,0.0005981818540021777
17605,352.1,petronas,9,0.6558616161346436,1141.1197509765625,382.14306640625,1247.487548828125,392.0345153808594,106.3677978515625,9.891448974609375,1052.131591796875,0.000507393735460937
17610,352.2,atlasian,1,0.8520273566246033,560.6611328125,370.3537292480469,682.686279296875,380.3989562988281,122.025146484375,10.04522705078125,1225.770263671875,0.0005911315092816949
17610,352.2,petronas,9,0.8179514408111572,1083.6295166015625,375.3278503417969,1191.4205322265625,385.4404602050781,107.791015625,10.11260986328125,1090.0484619140625,0.0005256792064756155
17615,352.3,atlasian,1,0.7820843458175659,537.9994506835938,379.95013427734375,608.5004272460938,389.6336364746094,70.5009765625,9.683502197265625,682.6963500976562,0.00032923242542892694
17615,352.3,petronas,9,0.7444494366645813,1013.9147338867188,377.5619812011719,1088.261962890625,386.1268615722656,74.34722900390625,8.56488037109375,636.775146484375,0.0003070867678616196
17620,352.4,petronas,9,0.7766836285591125,896.5016479492188,375.04315185546875,967.8032836914062,383.1270446777344,71.3016357421875,8.083892822265625,576.394775390625,0.00027796815265901387
17620,352.4,atlasian,1,0.6988829374313354,509.2727355957031,385.0787048339844,594.0260620117188,395.4998474121094,84.75332641601562,10.421142578125,883.2265014648438,0.00042593872058205307
17625,352.5,petronas,9,0.6944946050643921,758.3765258789062,361.8383483886719,827.9138793945312,370.39520263671875,69.537353515625,8.556854248046875,595.02099609375,0.00028695070068351924
17635,352.7,atlasian,1,0.7662188410758972,513.8414916992188,449.59454345703125,604.5263061523438,475.0904846191406,90.684814453125,25.495941162109375,2312.0947265625,0.0011150147765874863
17635,352.7,atlasian,1,0.5635992884635925,394.22607421875,394.3145446777344,541.8027954101562,414.8117980957031,147.57672119140625,20.49725341796875,3024.91748046875,0.0014587758341804147
17640,352.8,atlasian,1,0.8593094348907471,466.13006591796875,501.7694396972656,651.895263671875,536.5382080078125,185.76519775390625,34.768768310546875,6458.8271484375,0.0031147892586886883
17645,352.9,atlasian,1,0.8667042851448059,511.66534423828125,529.9193115234375,822.8346557617188,566.51220703125,311.1693115234375,36.5928955078125,11386.5859375,0.005491216201335192
17650,353.0,atlasian,1,0.913841187953949,752.5496826171875,486.82525634765625,922.2671508789062,523.6497802734375,169.71746826171875,36.82452392578125,6249.76513671875,0.0030139684677124023
17675,353.5,petronas,9,0.4918467700481415,404.82049560546875,633.20654296875,488.2523193359375,672.9130859375,83.43182373046875,39.70654296875,3312.789306640625,0.0015976028516888618
17680,353.6,capp,3,0.546700656414032,597.9030151367188,570.4303588867188,643.3404541015625,583.40087890625,45.43743896484375,12.97052001953125,589.3472290039062,0.0002842145331669599
17690,353.8,petronas,9,0.5504228472709656,930.8973999023438,530.0741577148438,978.0989379882812,536.5846557617188,47.2015380859375,6.510498046875,307.3055114746094,0.00014819903299212456
17700,354.0,petronas,9,0.5043541193008423,957.5428466796875,532.3472290039062,999.4898071289062,537.41162109375,41.94696044921875,5.06439208984375,212.43585205078125,0.00010244784789392725
17710,354.2,petronas,9,0.4311293661594391,917.2218017578125,546.4300537109375,975.0325927734375,553.8214721679688,57.810791015625,7.39141845703125,427.3037414550781,0.0002060685510514304
17725,354.5,oracle,8,0.8834613561630249,343.9739074707031,775.476318359375,724.59912109375,827.3859252929688,380.6252136230469,51.90960693359375,19758.10546875,0.009528406895697117
17725,354.5,oracle,8,0.46639880537986755,993.680419921875,535.3681640625,1039.577392578125,542.846435546875,45.89697265625,7.478271484375,343.2300109863281,0.00016552372835576534
17730,354.6,oracle,8,0.9091640710830688,818.1107177734375,689.2745971679688,1117.403076171875,723.0932006835938,299.2923583984375,33.818603515625,10121.6494140625,0.004881196655333042
17735,354.7,oracle,8,0.9058303833007812,1039.6688232421875,650.1144409179688,1257.939453125,676.8444213867188,218.2706298828125,26.72998046875,5834.36962890625,0.002813642844557762
17735,354.7,oracle,8,0.6020345091819763,568.3768310546875,679.8617553710938,622.7996826171875,710.5972900390625,54.4228515625,30.73553466796875,1672.7154541015625,0.0008066722075454891
17740,354.8,oracle,8,0.6510632038116455,1162.371826171875,626.5628662109375,1321.1956787109375,646.5403442382812,158.8238525390625,19.97747802734375,3172.89990234375,0.0015301407547667623
17745,354.9,oracle,8,0.7992560863494873,1217.072021484375,610.492919921875,1369.556396484375,628.413818359375,152.484375,17.9208984375,2732.656982421875,0.001317832269705832
17745,354.9,oracle,8,0.7410690188407898,670.3434448242188,603.3121337890625,799.5982666015625,617.5658569335938,129.25482177734375,14.25372314453125,1842.3624267578125,0.0008884849376045167
17750,355.0,oracle,8,0.71528559923172,763.2916870117188,596.5353393554688,858.3749389648438,608.3274536132812,95.083251953125,11.7921142578125,1121.2325439453125,0.0005407178541645408
17750,355.0,oracle,8,0.6708898544311523,1241.1324462890625,600.2052612304688,1366.4437255859375,616.2848510742188,125.311279296875,16.07958984375,2014.9539794921875,0.0009717177599668503
17755,355.1,oracle,8,0.6946519017219543,829.4668579101562,586.1940307617188,907.994140625,597.6316528320312,78.52728271484375,11.4376220703125,898.1654052734375,0.000433143024565652
17755,355.1,oracle,8,0.603152871131897,1243.0491943359375,595.3040161132812,1345.5933837890625,608.3090209960938,102.544189453125,13.0050048828125,1333.587646484375,0.0006431267829611897
17760,355.2,oracle,8,0.7471905946731567,867.6406860351562,582.5043334960938,950.8107299804688,594.2941284179688,83.1700439453125,11.789794921875,980.5577392578125,0.00047287699999287724
17760,355.2,oracle,8,0.7248845100402832,1229.6934814453125,592.5396728515625,1328.3143310546875,605.029541015625,98.620849609375,12.4898681640625,1231.7613525390625,0.0005940207047387958
17765,355.3,oracle,8,0.5780775547027588,1213.8538818359375,588.3800048828125,1306.7645263671875,601.114501953125,92.91064453125,12.7344970703125,1183.1702880859375,0.000570587522815913
17765,355.3,oracle,8,0.5753940939903259,897.099609375,582.118896484375,972.4051513671875,591.9655151367188,75.3055419921875,9.84661865234375,741.5049438476562,0.0003575930604711175
17770,355.4,oracle,8,0.6456400156021118,1195.1597900390625,584.539794921875,1276.2568359375,597.1445922851562,81.0970458984375,12.60479736328125,1022.2118530273438,0.0004929648130200803
17770,355.4,oracle,8,0.5313282608985901,909.5927734375,579.6590576171875,982.4898071289062,588.0463256835938,72.89703369140625,8.38726806640625,611.406982421875,0.00029485291452147067
17775,355.5,oracle,8,0.7382179498672485,1161.238525390625,584.4732666015625,1248.9180908203125,596.371826171875,87.6795654296875,11.8985595703125,1043.260498046875,0.000503115588799119
17775,355.5,aramco,0,0.5937092304229736,426.98797607421875,760.5286865234375,508.7568359375,811.4934692382812,81.76885986328125,50.96478271484375,4167.33203125,0.0020097086671739817
17780,355.6,oracle,8,0.44003555178642273,1129.265625,580.8619384765625,1203.104736328125,593.3013916015625,73.839111328125,12.439453125,918.5181884765625,0.00044295823317952454
17785,355.7,oracle,8,0.5185734629631042,1099.1197509765625,580.0427856445312,1163.6827392578125,590.5077514648438,64.56298828125,10.4649658203125,675.6494750976562,0.0003258340584579855
17940,358.8,oracle,8,0.7672694325447083,973.9603271484375,681.239990234375,1084.2822265625,714.9224243164062,110.3218994140625,33.68243408203125,3715.91015625,0.0017920091049745679
17945,358.9,oracle,8,0.8949257731437683,734.6348876953125,700.0426635742188,885.597900390625,736.6561889648438,150.9630126953125,36.613525390625,5527.2880859375,0.002665551844984293
17950,359.0,oracle,8,0.746001124382019,395.7862854003906,719.0382080078125,602.337158203125,763.8654174804688,206.55087280273438,44.82720947265625,9259.099609375,0.004465229343622923
17950,359.0,okx,7,0.4620341956615448,1011.450927734375,531.0134887695312,1042.9840087890625,538.3484497070312,31.5330810546875,7.3349609375,231.29391479492188,0.00011154220555908978
17960,359.2,okx,7,0.4730571508407593,1053.666015625,530.8292846679688,1089.169921875,538.9755249023438,35.50390625,8.146240234375,289.2233581542969,0.00013947885599918664
17965,359.3,okx,7,0.5085726976394653,1055.409423828125,525.19189453125,1091.909912109375,531.9440307617188,36.50048828125,6.75213623046875,246.45626831054688,0.00011885429557878524
17970,359.4,okx,7,0.5451185703277588,1020.5908813476562,522.8148803710938,1058.266845703125,530.3306884765625,37.67596435546875,7.51580810546875,283.1653137207031,0.00013655734073836356
17985,359.7,okx,7,0.6427412629127502,1093.3848876953125,511.1690673828125,1137.453857421875,521.1991577148438,44.0689697265625,10.03009033203125,442.0157470703125,0.0002131634537363425
17990,359.8,okx,7,0.9469593167304993,706.83740234375,683.6990356445312,977.131103515625,758.6076049804688,270.293701171875,74.9085693359375,20247.314453125,0.00976432953029871
17990,359.8,okx,7,0.9098752737045288,1108.96484375,687.4366455078125,1381.333984375,762.8787841796875,272.369140625,75.442138671875,20548.111328125,0.009909390471875668
17995,359.9,okx,7,0.9431295990943909,706.44580078125,688.6187744140625,977.312255859375,764.71630859375,270.866455078125,76.0975341796875,20612.26953125,0.009940330870449543
17995,359.9,okx,7,0.8488821983337402,1111.51123046875,690.7357177734375,1380.77099609375,767.1983642578125,269.259765625,76.462646484375,20588.314453125,0.009928777813911438
18000,360.0,okx,7,0.9495638012886047,709.4039306640625,680.19775390625,977.9525756835938,756.882080078125,268.54864501953125,76.684326171875,20593.47265625,0.009931265376508236
18000,360.0,okx,7,0.8977944254875183,1112.8314208984375,686.3848266601562,1385.3792724609375,762.1090087890625,272.5478515625,75.72418212890625,20638.462890625,0.009952962398529053
18005,360.1,okx,7,0.9566704630851746,706.6602783203125,678.5001831054688,976.3336791992188,754.1783447265625,269.67340087890625,75.67816162109375,20408.38671875,0.009842007420957088
18005,360.1,okx,7,0.8894422054290771,1111.9888916015625,682.0903930664062,1381.599365234375,757.1419677734375,269.6104736328125,75.05157470703125,20234.69140625,0.009758242405951023
18010,360.2,okx,7,0.9519754648208618,714.5310668945312,679.466064453125,981.3037719726562,756.2728881835938,266.772705078125,76.80682373046875,20489.96484375,0.009881348349153996
18010,360.2,okx,7,0.8890284895896912,1119.087646484375,686.7698974609375,1385.505615234375,760.6911010742188,266.41796875,73.92120361328125,19693.9375,0.009497461840510368
18015,360.3,okx,7,0.9520047307014465,716.0826416015625,685.8898315429688,983.8316650390625,762.2180786132812,267.7490234375,76.3282470703125,20436.814453125,0.009855716489255428
18015,360.3,okx,7,0.9171211123466492,1120.4022216796875,690.5109252929688,1386.8319091796875,765.7395629882812,266.4296875,75.2286376953125,20043.142578125,0.009665867313742638
18020,360.4,okx,7,0.9440233111381531,717.6831665039062,678.7227783203125,981.1023559570312,754.5536499023438,263.419189453125,75.83087158203125,19975.306640625,0.009633153676986694
18020,360.4,okx,7,0.8831059336662292,1121.2308349609375,681.1008911132812,1386.3216552734375,756.872314453125,265.0908203125,75.77142333984375,20086.30859375,0.009686684235930443
18025,360.5,okx,7,0.9344238638877869,720.3283081054688,671.160400390625,985.843994140625,744.0457153320312,265.51568603515625,72.88531494140625,19352.1953125,0.009332655929028988
18025,360.5,okx,7,0.860197901725769,1125.9024658203125,675.2120361328125,1390.7313232421875,747.1728515625,264.828857421875,71.9608154296875,19057.30078125,0.00919044204056263
18030,360.6,okx,7,0.935468316078186,719.2511596679688,673.0118408203125,984.4681396484375,743.9784545898438,265.21697998046875,70.96661376953125,18821.55078125,0.009076750837266445
18030,360.6,okx,7,0.8250278830528259,1124.489990234375,675.541748046875,1388.5118408203125,745.7554931640625,264.0218505859375,70.2137451171875,18537.962890625,0.00893998984247446
18035,360.7,okx,7,0.9393521547317505,723.20751953125,666.1198120117188,991.4132080078125,741.0823364257812,268.2056884765625,74.9625244140625,20105.375,0.009695879183709621
18035,360.7,okx,7,0.8669686913490295,1132.13330078125,669.3057861328125,1394.8143310546875,744.4295654296875,262.6810302734375,75.123779296875,19733.591796875,0.009516585618257523
18040,360.8,okx,7,0.9289636611938477,722.8722534179688,671.2022705078125,991.029296875,742.970947265625,268.15704345703125,71.7686767578125,19245.275390625,0.009281093254685402
18040,360.8,okx,7,0.8407824635505676,1128.7325439453125,672.6611938476562,1391.4654541015625,744.5531005859375,262.73291015625,71.89190673828125,18888.369140625,0.00910897459834814
18045,360.9,okx,7,0.9277360439300537,725.689453125,674.5994873046875,988.6185913085938,745.7495727539062,262.92913818359375,71.15008544921875,18707.4296875,0.009021715261042118
18045,360.9,okx,7,0.8179484009742737,1131.6090087890625,677.5408325195312,1392.3870849609375,749.7102661132812,260.778076171875,72.16943359375,18820.205078125,0.009076101705431938
18050,361.0,okx,7,0.9223431944847107,729.68505859375,675.9937744140625,986.75537109375,749.150146484375,257.0703125,73.1563720703125,18806.33203125,0.009069412015378475
18050,361.0,okx,7,0.8096391558647156,1132.6162109375,679.5843505859375,1394.355224609375,753.293212890625,261.739013671875,73.7088623046875,19292.484375,0.009303860366344452
18055,361.1,okx,7,0.918336808681488,732.2064819335938,675.7534790039062,1001.337890625,751.2274780273438,269.13140869140625,75.4739990234375,20312.423828125,0.00979572907090187
18055,361.1,okx,7,0.8626008629798889,1136.7930908203125,680.0226440429688,1399.431640625,754.819580078125,262.6385498046875,74.79693603515625,19644.55859375,0.009473648853600025
18060,361.2,okx,7,0.9166442155838013,731.5260620117188,675.7940063476562,1006.3485717773438,753.120361328125,274.822509765625,77.32635498046875,21251.0234375,0.01024837139993906
18060,361.2,okx,7,0.8721312284469604,1137.8804931640625,681.13916015625,1399.542724609375,756.4423828125,261.6622314453125,75.30322265625,19704.009765625,0.009502319619059563
18065,361.3,okx,7,0.9290677905082703,730.9307250976562,676.2438354492188,1000.0870361328125,755.337646484375,269.15631103515625,79.09381103515625,21288.59765625,0.010266492143273354
18065,361.3,okx,7,0.8415323495864868,1138.0833740234375,681.4563598632812,1401.111328125,758.713623046875,263.0279541015625,77.25726318359375,20320.8203125,0.009799778461456299
18070,361.4,okx,7,0.9299933314323425,732.9669799804688,675.2317504882812,1000.35107421875,753.1475830078125,267.38409423828125,77.91583251953125,20833.455078125,0.010046998038887978
18070,361.4,okx,7,0.8687087893486023,1140.489501953125,678.7784423828125,1400.23828125,755.0174560546875,259.748779296875,76.239013671875,19802.990234375,0.009550053626298904
18075,361.5,okx,7,0.9385975003242493,730.2695922851562,677.6201782226562,999.7841186523438,755.4900512695312,269.5145263671875,77.869873046875,20987.0625,0.010121075436472893
18075,361.5,okx,7,0.8890230655670166,1140.18798828125,681.6090087890625,1399.653564453125,758.8969116210938,259.465576171875,77.28790283203125,20053.55078125,0.009670887142419815
18080,361.6,okx,7,0.9430366158485413,730.6937255859375,674.5811157226562,1000.2857055664062,753.9052734375,269.59197998046875,79.32415771484375,21385.15625,0.010313057340681553
18080,361.6,okx,7,0.8986719250679016,1140.195068359375,678.8822021484375,1401.30126953125,755.810546875,261.106201171875,76.9283447265625,20086.46875,0.009686761535704136
18085,361.7,okx,7,0.9354426264762878,731.7683715820312,673.8798828125,1000.0687255859375,751.8921508789062,268.30035400390625,78.01226806640625,20930.71875,0.010093904100358486
18085,361.7,okx,7,0.8424642086029053,1142.079345703125,678.7808227539062,1402.884033203125,754.9044799804688,260.8046875,76.1236572265625,19853.40625,0.009574366733431816
18090,361.8,okx,7,0.9347684383392334,734.2586669921875,675.1697387695312,1005.2015380859375,754.2500610351562,270.94287109375,79.080322265625,21426.25,0.010332874953746796
18090,361.8,okx,7,0.9108830690383911,1142.197265625,678.8743896484375,1408.5262451171875,756.9144897460938,266.3289794921875,78.04010009765625,20784.33984375,0.010023311711847782
18090,361.8,okx,7,0.48220157623291016,1293.757080078125,592.1377563476562,1588.7083740234375,643.0597534179688,294.9512939453125,50.9219970703125,15019.5087890625,0.0072432043962180614
18095,361.9,okx,7,0.9443650841712952,733.125,675.6300659179688,1007.77783203125,756.6312866210938,274.65283203125,81.001220703125,22247.21484375,0.010728787630796432
18095,361.9,okx,7,0.9234263300895691,1139.1529541015625,680.7808227539062,1406.7647705078125,760.9595947265625,267.61181640625,80.17877197265625,21456.787109375,0.01034760195761919
18100,362.0,okx,7,0.9433500170707703,734.7040405273438,678.1456298828125,1007.8405151367188,758.9462890625,273.136474609375,80.8006591796875,22069.607421875,0.01064313668757677
18100,362.0,okx,7,0.9028918147087097,1143.155029296875,683.2896118164062,1409.8353271484375,761.488037109375,266.6802978515625,78.19842529296875,20853.978515625,0.010056895203888416
18100,362.0,okx,7,0.6218372583389282,855.6033325195312,578.6969604492188,1097.7366943359375,623.638671875,242.13336181640625,44.94171142578125,10881.8876953125,0.005247823894023895
18100,362.0,okx,7,0.599619448184967,1268.607666015625,576.458740234375,1544.01708984375,626.257568359375,275.409423828125,49.798828125,13715.06640625,0.00661413324996829
18105,362.1,okx,7,0.9361626505851746,731.3314208984375,685.224853515625,1004.7024536132812,763.67626953125,273.37103271484375,78.451416015625,21446.34375,0.01034256536513567
18105,362.1,okx,7,0.864709198474884,1144.0645751953125,687.371826171875,1406.2235107421875,766.176025390625,262.158935546875,78.80419921875,20659.224609375,0.009962975047528744
18110,362.2,okx,7,0.9387761354446411,727.814697265625,686.5919799804688,997.5672607421875,763.444580078125,269.7525634765625,76.85260009765625,20731.185546875,0.009997677989304066
18110,362.2,okx,7,0.8936803936958313,1142.80810546875,687.8106079101562,1402.3262939453125,767.2769165039062,259.5181884765625,79.46630859375,20622.953125,0.009945482946932316
18115,362.3,okx,7,0.9366903305053711,726.7705688476562,685.7068481445312,995.0364379882812,761.3275146484375,268.265869140625,75.62066650390625,20286.443359375,0.009783199988305569
18115,362.3,okx,7,0.901170015335083,1141.7481689453125,689.9949340820312,1398.6636962890625,765.778076171875,256.91552734375,75.78314208984375,19469.865234375,0.009389402344822884
18120,362.4,okx,7,0.9371217489242554,725.93408203125,687.5341186523438,991.571533203125,762.9637451171875,265.637451171875,75.42962646484375,20036.93359375,0.009662873111665249
18120,362.4,okx,7,0.881028413772583,1139.24609375,691.9835815429688,1396.97021484375,766.88330078125,257.72412109375,74.89971923828125,19303.46484375,0.009309155866503716
18125,362.5,okx,7,0.9435378313064575,724.4110107421875,690.4354858398438,991.098876953125,763.0933227539062,266.6878662109375,72.6578369140625,19376.962890625,0.009344600141048431
18125,362.5,okx,7,0.8980357050895691,1133.4326171875,694.3726806640625,1392.7850341796875,767.7069091796875,259.3524169921875,73.334228515625,19019.41015625,0.009172169491648674
18130,362.6,okx,7,0.946921169757843,720.465576171875,688.759033203125,989.2992553710938,762.4948120117188,268.83367919921875,73.73577880859375,19822.66015625,0.009559539146721363
18130,362.6,okx,7,0.9024703502655029,1128.6973876953125,693.1810302734375,1390.1641845703125,766.0381469726562,261.466796875,72.85711669921875,19049.716796875,0.009186784736812115
18135,362.7,okx,7,0.944389820098877,719.1339721679688,692.4025268554688,986.0224609375,764.0932006835938,266.88848876953125,71.690673828125,19133.416015625,0.009227149188518524
18135,362.7,okx,7,0.908635139465332,1126.952392578125,694.97412109375,1389.6771240234375,767.2337036132812,262.7247314453125,72.25958251953125,18984.37890625,0.00915527530014515
18140,362.8,okx,7,0.9484401345252991,718.27880859375,693.571044921875,985.8131713867188,764.6962890625,267.53436279296875,71.125244140625,19028.447265625,0.0091765271499753
18140,362.8,okx,7,0.894278347492218,1126.9246826171875,696.0848388671875,1389.11083984375,767.6255493164062,262.1861572265625,71.54071044921875,18756.984375,0.009045613929629326
18145,362.9,okx,7,0.9480117559432983,717.7015380859375,691.341796875,984.6531982421875,764.5906982421875,266.95166015625,73.2489013671875,19553.916015625,0.009429936297237873
18145,362.9,okx,7,0.8569437861442566,1125.2115478515625,693.9966430664062,1388.5621337890625,767.2188110351562,263.3505859375,73.22216796875,19283.1015625,0.009299335069954395
18150,363.0,okx,7,0.9398754239082336,718.0587158203125,696.263916015625,985.660400390625,764.8130493164062,267.6016845703125,68.54913330078125,18343.86328125,0.008846384473145008
18150,363.0,okx,7,0.8026924133300781,1125.0814208984375,696.4539184570312,1387.227783203125,767.1448974609375,262.1463623046875,70.69097900390625,18531.3828125,0.008936816826462746
18155,363.1,okx,7,0.9331867694854736,717.5509033203125,707.0287475585938,981.81103515625,767.716796875,264.2601318359375,60.68804931640625,16037.431640625,0.007734100800007582
18155,363.1,okx,7,0.8835490345954895,1122.3883056640625,701.0997314453125,1383.6910400390625,771.5166015625,261.302734375,70.4168701171875,18400.12109375,0.008873514831066132
18160,363.2,okx,7,0.9371491074562073,715.1517333984375,718.1309814453125,974.2890625,774.658203125,259.1373291015625,56.5272216796875,14648.3134765625,0.007064194418489933
18160,363.2,okx,7,0.7458027005195618,1120.2349853515625,710.3515014648438,1381.042236328125,777.82080078125,260.8072509765625,67.46929931640625,17596.482421875,0.008485957980155945
18165,363.3,okx,7,0.9347957968711853,715.7699584960938,713.2955932617188,977.0267333984375,772.2882690429688,261.25677490234375,58.99267578125,15412.236328125,0.0074325986206531525
18165,363.3,okx,7,0.8749477863311768,1120.140869140625,706.744873046875,1382.3961181640625,776.8817138671875,262.2552490234375,70.1368408203125,18393.75390625,0.008870444260537624
18170,363.4,okx,7,0.9295011758804321,714.2662963867188,716.2354736328125,983.3064575195312,766.9740600585938,269.0401611328125,50.73858642578125,13650.7177734375,0.006583100650459528
18170,363.4,okx,7,0.87308269739151,1118.747802734375,703.2527465820312,1378.8895263671875,770.487548828125,260.1417236328125,67.23480224609375,17490.578125,0.008434885181486607
18175,363.5,okx,7,0.9432426691055298,1117.81396484375,695.308837890625,1386.21923828125,771.109375,268.4052734375,75.800537109375,20345.263671875,0.009811566211283207
18175,363.5,okx,7,0.9382703304290771,713.8659057617188,697.324462890625,974.1165161132812,769.0476684570312,260.2506103515625,71.72320556640625,18666.0078125,0.009001740254461765
18180,363.6,okx,7,0.9297346472740173,714.4534912109375,699.4390869140625,982.4078979492188,773.5292358398438,267.95440673828125,74.09014892578125,19852.78125,0.00957406498491764
18180,363.6,okx,7,0.865426778793335,1122.68896484375,703.1978149414062,1383.694091796875,776.05029296875,261.005126953125,72.85247802734375,19014.87109375,0.009169979952275753
18185,363.7,okx,7,0.9118678569793701,712.6110229492188,723.0348510742188,976.745361328125,768.964599609375,264.13433837890625,45.92974853515625,12131.6240234375,0.005850513000041246
18185,363.7,okx,7,0.7255926132202148,1122.469482421875,709.765380859375,1378.8310546875,770.8795776367188,256.361572265625,61.11419677734375,15667.33203125,0.0075556193478405476
18190,363.8,okx,7,0.9306198954582214,713.3180541992188,707.1846923828125,977.4274291992188,764.8135986328125,264.109375,57.62890625,15220.333984375,0.007340053096413612
18190,363.8,okx,7,0.7169761061668396,1117.693603515625,697.8114624023438,1377.0394287109375,765.5478515625,259.3458251953125,67.73638916015625,17567.150390625,0.00847181212157011
18195,363.9,okx,7,0.9309789538383484,717.2861938476562,702.0782470703125,978.1390991210938,758.0338745117188,260.8529052734375,55.95562744140625,14596.1875,0.007039056625217199
18195,363.9,okx,7,0.6778700947761536,1122.0145263671875,689.8544311523438,1376.6314697265625,761.001953125,254.616943359375,71.14752197265625,18115.365234375,0.008736190386116505
18200,364.0,okx,7,0.9228717684745789,715.8170166015625,716.6220703125,976.642822265625,771.38134765625,260.8258056640625,54.75927734375,14282.6328125,0.006887843832373619
18200,364.0,okx,7,0.8076617121696472,1122.6182861328125,707.1056518554688,1380.0062255859375,773.3985595703125,257.387939453125,66.29290771484375,17062.994140625,0.008228681981563568
18205,364.1,okx,7,0.9397803544998169,718.3335571289062,720.81787109375,982.6380004882812,779.5911865234375,264.304443359375,58.7733154296875,15534.048828125,0.007491343189030886
18205,364.1,okx,7,0.8715843558311462,1124.9434814453125,711.1617431640625,1381.6259765625,782.9749755859375,256.6824951171875,71.813232421875,18433.19921875,0.00888946745544672
18210,364.2,okx,7,0.9399260878562927,715.2958984375,698.2900390625,980.425048828125,765.0216674804688,265.129150390625,66.73162841796875,17692.5,0.008532262407243252
18210,364.2,okx,7,0.7984551191329956,1119.48388671875,701.9613037109375,1377.305908203125,766.1948852539062,257.822021484375,64.23358154296875,16560.83203125,0.007986512035131454
18215,364.3,okx,7,0.9255552291870117,716.0895385742188,687.6712036132812,980.0386962890625,761.068115234375,263.94915771484375,73.39691162109375,19373.052734375,0.009342714212834835
18215,364.3,okx,7,0.5146477818489075,1119.9754638671875,694.7701416015625,1378.3380126953125,762.7659301757812,258.362548828125,67.99578857421875,17567.564453125,0.008472012355923653
18220,364.4,okx,7,0.9393458962440491,719.1649169921875,685.1019897460938,985.3876953125,760.0930786132812,266.2227783203125,74.9910888671875,19964.3359375,0.009627862833440304
18220,364.4,okx,7,0.5576707124710083,1127.440185546875,697.3046264648438,1386.2890625,763.6021118164062,258.848876953125,66.2974853515625,17161.029296875,0.008275959640741348
18225,364.5,okx,7,0.9324406385421753,717.5236206054688,709.6245727539062,980.8765258789062,775.3726196289062,263.3529052734375,65.748046875,17314.939453125,0.008350183255970478
18225,364.5,okx,7,0.7716507911682129,1127.89208984375,717.2750854492188,1383.6160888671875,777.2576293945312,255.7239990234375,59.9825439453125,15338.9755859375,0.007397268433123827
18230,364.6,okx,7,0.9497514963150024,720.751220703125,691.1240844726562,991.878173828125,763.5966186523438,271.126953125,72.4725341796875,19649.2578125,0.009475914761424065
18230,364.6,okx,7,0.9122520089149475,1127.6375732421875,694.1891479492188,1392.6414794921875,768.4061889648438,265.00390625,74.217041015625,19667.806640625,0.009484860114753246
18235,364.7,okx,7,0.9479201436042786,722.4424438476562,689.9276123046875,992.6533203125,763.76806640625,270.21087646484375,73.8404541015625,19952.494140625,0.009622151963412762
18235,364.7,okx,7,0.9095737934112549,1127.0660400390625,696.3277587890625,1392.8682861328125,766.4143676757812,265.80224609375,70.08660888671875,18629.177734375,0.008983978070318699
18240,364.8,okx,7,0.9340919256210327,726.93408203125,689.51416015625,996.3510131835938,764.1500854492188,269.41693115234375,74.63592529296875,20108.181640625,0.009697232395410538
18240,364.8,okx,7,0.8356843590736389,1134.76220703125,694.7296752929688,1398.66650390625,765.7054443359375,263.904296875,70.97576904296875,18730.810546875,0.009032990783452988
18245,364.9,okx,7,0.9346115589141846,727.4126586914062,686.3117065429688,997.9990844726562,763.291015625,270.58642578125,76.97930908203125,20829.556640625,0.010045117698609829
18245,364.9,okx,7,0.8199130296707153,1136.5382080078125,691.5739135742188,1399.46142578125,765.3800659179688,262.9232177734375,73.80615234375,19405.3515625,0.009358290582895279
18250,365.0,okx,7,0.9350477457046509,727.8286743164062,682.339599609375,995.6420288085938,760.7508544921875,267.8133544921875,78.4112548828125,20999.58203125,0.010127113200724125
18250,365.0,okx,7,0.7962132096290588,1135.305908203125,690.2095336914062,1398.1951904296875,764.6261596679688,262.8892822265625,74.4166259765625,19563.333984375,0.009434478357434273
18255,365.1,okx,7,0.9258158206939697,728.0953369140625,679.8822631835938,998.4257202148438,757.3399658203125,270.33038330078125,77.45770263671875,20939.169921875,0.010097979567945004
18255,365.1,okx,7,0.7736336588859558,1136.9508056640625,688.0016479492188,1399.7811279296875,761.4588623046875,262.830322265625,73.45721435546875,19306.783203125,0.009310755878686905
18260,365.2,okx,7,0.9354172945022583,727.1641845703125,678.8064575195312,998.7254638671875,756.869384765625,271.561279296875,78.06292724609375,21198.869140625,0.010223220102488995
18260,365.2,okx,7,0.789929211139679,1136.6033935546875,685.365478515625,1399.35400390625,760.476806640625,262.7506103515625,75.111328125,19735.546875,0.009517528116703033
18265,365.3,okx,7,0.944464921951294,726.248046875,684.142822265625,997.4992065429688,761.0962524414062,271.25115966796875,76.95343017578125,20873.70703125,0.010066409595310688
18265,365.3,okx,7,0.8824885487556458,1138.459716796875,688.90869140625,1399.291015625,764.4309692382812,260.831298828125,75.52227783203125,19698.57421875,0.00949969794601202
18270,365.4,okx,7,0.9420535564422607,728.516357421875,686.5320434570312,998.8777465820312,764.46533203125,270.36138916015625,77.93328857421875,21070.15234375,0.010161145590245724
18270,365.4,okx,7,0.9140809774398804,1139.451171875,689.9819946289062,1400.486328125,767.1895751953125,261.03515625,77.20758056640625,20153.892578125,0.009719276800751686
18275,365.5,okx,7,0.9433674216270447,724.9376831054688,686.1564331054688,994.33740234375,764.0638427734375,269.39971923828125,77.90740966796875,20988.234375,0.010121640749275684
18275,365.5,okx,7,0.9246972799301147,1133.4869384765625,689.2713623046875,1395.973388671875,766.2349853515625,262.4864501953125,76.963623046875,20201.908203125,0.00974243227392435
18280,365.6,okx,7,0.953169584274292,724.446044921875,679.8754272460938,990.1550903320312,759.3289794921875,265.70904541015625,79.45355224609375,21111.52734375,0.01018109917640686
18280,365.6,okx,7,0.9377017617225647,1132.00146484375,688.5194091796875,1394.5552978515625,765.8045043945312,262.5538330078125,77.28509521484375,20291.498046875,0.009785637259483337
18285,365.7,okx,7,0.949769914150238,717.2595825195312,657.622802734375,979.2039794921875,732.2794189453125,261.94439697265625,74.6566162109375,19555.8828125,0.009430884383618832
18285,365.7,okx,7,0.9035671353340149,1121.1064453125,657.2012329101562,1385.555419921875,730.6118774414062,264.448974609375,73.41064453125,19413.369140625,0.009362157434225082
18290,365.8,okx,7,0.945868730545044,723.3165283203125,665.2764282226562,990.4517211914062,740.4083862304688,267.13519287109375,75.1319580078125,20070.390625,0.009679008275270462
18290,365.8,okx,7,0.9116886854171753,1133.9881591796875,663.3300170898438,1392.8665771484375,736.0117797851562,258.87841796875,72.6817626953125,18815.740234375,0.009073948487639427
18295,365.9,okx,7,0.9398264288902283,723.912353515625,676.7266235351562,983.2894287109375,755.224853515625,259.3770751953125,78.49822998046875,20360.640625,0.009818981401622295
18295,365.9,okx,7,0.8688567876815796,1125.988525390625,684.768310546875,1386.609130859375,758.6054077148438,260.62060546875,73.83709716796875,19243.46875,0.009280222468078136
18300,366.0,okx,7,0.9410999417304993,720.6551513671875,700.2748413085938,983.9617309570312,775.208740234375,263.30657958984375,74.93389892578125,19730.587890625,0.009515136480331421
18300,366.0,okx,7,0.9066370725631714,1128.2481689453125,706.5120239257812,1388.2625732421875,778.24169921875,260.014404296875,71.72967529296875,18650.748046875,0.008994380943477154
18305,366.1,okx,7,0.9400185346603394,721.4541015625,697.309326171875,984.2367553710938,771.7084350585938,262.78265380859375,74.39910888671875,19550.794921875,0.009428431279957294
18305,366.1,okx,7,0.8764355182647705,1129.1683349609375,701.6473999023438,1387.8292236328125,773.3634643554688,258.660888671875,71.716064453125,18550.140625,0.008945862762629986
18310,366.2,okx,7,0.9457669854164124,727.2470703125,714.2611694335938,988.2681884765625,790.4140625,261.0211181640625,76.15289306640625,19877.513671875,0.009585992433130741
18310,366.2,okx,7,0.9285368323326111,1130.47216796875,718.7781982421875,1395.823486328125,793.9776000976562,265.351318359375,75.19940185546875,19954.259765625,0.00962300319224596
18315,366.3,okx,7,0.9374958872795105,721.9566650390625,734.812255859375,987.0584106445312,810.5957641601562,265.10174560546875,75.78350830078125,20090.33984375,0.00968862883746624
18315,366.3,okx,7,0.8919554352760315,1129.782470703125,738.0416259765625,1393.2037353515625,811.4849853515625,263.4212646484375,73.443359375,19346.54296875,0.009329929947853088
18320,366.4,okx,7,0.9436529874801636,722.2190551757812,741.2782592773438,981.9552612304688,814.0322875976562,259.7362060546875,72.7540283203125,18896.85546875,0.009113066829741001
18320,366.4,okx,7,0.9144916534423828,1124.3514404296875,741.5821533203125,1386.9688720703125,815.4998779296875,262.617431640625,73.917724609375,19412.08203125,0.009361536242067814
18325,366.5,okx,7,0.9390862584114075,718.4736938476562,736.049072265625,981.46142578125,811.2108764648438,262.98773193359375,75.16180419921875,19766.6328125,0.009532519616186619
18325,366.5,okx,7,0.8535305261611938,1123.82763671875,739.7286376953125,1384.80078125,812.451171875,260.97314453125,72.7225341796875,18978.62890625,0.009152502752840519
18330,366.6,okx,7,0.9472718834877014,716.720703125,714.7299194335938,977.5177001953125,790.7188110351562,260.7969970703125,75.9888916015625,19817.673828125,0.009557134471833706
18330,366.6,okx,7,0.9352215528488159,1113.1224365234375,717.6758422851562,1385.885986328125,793.9794921875,272.7635498046875,76.30364990234375,20812.853515625,0.01003706268966198
18330,366.6,okx,7,0.4368331730365753,882.1748657226562,526.7061157226562,940.8744506835938,538.4896850585938,58.6995849609375,11.7835693359375,691.6906127929688,0.0003335699439048767
18335,366.7,okx,7,0.9472648501396179,704.251220703125,705.531005859375,967.4412841796875,776.669677734375,263.1900634765625,71.138671875,18722.9921875,0.009029220789670944
18335,366.7,okx,7,0.9302798509597778,1108.5294189453125,709.5639038085938,1376.4830322265625,778.8949584960938,267.95361328125,69.3310546875,18577.505859375,0.008959059603512287
18340,366.8,okx,7,0.9420362710952759,704.5856323242188,700.8440551757812,967.1209716796875,775.6644287109375,262.53533935546875,74.82037353515625,19642.9921875,0.009472893550992012
18340,366.8,okx,7,0.9306937456130981,1108.3416748046875,704.6288452148438,1371.8070068359375,776.2771606445312,263.46533203125,71.6483154296875,18876.84765625,0.009103418327867985
18345,366.9,okx,7,0.9497237801551819,702.8477783203125,685.4093627929688,964.9871215820312,758.93896484375,262.13934326171875,73.52960205078125,19275.001953125,0.009295429103076458
18345,366.9,okx,7,0.9319630861282349,1108.3612060546875,686.74951171875,1374.2060546875,759.3843994140625,265.8448486328125,72.6348876953125,19309.611328125,0.009312119334936142
18350,367.0,okx,7,0.9450315833091736,706.89794921875,678.610107421875,967.9207763671875,753.96142578125,261.0228271484375,75.351318359375,19668.4140625,0.00948515348136425
18350,367.0,okx,7,0.9281542301177979,1111.479736328125,683.2763671875,1379.0059814453125,755.8983764648438,267.5262451171875,72.62200927734375,19428.29296875,0.00936935469508171
18355,367.1,okx,7,0.947604238986969,706.4368896484375,685.6460571289062,971.1188354492188,762.137451171875,264.68194580078125,76.49139404296875,20245.890625,0.009763643145561218
18355,367.1,okx,7,0.9402348399162292,1111.152099609375,692.0086669921875,1379.053955078125,766.8092041015625,267.90185546875,74.800537109375,20039.203125,0.009663967415690422
18360,367.2,okx,7,0.9421278834342957,705.7849731445312,694.5057983398438,967.8692016601562,769.0621337890625,262.084228515625,74.55633544921875,19540.0390625,0.009423243813216686
18360,367.2,okx,7,0.9187995791435242,1114.1282958984375,698.5243530273438,1372.6409912109375,770.1224365234375,258.5126953125,71.59808349609375,18509.013671875,0.008926029317080975
18365,367.3,okx,7,0.94806307554245,710.4830932617188,693.4419555664062,972.8851318359375,765.3895263671875,262.40203857421875,71.94757080078125,18879.189453125,0.009104547090828419
18365,367.3,okx,7,0.9233712553977966,1113.3211669921875,695.558837890625,1375.79736328125,766.5872192382812,262.4761962890625,71.02838134765625,18643.259765625,0.008990769274532795
18370,367.4,okx,7,0.9459179043769836,705.6419067382812,708.0863647460938,968.9072875976562,779.4537963867188,263.265380859375,71.367431640625,18788.57421875,0.009060847572982311
18370,367.4,okx,7,0.9274282455444336,1111.2474365234375,709.7079467773438,1376.8626708984375,780.3558959960938,265.615234375,70.64794921875,18765.171875,0.009049561806023121
18375,367.5,okx,7,0.9469969868659973,706.4594116210938,695.8724365234375,970.9890747070312,768.3751220703125,264.5296630859375,72.502685546875,19179.111328125,0.009249185211956501
18375,367.5,okx,7,0.9251031875610352,1111.1329345703125,698.5047607421875,1375.187744140625,770.5030517578125,264.0548095703125,71.998291015625,19011.494140625,0.009168352000415325
18380,367.6,okx,7,0.9410512447357178,710.5914916992188,699.6790771484375,971.3087158203125,775.0265502929688,260.71722412109375,75.34747314453125,19644.384765625,0.00947356503456831
18380,367.6,okx,7,0.9241342544555664,1114.876953125,705.9204711914062,1377.9105224609375,777.6429443359375,263.0335693359375,71.72247314453125,18865.41796875,0.009097905829548836
18385,367.7,okx,7,0.9445992112159729,709.9029541015625,696.1845703125,973.450927734375,770.8446655273438,263.5479736328125,74.66009521484375,19676.517578125,0.009489061310887337
18385,367.7,okx,7,0.929703414440155,1115.5096435546875,699.4417114257812,1378.568115234375,772.802490234375,263.0584716796875,73.36077880859375,19298.173828125,0.009306604042649269
18390,367.8,okx,7,0.937044084072113,711.5601196289062,699.526123046875,975.000244140625,775.9720458984375,263.44012451171875,76.4459228515625,20138.923828125,0.009712058119475842
18390,367.8,okx,7,0.908268392086029,1117.4962158203125,705.8629760742188,1379.28759765625,778.2021484375,261.7913818359375,72.33917236328125,18937.771484375,0.00913279876112938
18395,367.9,okx,7,0.9330722689628601,711.659912109375,705.7196044921875,975.2841796875,779.6904907226562,263.624267578125,73.97088623046875,19500.521484375,0.009404187090694904
18395,367.9,okx,7,0.9143967628479004,1119.2813720703125,708.8660888671875,1380.1051025390625,780.8196411132812,260.82373046875,71.95355224609375,18767.193359375,0.009050536900758743
18400,368.0,okx,7,0.8510162234306335,711.3347778320312,712.3037109375,976.1905517578125,785.6346435546875,264.85577392578125,73.3309326171875,19422.12109375,0.00936637818813324
18400,368.0,okx,7,0.7164877653121948,1119.7508544921875,714.0245971679688,1381.4010009765625,786.3875732421875,261.650146484375,72.36297607421875,18933.783203125,0.009130875580012798
18400,368.0,okx,7,0.683830976486206,847.20556640625,713.4183349609375,1384.283203125,788.0069580078125,537.07763671875,74.588623046875,40059.8828125,0.019319001585245132
18450,369.0,okx,7,0.6511064171791077,1024.0902099609375,496.8336181640625,1061.3931884765625,505.2196044921875,37.302978515625,8.385986328125,312.822265625,0.00015085950144566596
18460,369.2,okx,7,0.43851885199546814,934.5889892578125,505.98675537109375,986.332275390625,516.6546020507812,51.7432861328125,10.6678466796875,551.9894409179688,0.00026619862182997167
18465,369.3,okx,7,0.6850132942199707,959.861083984375,524.8628540039062,1030.0582275390625,536.6898803710938,70.1971435546875,11.8270263671875,830.2234497070312,0.0004003778158221394
18470,369.4,okx,7,0.6512569785118103,1044.1875,543.3259887695312,1106.191162109375,557.1749267578125,62.003662109375,13.84893798828125,858.6848754882812,0.0004141034442000091
18475,369.5,okx,7,0.7515490055084229,1157.9644775390625,570.2273559570312,1237.7318115234375,584.3253173828125,79.767333984375,14.09796142578125,1124.5567626953125,0.0005423209513537586
18480,369.6,hp,4,0.7275593876838684,923.494873046875,609.5501098632812,945.59375,622.7489013671875,22.098876953125,13.19879150390625,291.678466796875,0.00014066284347791225
18480,369.6,okx,7,0.6035119891166687,1336.7835693359375,603.2938842773438,1446.2801513671875,622.8890380859375,109.49658203125,19.59515380859375,2145.602294921875,0.001034723361954093
18480,369.6,hp,4,0.4462050795555115,1018.63916015625,610.429443359375,1041.083740234375,625.1731567382812,22.444580078125,14.74371337890625,330.91644287109375,0.00015958547010086477
18485,369.7,hp,4,0.7032053470611572,922.160400390625,623.856689453125,947.8623657226562,639.8176879882812,25.70196533203125,15.96099853515625,410.2290344238281,0.00019783421885222197
18490,369.8,hp,4,0.49744829535484314,943.5867309570312,644.5626220703125,972.42919921875,663.537109375,28.84246826171875,18.9744873046875,547.2710571289062,0.0002639231679495424
18490,369.8,hp,4,0.42257046699523926,1071.1776123046875,643.9791870117188,1093.0706787109375,661.4926147460938,21.89306640625,17.513427734375,383.4226379394531,0.00018490674847271293
18495,369.9,hp,4,0.788866400718689,679.52294921875,456.5214538574219,725.3045654296875,500.0192565917969,45.7816162109375,43.497802734375,1991.399658203125,0.0009603586513549089
18495,369.9,hp,4,0.7603039145469666,1045.4315185546875,678.8309936523438,1076.14794921875,700.3794555664062,30.7164306640625,21.5484619140625,661.891845703125,0.00031919937464408576
18495,369.9,hp,4,0.711993932723999,1104.93115234375,537.5828857421875,1140.59716796875,565.3474731445312,35.666015625,27.76458740234375,990.252197265625,0.00047755218110978603
18500,370.0,hp,4,0.9138677716255188,1154.3316650390625,544.6920166015625,1203.728271484375,583.3497924804688,49.3966064453125,38.65777587890625,1909.56298828125,0.0009208926348946989
18500,370.0,hp,4,0.8688713312149048,509.4884033203125,448.76763916015625,564.8528442382812,502.55462646484375,55.36444091796875,53.7869873046875,2977.886474609375,0.0014360949862748384
18500,370.0,hp,4,0.7711449861526489,1204.8277587890625,741.1115112304688,1245.670166015625,773.8914184570312,40.8424072265625,32.7799072265625,1338.810302734375,0.0006456454284489155
18505,370.1,hp,4,0.9223501086235046,1239.396728515625,545.238037109375,1299.828125,590.7885131835938,60.431396484375,45.55047607421875,2752.678955078125,0.0013274878729134798
18505,370.1,hp,4,0.5669587254524231,1501.808349609375,791.7462158203125,1569.2841796875,844.457275390625,67.475830078125,52.7110595703125,3556.722412109375,0.0017152404179796576
18505,370.1,hp,4,0.43017446994781494,798.5111083984375,497.0294494628906,837.3117065429688,511.36639404296875,38.80059814453125,14.336944580078125,556.2820434570312,0.0002682687190826982
18510,370.2,hp,4,0.9195642471313477,1381.7347412109375,529.7192993164062,1443.44580078125,576.8217163085938,61.7110595703125,47.1024169921875,2906.739990234375,0.0014017843641340733
18510,370.2,hp,4,0.9057966470718384,503.247314453125,496.1753845214844,611.6258544921875,587.82275390625,108.3785400390625,91.64736938476562,9932.6083984375,0.004790030885487795
18515,370.3,hp,4,0.8802872896194458,1376.843505859375,519.896484375,1423.7969970703125,554.724853515625,46.9534912109375,34.828369140625,1635.3134765625,0.0007886349922046065
18515,370.3,hp,4,0.562154233455658,865.1775512695312,524.2296142578125,955.5424194335938,606.4769897460938,90.3648681640625,82.24737548828125,7432.2734375,0.0035842368379235268
18520,370.4,hp,4,0.782109797000885,1041.3798828125,511.6088562011719,1104.7684326171875,563.1094360351562,63.3885498046875,51.500579833984375,3264.547119140625,0.0015743379481136799
18525,370.5,hp,4,0.8321409821510315,1031.6348876953125,501.9620056152344,1077.111572265625,548.581787109375,45.4766845703125,46.619781494140625,2120.113037109375,0.001022431068122387
18605,372.1,petronas,9,0.5100306868553162,948.752197265625,743.950439453125,1061.5181884765625,765.253173828125,112.7659912109375,21.302734375,2402.223876953125,0.0011584798339754343
18670,373.4,okx,7,0.4282607138156891,1063.6534423828125,560.7327880859375,1092.7862548828125,568.7391357421875,29.1328125,8.00634765625,233.24742126464844,0.00011248428927501664
18675,373.5,okx,7,0.4695788323879242,1037.6224365234375,548.3954467773438,1073.2991943359375,558.6401977539062,35.6767578125,10.2447509765625,365.49951171875,0.00017626327462494373
18680,373.6,okx,7,0.6149192452430725,1083.939208984375,555.6488647460938,1140.8740234375,568.298828125,56.934814453125,12.64996337890625,720.2233276367188,0.0003473299148026854
18685,373.7,okx,7,0.6301257014274597,1065.6298828125,564.4000854492188,1128.7703857421875,577.1906127929688,63.1405029296875,12.79052734375,807.600341796875,0.000389467750210315
18685,373.7,hp,4,0.4040583372116089,1075.815673828125,502.7347412109375,1147.524169921875,514.9417114257812,71.70849609375,12.20697021484375,875.343505859375,0.0004221371200401336
18690,373.8,okx,7,0.7374395132064819,986.7552490234375,560.7649536132812,1061.86376953125,575.7393798828125,75.1085205078125,14.97442626953125,1124.70703125,0.0005423934198915958
18695,373.9,hp,4,0.6498441696166992,1017.9442749023438,618.3843383789062,1047.013671875,634.905517578125,29.06939697265625,16.52117919921875,480.2607116699219,0.00023160720593295991
18695,373.9,hp,4,0.5868224501609802,1106.5731201171875,474.7074890136719,1179.5330810546875,491.0339050292969,72.9599609375,16.326416015625,1191.1746826171875,0.0005744476802647114
18695,373.9,okx,7,0.58575040102005,724.5626831054688,575.3995361328125,909.7849731445312,604.1959228515625,185.2222900390625,28.79638671875,5333.73291015625,0.002572209108620882
18700,374.0,hp,4,0.6387205123901367,1086.873046875,421.3848571777344,1189.196044921875,440.96771240234375,102.322998046875,19.582855224609375,2003.7764892578125,0.0009663273813202977
18710,374.2,hp,4,0.7750551700592041,1460.646728515625,327.8660888671875,1549.9281005859375,394.3210144042969,89.2813720703125,66.45492553710938,5933.18701171875,0.0028612976893782616
18715,374.3,hp,4,0.9418364763259888,1300.0865478515625,311.49530029296875,1388.408203125,380.2682189941406,88.3216552734375,68.77291870117188,6074.13818359375,0.002929271897301078
18720,374.4,hp,4,0.8793244957923889,1733.0787353515625,450.73895263671875,1833.3773193359375,543.7719116210938,100.298583984375,93.032958984375,9331.07421875,0.0044999392703175545
18720,374.4,hp,4,0.6519996523857117,1582.664794921875,454.4334411621094,1633.626708984375,505.8792724609375,50.9619140625,51.445831298828125,2621.778076171875,0.001264360616914928
18725,374.5,hp,4,0.46146705746650696,1490.7469482421875,475.8476257324219,1539.421630859375,529.1190185546875,48.6746826171875,53.271392822265625,2592.968017578125,0.0012504667975008488
18770,375.4,capp,3,0.6325470805168152,708.813720703125,554.5248413085938,850.9856567382812,571.74853515625,142.17193603515625,17.22369384765625,2448.725830078125,0.0011809056159108877
18775,375.5,capp,3,0.6142184734344482,690.944091796875,553.4462890625,825.0484619140625,567.7371215820312,134.1043701171875,14.29083251953125,1916.463134765625,0.0009242202504538
18795,375.9,okx,7,0.8366466760635376,1182.0279541015625,248.8198699951172,1255.2491455078125,266.73736572265625,73.22119140625,17.917495727539062,1311.9404296875,0.0006326872971840203
18800,376.0,okx,7,0.7525854706764221,1354.92822265625,262.9320373535156,1420.9503173828125,281.926025390625,66.0220947265625,18.993988037109375,1254.0228271484375,0.0006047563510946929
18800,376.0,okx,7,0.6417917609214783,1229.4163818359375,257.6720886230469,1299.898193359375,279.941650390625,70.4818115234375,22.269561767578125,1569.5989990234375,0.000756943947635591
18805,376.1,okx,7,0.8054936528205872,1371.81103515625,275.5371398925781,1449.6156005859375,295.03515625,77.8045654296875,19.498016357421875,1517.03466796875,0.0007315946277230978
18810,376.2,okx,7,0.8292733430862427,1341.9957275390625,281.5032653808594,1432.9556884765625,304.4949951171875,90.9599609375,22.991729736328125,2091.326904296875,0.0010085488902404904
18815,376.3,okx,7,0.8361110687255859,1215.64794921875,282.58099365234375,1314.5594482421875,305.28387451171875,98.9114990234375,22.702880859375,2245.575927734375,0.0010829359525814652
18820,376.4,okx,7,0.8489116430282593,1040.8594970703125,273.4552917480469,1143.263916015625,298.1347961425781,102.4044189453125,24.67950439453125,2527.290283203125,0.0012187935644760728
18825,376.5,okx,7,0.7281383872032166,919.1018676757812,274.75201416015625,1020.0651245117188,301.5597839355469,100.9632568359375,26.807769775390625,2706.599853515625,0.001305266167037189
18825,376.5,okx,7,0.7108092904090881,728.5866088867188,274.3401184082031,822.306396484375,305.6390686035156,93.71978759765625,31.2989501953125,2933.3310546875,0.0014146079774945974
18830,376.6,okx,7,0.8837481141090393,639.98828125,291.0025634765625,767.680419921875,326.5159912109375,127.692138671875,35.513427734375,4534.78564453125,0.0021869144402444363
18835,376.7,okx,7,0.8742194175720215,668.3013916015625,289.4504089355469,796.7727661132812,323.31524658203125,128.47137451171875,33.864837646484375,4350.662109375,0.0020981202833354473
18840,376.8,okx,7,0.9058735370635986,718.2752685546875,349.42706298828125,855.6292114257812,387.2278747558594,137.35394287109375,37.800811767578125,5192.09033203125,0.0025039014872163534
18840,376.8,okx,7,0.588742196559906,922.385009765625,343.5237121582031,1026.2406005859375,379.2748718261719,103.8555908203125,35.75115966796875,3712.957763671875,0.0017905853455886245
18840,376.8,hp,4,0.5045745372772217,860.1021118164062,206.22032165527344,901.6450805664062,225.21722412109375,41.54296875,18.996902465820312,789.187744140625,0.00038058822974562645
18845,376.9,okx,7,0.9080237150192261,1051.8743896484375,696.1135864257812,1155.276611328125,849.2119140625,103.4022216796875,153.09832763671875,15830.70703125,0.007634407375007868
18845,376.9,okx,7,0.9019209742546082,960.6998291015625,392.5184020996094,1101.388916015625,433.3205871582031,140.6890869140625,40.80218505859375,5740.42236328125,0.0027683363296091557
18845,376.9,hp,4,0.8188796639442444,639.0833740234375,431.7391357421875,676.65380859375,455.7388610839844,37.5704345703125,23.999725341796875,901.6801147460938,0.0004348380316514522
18845,376.9,okx,7,0.8084498047828674,1195.2459716796875,386.3084716796875,1319.2548828125,425.4280700683594,124.0089111328125,39.119598388671875,4851.1787109375,0.002339495811611414
18850,377.0,hp,4,0.8406028747558594,692.7091674804688,456.1144104003906,728.1929321289062,480.340087890625,35.4837646484375,24.225677490234375,859.6182250976562,0.0004145535349380225
18850,377.0,okx,7,0.794245183467865,1320.977294921875,477.62261962890625,1485.215087890625,524.9992065429688,164.23779296875,47.3765869140625,7781.02587890625,0.003752423683181405
18850,377.0,hp,4,0.7772490382194519,869.6392822265625,452.2417907714844,908.4950561523438,477.770751953125,38.85577392578125,25.528961181640625,991.9475708007812,0.0004783697659149766
18850,377.0,okx,7,0.703212320804596,1658.7689208984375,856.289306640625,1829.8074951171875,1056.132080078125,171.03857421875,199.8427734375,34180.82421875,0.016483807936310768
18850,377.0,hp,4,0.6143895983695984,631.4564208984375,239.086181640625,660.963623046875,258.4668884277344,29.5072021484375,19.380706787109375,571.8704223632812,0.000275786267593503
18855,377.1,hp,4,0.8072675466537476,810.9075927734375,480.45770263671875,854.8853759765625,508.4808044433594,43.977783203125,28.023101806640625,1232.3939208984375,0.0005943257710896432
18855,377.1,hp,4,0.6173314452171326,1005.8497314453125,469.6861877441406,1055.6766357421875,497.2279357910156,49.826904296875,27.541748046875,1372.320068359375,0.0006618055631406605
18855,377.1,hp,4,0.47002607583999634,615.925048828125,255.43505859375,724.2113037109375,279.2372131347656,108.2862548828125,23.802154541015625,2577.4462890625,0.0012429814087226987
18860,377.2,hp,4,0.7369059324264526,1168.5858154296875,569.0213012695312,1218.726806640625,599.86767578125,50.1409912109375,30.84637451171875,1546.6678466796875,0.0007458853651769459
18860,377.2,hp,4,0.7157770991325378,947.7447509765625,579.1636352539062,1003.13623046875,613.3324584960938,55.3914794921875,34.1688232421875,1892.66162109375,0.0009127419325523078
18860,377.2,hp,4,0.500131368637085,667.3164672851562,265.7185974121094,701.5185546875,285.767333984375,34.20208740234375,20.048736572265625,685.7086181640625,0.0003306850849185139
18860,377.2,hp,4,0.4859330654144287,908.7279052734375,323.3023986816406,929.6014404296875,332.3658142089844,20.87353515625,9.06341552734375,189.18551635742188,9.12352988962084e-05
18865,377.3,hp,4,0.8374089002609253,1351.69287109375,665.16650390625,1400.5457763671875,703.7449951171875,48.8529052734375,38.5784912109375,1884.67138671875,0.0009088885853998363
18865,377.3,hp,4,0.8125424385070801,728.402587890625,322.7151794433594,759.0213623046875,348.12921142578125,30.6187744140625,25.414031982421875,778.146484375,0.00037526353844441473
18865,377.3,hp,4,0.7597813606262207,838.7975463867188,318.783203125,870.2503051757812,345.0180969238281,31.4527587890625,26.234893798828125,825.1597900390625,0.00039793585892766714
18865,377.3,hp,4,0.6318609714508057,1530.771484375,439.55841064453125,1592.383056640625,485.6890563964844,61.611572265625,46.130645751953125,2842.181640625,0.001370650832541287
18865,377.3,hp,4,0.5688251852989197,1593.4876708984375,647.6314086914062,1644.917724609375,684.9827270507812,51.4300537109375,37.351318359375,1920.9803466796875,0.0009263986721634865
18870,377.4,okx,7,0.7032995820045471,1047.1273193359375,471.9638366699219,1088.3310546875,479.2923889160156,41.2037353515625,7.32855224609375,301.9637145996094,0.00014562293654307723
18870,377.4,hp,4,0.48516955971717834,1368.0177001953125,518.302734375,1383.78076171875,527.7807006835938,15.7630615234375,9.47796630859375,149.40176391601562,7.20494645065628e-05
18870,377.4,hp,4,0.45326146483421326,1402.675048828125,519.853271484375,1421.5552978515625,528.5001831054688,18.8802490234375,8.64691162109375,163.25584411621094,7.873063441365957e-05
18875,377.5,okx,7,0.6546730995178223,997.5992431640625,470.65093994140625,1046.0125732421875,478.4885559082031,48.413330078125,7.837615966796875,379.4450988769531,0.00018298857321497053
18875,377.5,hp,4,0.49508264660835266,1345.3726806640625,521.6315307617188,1365.4447021484375,530.5740966796875,20.072021484375,8.94256591796875,179.49537658691406,8.656219870317727e-05
18880,377.6,okx,7,0.6719759106636047,969.5191650390625,468.12841796875,1012.2711181640625,475.2669982910156,42.751953125,7.138580322265625,305.1882629394531,0.00014717798330821097
18880,377.6,hp,4,0.5908100008964539,1288.4482421875,520.2992553710938,1307.19921875,528.8991088867188,18.7509765625,8.599853515625,161.25564575195312,7.776603160891682e-05
18885,377.7,okx,7,0.7115170359611511,939.1554565429688,467.48370361328125,987.819091796875,475.8161315917969,48.66363525390625,8.332427978515625,405.4862365722656,0.00019554699247237295
18885,377.7,hp,4,0.6193890571594238,1230.744140625,522.1832275390625,1249.7623291015625,530.6221923828125,19.0181884765625,8.43896484375,160.4938201904297,7.739863940514624e-05
18885,377.7,hp,4,0.45591306686401367,1310.136474609375,445.705322265625,1328.633544921875,453.8916320800781,18.4970703125,8.186309814453125,151.42274475097656,7.302408630494028e-05
18890,377.8,okx,7,0.6732384562492371,915.9608154296875,463.0130615234375,966.3651123046875,472.2005615234375,50.404296875,9.1875,463.0894775390625,0.00022332633670885116
18890,377.8,hp,4,0.6449927687644958,1161.1549072265625,523.1658935546875,1178.2093505859375,532.3814697265625,17.054443359375,9.215576171875,157.16651916503906,7.57940360927023e-05
18895,377.9,okx,7,0.7033425569534302,893.32177734375,460.46649169921875,943.9733276367188,471.0755615234375,50.65155029296875,10.60906982421875,537.3658447265625,0.00025914632715284824
18895,377.9,hp,4,0.5888401865959167,1103.136962890625,522.9234619140625,1122.0172119140625,532.8652954101562,18.8802490234375,9.94183349609375,187.70428466796875,9.052096720552072e-05
18900,378.0,okx,7,0.6827825903892517,881.1360473632812,448.54766845703125,933.1858520507812,461.5329895019531,52.0498046875,12.985321044921875,675.8834228515625,0.0003259468649048358
18905,378.1,okx,7,0.7190677523612976,773.5614624023438,430.2176818847656,830.874267578125,444.6312561035156,57.31280517578125,14.41357421875,826.0823974609375,0.0003983807982876897
18910,378.2,okx,7,0.8105034232139587,779.4354248046875,401.8113098144531,848.756591796875,418.76434326171875,69.3211669921875,16.953033447265625,1175.2041015625,0.0005667458171956241
18915,378.3,okx,7,0.7840505242347717,826.3135375976562,384.7225036621094,910.5042724609375,404.2666015625,84.19073486328125,19.544097900390625,1645.4320068359375,0.0007935146568343043
18920,378.4,okx,7,0.8530701398849487,919.9849243164062,392.63848876953125,1022.1591796875,416.20050048828125,102.17425537109375,23.56201171875,2407.430908203125,0.0011609910288825631
18925,378.5,okx,7,0.8824928998947144,1095.9161376953125,411.8803405761719,1203.67578125,439.273193359375,107.7596435546875,27.392852783203125,2951.843994140625,0.001423535868525505
18925,378.5,hp,4,0.46554243564605713,828.8743896484375,469.81903076171875,865.6177368164062,490.5461730957031,36.74334716796875,20.727142333984375,761.5845947265625,0.0003672765160445124
18925,378.5,hp,4,0.42155274748802185,701.6075439453125,469.78094482421875,722.6947021484375,485.7818298339844,21.087158203125,16.000885009765625,337.4132080078125,0.00016271855565719306
18930,378.6,hp,4,0.7526941299438477,694.0422973632812,462.745361328125,728.6820678710938,481.7702941894531,34.6397705078125,19.024932861328125,659.019287109375,0.00031781409052200615
18930,378.6,okx,7,0.6619895696640015,1400.9212646484375,427.34027099609375,1544.2603759765625,457.8265075683594,143.339111328125,30.486236572265625,4369.8701171875,0.0021073834504932165
18930,378.6,hp,4,0.6140434145927429,858.6976318359375,462.98895263671875,886.7225341796875,480.28753662109375,28.02490234375,17.298583984375,484.7911376953125,0.00023379201593343168
18930,378.6,hp,4,0.43622642755508423,650.4258422851562,281.6415710449219,695.378662109375,298.5588073730469,44.95281982421875,16.917236328125,760.4774780273438,0.0003667426062747836
18935,378.7,hp,4,0.6758812665939331,737.7911987304688,464.9374084472656,772.5797729492188,484.7252197265625,34.78857421875,19.787811279296875,688.3897705078125,0.0003319780807942152
18995,379.9,oracle,8,0.42353555560112,455.8479919433594,681.7027587890625,483.43426513671875,693.339599609375,27.586273193359375,11.6368408203125,321.0170593261719,0.00015481146692764014
19070,381.4,petronas,9,0.440896600484848,1600.5650634765625,146.5289764404297,1630.2681884765625,162.89447021484375,29.703125,16.365493774414062,486.1062927246094,0.00023442626115866005
19225,384.5,bwt,2,0.4568605124950409,804.3307495117188,856.8973388671875,915.537353515625,968.55322265625,111.20660400390625,111.6558837890625,12416.8720703125,0.0059880749322474
19315,386.3,oracle,8,0.8379432559013367,1329.1226806640625,413.03863525390625,1509.7724609375,502.4521179199219,180.6497802734375,89.41348266601562,16152.5263671875,0.007789605762809515
19320,386.4,oracle,8,0.8806790709495544,1241.0509033203125,414.657958984375,1496.8011474609375,522.4115600585938,255.750244140625,107.75360107421875,27558.009765625,0.01328993495553732
19325,386.5,oracle,8,0.7607477307319641,1242.5936279296875,415.8327331542969,1502.1429443359375,516.8380126953125,259.54931640625,101.00527954101562,26215.8515625,0.012642675079405308
19350,387.0,oracle,8,0.7947161197662354,1334.775634765625,414.14715576171875,1574.6070556640625,491.20159912109375,239.8314208984375,77.054443359375,18480.076171875,0.008912073448300362
19355,387.1,oracle,8,0.589938223361969,1485.72998046875,412.3476257324219,1605.671875,483.93609619140625,119.94189453125,71.58847045898438,8586.45703125,0.004140845499932766
19385,387.7,oracle,8,0.45063313841819763,1146.100830078125,448.2424011230469,1370.0076904296875,542.0330200195312,223.9068603515625,93.79061889648438,21000.36328125,0.010127490386366844
19390,387.8,oracle,8,0.8928483128547668,1109.9910888671875,447.16595458984375,1383.9012451171875,548.9549560546875,273.91015625,101.78900146484375,27881.041015625,0.013445718213915825
19395,387.9,oracle,8,0.7201617360115051,1167.4486083984375,463.8612060546875,1397.6968994140625,543.10400390625,230.248291015625,79.2427978515625,18245.51953125,0.00879895780235529
19405,388.1,oracle,8,0.8586076498031616,848.8021850585938,485.3324890136719,1157.3389892578125,586.0198974609375,308.53680419921875,100.68740844726562,31065.771484375,0.01498156413435936
19420,388.4,oracle,8,0.7015440464019775,547.781494140625,474.47833251953125,825.7385864257812,562.6719360351562,277.95709228515625,88.193603515625,24514.037109375,0.011821970343589783
19425,388.5,oracle,8,0.9530158042907715,514.1298828125,439.0999450683594,1018.00732421875,561.8196411132812,503.87744140625,122.71969604492188,61835.6875,0.029820451512932777
19430,388.6,oracle,8,0.9209614992141724,512.0928344726562,402.6663818359375,923.7607421875,543.1405029296875,411.66790771484375,140.47412109375,57828.6875,0.027888063341379166
19445,388.9,oracle,8,0.5522550940513611,687.3208618164062,351.7293701171875,849.4721069335938,463.5633239746094,162.1512451171875,111.83395385742188,18134.015625,0.008745185099542141
19460,389.2,oracle,8,0.5593176484107971,1182.2159423828125,310.35040283203125,1399.8260498046875,356.3692321777344,217.610107421875,46.018829345703125,10014.162109375,0.0048293606378138065
19585,391.7,okx,7,0.6022253632545471,1609.1851806640625,571.7857666015625,1653.9102783203125,580.7395629882812,44.72509765625,8.95379638671875,400.45941162109375,0.00019312278891447932
19595,391.9,okx,7,0.5809056162834167,1753.7955322265625,562.3343505859375,1802.5382080078125,572.7890625,48.74267578125,10.4547119140625,509.59063720703125,0.0002457516675349325
19620,392.4,okx,7,0.45262086391448975,771.3140258789062,516.978271484375,798.7196655273438,540.6036987304688,27.4056396484375,23.62542724609375,647.469970703125,0.00031224440317600965
19640,392.8,oracle,8,0.4526768922805786,945.61181640625,491.66278076171875,985.521728515625,498.8552551269531,39.909912109375,7.192474365234375,287.051025390625,0.00013843124906998128
19715,394.3,petronas,9,0.42705294489860535,505.1737976074219,623.458251953125,556.05322265625,634.8095703125,50.879425048828125,11.351318359375,577.5485229492188,0.0002785245596896857
19725,394.5,petronas,9,0.5107146501541138,524.2601318359375,652.8421020507812,574.5023193359375,665.005126953125,50.2421875,12.16302490234375,611.0969848632812,0.0002947034081444144
19735,394.7,petronas,9,0.42932865023612976,543.4570922851562,679.2457885742188,587.4761962890625,691.0264282226562,44.01910400390625,11.7806396484375,518.5731811523438,0.0002500835107639432
19740,394.8,petronas,9,0.41924434900283813,552.1249389648438,690.1158447265625,599.2816162109375,701.1082763671875,47.15667724609375,10.992431640625,518.3665771484375,0.0002499838883522898
19745,394.9,petronas,9,0.47520285844802856,561.1123046875,701.5328979492188,605.1629028320312,714.0806274414062,44.05059814453125,12.5477294921875,552.7349853515625,0.0002665581414476037
19750,395.0,petronas,9,0.4147590100765228,567.5110473632812,716.166259765625,617.566650390625,727.9119262695312,50.05560302734375,11.74566650390625,587.9364013671875,0.00028353414381854236
19755,395.1,petronas,9,0.6022729277610779,577.145263671875,725.8280029296875,627.049072265625,738.810546875,49.90380859375,12.9825439453125,647.87841796875,0.00031244137790054083
19765,395.3,petronas,9,0.6594511866569519,592.9009399414062,754.4301147460938,643.1424560546875,768.8423461914062,50.24151611328125,14.4122314453125,724.0923461914062,0.0003491957613732666
19775,395.5,petronas,9,0.425526887178421,614.0625610351562,780.0330200195312,663.7138061523438,794.8252563476562,49.6512451171875,14.792236328125,734.4529418945312,0.0003541921905707568
19795,395.9,petronas,9,0.4599650502204895,646.6572265625,820.7174682617188,700.3168334960938,836.9546508789062,53.65960693359375,16.2371826171875,871.2808227539062,0.00042017787927761674
19800,396.0,petronas,9,0.4632453918457031,660.5576782226562,829.5574340820312,711.5147705078125,847.2962036132812,50.95709228515625,17.73876953125,903.9161376953125,0.0004359163576737046
19800,396.0,petronas,9,0.4326735734939575,363.9663391113281,492.75994873046875,404.8128967285156,530.62109375,40.8465576171875,37.86114501953125,1546.4974365234375,0.0007458031759597361
19800,396.0,petronas,9,0.4152497351169586,352.8050231933594,595.804443359375,407.408203125,621.9320678710938,54.603179931640625,26.12762451171875,1426.6513671875,0.0006880070432089269
19805,396.1,petronas,9,0.5174049139022827,366.9713439941406,495.2140197753906,411.5146484375,537.92041015625,44.543304443359375,42.706390380859375,1902.28369140625,0.0009173821890726686
19810,396.2,petronas,9,0.5739049315452576,685.44482421875,852.064208984375,740.86083984375,866.5234375,55.416015625,14.459228515625,801.2728271484375,0.00038641630089841783
19810,396.2,petronas,9,0.5574978590011597,376.0873718261719,502.02545166015625,423.465087890625,547.3699340820312,47.377716064453125,45.344482421875,2148.318115234375,0.001036033034324646
19830,396.6,petronas,9,0.5150430798530579,739.446044921875,887.03759765625,794.611572265625,903.2243041992188,55.16552734375,16.18670654296875,892.9481811523438,0.00043062702752649784
19835,396.7,petronas,9,0.4214681088924408,752.747314453125,893.3239135742188,805.568115234375,911.43408203125,52.82080078125,18.11016845703125,956.5936279296875,0.00046132021816447377
19840,396.8,petronas,9,0.5118743181228638,410.5738830566406,660.8053588867188,468.57269287109375,688.8289794921875,57.998809814453125,28.02362060546875,1625.336669921875,0.0007838236051611602
19845,396.9,petronas,9,0.41660192608833313,381.70782470703125,792.3893432617188,419.01556396484375,827.6513671875,37.3077392578125,35.26202392578125,1315.54638671875,0.000634426309261471
19850,397.0,petronas,9,0.4420502781867981,428.5984802246094,684.6574096679688,483.4007873535156,713.0746459960938,54.80230712890625,28.417236328125,1557.330078125,0.0007510272553190589
19865,397.3,petronas,9,0.4053431749343872,459.0428466796875,607.196533203125,508.98291015625,650.2373657226562,49.9400634765625,43.04083251953125,2149.4619140625,0.001036584610119462
19875,397.5,petronas,9,0.48470133543014526,476.5241394042969,629.2269287109375,518.5053100585938,665.2271728515625,41.981170654296875,36.000244140625,1511.3323974609375,0.0007288447231985629
19880,397.6,petronas,9,0.5082494616508484,461.31903076171875,894.4817504882812,491.96685791015625,920.0558471679688,30.6478271484375,25.5740966796875,783.7904663085938,0.00037798535777255893
19885,397.7,petronas,9,0.5173215270042419,472.185302734375,903.7290649414062,514.0635986328125,938.2056884765625,41.8782958984375,34.47662353515625,1443.822265625,0.0006962877232581377
19885,397.7,petronas,9,0.4713456332683563,357.71234130859375,879.5884399414062,382.46905517578125,916.63720703125,24.7567138671875,37.04876708984375,917.2057495117188,0.00044232531217858195
19885,397.7,petronas,9,0.40921908617019653,631.38330078125,744.8550415039062,675.2916259765625,776.8086547851562,43.9083251953125,31.95361328125,1403.0296630859375,0.000676615396514535
19900,398.0,petronas,9,0.499671071767807,553.8674926757812,787.038330078125,608.7444458007812,819.9420776367188,54.876953125,32.90374755859375,1805.657470703125,0.0008707838715054095
19900,398.0,petronas,9,0.4766217768192291,397.4678649902344,907.9633178710938,422.2633972167969,942.7418823242188,24.7955322265625,34.778564453125,862.35302734375,0.00041587240411899984
19900,398.0,petronas,9,0.44939205050468445,519.2056274414062,931.4041748046875,552.1859130859375,959.7147827148438,32.98028564453125,28.31060791015625,933.6919555664062,0.00045027583837509155
19905,398.1,petronas,9,0.455941766500473,415.1693420410156,918.6527709960938,437.18896484375,953.0219116210938,22.019622802734375,34.369140625,756.7955322265625,0.0003649669815786183
19905,398.1,petronas,9,0.4244721829891205,697.7589111328125,775.862060546875,748.794677734375,805.802490234375,51.0357666015625,29.9404296875,1528.0328369140625,0.0007368985679931939
19905,398.1,petronas,9,0.4031166732311249,545.4120483398438,669.5392456054688,593.4024658203125,705.90576171875,47.99041748046875,36.36651611328125,1745.2442626953125,0.0008416494238190353
19910,398.2,petronas,9,0.46320924162864685,430.9302673339844,925.5394287109375,454.3509521484375,957.054931640625,23.420684814453125,31.5155029296875,738.1146850585938,0.00035595809458754957
19915,398.3,petronas,9,0.7080048322677612,574.9290771484375,961.5108032226562,619.249755859375,1002.9663696289062,44.3206787109375,41.45556640625,1837.3388671875,0.0008860623347572982
19930,398.6,petronas,9,0.5123252868652344,486.3452453613281,973.7957763671875,511.71484375,1014.6232299804688,25.369598388671875,40.82745361328125,1035.776123046875,0.0004995062481611967
19935,398.7,petronas,9,0.617367148399353,498.69342041015625,986.7425537109375,525.488037109375,1026.5599365234375,26.79461669921875,39.8173828125,1066.8914794921875,0.0005145117174834013
19935,398.7,petronas,9,0.595132052898407,662.4089965820312,850.90380859375,725.3637084960938,888.67236328125,62.9547119140625,37.7685546875,2377.70849609375,0.0011466572759673
19935,398.7,petronas,9,0.5217940807342529,634.8181762695312,1012.8780517578125,693.8233642578125,1053.791015625,59.00518798828125,40.9129638671875,2414.0771484375,0.0011641961755231023
19935,398.7,petronas,9,0.427092045545578,708.6797485351562,768.1415405273438,739.7636108398438,784.598876953125,31.0838623046875,16.45733642578125,511.5575866699219,0.00024670021957717836
19940,398.8,petronas,9,0.705496609210968,677.5009765625,861.405517578125,741.5550537109375,898.9688720703125,64.0540771484375,37.5633544921875,2406.0859375,0.0011603423627093434
19940,398.8,petronas,9,0.5824198126792908,515.1493530273438,999.3115844726562,541.6665649414062,1037.320068359375,26.5172119140625,38.00848388671875,1007.8790283203125,0.0004860527697019279
19945,398.9,petronas,9,0.6183772087097168,528.9549560546875,1013.92431640625,553.6845092773438,1056.27587890625,24.72955322265625,42.3515625,1047.335205078125,0.0005050806212238967
19945,398.9,petronas,9,0.4424038231372833,694.9841918945312,872.9481201171875,756.2271118164062,911.8598022460938,61.242919921875,38.91168212890625,2383.06494140625,0.0011492404155433178
19950,399.0,petronas,9,0.7416998744010925,539.1054077148438,1025.9405517578125,569.1783447265625,1073.62255859375,30.07293701171875,47.6820068359375,1433.93798828125,0.0006915210396982729
19950,399.0,petronas,9,0.7171571850776672,706.6500854492188,883.2412719726562,773.1065673828125,922.2968139648438,66.45648193359375,39.0555419921875,2595.493896484375,0.0012516849674284458
19955,399.1,petronas,9,0.5000044107437134,676.551513671875,748.1676025390625,734.3973999023438,792.0186157226562,57.84588623046875,43.85101318359375,2536.600830078125,0.0012232835870236158
19955,399.1,petronas,9,0.49248918890953064,554.7681274414062,1036.6102294921875,581.8209228515625,1074.848876953125,27.05279541015625,38.2386474609375,1034.4622802734375,0.0004988725995644927
19955,399.1,petronas,9,0.47704216837882996,721.2903442382812,889.3662719726562,786.590087890625,930.568603515625,65.29974365234375,41.20233154296875,2690.501708984375,0.0012975027784705162
19960,399.2,petronas,9,0.6582470536231995,734.727294921875,899.0877075195312,800.2594604492188,940.1780395507812,65.53216552734375,41.09033203125,2692.738525390625,0.0012985814828425646
19960,399.2,petronas,9,0.5865570306777954,686.5149536132812,754.1828002929688,748.5621337890625,800.1814575195312,62.04718017578125,45.9986572265625,2854.0869140625,0.0013763922033831477
19960,399.2,petronas,9,0.5257130265235901,567.0430297851562,1049.1751708984375,592.8724365234375,1078.3775634765625,25.82940673828125,29.202392578125,754.2804565429688,0.0003637540794443339
19965,399.3,petronas,9,0.4068702757358551,889.1412353515625,878.9692993164062,960.8561401367188,917.6173095703125,71.71490478515625,38.64801025390625,2771.638427734375,0.0013366311322897673
19970,399.4,petronas,9,0.7402775883674622,761.7518310546875,919.0675048828125,828.3098754882812,960.713134765625,66.55804443359375,41.6456298828125,2771.8515625,0.0013367339270189404
19975,399.5,petronas,9,0.626228928565979,779.7109985351562,926.8147583007812,845.874755859375,969.2109375,66.16375732421875,42.39617919921875,2805.090576171875,0.0013527636183425784
19980,399.6,petronas,9,0.6509795784950256,795.3841552734375,942.5231323242188,855.3641357421875,986.25927734375,59.97998046875,43.73614501953125,2623.293212890625,0.0012650912394747138
19980,399.6,petronas,9,0.4886532127857208,946.7672729492188,907.611083984375,1016.7388916015625,946.9078369140625,69.97161865234375,39.2967529296875,2749.657470703125,0.0013260308187454939
19985,399.7,petronas,9,0.78216952085495,813.5932006835938,953.5335693359375,880.4415893554688,998.1851196289062,66.848388671875,44.65155029296875,2984.88427734375,0.0014394696336239576
19985,399.7,petronas,9,0.7603491544723511,964.4649047851562,919.3778076171875,1045.003662109375,960.3719482421875,80.53875732421875,40.994140625,3301.6171875,0.0015922150341793895
19990,399.8,petronas,9,0.6152858734130859,834.5765991210938,965.104248046875,903.4215087890625,1011.997802734375,68.84490966796875,46.8935546875,3228.382568359375,0.0015568974195048213
19990,399.8,petronas,9,0.5261152386665344,996.7644653320312,934.5132446289062,1065.6966552734375,970.924072265625,68.93218994140625,36.41082763671875,2509.878173828125,0.001210396527312696
19995,399.9,petronas,9,0.6416189074516296,856.752197265625,986.4364013671875,913.6295776367188,1025.9420166015625,56.87738037109375,39.505615234375,2246.975830078125,0.0010836110450327396
19995,399.9,petronas,9,0.4829480051994324,785.4236450195312,817.598876953125,852.6246948242188,866.364501953125,67.2010498046875,48.765625,3277.10107421875,0.0015803921269252896
19995,399.9,petronas,9,0.41549187898635864,1009.0491333007812,944.421875,1093.8997802734375,984.664794921875,84.85064697265625,40.242919921875,3414.6376953125,0.001646719523705542
20000,400.0,petronas,9,0.7897818684577942,1040.339599609375,959.7979125976562,1118.6148681640625,1000.4663696289062,78.2752685546875,40.66845703125,3183.33447265625,0.0015351729234680533
20000,400.0,petronas,9,0.7623963952064514,877.80712890625,992.681884765625,953.0686645507812,1043.504638671875,75.26153564453125,50.82275390625,3824.99853515625,0.0018446173053234816
20005,400.1,petronas,9,0.7553197741508484,1063.10400390625,972.4503173828125,1147.42578125,1013.8833618164062,84.32177734375,41.43304443359375,3493.7080078125,0.0016848514787852764
20005,400.1,petronas,9,0.7345777153968811,904.464111328125,1012.4595336914062,974.6810302734375,1058.2454833984375,70.2169189453125,45.78594970703125,3214.9482421875,0.0015504186740145087
20005,400.1,petronas,9,0.40026289224624634,512.489501953125,953.3543701171875,542.6535034179688,991.6519775390625,30.16400146484375,38.297607421875,1155.2091064453125,0.0005571031360886991
20010,400.2,petronas,9,0.8062538504600525,931.28955078125,1026.9376220703125,1007.98486328125,1076.6514892578125,76.6953125,49.7138671875,3812.820556640625,0.0018387445015832782
20010,400.2,petronas,9,0.7448008060455322,1098.6090087890625,987.6149291992188,1177.9884033203125,1029.6727294921875,79.37939453125,42.05780029296875,3338.522705078125,0.001610012841410935
20015,400.3,petronas,9,0.6938519477844238,994.895751953125,1046.339599609375,1031.550048828125,1074.96142578125,36.654296875,28.621826171875,1049.1129150390625,0.0005059379618614912
20015,400.3,petronas,9,0.49824759364128113,1120.48486328125,1000.4774780273438,1207.539306640625,1041.5311279296875,87.054443359375,41.05364990234375,3573.902587890625,0.0017235255800187588
20020,400.4,petronas,9,0.421806275844574,1159.73974609375,1017.468505859375,1242.5064697265625,1061.2322998046875,82.7667236328125,43.7637939453125,3622.185791015625,0.0017468102741986513
20045,400.9,hp,4,0.41942745447158813,457.82525634765625,596.1087036132812,481.43853759765625,624.6393432617188,23.61328125,28.5306396484375,673.7020263671875,0.0003248948778491467
20065,401.3,petronas,9,0.4839072823524475,396.66790771484375,615.061767578125,753.5108032226562,901.498779296875,356.8428955078125,286.43701171875,102213.015625,0.04929254204034805
20075,401.5,petronas,9,0.7036902904510498,1273.239013671875,1017.59228515625,1368.559814453125,1078.940185546875,95.32080078125,61.347900390625,5847.73095703125,0.0028200861997902393
20080,401.6,petronas,9,0.4695076644420624,1305.146728515625,1026.1744384765625,1401.690185546875,1080.7742919921875,96.54345703125,54.599853515625,5271.2587890625,0.0025420808233320713
20105,402.1,petronas,9,0.5911865234375,364.02679443359375,974.5465087890625,418.4785461425781,1017.8504638671875,54.451751708984375,43.303955078125,2357.976318359375,0.0011371413711458445
20105,402.1,petronas,9,0.4657014310359955,329.8031005859375,941.8095092773438,359.1801452636719,969.1493530273438,29.377044677734375,27.33984375,803.163818359375,0.0003873282403219491
20110,402.2,petronas,9,0.5236977338790894,417.0656433105469,988.8822021484375,469.45623779296875,1030.988525390625,52.390594482421875,42.1063232421875,2205.975341796875,0.001063838368281722
20110,402.2,petronas,9,0.4512334167957306,362.9505615234375,915.103515625,418.6802062988281,954.1405639648438,55.729644775390625,39.03704833984375,2175.520751953125,0.0010491516441106796
20115,402.3,petronas,9,0.4148407280445099,849.0845336914062,782.061279296875,1134.2745361328125,1037.6568603515625,285.19000244140625,255.5955810546875,72893.3046875,0.035153020173311234
20125,402.5,petronas,9,0.41640686988830566,484.3345642089844,642.174072265625,682.7189331054688,846.2289428710938,198.38436889648438,204.05487060546875,40481.296875,0.019522231072187424
20130,402.6,petronas,9,0.5570428371429443,615.967041015625,1033.8724365234375,670.6592407226562,1077.7647705078125,54.69219970703125,43.892333984375,2400.568359375,0.0011576814576983452
20160,403.2,petronas,9,0.42610862851142883,390.4566650390625,627.8876342773438,440.7015686035156,656.7177124023438,50.244903564453125,28.830078125,1448.564453125,0.0006985747022554278
20180,403.6,petronas,9,0.4833237826824188,1030.7427978515625,1020.8999633789062,1073.0888671875,1045.4248046875,42.3460693359375,24.52484130859375,1038.5306396484375,0.000500834605190903
20190,403.8,petronas,9,0.547437846660614,1111.5355224609375,1014.6802978515625,1151.509521484375,1037.8209228515625,39.9739990234375,23.140625,925.0233154296875,0.00044609533506445587
20190,403.8,petronas,9,0.4822638928890228,333.4710388183594,745.6795043945312,392.0979919433594,786.7791137695312,58.626953125,41.099609375,2409.544921875,0.0011620104778558016
20195,403.9,petronas,9,0.5519484877586365,1150.20068359375,1009.2060546875,1192.4454345703125,1034.808837890625,42.2447509765625,25.602783203125,1081.583251953125,0.0005215968703851104
20200,404.0,petronas,9,0.4871154725551605,927.5910034179688,1054.166748046875,951.4421997070312,1080.1756591796875,23.8511962890625,26.0089111328125,620.3436279296875,0.00029916263883933425
20200,404.0,petronas,9,0.4279443621635437,1016.16162109375,1028.877685546875,1077.3319091796875,1050.129150390625,61.1702880859375,21.25146484375,1299.958251953125,0.0006269089062698185
20205,404.1,petronas,9,0.493740975856781,1052.5369873046875,1023.6832885742188,1116.329833984375,1050.6639404296875,63.7928466796875,26.98065185546875,1721.172607421875,0.0008300407789647579
20245,404.9,petronas,9,0.46897315979003906,581.56103515625,880.0513305664062,601.2236328125,904.1738891601562,19.66259765625,24.12255859375,474.3121643066406,0.0002287384995725006
20250,405.0,petronas,9,0.45300760865211487,670.5303955078125,761.65966796875,694.2565307617188,796.2180786132812,23.72613525390625,34.55841064453125,819.9375,0.00039541738806292415
20260,405.2,petronas,9,0.4888046979904175,736.17431640625,764.4242553710938,761.0845947265625,796.5835571289062,24.9102783203125,32.1593017578125,801.09716796875,0.0003863315796479583
20290,405.8,petronas,9,0.5282997488975525,914.0049438476562,762.851318359375,936.6517333984375,794.0159912109375,22.64678955078125,31.1646728515625,705.77978515625,0.00034036446595564485
20305,406.1,petronas,9,0.5919846892356873,987.60546875,754.7271118164062,1008.41259765625,784.1107177734375,20.80712890625,29.38360595703125,611.3884887695312,0.00029484397964552045
20515,410.3,okx,7,0.4116864502429962,1625.2353515625,442.43792724609375,1696.3956298828125,455.8389892578125,71.1602783203125,13.40106201171875,953.623291015625,0.00045988778583705425
20520,410.4,okx,7,0.4624493420124054,1345.41455078125,451.37896728515625,1415.662353515625,466.90869140625,70.247802734375,15.52972412109375,1090.928955078125,0.0005261038313619792
20525,410.5,okx,7,0.6259917616844177,1176.7177734375,464.7457275390625,1245.349609375,479.078369140625,68.6318359375,14.3326416015625,983.675537109375,0.000474380562081933
20525,410.5,okx,7,0.4016444683074951,1159.985107421875,546.4812622070312,1216.5787353515625,604.05419921875,56.5936279296875,57.57293701171875,3258.261474609375,0.0015713066095486283
20530,410.6,okx,7,0.7557721138000488,1115.13720703125,467.3231201171875,1196.1275634765625,482.48193359375,80.9903564453125,15.1588134765625,1227.7176513671875,0.0005920706316828728
20535,410.7,okx,7,0.773529052734375,1099.1766357421875,469.1849365234375,1178.0115966796875,487.1224365234375,78.8349609375,17.9375,1414.10205078125,0.0006819550762884319
20540,410.8,okx,7,0.7762200832366943,1073.4068603515625,466.3167724609375,1161.5604248046875,483.765869140625,88.153564453125,17.4490966796875,1538.2000732421875,0.0007418017485179007
20545,410.9,okx,7,0.7943545579910278,1066.372314453125,460.6819763183594,1155.482421875,479.42913818359375,89.110107421875,18.747161865234375,1670.5616455078125,0.0008056334918364882
20550,411.0,okx,7,0.7839879393577576,1076.108154296875,450.13018798828125,1158.8929443359375,468.0957946777344,82.7847900390625,17.965606689453125,1487.2789306640625,0.0007172448677010834
20555,411.1,okx,7,0.7901645302772522,1072.2421875,441.1431579589844,1156.3690185546875,460.3124694824219,84.1268310546875,19.1693115234375,1612.6534423828125,0.0007777070859447122
20560,411.2,okx,7,0.7686236500740051,1065.61181640625,427.5752868652344,1161.4691162109375,449.5892639160156,95.8572998046875,22.01397705078125,2110.200439453125,0.0010176507057622075
20565,411.3,okx,7,0.814710795879364,1030.7650146484375,411.6479797363281,1121.388671875,434.6343078613281,90.6236572265625,22.986328125,2083.105224609375,0.0010045839007943869
20570,411.4,okx,7,0.8081434965133667,981.8057861328125,374.468017578125,1083.5753173828125,399.3823547363281,101.76953125,24.914337158203125,2535.5205078125,0.0012227626284584403
20575,411.5,okx,7,0.8589089512825012,902.5845947265625,352.1796875,1024.69775390625,378.4768981933594,122.1131591796875,26.297210693359375,3211.235595703125,0.0015486283227801323
20580,411.6,okx,7,0.8054147362709045,820.0332641601562,327.8865966796875,926.4083862304688,353.8495788574219,106.3751220703125,25.962982177734375,2761.8154296875,0.0013318939600139856
20585,411.7,okx,7,0.7984727621078491,591.2236938476562,305.6545715332031,688.826904296875,331.9665832519531,97.60321044921875,26.31201171875,2568.13671875,0.001238491851836443
20585,411.7,okx,7,0.64385986328125,785.1551513671875,306.9362487792969,872.0521240234375,330.8538513183594,86.89697265625,23.9176025390625,2078.3671875,0.0010022990172728896
20590,411.8,okx,7,0.8458563089370728,539.4048461914062,282.4548034667969,651.015625,312.4345397949219,111.61077880859375,29.979736328125,3346.061767578125,0.001613648608326912
20595,411.9,okx,7,0.8481137156486511,478.0162658691406,270.76763916015625,592.1178588867188,296.09521484375,114.10159301757812,25.32757568359375,2889.916748046875,0.0013936712639406323
20600,412.0,okx,7,0.8314355611801147,445.643798828125,257.49066162109375,549.87890625,284.00518798828125,104.235107421875,26.5145263671875,2763.744384765625,0.0013328242348507047
20605,412.1,okx,7,0.8035882711410522,405.694091796875,240.2675323486328,500.7705078125,263.1727600097656,95.076416015625,22.905227661132812,2177.7470703125,0.0010502252262085676
20610,412.2,okx,7,0.8792411088943481,437.15582275390625,417.17047119140625,499.3033752441406,504.74139404296875,62.147552490234375,87.5709228515625,5442.318359375,0.00262457481585443
20610,412.2,okx,7,0.8657882809638977,506.83697509765625,405.8296813964844,600.732666015625,450.22607421875,93.89569091796875,44.396392822265625,4168.6298828125,0.0020103345159441233
20610,412.2,okx,7,0.7548470497131348,340.85284423828125,249.88919067382812,431.6258850097656,272.9625549316406,90.77304077148438,23.0733642578125,2094.439453125,0.001010049832984805
20615,412.3,okx,7,0.9208856225013733,489.49310302734375,504.750244140625,584.5358276367188,603.450439453125,95.042724609375,98.7001953125,9380.7353515625,0.004523888695985079
20615,412.3,okx,7,0.6826144456863403,389.5280456542969,422.7248840332031,440.3941650390625,476.34832763671875,50.866119384765625,53.623443603515625,2727.616455078125,0.0013154014013707638
20615,412.3,okx,7,0.42462775111198425,616.2932739257812,496.7914123535156,742.4751586914062,554.3621215820312,126.181884765625,57.570709228515625,7264.38037109375,0.00350326974876225
20625,412.5,okx,7,0.6809213161468506,651.0313110351562,357.0169372558594,1041.9200439453125,463.47509765625,390.88873291015625,106.45816040039062,41613.296875,0.02006814070045948
20625,412.5,kick,5,0.6260339617729187,651.0313110351562,357.0169372558594,1041.9200439453125,463.47509765625,390.88873291015625,106.45816040039062,41613.296875,0.02006814070045948
20630,412.6,okx,7,0.598419725894928,1295.541015625,401.6051025390625,1350.58935546875,480.0716247558594,55.04833984375,78.46652221679688,4319.45166015625,0.002083068946376443
20630,412.6,okx,7,0.5264809131622314,907.2679443359375,312.186279296875,1089.587890625,388.92645263671875,182.3199462890625,76.74017333984375,13991.2646484375,0.006747330538928509
20635,412.7,okx,7,0.44129589200019836,1199.631103515625,423.7503662109375,1225.090087890625,471.3343200683594,25.458984375,47.583953857421875,1211.4390869140625,0.0005842202226631343
20640,412.8,okx,7,0.7468229532241821,965.9417724609375,404.6412048339844,1065.4779052734375,422.28192138671875,99.5361328125,17.640716552734375,1755.888671875,0.000846782757434994
20645,412.9,okx,7,0.4656311571598053,1037.893798828125,412.1608581542969,1120.897705078125,424.74932861328125,83.00390625,12.588470458984375,1044.8922119140625,0.0005039024981670082
20655,413.1,oracle,8,0.4744887351989746,1127.651611328125,431.9526062011719,1218.80859375,441.64825439453125,91.156982421875,9.695648193359375,883.8260498046875,0.00042622783803381026
20660,413.2,okx,7,0.7810324430465698,947.8394775390625,501.06390380859375,1010.8455200195312,516.0702514648438,63.00604248046875,15.00634765625,945.4906005859375,0.0004559657536447048
20665,413.3,okx,7,0.8261417150497437,938.3802490234375,497.9904479980469,1008.77880859375,515.2568359375,70.3985595703125,17.266387939453125,1215.52880859375,0.0005861925310455263
20670,413.4,okx,7,0.8220674395561218,943.531982421875,495.51416015625,1016.38134765625,511.9169921875,72.849365234375,16.40283203125,1194.9359130859375,0.0005762615473940969
20675,413.5,okx,7,0.8179545998573303,956.1163940429688,492.0624084472656,1025.58447265625,508.3509216308594,69.46807861328125,16.28851318359375,1131.53173828125,0.000545684655662626
20680,413.6,okx,7,0.819957435131073,957.6103515625,486.50469970703125,1041.03662109375,502.94403076171875,83.42626953125,16.4393310546875,1371.4720458984375,0.0006613966543227434
20685,413.7,okx,7,0.7866423726081848,973.4357299804688,482.5105285644531,1061.7987060546875,501.2312927246094,88.36297607421875,18.72076416015625,1654.222412109375,0.0007977538625709713
20690,413.8,okx,7,0.8087435960769653,987.8226318359375,487.0947265625,1070.22216796875,505.9173889160156,82.3995361328125,18.822662353515625,1550.9786376953125,0.0007479642517864704
20695,413.9,okx,7,0.792332649230957,1121.6734619140625,497.82489013671875,1187.8616943359375,515.0951538085938,66.188232421875,17.270263671875,1143.0882568359375,0.0005512578645721078
20700,414.0,okx,7,0.8124863505363464,1110.53369140625,500.27728271484375,1193.929443359375,518.1607666015625,83.395751953125,17.88348388671875,1491.4066162109375,0.0007192354532890022
20705,414.1,okx,7,0.7952588200569153,1133.76318359375,503.1848449707031,1212.052978515625,519.983642578125,78.289794921875,16.798797607421875,1315.1744384765625,0.0006342469132505357
20710,414.2,okx,7,0.7294676303863525,1167.2891845703125,503.3294372558594,1234.70458984375,520.5328979492188,67.4154052734375,17.203460693359375,1159.7783203125,0.0005593067035079002
20715,414.3,okx,7,0.5468709468841553,1196.0892333984375,503.2137145996094,1261.2001953125,520.8185424804688,65.1109619140625,17.604827880859375,1146.267333984375,0.0005527909379452467
20715,414.3,okx,7,0.5087009072303772,1171.22607421875,602.5139770507812,1222.3741455078125,651.7890625,51.1480712890625,49.27508544921875,2520.32568359375,0.001215434866026044
20720,414.4,okx,7,0.8149901628494263,1239.46435546875,512.2762451171875,1313.076171875,528.6193237304688,73.61181640625,16.34307861328125,1203.043701171875,0.0005801715306006372
20720,414.4,okx,7,0.7467500567436218,1160.7518310546875,612.6998291015625,1210.364013671875,661.5892333984375,49.6121826171875,48.889404296875,2425.510009765625,0.0011697097215801477
20720,414.4,okx,7,0.5954158306121826,1106.2791748046875,598.7685546875,1162.1051025390625,625.7098388671875,55.825927734375,26.9412841796875,1504.022216796875,0.0007253193762153387
20725,414.5,okx,7,0.832251787185669,1145.155517578125,618.7233276367188,1203.7960205078125,668.361083984375,58.6405029296875,49.63775634765625,2910.782958984375,0.0014037340879440308
20725,414.5,okx,7,0.6669647693634033,1261.1141357421875,521.8827514648438,1322.529052734375,536.3059692382812,61.4149169921875,14.4232177734375,885.8007202148438,0.00042718014447018504
20730,414.6,okx,7,0.8669925332069397,1128.9481201171875,624.885498046875,1189.5811767578125,675.1676025390625,60.633056640625,50.2821044921875,3048.757568359375,0.001470272778533399
20730,414.6,okx,7,0.4800929129123688,1295.190673828125,530.3048095703125,1374.1361083984375,542.1077270507812,78.9454345703125,11.80291748046875,931.7864379882812,0.0004493568849284202
20735,414.7,okx,7,0.8374487161636353,1100.7889404296875,633.88916015625,1161.5537109375,682.5405883789062,60.7647705078125,48.65142822265625,2956.29296875,0.0014256814029067755
20735,414.7,okx,7,0.6369474530220032,1278.8046875,598.1928100585938,1318.26123046875,633.1155395507812,39.45654296875,34.9227294921875,1377.93017578125,0.0006645110552199185
20740,414.8,okx,7,0.8425174355506897,1063.1112060546875,639.5833740234375,1135.573486328125,689.03369140625,72.4622802734375,49.4503173828125,3583.28271484375,0.001728049130178988
20745,414.9,okx,7,0.8493424654006958,1033.1927490234375,646.8074340820312,1104.082275390625,695.019775390625,70.8895263671875,48.21234130859375,3417.75,0.0016482204664498568
20750,415.0,okx,7,0.6569153666496277,994.925537109375,646.5814208984375,1065.46826171875,695.5076293945312,70.542724609375,48.92620849609375,3451.387939453125,0.0016644424758851528
20755,415.1,okx,7,0.8531729578971863,952.9349365234375,633.472900390625,1026.779541015625,685.6448974609375,73.8446044921875,52.1719970703125,3852.62060546875,0.0018579381285235286
20760,415.2,okx,7,0.8118641376495361,930.1426391601562,619.22900390625,992.109619140625,672.8929443359375,61.96697998046875,53.6639404296875,3325.392333984375,0.0016036806628108025
20765,415.3,okx,7,0.7835342884063721,928.4072265625,615.3927001953125,974.9719848632812,658.6782836914062,46.56475830078125,43.28558349609375,2015.582763671875,0.0009720210218802094
20765,415.3,okx,7,0.4373394548892975,1151.5897216796875,559.8362426757812,1204.641357421875,591.1630859375,53.0516357421875,31.32684326171875,1661.9403076171875,0.0008014758350327611
20770,415.4,okx,7,0.6349892616271973,1086.42919921875,559.2662353515625,1149.026123046875,586.0808715820312,62.596923828125,26.81463623046875,1678.5137939453125,0.0008094684453681111
20800,416.0,petronas,9,0.6516919732093811,610.5798950195312,431.7475280761719,669.1734008789062,439.95123291015625,58.593505859375,8.203704833984375,480.683837890625,0.0002318112674402073
20800,416.0,okx,7,0.47618335485458374,889.9974365234375,513.0174560546875,937.0361328125,521.4066162109375,47.0386962890625,8.38916015625,394.6151428222656,0.00019030437397304922
20805,416.1,petronas,9,0.6501638889312744,591.9256591796875,428.8787536621094,655.0343627929688,437.5010681152344,63.10870361328125,8.622314453125,544.14306640625,0.00026241468731313944
20805,416.1,okx,7,0.5508072376251221,994.0878295898438,556.4363403320312,1017.3873291015625,577.75244140625,23.29949951171875,21.31610107421875,496.65447998046875,0.00023951315961312503
20810,416.2,okx,7,0.5518499612808228,1020.814697265625,515.55712890625,1059.5955810546875,523.725830078125,38.7808837890625,8.168701171875,316.7894592285156,0.00015277269994840026
20810,416.2,petronas,9,0.4163266122341156,571.439697265625,425.2940673828125,631.9375,433.8168029785156,60.497802734375,8.522735595703125,515.6067504882812,0.0002486529410816729
20815,416.3,okx,7,0.6483153700828552,1072.3046875,517.72607421875,1120.75341796875,526.8428344726562,48.44873046875,9.11676025390625,441.6954650878906,0.0002130089997081086
20815,416.3,petronas,9,0.6175628304481506,542.1036376953125,420.9620056152344,609.1021728515625,429.0922546386719,66.99853515625,8.1302490234375,544.7147827148438,0.0002626903878990561
20820,416.4,okx,7,0.6541404128074646,1118.6365966796875,519.2947387695312,1166.7540283203125,530.0255737304688,48.117431640625,10.7308349609375,516.3402099609375,0.00024900666903704405
20825,416.5,okx,7,0.7312167286872864,1152.6055908203125,521.1121826171875,1212.314208984375,533.0156860351562,59.7086181640625,11.90350341796875,710.7417602539062,0.00034275741199962795
20825,416.5,petronas,9,0.566059947013855,474.0267333984375,409.59478759765625,539.1965942382812,418.119384765625,65.16986083984375,8.52459716796875,555.5468139648438,0.0002679141762200743
20830,416.6,okx,7,0.7198594808578491,1197.616455078125,530.8518676757812,1251.682373046875,543.8604125976562,54.06591796875,13.008544921875,703.3189086914062,0.00033917772816494107
20830,416.6,petronas,9,0.4259113669395447,439.8211669921875,406.2590026855469,508.4285583496094,415.4637145996094,68.60739135742188,9.2047119140625,631.5112915039062,0.00030454827356152236
20835,416.7,okx,7,0.7738568782806396,1226.4425048828125,530.8587036132812,1285.8251953125,542.031982421875,59.3826904296875,11.17327880859375,663.4993286132812,0.0003199746133759618
20835,416.7,petronas,9,0.5866283178329468,401.73785400390625,399.7955017089844,470.55426025390625,409.2479248046875,68.81640625,9.452423095703125,650.4818115234375,0.0003136968589387834
20840,416.8,okx,7,0.6990132927894592,1258.6702880859375,533.2088623046875,1322.052734375,544.3802490234375,63.3824462890625,11.17138671875,708.06982421875,0.0003414688690099865
20840,416.8,petronas,9,0.5615342855453491,363.1084899902344,393.6714782714844,431.7266540527344,403.8134460449219,68.6181640625,10.1419677734375,695.9232177734375,0.00033561111195012927
20845,416.9,okx,7,0.7805178165435791,1279.27490234375,527.7725219726562,1347.23779296875,541.7125854492188,67.962890625,13.9400634765625,947.406982421875,0.0004568899457808584
20850,417.0,okx,7,0.8410243391990662,1299.4024658203125,524.4373168945312,1364.7674560546875,539.4351806640625,65.364990234375,14.99786376953125,980.335205078125,0.0004727696650661528
20855,417.1,okx,7,0.7879467010498047,1313.2734375,522.3079833984375,1388.004638671875,534.8304443359375,74.731201171875,12.5224609375,935.8185424804688,0.0004513013700488955
20860,417.2,okx,7,0.7953194379806519,1316.9903564453125,505.76336669921875,1398.98681640625,523.5684204101562,81.9964599609375,17.8050537109375,1459.951416015625,0.0007040660711936653
20865,417.3,okx,7,0.7728721499443054,1336.5390625,502.6537170410156,1418.1031494140625,518.45361328125,81.5640869140625,15.799896240234375,1288.7041015625,0.000621481507550925
20870,417.4,okx,7,0.7482172846794128,1347.338623046875,495.34124755859375,1421.1427001953125,511.47711181640625,73.8040771484375,16.1358642578125,1190.892578125,0.0005743116489611566
20875,417.5,okx,7,0.653947651386261,1344.1116943359375,470.6395263671875,1405.0816650390625,488.7242736816406,60.969970703125,18.084747314453125,1102.62646484375,0.0005317450268194079
20880,417.6,okx,7,0.751248836517334,1456.3531494140625,454.0694580078125,1530.370361328125,469.77215576171875,74.0172119140625,15.70269775390625,1162.2698974609375,0.000560508226044476
20885,417.7,okx,7,0.771919310092926,1488.219482421875,437.9073791503906,1567.91015625,455.1507263183594,79.690673828125,17.24334716796875,1374.1339111328125,0.0006626803078688681
20890,417.8,okx,7,0.7872843146324158,1529.02587890625,438.2347717285156,1603.791259765625,453.7668151855469,74.765380859375,15.53204345703125,1161.2591552734375,0.0005600207950919867
20895,417.9,okx,7,0.8414896130561829,1559.10546875,439.87432861328125,1651.28369140625,460.7025451660156,92.17822265625,20.828216552734375,1919.907958984375,0.0009258815553039312
20900,418.0,okx,7,0.8104909658432007,1664.608154296875,453.7499694824219,1741.238037109375,473.592041015625,76.6298828125,19.842071533203125,1520.49560546875,0.0007332636741921306
20900,418.0,okx,7,0.7506717443466187,1557.924560546875,446.5682678222656,1625.9852294921875,467.4678039550781,68.0606689453125,20.8995361328125,1422.4364013671875,0.0006859743734821677
20900,418.0,okx,7,0.6740376949310303,1559.173095703125,594.8363647460938,1622.3890380859375,674.7761840820312,63.2159423828125,79.9398193359375,5053.47119140625,0.002437052084133029
20905,418.1,okx,7,0.6960194706916809,1441.9447021484375,627.9844970703125,1544.0166015625,671.563232421875,102.0718994140625,43.5787353515625,4448.1640625,0.0021451408974826336
20905,418.1,okx,7,0.6812335848808289,1692.1885986328125,461.92633056640625,1908.225830078125,498.7524108886719,216.0372314453125,36.826080322265625,7955.80419921875,0.0038367111701518297
20905,418.1,okx,7,0.680705189704895,1554.1004638671875,636.4630737304688,1642.1192626953125,719.5794677734375,88.018798828125,83.11639404296875,7315.80517578125,0.003528069704771042
20905,418.1,okx,7,0.5958598852157593,1700.4189453125,562.4129028320312,1748.5679931640625,600.2876586914062,48.1490478515625,37.874755859375,1823.6334228515625,0.000879452854860574
20905,418.1,okx,7,0.42255544662475586,1803.8160400390625,472.0275573730469,1904.91845703125,497.7757568359375,101.1024169921875,25.748199462890625,2603.205078125,0.0012554037384688854
20910,418.2,okx,7,0.8189362287521362,1774.0772705078125,592.5872802734375,1843.077392578125,643.0411987304688,69.0001220703125,50.45391845703125,3481.326416015625,0.001678880420513451
20910,418.2,okx,7,0.7919157147407532,1317.8382568359375,659.1160888671875,1441.611572265625,708.463134765625,123.7733154296875,49.3470458984375,6107.84765625,0.0029455283656716347
20910,418.2,okx,7,0.7819408178329468,1463.84228515625,675.9942016601562,1583.941650390625,767.2914428710938,120.099365234375,91.2972412109375,10964.740234375,0.005287779960781336
20915,418.3,okx,7,0.6753666996955872,1078.671875,676.4954833984375,1218.3331298828125,731.3281860351562,139.6612548828125,54.83270263671875,7658.00390625,0.0036930961068719625
20915,418.3,okx,7,0.5910168886184692,1812.033447265625,625.754638671875,1914.2310791015625,695.4227294921875,102.1976318359375,69.6680908203125,7119.9140625,0.0034336005337536335
20915,418.3,okx,7,0.5540550947189331,1076.94189453125,677.8634643554688,1402.781005859375,809.7415771484375,325.839111328125,131.87811279296875,42971.046875,0.020722920075058937
20920,418.4,okx,7,0.9108191728591919,871.0156860351562,620.728271484375,1121.825927734375,768.0462036132812,250.81024169921875,147.31793212890625,36948.84765625,0.017818694934248924
20925,418.5,oracle,8,0.7885788083076477,1143.9608154296875,461.2755432128906,1379.403076171875,555.647216796875,235.4422607421875,94.37167358398438,22219.080078125,0.010715220123529434
20925,418.5,okx,7,0.5101549625396729,874.9262084960938,584.3250122070312,963.6981811523438,672.6199340820312,88.77197265625,88.294921875,7838.1142578125,0.003779954742640257
20930,418.6,okx,7,0.7951537370681763,882.3797607421875,518.8955688476562,928.0181274414062,584.1757202148438,45.63836669921875,65.2801513671875,2979.279541015625,0.0014367667026817799
20930,418.6,okx,7,0.5962148308753967,1101.4718017578125,435.5642395019531,1265.2003173828125,517.5653686523438,163.728515625,82.00112915039062,13425.9228515625,0.006474692840129137
20935,418.7,okx,7,0.4112362265586853,1131.3067626953125,433.6304931640625,1187.3507080078125,478.4541931152344,56.0439453125,44.823699951171875,2512.096923828125,0.0012114665005356073
20940,418.8,okx,7,0.6515729427337646,1194.195068359375,483.08758544921875,1245.220703125,521.0086059570312,51.025634765625,37.9210205078125,1934.944091796875,0.0009331327746622264
21150,423.0,okx,7,0.4233071208000183,934.6118774414062,519.7127075195312,963.872314453125,525.43017578125,29.26043701171875,5.71746826171875,167.29562377929688,8.06788302725181e-05
21160,423.2,okx,7,0.5601938962936401,986.8312377929688,528.964111328125,1012.732177734375,534.1883544921875,25.90093994140625,5.2242431640625,135.31280517578125,6.52550152153708e-05
21170,423.4,okx,7,0.42392271757125854,1047.7200927734375,539.6126098632812,1070.4259033203125,545.6387329101562,22.705810546875,6.026123046875,136.8280029296875,6.598572508664802e-05
21185,423.7,okx,7,0.41560548543930054,1162.81591796875,593.3692016601562,1190.3916015625,602.6766357421875,27.57568359375,9.30743408203125,256.6588439941406,0.0001237745163962245
21190,423.8,okx,7,0.5322178602218628,1129.239501953125,556.08935546875,1159.150146484375,562.2362060546875,29.91064453125,6.1468505859375,183.85626220703125,8.866524876793846e-05
21195,423.9,okx,7,0.4447757601737976,1173.0194091796875,556.5628051757812,1210.7608642578125,563.7785034179688,37.741455078125,7.2156982421875,272.3309631347656,0.000131332446471788
21200,424.0,okx,7,0.5435842275619507,1180.853759765625,562.9593505859375,1214.51611328125,569.5192260742188,33.662353515625,6.55987548828125,220.8208465576172,0.00010649153409758583
21210,424.2,okx,7,0.40259623527526855,1216.9801025390625,573.1433715820312,1249.6806640625,580.548583984375,32.7005615234375,7.40521240234375,242.15460205078125,0.00011677980364765972
21215,424.3,okx,7,0.4539583921432495,1251.247314453125,572.557861328125,1317.24658203125,583.120849609375,65.999267578125,10.56298828125,697.1494750976562,0.00033620247268117964
21220,424.4,okx,7,0.4565427601337433,1267.5933837890625,577.6279296875,1309.68017578125,586.0379028320312,42.0867919921875,8.40997314453125,353.94879150390625,0.0001706929033389315
21225,424.5,okx,7,0.5054214596748352,1297.6856689453125,581.8154907226562,1387.004638671875,593.6444091796875,89.3189697265625,11.82891845703125,1056.5467529296875,0.0005095229134894907
21230,424.6,okx,7,0.6170879006385803,1326.3521728515625,591.7645263671875,1372.400390625,601.4569091796875,46.0482177734375,9.6923828125,446.31695556640625,0.00021523772738873959
21240,424.8,okx,7,0.7123960256576538,1370.439208984375,607.0411987304688,1420.4342041015625,620.5516967773438,49.9949951171875,13.510498046875,675.457275390625,0.0003257413627579808
21240,424.8,okx,7,0.41806909441947937,1460.3148193359375,604.6828002929688,1504.0159912109375,617.08154296875,43.701171875,12.39874267578125,541.839599609375,0.00026130382320843637
21245,424.9,okx,7,0.7945816516876221,1456.570068359375,623.9684448242188,1525.653564453125,636.805419921875,69.08349609375,12.83697509765625,886.8231201171875,0.00042767319246195257
21250,425.0,okx,7,0.8648926019668579,1401.449951171875,652.5198364257812,1491.075439453125,669.84326171875,89.62548828125,17.32342529296875,1552.6204833984375,0.0007487559923902154
21255,425.1,okx,7,0.8235673308372498,1252.8509521484375,696.4716186523438,1352.28369140625,718.2850341796875,99.4327392578125,21.81341552734375,2168.9677734375,0.0010459914337843657
21260,425.2,okx,7,0.7901228666305542,770.9923095703125,775.819580078125,996.6271362304688,805.6263427734375,225.63482666015625,29.8067626953125,6725.44384765625,0.0032433660235255957
21305,426.1,petronas,9,0.4340134263038635,956.1460571289062,531.7852172851562,994.00439453125,537.6480712890625,37.85833740234375,5.86285400390625,221.95790100097656,0.00010703987936722115
21335,426.7,petronas,9,0.6020625233650208,1055.8780517578125,522.8193359375,1087.59033203125,528.0374145507812,31.7122802734375,5.21807861328125,165.4771728515625,7.980188092915341e-05
21355,427.1,atlasian,1,0.5652936697006226,1180.4361572265625,519.7393188476562,1277.6544189453125,529.0121459960938,97.21826171875,9.2728271484375,901.4881591796875,0.0004347454523667693
21375,427.5,hp,4,0.6372795701026917,1207.313720703125,613.3724365234375,1229.0819091796875,626.2191162109375,21.7681884765625,12.8466796875,279.6489562988281,0.00013486157695297152
21375,427.5,atlasian,1,0.4574635624885559,1119.603759765625,522.9818115234375,1249.520751953125,536.2600708007812,129.9169921875,13.27825927734375,1725.071533203125,0.0008319210610352457
21385,427.7,hp,4,0.6229772567749023,1025.655029296875,648.6754150390625,1048.51220703125,661.8043212890625,22.857177734375,13.12890625,300.0897521972656,0.00014471920439973474
21385,427.7,hp,4,0.5775994658470154,1125.0609130859375,647.1610107421875,1153.5838623046875,660.4988403320312,28.52294921875,13.33782958984375,380.4342346191406,0.0001834655849961564
21390,427.8,hp,4,0.7673885822296143,1049.1265869140625,668.4730224609375,1077.286865234375,685.6328125,28.1602783203125,17.1597900390625,483.2244567871094,0.00023303648049477488
21390,427.8,hp,4,0.4667937159538269,1071.2467041015625,539.4664916992188,1099.2337646484375,554.22607421875,27.987060546875,14.75958251953125,413.07733154296875,0.0001992078177863732
21395,427.9,hp,4,0.7184311151504517,939.56494140625,692.2403564453125,967.8815307617188,708.2029418945312,28.31658935546875,15.96258544921875,452.0059814453125,0.00021798127272631973
21395,427.9,hp,4,0.6252423524856567,815.18505859375,695.6279296875,837.2974243164062,709.7410888671875,22.11236572265625,14.1131591796875,312.0753479003906,0.0001504992978880182
21395,427.9,hp,4,0.5752982497215271,984.278076171875,543.72802734375,1016.0857543945312,560.1934814453125,31.80767822265625,16.4654541015625,523.7278442382812,0.0002525693562347442
21400,428.0,hp,4,0.7534611821174622,782.0743408203125,719.5480346679688,814.416259765625,740.668212890625,32.3419189453125,21.12017822265625,683.0670776367188,0.00032941121025942266
21400,428.0,hp,4,0.7036269307136536,858.68798828125,543.3602294921875,889.0604858398438,562.0064697265625,30.37249755859375,18.646240234375,566.3328857421875,0.0002731157874222845
21405,428.1,hp,4,0.8220933675765991,692.1091918945312,546.8129272460938,726.226318359375,568.6135864257812,34.11712646484375,21.8006591796875,743.7758178710938,0.00035868817940354347
21405,428.1,hp,4,0.6417086720466614,570.4099731445312,759.6048583984375,599.8397216796875,779.6115112304688,29.42974853515625,20.00665283203125,588.790771484375,0.00028394616674631834
21410,428.2,hp,4,0.7525066137313843,466.57745361328125,551.9485473632812,495.1752014160156,575.6805419921875,28.597747802734375,23.73199462890625,678.6815795898438,0.00032729629310779274
21410,428.2,okx,7,0.717947244644165,1379.25927734375,416.1072998046875,1431.7772216796875,427.9320373535156,52.5179443359375,11.824737548828125,621.0109252929688,0.00029948443989269435
21415,428.3,okx,7,0.672642171382904,1348.869140625,400.1459655761719,1404.832763671875,412.99871826171875,55.963623046875,12.852752685546875,719.28662109375,0.0003468781942501664
21420,428.4,okx,7,0.7735691070556641,1312.8978271484375,397.9435119628906,1384.8768310546875,412.9101867675781,71.97900390625,14.9666748046875,1077.286376953125,0.0005195246776565909
21425,428.5,okx,7,0.8398364186286926,1278.2601318359375,396.3839111328125,1366.7862548828125,415.2147521972656,88.526123046875,18.830841064453125,1667.0213623046875,0.0008039262029342353
21430,428.6,okx,7,0.8603977560997009,1270.56494140625,404.4781188964844,1350.4658203125,425.4513854980469,79.90087890625,20.9732666015625,1675.782470703125,0.0008081512642093003
21435,428.7,okx,7,0.7920608520507812,1305.1607666015625,402.79718017578125,1394.5133056640625,424.1725158691406,89.3525390625,21.375335693359375,1909.9405517578125,0.0009210747084580362
21440,428.8,okx,7,0.7194854617118835,1464.123779296875,397.86175537109375,1550.505615234375,416.36004638671875,86.3818359375,18.498291015625,1597.9163818359375,0.0007706001051701605
21450,429.0,okx,7,0.8018026351928711,1763.761962890625,557.216796875,1870.1025390625,610.9472045898438,106.340576171875,53.73040771484375,5713.72265625,0.0027554603293538094
21450,429.0,okx,7,0.6812289357185364,1880.3851318359375,573.25341796875,1920.1988525390625,659.0406494140625,39.813720703125,85.7872314453125,3415.5087890625,0.0016471396666020155
21455,429.1,okx,7,0.47279947996139526,1758.7445068359375,472.3511962890625,1918.970458984375,505.2569580078125,160.2259521484375,32.90576171875,5272.35693359375,0.002542610513046384
21610,432.2,atlasian,1,0.4540356397628784,502.52587890625,551.8448486328125,881.7581176757812,1062.338134765625,379.23223876953125,510.4932861328125,193595.515625,0.09336203336715698
21635,432.7,atlasian,1,0.40792256593704224,565.329833984375,768.6375122070312,845.3853149414062,1067.723876953125,280.05548095703125,299.08636474609375,83760.7734375,0.0403938926756382
21645,432.9,atlasian,1,0.4050167202949524,521.5258178710938,773.6283569335938,840.6181030273438,1065.906005859375,319.09228515625,292.27764892578125,93263.5390625,0.04497662931680679
21670,433.4,atlasian,1,0.46553850173950195,415.7602844238281,668.3411254882812,771.9862670898438,1064.6080322265625,356.2259826660156,396.26690673828125,141160.5625,0.06807512044906616
21675,433.5,atlasian,1,0.40936386585235596,861.7220458984375,164.98069763183594,1350.6678466796875,1040.793701171875,488.94580078125,875.81298828125,428225.09375,0.20651286840438843
21680,433.6,atlasian,1,0.43362072110176086,904.6483764648438,137.21820068359375,1341.3233642578125,1042.908447265625,436.67498779296875,905.6902465820312,395492.28125,0.1907273679971695
21755,435.1,okx,7,0.4237465262413025,1153.2969970703125,882.6163940429688,1185.0927734375,901.032470703125,31.7957763671875,18.41607666015625,585.553466796875,0.00028238497907295823
21760,435.2,okx,7,0.6678406000137329,1162.174072265625,873.0502319335938,1196.3104248046875,892.6043090820312,34.1363525390625,19.5540771484375,667.5048828125,0.0003219062928110361
21770,435.4,okx,7,0.4523983895778656,952.8343505859375,857.0654907226562,989.9955444335938,875.029541015625,37.16119384765625,17.96405029296875,667.5655517578125,0.00032193554216064513
21780,435.6,okx,7,0.5585001707077026,871.4766235351562,827.765869140625,908.7410888671875,844.1694946289062,37.26446533203125,16.40362548828125,611.2723388671875,0.0002947879838757217
21785,435.7,okx,7,0.5914962887763977,821.956787109375,804.52490234375,853.9957885742188,821.8477783203125,32.03900146484375,17.3228759765625,555.0076293945312,0.0002676541334949434
21795,435.9,okx,7,0.5245022177696228,762.0023193359375,753.1829833984375,792.8685302734375,770.1163940429688,30.8662109375,16.93341064453125,522.6702270507812,0.0002520593407098204
21800,436.0,okx,7,0.5192469358444214,726.2105102539062,728.327392578125,753.5814819335938,743.0179443359375,27.3709716796875,14.6905517578125,402.09466552734375,0.00019391138630453497
21810,436.2,okx,7,0.460946261882782,686.7457885742188,628.184326171875,726.5391845703125,635.1768188476562,39.79339599609375,6.99249267578125,278.2550354003906,0.0001341893512289971
21830,436.6,okx,7,0.4788912534713745,640.2196655273438,531.8822021484375,676.9712524414062,539.5140991210938,36.7515869140625,7.63189697265625,280.48431396484375,0.00013526443217415363
21835,436.7,okx,7,0.4630052149295807,635.0463256835938,516.2612915039062,672.5903930664062,526.0504150390625,37.5440673828125,9.78912353515625,367.52349853515625,0.00017723934433888644
21840,436.8,okx,7,0.4861309230327606,596.1873779296875,508.254638671875,634.5935668945312,517.366943359375,38.40618896484375,9.1123046875,349.9689025878906,0.00016877357847988605
21845,436.9,okx,7,0.5969020128250122,616.525146484375,496.30816650390625,660.7920532226562,506.1080627441406,44.26690673828125,9.799896240234375,433.81109619140625,0.00020920674433000386
21850,437.0,okx,7,0.6848293542861938,621.4762573242188,487.2899169921875,665.4063720703125,496.5742492675781,43.93011474609375,9.284332275390625,407.8617858886719,0.00019669260655064136
21855,437.1,okx,7,0.680999755859375,1185.251220703125,447.4378356933594,1213.609619140625,464.2987365722656,28.3583984375,16.86090087890625,478.14813232421875,0.00023058841179590672
21855,437.1,okx,7,0.5931396484375,634.1066284179688,481.4283447265625,669.626953125,491.4261779785156,35.52032470703125,9.997833251953125,355.12628173828125,0.00017126074817497283
21860,437.2,okx,7,0.5581386089324951,647.5364990234375,476.2751159667969,687.0961303710938,486.34124755859375,39.55963134765625,10.066131591796875,398.21246337890625,0.0001920391950989142
21860,437.2,okx,7,0.5345505475997925,1123.013671875,437.7629699707031,1155.6993408203125,451.36029052734375,32.6856689453125,13.597320556640625,444.4375305175781,0.00021433137590065598
21865,437.3,okx,7,0.49886438250541687,1090.3922119140625,436.41888427734375,1119.277099609375,448.7519226074219,28.8848876953125,12.333038330078125,356.2384338378906,0.00017179708811454475
21865,437.3,okx,7,0.4551507234573364,667.1815185546875,477.41082763671875,703.6513061523438,487.3260192871094,36.46978759765625,9.915191650390625,361.60491943359375,0.00017438508803024888
21865,437.3,okx,7,0.4018550217151642,1146.5693359375,399.2376403808594,1179.909423828125,406.72222900390625,33.340087890625,7.484588623046875,249.53684997558594,0.00012033991515636444
21870,437.4,okx,7,0.6127383708953857,684.2625122070312,477.27423095703125,724.5477905273438,486.3612365722656,40.2852783203125,9.087005615234375,366.0725402832031,0.00017653961549513042
21870,437.4,okx,7,0.4188537299633026,1035.42724609375,431.41876220703125,1070.4486083984375,446.2625732421875,35.0213623046875,14.84381103515625,519.8504638671875,0.00025069949333555996
21875,437.5,okx,7,0.5767009854316711,706.091552734375,476.4530944824219,746.940673828125,486.5550842285156,40.84912109375,10.10198974609375,412.65740966796875,0.00019900531333405524
21875,437.5,okx,7,0.531101405620575,1049.314453125,390.66650390625,1080.008056640625,397.89630126953125,30.693603515625,7.22979736328125,221.90853881835938,0.00010701607970986515
21875,437.5,okx,7,0.4981327950954437,1009.99658203125,423.3078918457031,1042.8255615234375,438.96173095703125,32.8289794921875,15.653839111328125,513.8995361328125,0.0002478296519257128
21880,437.6,okx,7,0.6809432506561279,724.648193359375,481.71990966796875,765.9517211914062,490.3514404296875,41.30352783203125,8.63153076171875,356.5126647949219,0.00017192933592014015
21885,437.7,okx,7,0.6578265428543091,749.233154296875,484.9822692871094,788.455810546875,493.4584655761719,39.22265625,8.4761962890625,332.45892333984375,0.00016032933490350842
21890,437.8,okx,7,0.6556652784347534,773.2354736328125,487.8629455566406,813.13427734375,497.39013671875,39.8988037109375,9.527191162109375,380.12353515625,0.0001833157439250499
21895,437.9,okx,7,0.6167445778846741,790.0289916992188,490.8935852050781,832.5453491210938,498.5516052246094,42.516357421875,7.65802001953125,325.59112548828125,0.00015701731899753213
21900,438.0,okx,7,0.6491726636886597,811.5724487304688,493.31195068359375,852.0538940429688,501.1577453613281,40.4814453125,7.845794677734375,317.6091003417969,0.0001531679736217484
21905,438.1,okx,7,0.6553986072540283,831.893798828125,494.9837646484375,871.779541015625,503.8718566894531,39.8857421875,8.888092041015625,354.5081481933594,0.00017096265219151974
21910,438.2,okx,7,0.6879664659500122,847.9756469726562,494.9914855957031,891.9107055664062,503.1253967285156,43.93505859375,8.1339111328125,357.3638610839844,0.00017233983089681715
21915,438.3,okx,7,0.697713315486908,873.193603515625,496.2568359375,912.4083862304688,504.2720947265625,39.21478271484375,8.0152587890625,314.3166198730469,0.00015158015594352037
21920,438.4,okx,7,0.6707916259765625,888.4197998046875,496.42645263671875,929.6019287109375,504.628662109375,41.18212890625,8.20220947265625,337.7844543457031,0.0001628976024221629
21925,438.5,okx,7,0.6902815699577332,911.8226318359375,498.24346923828125,955.622314453125,506.1553039550781,43.7996826171875,7.911834716796875,346.5358581542969,0.00016711799253243953
21925,438.5,okx,7,0.4367629885673523,820.4302978515625,366.0061950683594,852.4949340820312,372.4246520996094,32.06463623046875,6.41845703125,205.8054962158203,9.925033373292536e-05
21930,438.6,okx,7,0.6167296171188354,823.7035522460938,365.1218566894531,857.1570434570312,371.59051513671875,33.4534912109375,6.468658447265625,216.3992156982422,0.00010435919102746993
21935,438.7,okx,7,0.46434134244918823,946.7286376953125,500.81005859375,990.88427734375,509.7117004394531,44.1556396484375,8.901641845703125,393.05767822265625,0.00018955327686853707
21940,438.8,okx,7,0.49652034044265747,963.6309814453125,504.2308349609375,1003.4793090820312,512.1950073242188,39.84832763671875,7.96417236328125,317.35894775390625,0.00015304733824450523
21945,438.9,okx,7,0.614772617816925,980.4922485351562,505.1252136230469,1023.5913696289062,513.4951171875,43.09912109375,8.369903564453125,360.7354736328125,0.00017396578914485872
21950,439.0,okx,7,0.41680219769477844,992.6912841796875,505.44500732421875,1030.2943115234375,512.5440063476562,37.60302734375,7.0989990234375,266.94384765625,0.00012873449304606766
21955,439.1,okx,7,0.4858580231666565,999.474365234375,505.2869567871094,1031.838623046875,511.4729309082031,32.3642578125,6.18597412109375,200.2044677734375,9.654922178015113e-05
21960,439.2,okx,7,0.5454044342041016,995.9204711914062,503.4276428222656,1028.7437744140625,510.2383728027344,32.82330322265625,6.81072998046875,223.5506591796875,0.00010780799493659288
21965,439.3,okx,7,0.5441246628761292,1035.7884521484375,498.3458557128906,1067.01416015625,505.0825500488281,31.2257080078125,6.7366943359375,210.35804748535156,0.00010144581756321713
21970,439.4,okx,7,0.5335679650306702,1038.856201171875,493.95849609375,1071.1463623046875,500.6606750488281,32.2901611328125,6.702178955078125,216.41444396972656,0.00010436653246870264
21975,439.5,okx,7,0.4745332896709442,1033.876220703125,487.7894287109375,1073.214599609375,494.1572570800781,39.33837890625,6.367828369140625,250.5000457763672,0.00012080441956641153
21975,439.5,okx,7,0.46637314558029175,1060.4725341796875,348.5478515625,1084.5428466796875,353.4365234375,24.0703125,4.888671875,117.67185974121094,5.674761632690206e-05
21980,439.6,okx,7,0.573474645614624,1055.00244140625,482.03265380859375,1086.783203125,489.37451171875,31.78076171875,7.34185791015625,233.329833984375,0.0001125240305555053
21980,439.6,okx,7,0.5151180624961853,1016.6544189453125,480.00433349609375,1047.1014404296875,487.3770446777344,30.447021484375,7.372711181640625,224.4770965576172,0.00010825477511389181
21985,439.7,okx,7,0.47797223925590515,1071.3035888671875,475.1202087402344,1101.415771484375,483.302978515625,30.1121826171875,8.182769775390625,246.40106201171875,0.00011882767284987494
21990,439.8,okx,7,0.5932382345199585,1057.220703125,469.5449523925781,1087.91845703125,476.5907897949219,30.69775390625,7.04583740234375,216.2913818359375,0.00010430718975840136
21990,439.8,okx,7,0.42143601179122925,1048.2381591796875,552.384521484375,1082.4654541015625,573.5880737304688,34.227294921875,21.20355224609375,725.740234375,0.00034999047056771815
21995,439.9,okx,7,0.5004563331604004,1043.7615966796875,555.2354125976562,1089.2010498046875,579.9968872070312,45.439453125,24.761474609375,1125.1478271484375,0.0005426059942692518
21995,439.9,okx,7,0.401286780834198,1113.9906005859375,467.36639404296875,1142.2166748046875,474.61279296875,28.22607421875,7.24639892578125,204.5373992919922,9.863878949545324e-05
22000,440.0,okx,7,0.5475341081619263,1029.557861328125,556.6290893554688,1093.0057373046875,587.5838623046875,63.4478759765625,30.95477294921875,1964.0146484375,0.000947152148000896
22030,440.6,okx,7,0.5154563784599304,791.289306640625,558.3004760742188,828.5134887695312,579.59521484375,37.22418212890625,21.29473876953125,792.6792602539062,0.0003822720318567008
22085,441.7,okx,7,0.7422944903373718,886.7734375,354.1041259765625,949.1751098632812,369.5014343261719,62.40167236328125,15.397308349609375,960.8178100585938,0.00046335734077729285
22085,441.7,okx,7,0.5389190912246704,802.679443359375,356.1387634277344,869.0026245117188,370.9981689453125,66.32318115234375,14.859405517578125,985.5230712890625,0.00047527154674753547
22090,441.8,okx,7,0.7875539660453796,824.93017578125,352.25616455078125,954.3717041015625,370.7176208496094,129.4415283203125,18.461456298828125,2389.67919921875,0.0011524301953613758
22095,441.9,okx,7,0.7810451984405518,838.2432250976562,350.8644104003906,921.7496337890625,366.9836120605469,83.50640869140625,16.11920166015625,1346.056640625,0.0006491399835795164
22100,442.0,okx,7,0.8069802522659302,856.2556762695312,348.61895751953125,929.149658203125,364.56378173828125,72.89398193359375,15.94482421875,1162.28173828125,0.0005605139303952456
22105,442.1,okx,7,0.7658466696739197,873.0618896484375,345.2811279296875,1002.1318969726562,362.8231506347656,129.07000732421875,17.542022705078125,2264.14892578125,0.0010918928310275078
22110,442.2,okx,7,0.8057950735092163,882.5250244140625,337.90826416015625,995.501953125,355.7221374511719,112.9769287109375,17.813873291015625,2012.556640625,0.000970561639405787
22115,442.3,okx,7,0.7794535160064697,886.9619750976562,338.38330078125,988.6716918945312,356.01055908203125,101.709716796875,17.62725830078125,1792.8634033203125,0.0008646139176562428
22120,442.4,okx,7,0.7589008212089539,908.7401123046875,331.0075988769531,983.5894775390625,349.1327819824219,74.849365234375,18.12518310546875,1356.658447265625,0.0006542527116835117
22120,442.4,okx,7,0.40494996309280396,1011.4920043945312,328.2505187988281,1076.5419921875,344.00201416015625,65.04998779296875,15.751495361328125,1024.634521484375,0.0004941331571899354
22125,442.5,okx,7,0.7017518281936646,920.235595703125,329.2267150878906,1071.736083984375,349.4800109863281,151.50048828125,20.2532958984375,3068.38427734375,0.0014797378098592162
22130,442.6,okx,7,0.7288389801979065,926.9981689453125,328.69775390625,1076.648681640625,349.493408203125,149.6505126953125,20.795654296875,3112.080322265625,0.0015008103800937533
22135,442.7,okx,7,0.8062240481376648,938.3777465820312,327.4085388183594,1043.3546142578125,347.70941162109375,104.97686767578125,20.300872802734375,2131.1220703125,0.0010277401888743043
22140,442.8,okx,7,0.7598826885223389,947.8932495117188,323.0291442871094,1038.7396240234375,343.2366027832031,90.84637451171875,20.20745849609375,1835.7742919921875,0.0008853078470565379
22140,442.8,okx,7,0.48880669474601746,53.83053970336914,48.44440460205078,141.6606903076172,62.5693244934082,87.83015441894531,14.124919891357422,1240.5938720703125,0.0005982802249491215
22145,442.9,okx,7,0.4691787362098694,949.3382568359375,314.1783142089844,1041.15185546875,335.3334045410156,91.8135986328125,21.15509033203125,1942.324951171875,0.0009366922313347459
22145,442.9,okx,7,0.43124088644981384,83.7788314819336,26.793764114379883,157.15457153320312,42.64533615112305,73.37574005126953,15.851572036743164,1163.120849609375,0.0005609186482615769
22145,442.9,okx,7,0.40815073251724243,948.8991088867188,312.343017578125,1125.6483154296875,336.2027587890625,176.74920654296875,23.8597412109375,4217.1904296875,0.0020337530877441168
22150,443.0,okx,7,0.8284850120544434,947.4212036132812,290.7999572753906,1037.62060546875,312.90570068359375,90.19940185546875,22.105743408203125,1993.9248046875,0.0009615764138288796
22155,443.1,okx,7,0.8147355318069458,939.6461181640625,272.82073974609375,1040.9228515625,294.3953552246094,101.2767333984375,21.574615478515625,2185.006591796875,0.001053726184181869
22160,443.2,okx,7,0.8566885590553284,933.7000122070312,261.8179931640625,1046.8983154296875,284.8451843261719,113.19830322265625,23.027191162109375,2606.638916015625,0.0012570596300065517
22165,443.3,okx,7,0.6581939458847046,947.7194213867188,259.74481201171875,1046.8714599609375,280.81866455078125,99.15203857421875,21.0738525390625,2089.515380859375,0.0010076751932501793
22170,443.4,okx,7,0.6825047135353088,973.7454833984375,259.38336181640625,1086.1416015625,281.6620178222656,112.3961181640625,22.278656005859375,2504.034423828125,0.0012075783452019095
22170,443.4,okx,7,0.6146426200866699,176.5023193359375,7.569933891296387,266.5907287597656,24.622323989868164,90.08840942382812,17.052391052246094,1536.2227783203125,0.0007408481906168163
22175,443.5,okx,7,0.6308135390281677,987.279052734375,266.44873046875,1108.7816162109375,286.3494567871094,121.5025634765625,19.900726318359375,2417.9892578125,0.0011660828022286296
22175,443.5,okx,7,0.6220760345458984,229.95263671875,27.451969146728516,337.257080078125,44.48393630981445,107.304443359375,17.031967163085938,1827.605712890625,0.0008813684689812362
22180,443.6,okx,7,0.8218591809272766,1010.2744750976562,273.61669921875,1114.01513671875,294.34332275390625,103.74066162109375,20.72662353515625,2150.193603515625,0.0010369374649599195
22180,443.6,okx,7,0.5339798927307129,291.0257568359375,53.18464279174805,375.6832580566406,68.02827453613281,84.65750122070312,14.843631744384766,1256.624755859375,0.0006060111918486655
22185,443.7,okx,7,0.7282959818840027,366.394775390625,80.9492416381836,446.9427185058594,97.5090560913086,80.54794311523438,16.559814453125,1333.8590087890625,0.0006432576337829232
22195,443.9,okx,7,0.7237459421157837,570.9948120117188,143.37586975097656,646.6319580078125,156.76937866210938,75.63714599609375,13.393508911132812,1013.0468139648438,0.000488544930703938
22195,443.9,okx,7,0.5261332988739014,1120.5533447265625,296.6304931640625,1229.80126953125,319.3912658691406,109.2479248046875,22.760772705078125,2486.567138671875,0.0011991546489298344
22200,444.0,okx,7,0.6659393906593323,1163.77294921875,308.34869384765625,1258.8719482421875,329.56884765625,95.0989990234375,21.22015380859375,2018.015380859375,0.0009731941390782595
22205,444.1,okx,7,0.6754962205886841,799.442138671875,183.84458923339844,874.3218383789062,196.8734588623047,74.87969970703125,13.02886962890625,975.5978393554688,0.00047048507258296013
22205,444.1,okx,7,0.6339442133903503,1192.272705078125,316.2748718261719,1286.956787109375,338.9588928222656,94.68408203125,22.68402099609375,2147.815673828125,0.0010357907740399241
22210,444.2,okx,7,0.647195041179657,931.0781860351562,195.76687622070312,1001.4383544921875,209.4953155517578,70.36016845703125,13.728439331054688,965.935302734375,0.00046582528739236295
22210,444.2,okx,7,0.4198765158653259,1224.712158203125,322.466796875,1314.33544921875,347.6714782714844,89.623291015625,25.204681396484375,2258.926513671875,0.0010893743019551039
22215,444.3,okx,7,0.5592116117477417,1069.1317138671875,205.7759552001953,1167.7181396484375,218.5250701904297,98.58642578125,12.749114990234375,1256.8896484375,0.0006061388994567096
22220,444.4,okx,7,0.6163210868835449,1218.2718505859375,212.15711975097656,1304.341064453125,228.66159057617188,86.0692138671875,16.504470825195312,1420.52685546875,0.0006850534700788558
22220,444.4,okx,7,0.4711124897003174,1469.6474609375,323.6121520996094,1586.6455078125,350.3664855957031,116.998046875,26.75433349609375,3130.204833984375,0.0015095509588718414
22225,444.5,okx,7,0.7135912775993347,1372.5089111328125,207.46820068359375,1456.7225341796875,220.25376892089844,84.213623046875,12.785568237304688,1076.718994140625,0.0005192510434426367
22260,445.2,okx,7,0.5492854118347168,1725.0498046875,298.6446533203125,1918.9776611328125,331.7567138671875,193.9278564453125,33.112060546875,6421.35107421875,0.0030967164784669876
22280,445.6,okx,7,0.7708479166030884,1523.120361328125,587.3667602539062,1643.916015625,680.528564453125,120.795654296875,93.16180419921875,11253.541015625,0.005427055060863495
22285,445.7,okx,7,0.8609914779663086,1472.3017578125,601.68896484375,1614.728759765625,692.4989624023438,142.427001953125,90.80999755859375,12933.7958984375,0.0062373629771173
22285,445.7,okx,7,0.5236798524856567,1273.9354248046875,572.1641235351562,1421.677978515625,620.991943359375,147.7425537109375,48.82781982421875,7213.94677734375,0.003478948026895523
22290,445.8,okx,7,0.856561541557312,1375.4927978515625,595.09814453125,1515.738525390625,692.0436401367188,140.2457275390625,96.94549560546875,13596.19140625,0.006556805223226547
22295,445.9,okx,7,0.6955084204673767,1273.3704833984375,600.4321899414062,1397.9039306640625,695.3069458007812,124.533447265625,94.874755859375,11815.080078125,0.005697858985513449
22300,446.0,okx,7,0.9180749654769897,1152.671875,597.8663940429688,1270.9615478515625,698.3872680664062,118.2896728515625,100.5208740234375,11890.5810546875,0.005734269507229328
22305,446.1,okx,7,0.8956601619720459,1042.24951171875,597.5291748046875,1138.2928466796875,691.0413208007812,96.0433349609375,93.51214599609375,8981.21875,0.004331220407038927
22310,446.2,okx,7,0.8486146926879883,941.7385864257812,604.3873291015625,1023.51220703125,689.0979614257812,81.77362060546875,84.71063232421875,6927.09521484375,0.0033406130969524384
22315,446.3,okx,7,0.8785141110420227,849.7833251953125,600.06298828125,920.359375,681.4779663085938,70.5760498046875,81.41497802734375,5745.94775390625,0.002771001076325774
22320,446.4,okx,7,0.788032591342926,773.3178100585938,600.3904418945312,827.8007202148438,668.3662719726562,54.48291015625,67.975830078125,3703.52099609375,0.001786034437827766
22320,446.4,okx,7,0.6528689861297607,1076.843994140625,524.593994140625,1141.683837890625,562.153564453125,64.83984375,37.5595703125,2435.356689453125,0.0011744583025574684
22335,446.7,okx,7,0.6846140027046204,904.4320678710938,597.57958984375,962.65869140625,632.9677734375,58.22662353515625,35.38818359375,2060.534423828125,0.0009936990682035685
22365,447.3,okx,7,0.5146048069000244,1690.8775634765625,733.365478515625,1901.184814453125,843.8017578125,210.3072509765625,110.436279296875,23225.55078125,0.011200593784451485
22365,447.3,okx,7,0.48160991072654724,1245.8985595703125,948.1016845703125,1361.092529296875,1079.443359375,115.1939697265625,131.3416748046875,15129.7685546875,0.007296377792954445
22370,447.4,okx,7,0.5303193926811218,857.9718627929688,917.4085693359375,953.6986083984375,1044.2322998046875,95.72674560546875,126.82373046875,12140.4228515625,0.005854756571352482
22375,447.5,okx,7,0.7561851143836975,729.568603515625,321.1426086425781,901.3287353515625,422.62261962890625,171.7601318359375,101.48001098632812,17430.220703125,0.008405777625739574
22380,447.6,okx,7,0.9082969427108765,710.388671875,316.853759765625,918.2343139648438,429.0794982910156,207.84564208984375,112.22573852539062,23325.630859375,0.011248857714235783
22385,447.7,okx,7,0.9137542843818665,718.103759765625,319.1485290527344,944.6907348632812,420.0074157714844,226.58697509765625,100.85888671875,22853.310546875,0.011021079495549202
22390,447.8,okx,7,0.8430075645446777,814.64697265625,317.8471374511719,945.2245483398438,394.7155456542969,130.57757568359375,76.868408203125,10037.2900390625,0.0048405141569674015
22395,447.9,okx,7,0.8552476763725281,830.891845703125,325.3818664550781,971.1704711914062,388.3534240722656,140.27862548828125,62.9715576171875,8833.5634765625,0.004260013345628977
22400,448.0,okx,7,0.790570080280304,812.0806884765625,314.9925842285156,951.6328125,389.44610595703125,139.5521240234375,74.45352172851562,10390.1474609375,0.005010680761188269
22405,448.1,okx,7,0.5242680311203003,787.6583862304688,309.2840881347656,949.8372802734375,396.72125244140625,162.17889404296875,87.43716430664062,14180.462890625,0.006838572211563587
22410,448.2,okx,7,0.9240946769714355,745.2833862304688,311.23095703125,961.094970703125,393.2769470214844,215.81158447265625,82.04598999023438,17706.474609375,0.008539002388715744
22420,448.4,okx,7,0.9133062362670898,747.2410888671875,313.5291442871094,957.1215209960938,389.12982177734375,209.88043212890625,75.60067749023438,15867.1025390625,0.007651959080249071
22425,448.5,okx,7,0.8783383369445801,832.48095703125,296.2956237792969,967.4310913085938,355.0086669921875,134.95013427734375,58.713043212890625,7923.3330078125,0.003821051912382245
22430,448.6,okx,7,0.8923665881156921,839.6387939453125,295.5302429199219,971.1864624023438,356.128173828125,131.54766845703125,60.597930908203125,7971.5166015625,0.0038442884106189013
22435,448.7,okx,7,0.8840143084526062,795.4546508789062,312.27996826171875,993.4189453125,384.95556640625,197.96429443359375,72.67559814453125,14387.173828125,0.006938259117305279
22440,448.8,okx,7,0.9296820759773254,777.0050659179688,313.0760803222656,989.59033203125,389.74737548828125,212.58526611328125,76.67129516601562,16299.1875,0.007860333658754826
22445,448.9,okx,7,0.9242116808891296,773.0858154296875,311.2981262207031,982.5776977539062,385.0596923828125,209.49188232421875,73.76156616210938,15452.44921875,0.007451991550624371
22450,449.0,okx,7,0.9240831732749939,751.4187622070312,311.24627685546875,960.979736328125,384.69915771484375,209.56097412109375,73.452880859375,15392.857421875,0.007423252798616886
22455,449.1,okx,7,0.8195046186447144,819.395751953125,315.170654296875,966.628173828125,367.0286560058594,147.232421875,51.858001708984375,7635.17919921875,0.003682088805362582
22460,449.2,okx,7,0.900044858455658,775.3788452148438,303.5271301269531,984.070556640625,366.7109375,208.69171142578125,63.183807373046875,13185.9365234375,0.0063589587807655334
22465,449.3,okx,7,0.9229741096496582,774.8179321289062,297.94525146484375,982.7026977539062,366.47650146484375,207.884765625,68.53125,14246.6025390625,0.006870468147099018
22470,449.4,okx,7,0.915398359298706,793.821044921875,295.9079284667969,973.087890625,356.6293029785156,179.266845703125,60.72137451171875,10885.3291015625,0.00524948351085186
22475,449.5,okx,7,0.8675559759140015,826.0648803710938,300.4710693359375,958.8175048828125,354.5702209472656,132.75262451171875,54.099151611328125,7181.80419921875,0.0034634473267942667
22480,449.6,okx,7,0.9011080861091614,735.41064453125,299.6660461425781,943.7523803710938,366.40850830078125,208.34173583984375,66.74246215820312,13905.240234375,0.00670584524050355
22485,449.7,okx,7,0.7484273910522461,813.1038818359375,305.1575622558594,959.9229736328125,370.2208251953125,146.819091796875,65.06326293945312,9552.529296875,0.004606736823916435
22490,449.8,okx,7,0.8657044172286987,814.4642333984375,302.9578552246094,1019.0882568359375,376.4728088378906,204.6240234375,73.51495361328125,15042.92578125,0.007254497613757849
22495,449.9,okx,7,0.9008419513702393,878.014892578125,301.9507751464844,1096.608642578125,378.0945129394531,218.59375,76.14373779296875,16644.544921875,0.008026883006095886
22500,450.0,okx,7,0.9197372794151306,913.0097045898438,297.6923828125,1132.619873046875,376.79766845703125,219.61016845703125,79.10528564453125,17372.32421875,0.008377856574952602
22505,450.1,okx,7,0.8783165216445923,900.151611328125,298.1244812011719,1126.5667724609375,372.0599670410156,226.4151611328125,73.93548583984375,16740.115234375,0.008072972297668457
22510,450.2,okx,7,0.8383017182350159,901.90478515625,284.16522216796875,1131.57470703125,364.086181640625,229.669921875,79.92095947265625,18355.44140625,0.008851968683302402
22515,450.3,okx,7,0.8285952210426331,986.7548828125,300.19146728515625,1187.9898681640625,371.6802062988281,201.2349853515625,71.48873901367188,14386.03515625,0.006937709636986256
22520,450.4,okx,7,0.9119769334793091,1033.1192626953125,296.76556396484375,1216.154052734375,367.54046630859375,183.0347900390625,70.77490234375,12954.26953125,0.006247236393392086
22525,450.5,okx,7,0.9082571864128113,1017.9217529296875,286.053955078125,1212.3321533203125,359.55108642578125,194.410400390625,73.49713134765625,14288.6064453125,0.006890724413096905
22530,450.6,okx,7,0.9074186086654663,1014.5829467773438,284.01519775390625,1204.6962890625,361.7023010253906,190.11334228515625,77.68710327148438,14769.3544921875,0.007122566923499107
22535,450.7,okx,7,0.9003769159317017,1002.8571166992188,284.82965087890625,1212.8165283203125,359.6636657714844,209.95941162109375,74.83401489257812,15712.10546875,0.007577211130410433
22540,450.8,okx,7,0.8932033777236938,960.677001953125,284.55828857421875,1170.735107421875,352.2804260253906,210.05810546875,67.72213745117188,14225.583984375,0.006860331632196903
22545,450.9,okx,7,0.9064881801605225,905.5131225585938,285.17333984375,1120.9425048828125,351.9366455078125,215.42938232421875,66.7633056640625,14382.77734375,0.006936138961464167
22550,451.0,okx,7,0.9106543064117432,866.7351684570312,284.71533203125,1079.6278076171875,352.691162109375,212.89263916015625,67.975830078125,14471.5537109375,0.006978951394557953
22555,451.1,okx,7,0.9266985654830933,853.2228393554688,289.99591064453125,1078.228515625,356.8681335449219,225.00567626953125,66.87222290039062,15046.6298828125,0.007256283890455961
22560,451.2,okx,7,0.9146183729171753,839.2444458007812,294.54559326171875,1063.4227294921875,358.7169189453125,224.17828369140625,64.17132568359375,14385.8173828125,0.006937604863196611
22565,451.3,okx,7,0.9043673872947693,808.1502075195312,298.9939880371094,1014.3822021484375,360.99505615234375,206.23199462890625,62.001068115234375,12786.603515625,0.00616637896746397
22570,451.4,okx,7,0.8982813954353333,781.2084350585938,303.20074462890625,1001.2559814453125,373.1494140625,220.04754638671875,69.94866943359375,15392.033203125,0.007422855589538813
22575,451.5,okx,7,0.903566837310791,775.9129028320312,292.08477783203125,992.8221435546875,368.1006774902344,216.90924072265625,76.01589965820312,16488.55078125,0.007951654493808746
22580,451.6,okx,7,0.8913924098014832,779.2713012695312,297.316650390625,1002.779296875,372.8815612792969,223.50799560546875,75.56491088867188,16889.361328125,0.00814494676887989
22585,451.7,okx,7,0.9000990390777588,776.8001708984375,299.80889892578125,991.1981811523438,373.44879150390625,214.39801025390625,73.639892578125,15788.24609375,0.007613930385559797
22590,451.8,okx,7,0.9068715572357178,764.5396118164062,298.58489990234375,975.6795654296875,369.38323974609375,211.13995361328125,70.79833984375,14948.3583984375,0.007208892144262791
22595,451.9,okx,7,0.9233961701393127,778.8911743164062,280.7287902832031,999.2421264648438,355.1830139160156,220.3509521484375,74.4542236328125,16406.05859375,0.007911872118711472
22600,452.0,okx,7,0.9261296987533569,787.9064331054688,287.0452575683594,1001.9374389648438,356.6603088378906,214.031005859375,69.61505126953125,14899.779296875,0.007185464724898338
22605,452.1,okx,7,0.911741316318512,799.6473388671875,293.02081298828125,1013.4957275390625,359.3098449707031,213.848388671875,66.28903198242188,14175.802734375,0.006836324464529753
22610,452.2,okx,7,0.9157316088676453,800.2210693359375,290.7330017089844,1013.6726684570312,359.4461669921875,213.45159912109375,68.71316528320312,14666.9345703125,0.007073174696415663
22615,452.3,okx,7,0.9278099536895752,793.1925048828125,311.8074645996094,1012.82958984375,386.2196044921875,219.6370849609375,74.41213989257812,16343.6650390625,0.007881782948970795
22620,452.4,okx,7,0.9169082045555115,772.135009765625,310.9878845214844,980.8147583007812,389.26171875,208.67974853515625,78.27383422851562,16334.1640625,0.007877200841903687
22625,452.5,okx,7,0.9086580872535706,766.1912841796875,319.69305419921875,957.4403686523438,397.3538818359375,191.24908447265625,77.66082763671875,14852.5625,0.00716269388794899
22630,452.6,okx,7,0.9271057844161987,736.0965576171875,311.73651123046875,959.7284545898438,400.4610595703125,223.63189697265625,88.72454833984375,19841.638671875,0.00956869125366211
22635,452.7,okx,7,0.9231176972389221,755.908935546875,310.2534484863281,966.6287841796875,389.9859924316406,210.7198486328125,79.7325439453125,16801.23046875,0.008102444931864738
22640,452.8,okx,7,0.9226539134979248,761.1361694335938,311.2771301269531,963.3844604492188,390.8444519042969,202.248291015625,79.56732177734375,16092.3544921875,0.007760587614029646
22645,452.9,okx,7,0.920124351978302,761.0557250976562,314.7022705078125,964.881103515625,395.1689147949219,203.82537841796875,80.46664428710938,16401.14453125,0.00790950283408165
22650,453.0,okx,7,0.9204362034797668,735.72998046875,321.0999450683594,957.6799926757812,413.021728515625,221.95001220703125,91.92178344726562,20402.041015625,0.009838947094976902
22655,453.1,okx,7,0.9138658046722412,764.8973388671875,313.579345703125,956.575439453125,394.8575439453125,191.6781005859375,81.2781982421875,15579.2509765625,0.007513141725212336
22660,453.2,okx,7,0.9312921166419983,748.69873046875,310.64263916015625,961.3291015625,394.1195068359375,212.63037109375,83.47686767578125,17749.716796875,0.00855985563248396
22665,453.3,okx,7,0.9330798387527466,749.1394653320312,310.333740234375,961.885498046875,392.0829162597656,212.74603271484375,81.74917602539062,17391.8125,0.008387255482375622
22670,453.4,okx,7,0.9180859327316284,755.734619140625,312.4468078613281,956.4136352539062,392.8973083496094,200.67901611328125,80.45050048828125,16144.7275390625,0.00778584461659193
22675,453.5,okx,7,0.9379932880401611,737.5396118164062,313.22845458984375,953.63427734375,393.85357666015625,216.09466552734375,80.6251220703125,17422.658203125,0.00840213056653738
22680,453.6,okx,7,0.9367108345031738,736.2584228515625,314.0368347167969,953.4207153320312,393.9788513183594,217.16229248046875,79.9420166015625,17360.390625,0.008372101932764053
22685,453.7,okx,7,0.9352182149887085,733.8294677734375,318.11248779296875,951.1959228515625,395.1521911621094,217.366455078125,77.03970336914062,16745.84765625,0.008075736463069916
22690,453.8,okx,7,0.9187533855438232,736.0482788085938,304.67938232421875,951.4020385742188,383.2155456542969,215.353759765625,78.53616333007812,16913.05859375,0.008156375028192997
22695,453.9,okx,7,0.9324356317520142,739.643798828125,321.7297058105469,958.65087890625,407.2313537597656,219.007080078125,85.50164794921875,18725.466796875,0.009030413813889027
22700,454.0,okx,7,0.9318876266479492,733.94482421875,318.2322692871094,953.562744140625,399.0329284667969,219.617919921875,80.8006591796875,17745.2734375,0.008557712659239769
22705,454.1,okx,7,0.9244637489318848,757.31396484375,320.1455383300781,969.253662109375,393.6126708984375,211.939697265625,73.46713256835938,15570.6015625,0.00750897079706192
22710,454.2,okx,7,0.9305566549301147,765.755859375,319.5420227050781,989.5195922851562,397.248291015625,223.76373291015625,77.70626831054688,17387.84375,0.008385341614484787
22715,454.3,okx,7,0.9105340242385864,763.1029663085938,335.78302001953125,981.5052490234375,416.5986328125,218.40228271484375,80.81561279296875,17650.314453125,0.008511918596923351
22720,454.4,okx,7,0.936430811882019,745.27294921875,343.0518493652344,961.58740234375,424.69915771484375,216.314453125,81.64730834960938,17661.4921875,0.008517309091985226
22725,454.5,okx,7,0.9204506278038025,737.2056274414062,331.67535400390625,955.6680908203125,417.77227783203125,218.46246337890625,86.096923828125,18808.9453125,0.00907067209482193
22730,454.6,okx,7,0.9384883046150208,742.4161987304688,316.822265625,959.711181640625,394.0389099121094,217.29498291015625,77.21664428710938,16778.7890625,0.008091622963547707
22735,454.7,okx,7,0.9158535003662109,751.9208984375,307.3035583496094,965.6016845703125,385.9564208984375,213.6807861328125,78.65286254882812,16806.60546875,0.008105037733912468
22740,454.8,okx,7,0.9324945211410522,773.6959228515625,311.4291076660156,994.1031494140625,389.8837890625,220.4072265625,78.45468139648438,17291.978515625,0.0083391098305583
22745,454.9,okx,7,0.93364417552948,774.429443359375,314.01885986328125,993.2948608398438,392.8944091796875,218.86541748046875,78.87554931640625,17263.130859375,0.008325197733938694
22750,455.0,okx,7,0.9298629760742188,780.0255737304688,315.6238098144531,998.59814453125,391.4300537109375,218.57257080078125,75.80624389648438,16569.166015625,0.007990531623363495
22755,455.1,okx,7,0.9280611276626587,787.0203857421875,315.1009826660156,1006.6898193359375,389.2351989746094,219.66943359375,74.13421630859375,16285.021484375,0.007853501476347446
22760,455.2,okx,7,0.9083206057548523,825.1034545898438,320.8573913574219,1013.9632568359375,389.3366394042969,188.85980224609375,68.479248046875,12932.9775390625,0.00623696856200695
22765,455.3,okx,7,0.9261735677719116,787.8720092773438,321.3139953613281,999.5569458007812,401.9507141113281,211.6849365234375,80.63671875,17069.578125,0.008231856860220432
22770,455.4,okx,7,0.9079445600509644,788.1060791015625,335.3684387207031,1008.7217407226562,413.74517822265625,220.61566162109375,78.37673950195312,17291.13671875,0.008338703773915768
22775,455.5,okx,7,0.888487696647644,803.1832275390625,326.7958679199219,1019.7223510742188,406.7484436035156,216.53912353515625,79.95257568359375,17312.861328125,0.008349181152880192
22780,455.6,okx,7,0.904798150062561,835.106689453125,332.814453125,1054.944091796875,398.48553466796875,219.83740234375,65.67108154296875,14436.9599609375,0.006962268613278866
22785,455.7,okx,7,0.9097257256507874,896.9100952148438,322.2434387207031,1126.2666015625,395.6996765136719,229.35650634765625,73.45623779296875,16847.666015625,0.008124838583171368
22790,455.8,okx,7,0.9151942133903503,986.9678955078125,317.9219665527344,1198.9786376953125,389.03143310546875,212.0107421875,71.10946655273438,15075.970703125,0.007270433474332094
22795,455.9,okx,7,0.915835976600647,1023.3759155273438,322.78643798828125,1216.13623046875,389.6348571777344,192.76031494140625,66.84841918945312,12885.72265625,0.006214179564267397
22800,456.0,okx,7,0.9146745204925537,1020.650390625,319.3904724121094,1222.662353515625,390.4508972167969,202.011962890625,71.0604248046875,14355.0556640625,0.0069227698259055614
22805,456.1,okx,7,0.9130554795265198,962.4974365234375,312.0039367675781,1177.2071533203125,383.3893127441406,214.709716796875,71.3853759765625,15327.1337890625,0.007391557563096285
22810,456.2,okx,7,0.8150116205215454,935.7455444335938,307.3609924316406,1107.0943603515625,366.8516540527344,171.34881591796875,59.49066162109375,10193.654296875,0.00491592101752758
22815,456.3,okx,7,0.9149320721626282,839.1864624023438,308.31695556640625,1065.7078857421875,378.1519470214844,226.52142333984375,69.83499145507812,15819.1220703125,0.0076288203708827496
22820,456.4,okx,7,0.9146022200584412,807.98046875,315.94305419921875,1036.441650390625,393.6127624511719,228.461181640625,77.66970825195312,17744.513671875,0.008557346649467945
22825,456.5,okx,7,0.9233202338218689,812.7724609375,310.7086181640625,1020.0562744140625,392.6486511230469,207.2838134765625,81.94003295898438,16984.841796875,0.008190992288291454
22830,456.6,okx,7,0.9214113354682922,811.8580932617188,317.161865234375,1038.4544677734375,394.8293151855469,226.59637451171875,77.66744995117188,17599.162109375,0.008487250655889511
22835,456.7,okx,7,0.9290187358856201,815.7510986328125,317.42315673828125,1037.3878173828125,392.42242431640625,221.63671875,74.999267578125,16622.591796875,0.008016296662390232
22840,456.8,okx,7,0.9136288166046143,825.4912109375,316.60626220703125,1027.307373046875,393.8935241699219,201.816162109375,77.28726196289062,15597.818359375,0.007522095926105976
22845,456.9,okx,7,0.9170331954956055,815.7691650390625,319.4701843261719,1028.7078857421875,395.9010314941406,212.938720703125,76.43084716796875,16275.0869140625,0.007848710753023624
22850,457.0,okx,7,0.9242947697639465,808.541748046875,318.66162109375,1026.7010498046875,395.0000915527344,218.1593017578125,76.33847045898438,16653.947265625,0.008031417615711689
22855,457.1,okx,7,0.923549473285675,800.63134765625,313.60546875,1022.8815307617188,394.3674621582031,222.25018310546875,80.76199340820312,17949.3671875,0.008656137622892857
22860,457.2,okx,7,0.9273271560668945,792.0508422851562,313.4540100097656,1020.7255859375,396.98358154296875,228.67474365234375,83.52957153320312,19101.103515625,0.009211566299200058
22865,457.3,okx,7,0.9218311309814453,789.0784912109375,315.6192321777344,1022.332275390625,398.6159362792969,233.2537841796875,82.9967041015625,19359.294921875,0.009336079470813274
22870,457.4,okx,7,0.9210463166236877,809.7306518554688,313.1721496582031,1038.7890625,391.13983154296875,229.05841064453125,77.96768188476562,17859.15234375,0.008612630888819695
22875,457.5,okx,7,0.9216277599334717,838.8082275390625,312.1617126464844,1062.737060546875,385.0290222167969,223.9288330078125,72.8673095703125,16317.091796875,0.007868967950344086
22880,457.6,okx,7,0.9225772023200989,844.3203125,317.6485290527344,1070.8651123046875,389.0812683105469,226.5447998046875,71.4327392578125,16182.7158203125,0.0078041646629571915
22885,457.7,okx,7,0.9091923832893372,838.572509765625,309.8705139160156,1056.1064453125,377.7561950683594,217.533935546875,67.88568115234375,14767.439453125,0.007121643051505089
22890,457.8,okx,7,0.9019667506217957,827.2355346679688,304.7395324707031,1054.8143310546875,369.66778564453125,227.57879638671875,64.92825317382812,14776.2939453125,0.007125913165509701
22895,457.9,okx,7,0.9121081233024597,809.9481811523438,301.3983154296875,1017.1686401367188,361.8785705566406,207.220458984375,60.480255126953125,12532.74609375,0.006043955683708191
22900,458.0,okx,7,0.8989990949630737,792.5310668945312,300.5188903808594,1008.1740112304688,363.23944091796875,215.6429443359375,62.720550537109375,13525.244140625,0.006522590760141611
22905,458.1,okx,7,0.9094535112380981,816.931640625,297.9076232910156,1035.747314453125,359.6485595703125,218.815673828125,61.740936279296875,13509.884765625,0.006515183486044407
22910,458.2,okx,7,0.9167660474777222,842.09716796875,292.7105712890625,1057.8721923828125,359.0176086425781,215.7750244140625,66.30703735351562,14307.40234375,0.006899788975715637
